{
  "type": "FeatureCollection",
  "features": [
    {
      "type": "Feature",
      "geometry": {
        "type": "Polygon",
        "coordinates": [
          [
            [
              -99.1277,
              19.824202
            ],
            [
              -99.086472,
              19.822291
            ],
            [
              -99.045644,
              19.81658
            ],
            [
              -99.005612,
              19.807122
            ],
            [
              -98.966764,
              19.794009
            ],
            [
              -98.929476,
              19.77737
            ],
            [
              -98.89411,
              19.757364
            ],
            [
              -98.861008,
              19.734186
            ],
            [
              -98.830488,
              19.708061
            ],
            [
              -98.802845,
              19.679241
            ],
            [
              -98.778346,
              19.648005
            ],
            [
              -98.757225,
              19.614656
            ],
            [
              -98.739683,
              19.579516
            ],
            [
              -98.725889,
              19.542924
            ],
            [
              -98.715973,
              19.505233
            ],
            [
              -98.710027,
              19.466808
            ],
            [
              -98.708106,
              19.428018
            ],
            [
              -98.710227,
              19.389238
            ],
            [
              -98.716364,
              19.35084
            ],
            [
              -98.726457,
              19.313194
            ],
            [
              -98.740406,
              19.276662
            ],
            [
              -98.758075,
              19.241594
            ],
            [
              -98.77929,
              19.208328
            ],
            [
              -98.803848,
              19.177183
            ],
            [
              -98.83151,
              19.148457
            ],
            [
              -98.86201,
              19.122426
            ],
            [
              -98.895055,
              19.099339
            ],
            [
              -98.930326,
              19.079416
            ],
            [
              -98.967487,
              19.062849
            ],
            [
              -99.00618,
              19.049797
            ],
            [
              -99.046035,
              19.040384
            ],
            [
              -99.086671,
              19.034699
            ],
            [
              -99.1277,
              19.032798
            ],
            [
              -99.168729,
              19.034699
            ],
            [
              -99.209365,
              19.040384
            ],
            [
              -99.24922,
              19.049797
            ],
            [
              -99.287913,
              19.062849
            ],
            [
              -99.325074,
              19.079416
            ],
            [
              -99.360345,
              19.099339
            ],
            [
              -99.39339,
              19.122426
            ],
            [
              -99.42389,
              19.148457
            ],
            [
              -99.451552,
              19.177183
            ],
            [
              -99.47611,
              19.208328
            ],
            [
              -99.497325,
              19.241594
            ],
            [
              -99.514994,
              19.276662
            ],
            [
              -99.528943,
              19.313194
            ],
            [
              -99.539036,
              19.35084
            ],
            [
              -99.545173,
              19.389238
            ],
            [
              -99.547294,
              19.428018
            ],
            [
              -99.545373,
              19.466808
            ],
            [
              -99.539427,
              19.505233
            ],
            [
              -99.529511,
              19.542924
            ],
            [
              -99.515717,
              19.579516
            ],
            [
              -99.498175,
              19.614656
            ],
            [
              -99.477054,
              19.648005
            ],
            [
              -99.452555,
              19.679241
            ],
            [
              -99.424912,
              19.708061
            ],
            [
              -99.394392,
              19.734186
            ],
            [
              -99.36129,
              19.757364
            ],
            [
              -99.325924,
              19.77737
            ],
            [
              -99.288636,
              19.794009
            ],
            [
              -99.249788,
              19.807122
            ],
            [
              -99.209756,
              19.81658
            ],
            [
              -99.168928,
              19.822291
            ],
            [
              -99.1277,
              19.824202
            ]
          ]
        ]
      },
      "properties": {
        "rank": 1,
        "city": "Ciudad de México",
        "metro_name": "Ciudad de México",
        "country": "Mexico",
        "population": 21436911,
        "population_year": 2020,
        "lat": 19.4285,
        "lon": -99.1277,
        "radius_km": 44.0,
        "land_area_km2": 6070.3,
        "area_source": "SEDATU/CONAPO/INEGI superficie_km2 2020"
      }
    },
    {
      "type": "Feature",
      "geometry": {
        "type": "Polygon",
        "coordinates": [
          [
            [
              -74.006,
              41.353718
            ],
            [
              -73.922512,
              41.350609
            ],
            [
              -73.839852,
              41.341313
            ],
            [
              -73.758838,
              41.325922
            ],
            [
              -73.680272,
              41.304589
            ],
            [
              -73.604927,
              41.277525
            ],
            [
              -73.533544,
              41.244998
            ],
            [
              -73.466822,
              41.207327
            ],
            [
              -73.40541,
              41.164886
            ],
            [
              -73.3499,
              41.118091
            ],
            [
              -73.300824,
              41.067402
            ],
            [
              -73.258647,
              41.013316
            ],
            [
              -73.223765,
              40.95636
            ],
            [
              -73.196497,
              40.89709
            ],
            [
              -73.177089,
              40.836083
            ],
            [
              -73.165706,
              40.773929
            ],
            [
              -73.162435,
              40.71123
            ],
            [
              -73.167286,
              40.648589
            ],
            [
              -73.180189,
              40.58661
            ],
            [
              -73.200998,
              40.525887
            ],
            [
              -73.229493,
              40.466999
            ],
            [
              -73.265383,
              40.410508
            ],
            [
              -73.308308,
              40.356952
            ],
            [
              -73.357846,
              40.306839
            ],
            [
              -73.413512,
              40.260643
            ],
            [
              -73.474769,
              40.218801
            ],
            [
              -73.54103,
              40.181707
            ],
            [
              -73.611664,
              40.14971
            ],
            [
              -73.686001,
              40.123111
            ],
            [
              -73.76334,
              40.10216
            ],
            [
              -73.842953,
              40.087053
            ],
            [
              -73.924093,
              40.077932
            ],
            [
              -74.006,
              40.074882
            ],
            [
              -74.087907,
              40.077932
            ],
            [
              -74.169047,
              40.087053
            ],
            [
              -74.24866,
              40.10216
            ],
            [
              -74.325999,
              40.123111
            ],
            [
              -74.400336,
              40.14971
            ],
            [
              -74.47097,
              40.181707
            ],
            [
              -74.537231,
              40.218801
            ],
            [
              -74.598488,
              40.260643
            ],
            [
              -74.654154,
              40.306839
            ],
            [
              -74.703692,
              40.356952
            ],
            [
              -74.746617,
              40.410508
            ],
            [
              -74.782507,
              40.466999
            ],
            [
              -74.811002,
              40.525887
            ],
            [
              -74.831811,
              40.58661
            ],
            [
              -74.844714,
              40.648589
            ],
            [
              -74.849565,
              40.71123
            ],
            [
              -74.846294,
              40.773929
            ],
            [
              -74.834911,
              40.836083
            ],
            [
              -74.815503,
              40.89709
            ],
            [
              -74.788235,
              40.95636
            ],
            [
              -74.753353,
              41.013316
            ],
            [
              -74.711176,
              41.067402
            ],
            [
              -74.6621,
              41.118091
            ],
            [
              -74.60659,
              41.164886
            ],
            [
              -74.545178,
              41.207327
            ],
            [
              -74.478456,
              41.244998
            ],
            [
              -74.407073,
              41.277525
            ],
            [
              -74.331728,
              41.304589
            ],
            [
              -74.253162,
              41.325922
            ],
            [
              -74.172148,
              41.341313
            ],
            [
              -74.089488,
              41.350609
            ],
            [
              -74.006,
              41.353718
            ]
          ]
        ]
      },
      "properties": {
        "rank": 2,
        "city": "New York",
        "metro_name": "New York-Newark-Jersey City, NY-NJ",
        "country": "United States",
        "population": 20112448,
        "population_year": 2025,
        "lat": 40.7143,
        "lon": -74.006,
        "radius_km": 71.1,
        "land_area_km2": 15901.5,
        "area_source": "US Census 2024 Gazetteer CBSA ALAND"
      }
    },
    {
      "type": "Feature",
      "geometry": {
        "type": "Polygon",
        "coordinates": [
          [
            [
              -118.2437,
              34.621471
            ],
            [
              -118.175898,
              34.618711
            ],
            [
              -118.108763,
              34.610459
            ],
            [
              -118.042953,
              34.596795
            ],
            [
              -117.979115,
              34.577855
            ],
            [
              -117.917873,
              34.553823
            ],
            [
              -117.859825,
              34.524936
            ],
            [
              -117.805536,
              34.491476
            ],
            [
              -117.755534,
              34.453772
            ],
            [
              -117.7103,
              34.412191
            ],
            [
              -117.670269,
              34.36714
            ],
            [
              -117.635822,
              34.319058
            ],
            [
              -117.607284,
              34.268412
            ],
            [
              -117.584922,
              34.215694
            ],
            [
              -117.56894,
              34.161416
            ],
            [
              -117.559481,
              34.106103
            ],
            [
              -117.556623,
              34.050289
            ],
            [
              -117.560381,
              33.994511
            ],
            [
              -117.570706,
              33.939306
            ],
            [
              -117.587485,
              33.885205
            ],
            [
              -117.610546,
              33.832725
            ],
            [
              -117.639658,
              33.782369
            ],
            [
              -117.674532,
              33.734617
            ],
            [
              -117.714825,
              33.689925
            ],
            [
              -117.760148,
              33.648717
            ],
            [
              -117.810062,
              33.611386
            ],
            [
              -117.864088,
              33.578285
            ],
            [
              -117.921709,
              33.549728
            ],
            [
              -117.982378,
              33.525986
            ],
            [
              -118.045517,
              33.507283
            ],
            [
              -118.110529,
              33.493796
            ],
            [
              -118.176799,
              33.485652
            ],
            [
              -118.2437,
              33.482929
            ],
            [
              -118.310601,
              33.485652
            ],
            [
              -118.376871,
              33.493796
            ],
            [
              -118.441883,
              33.507283
            ],
            [
              -118.505022,
              33.525986
            ],
            [
              -118.565691,
              33.549728
            ],
            [
              -118.623312,
              33.578285
            ],
            [
              -118.677338,
              33.611386
            ],
            [
              -118.727252,
              33.648717
            ],
            [
              -118.772575,
              33.689925
            ],
            [
              -118.812868,
              33.734617
            ],
            [
              -118.847742,
              33.782369
            ],
            [
              -118.876854,
              33.832725
            ],
            [
              -118.899915,
              33.885205
            ],
            [
              -118.916694,
              33.939306
            ],
            [
              -118.927019,
              33.994511
            ],
            [
              -118.930777,
              34.050289
            ],
            [
              -118.927919,
              34.106103
            ],
            [
              -118.91846,
              34.161416
            ],
            [
              -118.902478,
              34.215694
            ],
            [
              -118.880116,
              34.268412
            ],
            [
              -118.851578,
              34.319058
            ],
            [
              -118.817131,
              34.36714
            ],
            [
              -118.7771,
              34.412191
            ],
            [
              -118.731866,
              34.453772
            ],
            [
              -118.681864,
              34.491476
            ],
            [
              -118.627575,
              34.524936
            ],
            [
              -118.569527,
              34.553823
            ],
            [
              -118.508285,
              34.577855
            ],
            [
              -118.444447,
              34.596795
            ],
            [
              -118.378637,
              34.610459
            ],
            [
              -118.311502,
              34.618711
            ],
            [
              -118.2437,
              34.621471
            ]
          ]
        ]
      },
      "properties": {
        "rank": 3,
        "city": "Los Angeles",
        "metro_name": "Los Angeles-Long Beach-Anaheim, CA",
        "country": "United States",
        "population": 12844441,
        "population_year": 2025,
        "lat": 34.0522,
        "lon": -118.2437,
        "radius_km": 63.3,
        "land_area_km2": 12569.5,
        "area_source": "US Census 2024 Gazetteer CBSA ALAND"
      }
    },
    {
      "type": "Feature",
      "geometry": {
        "type": "Polygon",
        "coordinates": [
          [
            [
              -87.65,
              42.528988
            ],
            [
              -87.559697,
              42.525683
            ],
            [
              -87.470292,
              42.515802
            ],
            [
              -87.382673,
              42.499443
            ],
            [
              -87.297709,
              42.476768
            ],
            [
              -87.216239,
              42.448002
            ],
            [
              -87.139065,
              42.413431
            ],
            [
              -87.066945,
              42.373397
            ],
            [
              -87.000579,
              42.328296
            ],
            [
              -86.940609,
              42.278571
            ],
            [
              -86.88761,
              42.224713
            ],
            [
              -86.842082,
              42.16725
            ],
            [
              -86.80445,
              42.106744
            ],
            [
              -86.775058,
              42.043786
            ],
            [
              -86.754168,
              41.978988
            ],
            [
              -86.741955,
              41.912978
            ],
            [
              -86.738512,
              41.846397
            ],
            [
              -86.743843,
              41.779884
            ],
            [
              -86.75787,
              41.71408
            ],
            [
              -86.780433,
              41.649615
            ],
            [
              -86.811291,
              41.587105
            ],
            [
              -86.850126,
              41.527144
            ],
            [
              -86.896548,
              41.470304
            ],
            [
              -86.950099,
              41.417122
            ],
            [
              -87.010255,
              41.3681
            ],
            [
              -87.076435,
              41.323702
            ],
            [
              -87.148005,
              41.284344
            ],
            [
              -87.224284,
              41.250396
            ],
            [
              -87.304551,
              41.222177
            ],
            [
              -87.388049,
              41.19995
            ],
            [
              -87.473995,
              41.183924
            ],
            [
              -87.561585,
              41.174248
            ],
            [
              -87.65,
              41.171012
            ],
            [
              -87.738415,
              41.174248
            ],
            [
              -87.826005,
              41.183924
            ],
            [
              -87.911951,
              41.19995
            ],
            [
              -87.995449,
              41.222177
            ],
            [
              -88.075716,
              41.250396
            ],
            [
              -88.151995,
              41.284344
            ],
            [
              -88.223565,
              41.323702
            ],
            [
              -88.289745,
              41.3681
            ],
            [
              -88.349901,
              41.417122
            ],
            [
              -88.403452,
              41.470304
            ],
            [
              -88.449874,
              41.527144
            ],
            [
              -88.488709,
              41.587105
            ],
            [
              -88.519567,
              41.649615
            ],
            [
              -88.54213,
              41.71408
            ],
            [
              -88.556157,
              41.779884
            ],
            [
              -88.561488,
              41.846397
            ],
            [
              -88.558045,
              41.912978
            ],
            [
              -88.545832,
              41.978988
            ],
            [
              -88.524942,
              42.043786
            ],
            [
              -88.49555,
              42.106744
            ],
            [
              -88.457918,
              42.16725
            ],
            [
              -88.41239,
              42.224713
            ],
            [
              -88.359391,
              42.278571
            ],
            [
              -88.299421,
              42.328296
            ],
            [
              -88.233055,
              42.373397
            ],
            [
              -88.160935,
              42.413431
            ],
            [
              -88.083761,
              42.448002
            ],
            [
              -88.002291,
              42.476768
            ],
            [
              -87.917327,
              42.499443
            ],
            [
              -87.829708,
              42.515802
            ],
            [
              -87.740303,
              42.525683
            ],
            [
              -87.65,
              42.528988
            ]
          ]
        ]
      },
      "properties": {
        "rank": 4,
        "city": "Chicago",
        "metro_name": "Chicago-Naperville-Elgin, IL-IN",
        "country": "United States",
        "population": 9434123,
        "population_year": 2025,
        "lat": 41.85,
        "lon": -87.65,
        "radius_km": 75.5,
        "land_area_km2": 17930.8,
        "area_source": "US Census 2024 Gazetteer CBSA ALAND"
      }
    },
    {
      "type": "Feature",
      "geometry": {
        "type": "Polygon",
        "coordinates": [
          [
            [
              -96.8067,
              33.543926
            ],
            [
              -96.717231,
              33.540231
            ],
            [
              -96.628647,
              33.529181
            ],
            [
              -96.541822,
              33.510887
            ],
            [
              -96.457611,
              33.485528
            ],
            [
              -96.376844,
              33.453356
            ],
            [
              -96.300312,
              33.414687
            ],
            [
              -96.228762,
              33.369901
            ],
            [
              -96.16289,
              33.319441
            ],
            [
              -96.103332,
              33.2638
            ],
            [
              -96.050658,
              33.203524
            ],
            [
              -96.005368,
              33.139202
            ],
            [
              -95.967889,
              33.071462
            ],
            [
              -95.938565,
              33.000964
            ],
            [
              -95.917661,
              32.928391
            ],
            [
              -95.905361,
              32.854447
            ],
            [
              -95.901759,
              32.779847
            ],
            [
              -95.90687,
              32.705309
            ],
            [
              -95.920623,
              32.63155
            ],
            [
              -95.942864,
              32.559278
            ],
            [
              -95.973361,
              32.489184
            ],
            [
              -96.011803,
              32.421937
            ],
            [
              -96.057808,
              32.358178
            ],
            [
              -96.110923,
              32.298512
            ],
            [
              -96.17063,
              32.243506
            ],
            [
              -96.236354,
              32.19368
            ],
            [
              -96.307463,
              32.149505
            ],
            [
              -96.38328,
              32.111398
            ],
            [
              -96.463085,
              32.079719
            ],
            [
              -96.546122,
              32.054765
            ],
            [
              -96.631609,
              32.036771
            ],
            [
              -96.718742,
              32.025907
            ],
            [
              -96.8067,
              32.022274
            ],
            [
              -96.894658,
              32.025907
            ],
            [
              -96.981791,
              32.036771
            ],
            [
              -97.067278,
              32.054765
            ],
            [
              -97.150315,
              32.079719
            ],
            [
              -97.23012,
              32.111398
            ],
            [
              -97.305937,
              32.149505
            ],
            [
              -97.377046,
              32.19368
            ],
            [
              -97.44277,
              32.243506
            ],
            [
              -97.502477,
              32.298512
            ],
            [
              -97.555592,
              32.358178
            ],
            [
              -97.601597,
              32.421937
            ],
            [
              -97.640039,
              32.489184
            ],
            [
              -97.670536,
              32.559278
            ],
            [
              -97.692777,
              32.63155
            ],
            [
              -97.70653,
              32.705309
            ],
            [
              -97.711641,
              32.779847
            ],
            [
              -97.708039,
              32.854447
            ],
            [
              -97.695739,
              32.928391
            ],
            [
              -97.674835,
              33.000964
            ],
            [
              -97.645511,
              33.071462
            ],
            [
              -97.608032,
              33.139202
            ],
            [
              -97.562742,
              33.203524
            ],
            [
              -97.510068,
              33.2638
            ],
            [
              -97.45051,
              33.319441
            ],
            [
              -97.384638,
              33.369901
            ],
            [
              -97.313088,
              33.414687
            ],
            [
              -97.236556,
              33.453356
            ],
            [
              -97.155789,
              33.485528
            ],
            [
              -97.071578,
              33.510887
            ],
            [
              -96.984753,
              33.529181
            ],
            [
              -96.896169,
              33.540231
            ],
            [
              -96.8067,
              33.543926
            ]
          ]
        ]
      },
      "properties": {
        "rank": 5,
        "city": "Dallas",
        "metro_name": "Dallas-Fort Worth-Arlington, TX",
        "country": "United States",
        "population": 8477157,
        "population_year": 2025,
        "lat": 32.7831,
        "lon": -96.8067,
        "radius_km": 84.6,
        "land_area_km2": 22470.7,
        "area_source": "US Census 2024 Gazetteer CBSA ALAND"
      }
    },
    {
      "type": "Feature",
      "geometry": {
        "type": "Polygon",
        "coordinates": [
          [
            [
              -95.3633,
              30.531321
            ],
            [
              -95.275909,
              30.527594
            ],
            [
              -95.18938,
              30.51645
            ],
            [
              -95.104564,
              30.497998
            ],
            [
              -95.022297,
              30.472421
            ],
            [
              -94.943384,
              30.439971
            ],
            [
              -94.868599,
              30.400965
            ],
            [
              -94.798671,
              30.355789
            ],
            [
              -94.734279,
              30.304885
            ],
            [
              -94.676043,
              30.248751
            ],
            [
              -94.624523,
              30.187937
            ],
            [
              -94.580209,
              30.123036
            ],
            [
              -94.543517,
              30.054681
            ],
            [
              -94.514788,
              29.983537
            ],
            [
              -94.494284,
              29.910293
            ],
            [
              -94.482184,
              29.83566
            ],
            [
              -94.478586,
              29.760356
            ],
            [
              -94.483507,
              29.68511
            ],
            [
              -94.496879,
              29.610644
            ],
            [
              -94.518555,
              29.537672
            ],
            [
              -94.548312,
              29.466894
            ],
            [
              -94.585847,
              29.398985
            ],
            [
              -94.630789,
              29.334593
            ],
            [
              -94.682695,
              29.274331
            ],
            [
              -94.741061,
              29.218772
            ],
            [
              -94.805323,
              29.168441
            ],
            [
              -94.874865,
              29.123817
            ],
            [
              -94.949024,
              29.085321
            ],
            [
              -95.027093,
              29.053316
            ],
            [
              -95.108333,
              29.028106
            ],
            [
              -95.191976,
              29.009926
            ],
            [
              -95.277233,
              28.99895
            ],
            [
              -95.3633,
              28.995279
            ],
            [
              -95.449367,
              28.99895
            ],
            [
              -95.534624,
              29.009926
            ],
            [
              -95.618267,
              29.028106
            ],
            [
              -95.699507,
              29.053316
            ],
            [
              -95.777576,
              29.085321
            ],
            [
              -95.851735,
              29.123817
            ],
            [
              -95.921277,
              29.168441
            ],
            [
              -95.985539,
              29.218772
            ],
            [
              -96.043905,
              29.274331
            ],
            [
              -96.095811,
              29.334593
            ],
            [
              -96.140753,
              29.398985
            ],
            [
              -96.178288,
              29.466894
            ],
            [
              -96.208045,
              29.537672
            ],
            [
              -96.229721,
              29.610644
            ],
            [
              -96.243093,
              29.68511
            ],
            [
              -96.248014,
              29.760356
            ],
            [
              -96.244416,
              29.83566
            ],
            [
              -96.232316,
              29.910293
            ],
            [
              -96.211812,
              29.983537
            ],
            [
              -96.183083,
              30.054681
            ],
            [
              -96.146391,
              30.123036
            ],
            [
              -96.102077,
              30.187937
            ],
            [
              -96.050557,
              30.248751
            ],
            [
              -95.992321,
              30.304885
            ],
            [
              -95.927929,
              30.355789
            ],
            [
              -95.858001,
              30.400965
            ],
            [
              -95.783216,
              30.439971
            ],
            [
              -95.704303,
              30.472421
            ],
            [
              -95.622036,
              30.497998
            ],
            [
              -95.53722,
              30.51645
            ],
            [
              -95.450691,
              30.527594
            ],
            [
              -95.3633,
              30.531321
            ]
          ]
        ]
      },
      "properties": {
        "rank": 6,
        "city": "Houston",
        "metro_name": "Houston-Pasadena-The Woodlands, TX",
        "country": "United States",
        "population": 7904627,
        "population_year": 2025,
        "lat": 29.7633,
        "lon": -95.3633,
        "radius_km": 85.4,
        "land_area_km2": 22892.0,
        "area_source": "US Census 2024 Gazetteer CBSA ALAND"
      }
    },
    {
      "type": "Feature",
      "geometry": {
        "type": "Polygon",
        "coordinates": [
          [
            [
              -79.3986,
              44.095806
            ],
            [
              -79.345456,
              44.093919
            ],
            [
              -79.292833,
              44.088275
            ],
            [
              -79.241249,
              44.078931
            ],
            [
              -79.191209,
              44.065978
            ],
            [
              -79.143203,
              44.049542
            ],
            [
              -79.097698,
              44.029786
            ],
            [
              -79.055139,
              44.006903
            ],
            [
              -79.015938,
              43.981115
            ],
            [
              -78.980473,
              43.952677
            ],
            [
              -78.949084,
              43.921864
            ],
            [
              -78.922071,
              43.888977
            ],
            [
              -78.899689,
              43.854336
            ],
            [
              -78.882148,
              43.818277
            ],
            [
              -78.869607,
              43.781151
            ],
            [
              -78.86218,
              43.743315
            ],
            [
              -78.859928,
              43.705135
            ],
            [
              -78.862863,
              43.66698
            ],
            [
              -78.870946,
              43.629216
            ],
            [
              -78.884092,
              43.592206
            ],
            [
              -78.902164,
              43.556305
            ],
            [
              -78.924981,
              43.521855
            ],
            [
              -78.952317,
              43.489187
            ],
            [
              -78.983905,
              43.458612
            ],
            [
              -79.019437,
              43.43042
            ],
            [
              -79.058571,
              43.404879
            ],
            [
              -79.100931,
              43.382233
            ],
            [
              -79.146112,
              43.362695
            ],
            [
              -79.193684,
              43.346452
            ],
            [
              -79.243194,
              43.333656
            ],
            [
              -79.294173,
              43.324428
            ],
            [
              -79.346139,
              43.318857
            ],
            [
              -79.3986,
              43.316994
            ],
            [
              -79.451061,
              43.318857
            ],
            [
              -79.503027,
              43.324428
            ],
            [
              -79.554006,
              43.333656
            ],
            [
              -79.603516,
              43.346452
            ],
            [
              -79.651088,
              43.362695
            ],
            [
              -79.696269,
              43.382233
            ],
            [
              -79.738629,
              43.404879
            ],
            [
              -79.777763,
              43.43042
            ],
            [
              -79.813295,
              43.458612
            ],
            [
              -79.844883,
              43.489187
            ],
            [
              -79.872219,
              43.521855
            ],
            [
              -79.895036,
              43.556305
            ],
            [
              -79.913108,
              43.592206
            ],
            [
              -79.926254,
              43.629216
            ],
            [
              -79.934337,
              43.66698
            ],
            [
              -79.937272,
              43.705135
            ],
            [
              -79.93502,
              43.743315
            ],
            [
              -79.927593,
              43.781151
            ],
            [
              -79.915052,
              43.818277
            ],
            [
              -79.897511,
              43.854336
            ],
            [
              -79.875129,
              43.888977
            ],
            [
              -79.848116,
              43.921864
            ],
            [
              -79.816727,
              43.952677
            ],
            [
              -79.781262,
              43.981115
            ],
            [
              -79.742061,
              44.006903
            ],
            [
              -79.699502,
              44.029786
            ],
            [
              -79.653997,
              44.049542
            ],
            [
              -79.605991,
              44.065978
            ],
            [
              -79.555951,
              44.078931
            ],
            [
              -79.504367,
              44.088275
            ],
            [
              -79.451744,
              44.093919
            ],
            [
              -79.3986,
              44.095806
            ]
          ]
        ]
      },
      "properties": {
        "rank": 7,
        "city": "Toronto",
        "metro_name": "Toronto (CMA), Ontario",
        "country": "Canada",
        "population": 7108874,
        "population_year": 2025,
        "lat": 43.7064,
        "lon": -79.3986,
        "radius_km": 43.3,
        "land_area_km2": 5902.7,
        "area_source": "StatCan 2021 CMA boundary LANDAREA (km2)"
      }
    },
    {
      "type": "Feature",
      "geometry": {
        "type": "Polygon",
        "coordinates": [
          [
            [
              -84.388,
              34.514323
            ],
            [
              -84.296968,
              34.510604
            ],
            [
              -84.206836,
              34.499485
            ],
            [
              -84.118496,
              34.481076
            ],
            [
              -84.03282,
              34.455559
            ],
            [
              -83.95065,
              34.423185
            ],
            [
              -83.872794,
              34.384275
            ],
            [
              -83.800011,
              34.339211
            ],
            [
              -83.73301,
              34.288438
            ],
            [
              -83.672437,
              34.232455
            ],
            [
              -83.618873,
              34.171809
            ],
            [
              -83.572826,
              34.107095
            ],
            [
              -83.534727,
              34.038944
            ],
            [
              -83.504928,
              33.96802
            ],
            [
              -83.483698,
              33.895012
            ],
            [
              -83.471219,
              33.820627
            ],
            [
              -83.467589,
              33.745585
            ],
            [
              -83.472821,
              33.670608
            ],
            [
              -83.486841,
              33.596418
            ],
            [
              -83.509491,
              33.523725
            ],
            [
              -83.540535,
              33.453226
            ],
            [
              -83.579655,
              33.385593
            ],
            [
              -83.626462,
              33.321469
            ],
            [
              -83.680494,
              33.261464
            ],
            [
              -83.741225,
              33.206146
            ],
            [
              -83.808069,
              33.15604
            ],
            [
              -83.880384,
              33.111617
            ],
            [
              -83.957481,
              33.073297
            ],
            [
              -84.038629,
              33.041441
            ],
            [
              -84.123061,
              33.016348
            ],
            [
              -84.20998,
              32.998255
            ],
            [
              -84.298571,
              32.98733
            ],
            [
              -84.388,
              32.983677
            ],
            [
              -84.477429,
              32.98733
            ],
            [
              -84.56602,
              32.998255
            ],
            [
              -84.652939,
              33.016348
            ],
            [
              -84.737371,
              33.041441
            ],
            [
              -84.818519,
              33.073297
            ],
            [
              -84.895616,
              33.111617
            ],
            [
              -84.967931,
              33.15604
            ],
            [
              -85.034775,
              33.206146
            ],
            [
              -85.095506,
              33.261464
            ],
            [
              -85.149538,
              33.321469
            ],
            [
              -85.196345,
              33.385593
            ],
            [
              -85.235465,
              33.453226
            ],
            [
              -85.266509,
              33.523725
            ],
            [
              -85.289159,
              33.596418
            ],
            [
              -85.303179,
              33.670608
            ],
            [
              -85.308411,
              33.745585
            ],
            [
              -85.304781,
              33.820627
            ],
            [
              -85.292302,
              33.895012
            ],
            [
              -85.271072,
              33.96802
            ],
            [
              -85.241273,
              34.038944
            ],
            [
              -85.203174,
              34.107095
            ],
            [
              -85.157127,
              34.171809
            ],
            [
              -85.103563,
              34.232455
            ],
            [
              -85.04299,
              34.288438
            ],
            [
              -84.975989,
              34.339211
            ],
            [
              -84.903206,
              34.384275
            ],
            [
              -84.82535,
              34.423185
            ],
            [
              -84.74318,
              34.455559
            ],
            [
              -84.657504,
              34.481076
            ],
            [
              -84.569164,
              34.499485
            ],
            [
              -84.479032,
              34.510604
            ],
            [
              -84.388,
              34.514323
            ]
          ]
        ]
      },
      "properties": {
        "rank": 8,
        "city": "Atlanta",
        "metro_name": "Atlanta-Sandy Springs-Roswell, GA",
        "country": "United States",
        "population": 6482182,
        "population_year": 2025,
        "lat": 33.749,
        "lon": -84.388,
        "radius_km": 85.1,
        "land_area_km2": 22754.3,
        "area_source": "US Census 2024 Gazetteer CBSA ALAND"
      }
    },
    {
      "type": "Feature",
      "geometry": {
        "type": "Polygon",
        "coordinates": [
          [
            [
              -77.0364,
              39.529122
            ],
            [
              -76.955834,
              39.526041
            ],
            [
              -76.876064,
              39.51683
            ],
            [
              -76.79788,
              39.501579
            ],
            [
              -76.722053,
              39.48044
            ],
            [
              -76.64933,
              39.453621
            ],
            [
              -76.580424,
              39.421386
            ],
            [
              -76.516008,
              39.384054
            ],
            [
              -76.456708,
              39.341992
            ],
            [
              -76.403098,
              39.295613
            ],
            [
              -76.35569,
              39.245372
            ],
            [
              -76.314935,
              39.191761
            ],
            [
              -76.281215,
              39.135302
            ],
            [
              -76.254841,
              39.076545
            ],
            [
              -76.236051,
              39.016062
            ],
            [
              -76.225007,
              38.954438
            ],
            [
              -76.221795,
              38.89227
            ],
            [
              -76.226425,
              38.830156
            ],
            [
              -76.238834,
              38.768693
            ],
            [
              -76.258881,
              38.708472
            ],
            [
              -76.286357,
              38.650067
            ],
            [
              -76.320982,
              38.594037
            ],
            [
              -76.362409,
              38.540914
            ],
            [
              -76.410231,
              38.491204
            ],
            [
              -76.463981,
              38.445377
            ],
            [
              -76.523141,
              38.403867
            ],
            [
              -76.587143,
              38.367066
            ],
            [
              -76.655377,
              38.335321
            ],
            [
              -76.727196,
              38.308931
            ],
            [
              -76.801921,
              38.288144
            ],
            [
              -76.878848,
              38.273155
            ],
            [
              -76.957253,
              38.264104
            ],
            [
              -77.0364,
              38.261078
            ],
            [
              -77.115547,
              38.264104
            ],
            [
              -77.193952,
              38.273155
            ],
            [
              -77.270879,
              38.288144
            ],
            [
              -77.345604,
              38.308931
            ],
            [
              -77.417423,
              38.335321
            ],
            [
              -77.485657,
              38.367066
            ],
            [
              -77.549659,
              38.403867
            ],
            [
              -77.608819,
              38.445377
            ],
            [
              -77.662569,
              38.491204
            ],
            [
              -77.710391,
              38.540914
            ],
            [
              -77.751818,
              38.594037
            ],
            [
              -77.786443,
              38.650067
            ],
            [
              -77.813919,
              38.708472
            ],
            [
              -77.833966,
              38.768693
            ],
            [
              -77.846375,
              38.830156
            ],
            [
              -77.851005,
              38.89227
            ],
            [
              -77.847793,
              38.954438
            ],
            [
              -77.836749,
              39.016062
            ],
            [
              -77.817959,
              39.076545
            ],
            [
              -77.791585,
              39.135302
            ],
            [
              -77.757865,
              39.191761
            ],
            [
              -77.71711,
              39.245372
            ],
            [
              -77.669702,
              39.295613
            ],
            [
              -77.616092,
              39.341992
            ],
            [
              -77.556792,
              39.384054
            ],
            [
              -77.492376,
              39.421386
            ],
            [
              -77.42347,
              39.453621
            ],
            [
              -77.350747,
              39.48044
            ],
            [
              -77.27492,
              39.501579
            ],
            [
              -77.196736,
              39.51683
            ],
            [
              -77.116966,
              39.526041
            ],
            [
              -77.0364,
              39.529122
            ]
          ]
        ]
      },
      "properties": {
        "rank": 9,
        "city": "Washington",
        "metro_name": "Washington-Arlington-Alexandria, DC-VA-MD-WV",
        "country": "United States",
        "population": 6465724,
        "population_year": 2025,
        "lat": 38.8951,
        "lon": -77.0364,
        "radius_km": 70.5,
        "land_area_km2": 15627.2,
        "area_source": "US Census 2024 Gazetteer CBSA ALAND"
      }
    },
    {
      "type": "Feature",
      "geometry": {
        "type": "Polygon",
        "coordinates": [
          [
            [
              -80.1937,
              26.355262
            ],
            [
              -80.130153,
              26.35245
            ],
            [
              -80.067227,
              26.344044
            ],
            [
              -80.005537,
              26.330125
            ],
            [
              -79.945685,
              26.310828
            ],
            [
              -79.888254,
              26.286343
            ],
            [
              -79.833804,
              26.256909
            ],
            [
              -79.782863,
              26.222812
            ],
            [
              -79.735923,
              26.184385
            ],
            [
              -79.693438,
              26.142002
            ],
            [
              -79.655816,
              26.096075
            ],
            [
              -79.623416,
              26.047051
            ],
            [
              -79.596546,
              25.995405
            ],
            [
              -79.575459,
              25.941637
            ],
            [
              -79.560351,
              25.886269
            ],
            [
              -79.551358,
              25.829834
            ],
            [
              -79.54856,
              25.772878
            ],
            [
              -79.551975,
              25.715949
            ],
            [
              -79.561559,
              25.659595
            ],
            [
              -79.577214,
              25.604358
            ],
            [
              -79.59878,
              25.550767
            ],
            [
              -79.626043,
              25.499337
            ],
            [
              -79.658734,
              25.450558
            ],
            [
              -79.696536,
              25.404898
            ],
            [
              -79.739082,
              25.362793
            ],
            [
              -79.785961,
              25.324643
            ],
            [
              -79.836722,
              25.290813
            ],
            [
              -79.890881,
              25.261625
            ],
            [
              -79.947919,
              25.237355
            ],
            [
              -80.007292,
              25.218236
            ],
            [
              -80.068436,
              25.204448
            ],
            [
              -80.130769,
              25.196122
            ],
            [
              -80.1937,
              25.193338
            ],
            [
              -80.256631,
              25.196122
            ],
            [
              -80.318964,
              25.204448
            ],
            [
              -80.380108,
              25.218236
            ],
            [
              -80.439481,
              25.237355
            ],
            [
              -80.496519,
              25.261625
            ],
            [
              -80.550678,
              25.290813
            ],
            [
              -80.601439,
              25.324643
            ],
            [
              -80.648318,
              25.362793
            ],
            [
              -80.690864,
              25.404898
            ],
            [
              -80.728666,
              25.450558
            ],
            [
              -80.761357,
              25.499337
            ],
            [
              -80.78862,
              25.550767
            ],
            [
              -80.810186,
              25.604358
            ],
            [
              -80.825841,
              25.659595
            ],
            [
              -80.835425,
              25.715949
            ],
            [
              -80.83884,
              25.772878
            ],
            [
              -80.836042,
              25.829834
            ],
            [
              -80.827049,
              25.886269
            ],
            [
              -80.811941,
              25.941637
            ],
            [
              -80.790854,
              25.995405
            ],
            [
              -80.763984,
              26.047051
            ],
            [
              -80.731584,
              26.096075
            ],
            [
              -80.693962,
              26.142002
            ],
            [
              -80.651477,
              26.184385
            ],
            [
              -80.604537,
              26.222812
            ],
            [
              -80.553596,
              26.256909
            ],
            [
              -80.499146,
              26.286343
            ],
            [
              -80.441715,
              26.310828
            ],
            [
              -80.381863,
              26.330125
            ],
            [
              -80.320173,
              26.344044
            ],
            [
              -80.257247,
              26.35245
            ],
            [
              -80.1937,
              26.355262
            ]
          ]
        ]
      },
      "properties": {
        "rank": 10,
        "city": "Miami",
        "metro_name": "Miami-Fort Lauderdale-West Palm Beach, FL",
        "country": "United States",
        "population": 6391072,
        "population_year": 2025,
        "lat": 25.7743,
        "lon": -80.1937,
        "radius_km": 64.6,
        "land_area_km2": 13123.9,
        "area_source": "US Census 2024 Gazetteer CBSA ALAND"
      }
    },
    {
      "type": "Feature",
      "geometry": {
        "type": "Polygon",
        "coordinates": [
          [
            [
              -75.1636,
              40.506382
            ],
            [
              -75.092188,
              40.503693
            ],
            [
              -75.021481,
              40.495651
            ],
            [
              -74.952176,
              40.482337
            ],
            [
              -74.884955,
              40.463881
            ],
            [
              -74.820479,
              40.440465
            ],
            [
              -74.759379,
              40.41232
            ],
            [
              -74.702251,
              40.379723
            ],
            [
              -74.64965,
              40.342993
            ],
            [
              -74.602085,
              40.302492
            ],
            [
              -74.56001,
              40.258615
            ],
            [
              -74.523827,
              40.211791
            ],
            [
              -74.493875,
              40.162476
            ],
            [
              -74.470432,
              40.111151
            ],
            [
              -74.45371,
              40.058313
            ],
            [
              -74.443855,
              40.004475
            ],
            [
              -74.440947,
              39.950157
            ],
            [
              -74.444997,
              39.895881
            ],
            [
              -74.455949,
              39.84217
            ],
            [
              -74.473683,
              39.78954
            ],
            [
              -74.498013,
              39.738494
            ],
            [
              -74.528693,
              39.68952
            ],
            [
              -74.565418,
              39.643083
            ],
            [
              -74.607825,
              39.599627
            ],
            [
              -74.655504,
              39.559563
            ],
            [
              -74.707992,
              39.523271
            ],
            [
              -74.764787,
              39.491095
            ],
            [
              -74.825346,
              39.463338
            ],
            [
              -74.889094,
              39.440262
            ],
            [
              -74.955428,
              39.422085
            ],
            [
              -75.023721,
              39.408978
            ],
            [
              -75.09333,
              39.401064
            ],
            [
              -75.1636,
              39.398418
            ],
            [
              -75.23387,
              39.401064
            ],
            [
              -75.303479,
              39.408978
            ],
            [
              -75.371772,
              39.422085
            ],
            [
              -75.438106,
              39.440262
            ],
            [
              -75.501854,
              39.463338
            ],
            [
              -75.562413,
              39.491095
            ],
            [
              -75.619208,
              39.523271
            ],
            [
              -75.671696,
              39.559563
            ],
            [
              -75.719375,
              39.599627
            ],
            [
              -75.761782,
              39.643083
            ],
            [
              -75.798507,
              39.68952
            ],
            [
              -75.829187,
              39.738494
            ],
            [
              -75.853517,
              39.78954
            ],
            [
              -75.871251,
              39.84217
            ],
            [
              -75.882203,
              39.895881
            ],
            [
              -75.886253,
              39.950157
            ],
            [
              -75.883345,
              40.004475
            ],
            [
              -75.87349,
              40.058313
            ],
            [
              -75.856768,
              40.111151
            ],
            [
              -75.833325,
              40.162476
            ],
            [
              -75.803373,
              40.211791
            ],
            [
              -75.76719,
              40.258615
            ],
            [
              -75.725115,
              40.302492
            ],
            [
              -75.67755,
              40.342993
            ],
            [
              -75.624949,
              40.379723
            ],
            [
              -75.567821,
              40.41232
            ],
            [
              -75.506721,
              40.440465
            ],
            [
              -75.442245,
              40.463881
            ],
            [
              -75.375024,
              40.482337
            ],
            [
              -75.305719,
              40.495651
            ],
            [
              -75.235012,
              40.503693
            ],
            [
              -75.1636,
              40.506382
            ]
          ]
        ]
      },
      "properties": {
        "rank": 11,
        "city": "Philadelphia",
        "metro_name": "Philadelphia-Camden-Wilmington, PA-NJ-DE-MD",
        "country": "United States",
        "population": 6329118,
        "population_year": 2025,
        "lat": 39.9524,
        "lon": -75.1636,
        "radius_km": 61.6,
        "land_area_km2": 11922.3,
        "area_source": "US Census 2024 Gazetteer CBSA ALAND"
      }
    },
    {
      "type": "Feature",
      "geometry": {
        "type": "Polygon",
        "coordinates": [
          [
            [
              -100.3172,
              26.12227
            ],
            [
              -100.269389,
              26.120153
            ],
            [
              -100.222044,
              26.113823
            ],
            [
              -100.175625,
              26.103342
            ],
            [
              -100.130584,
              26.088812
            ],
            [
              -100.087359,
              26.070374
            ],
            [
              -100.046369,
              26.048208
            ],
            [
              -100.008011,
              26.022529
            ],
            [
              -99.972657,
              25.993586
            ],
            [
              -99.940647,
              25.961661
            ],
            [
              -99.912288,
              25.927064
            ],
            [
              -99.887853,
              25.890129
            ],
            [
              -99.867574,
              25.851214
            ],
            [
              -99.851644,
              25.810697
            ],
            [
              -99.840211,
              25.768968
            ],
            [
              -99.833381,
              25.726431
            ],
            [
              -99.831215,
              25.683495
            ],
            [
              -99.833729,
              25.640575
            ],
            [
              -99.840894,
              25.598083
            ],
            [
              -99.852636,
              25.556429
            ],
            [
              -99.868838,
              25.516011
            ],
            [
              -99.889339,
              25.477219
            ],
            [
              -99.913939,
              25.440423
            ],
            [
              -99.942399,
              25.405977
            ],
            [
              -99.974444,
              25.374209
            ],
            [
              -100.009764,
              25.345423
            ],
            [
              -100.04802,
              25.319895
            ],
            [
              -100.088844,
              25.297868
            ],
            [
              -100.131847,
              25.279552
            ],
            [
              -100.176617,
              25.265122
            ],
            [
              -100.222727,
              25.254715
            ],
            [
              -100.269738,
              25.248432
            ],
            [
              -100.3172,
              25.24633
            ],
            [
              -100.364662,
              25.248432
            ],
            [
              -100.411673,
              25.254715
            ],
            [
              -100.457783,
              25.265122
            ],
            [
              -100.502553,
              25.279552
            ],
            [
              -100.545556,
              25.297868
            ],
            [
              -100.58638,
              25.319895
            ],
            [
              -100.624636,
              25.345423
            ],
            [
              -100.659956,
              25.374209
            ],
            [
              -100.692001,
              25.405977
            ],
            [
              -100.720461,
              25.440423
            ],
            [
              -100.745061,
              25.477219
            ],
            [
              -100.765562,
              25.516011
            ],
            [
              -100.781764,
              25.556429
            ],
            [
              -100.793506,
              25.598083
            ],
            [
              -100.800671,
              25.640575
            ],
            [
              -100.803185,
              25.683495
            ],
            [
              -100.801019,
              25.726431
            ],
            [
              -100.794189,
              25.768968
            ],
            [
              -100.782756,
              25.810697
            ],
            [
              -100.766826,
              25.851214
            ],
            [
              -100.746547,
              25.890129
            ],
            [
              -100.722112,
              25.927064
            ],
            [
              -100.693753,
              25.961661
            ],
            [
              -100.661743,
              25.993586
            ],
            [
              -100.626389,
              26.022529
            ],
            [
              -100.588031,
              26.048208
            ],
            [
              -100.547041,
              26.070374
            ],
            [
              -100.503816,
              26.088812
            ],
            [
              -100.458775,
              26.103342
            ],
            [
              -100.412356,
              26.113823
            ],
            [
              -100.365011,
              26.120153
            ],
            [
              -100.3172,
              26.12227
            ]
          ]
        ]
      },
      "properties": {
        "rank": 12,
        "city": "Monterrey",
        "metro_name": "Monterrey",
        "country": "Mexico",
        "population": 5322117,
        "population_year": 2020,
        "lat": 25.6843,
        "lon": -100.3172,
        "radius_km": 48.7,
        "land_area_km2": 7440.0,
        "area_source": "SEDATU/CONAPO/INEGI superficie_km2 2020"
      }
    },
    {
      "type": "Feature",
      "geometry": {
        "type": "Polygon",
        "coordinates": [
          [
            [
              -112.074,
              34.434056
            ],
            [
              -111.956876,
              34.429255
            ],
            [
              -111.84092,
              34.4149
            ],
            [
              -111.727286,
              34.391133
            ],
            [
              -111.617103,
              34.358192
            ],
            [
              -111.511463,
              34.316405
            ],
            [
              -111.411408,
              34.266186
            ],
            [
              -111.317918,
              34.208033
            ],
            [
              -111.231905,
              34.142524
            ],
            [
              -111.154199,
              34.070304
            ],
            [
              -111.085544,
              33.992086
            ],
            [
              -111.026588,
              33.908638
            ],
            [
              -110.977879,
              33.820777
            ],
            [
              -110.93986,
              33.729363
            ],
            [
              -110.912868,
              33.635284
            ],
            [
              -110.897126,
              33.539454
            ],
            [
              -110.89275,
              33.4428
            ],
            [
              -110.899745,
              33.346253
            ],
            [
              -110.918004,
              33.250742
            ],
            [
              -110.947317,
              33.15718
            ],
            [
              -110.98737,
              33.066462
            ],
            [
              -111.037749,
              32.97945
            ],
            [
              -111.097946,
              32.89697
            ],
            [
              -111.167365,
              32.819802
            ],
            [
              -111.24533,
              32.748675
            ],
            [
              -111.331086,
              32.684258
            ],
            [
              -111.423812,
              32.627156
            ],
            [
              -111.522628,
              32.577906
            ],
            [
              -111.626598,
              32.536967
            ],
            [
              -111.734746,
              32.504723
            ],
            [
              -111.846059,
              32.481474
            ],
            [
              -111.959496,
              32.467437
            ],
            [
              -112.074,
              32.462744
            ],
            [
              -112.188504,
              32.467437
            ],
            [
              -112.301941,
              32.481474
            ],
            [
              -112.413254,
              32.504723
            ],
            [
              -112.521402,
              32.536967
            ],
            [
              -112.625372,
              32.577906
            ],
            [
              -112.724188,
              32.627156
            ],
            [
              -112.816914,
              32.684258
            ],
            [
              -112.90267,
              32.748675
            ],
            [
              -112.980635,
              32.819802
            ],
            [
              -113.050054,
              32.89697
            ],
            [
              -113.110251,
              32.97945
            ],
            [
              -113.16063,
              33.066462
            ],
            [
              -113.200683,
              33.15718
            ],
            [
              -113.229996,
              33.250742
            ],
            [
              -113.248255,
              33.346253
            ],
            [
              -113.25525,
              33.4428
            ],
            [
              -113.250874,
              33.539454
            ],
            [
              -113.235132,
              33.635284
            ],
            [
              -113.20814,
              33.729363
            ],
            [
              -113.170121,
              33.820777
            ],
            [
              -113.121412,
              33.908638
            ],
            [
              -113.062456,
              33.992086
            ],
            [
              -112.993801,
              34.070304
            ],
            [
              -112.916095,
              34.142524
            ],
            [
              -112.830082,
              34.208033
            ],
            [
              -112.736592,
              34.266186
            ],
            [
              -112.636537,
              34.316405
            ],
            [
              -112.530897,
              34.358192
            ],
            [
              -112.420714,
              34.391133
            ],
            [
              -112.30708,
              34.4149
            ],
            [
              -112.191124,
              34.429255
            ],
            [
              -112.074,
              34.434056
            ]
          ]
        ]
      },
      "properties": {
        "rank": 13,
        "city": "Phoenix",
        "metro_name": "Phoenix-Mesa-Chandler, AZ",
        "country": "United States",
        "population": 5228938,
        "population_year": 2025,
        "lat": 33.4484,
        "lon": -112.074,
        "radius_km": 109.6,
        "land_area_km2": 37732.7,
        "area_source": "US Census 2024 Gazetteer CBSA ALAND"
      }
    },
    {
      "type": "Feature",
      "geometry": {
        "type": "Polygon",
        "coordinates": [
          [
            [
              -103.3475,
              20.930109
            ],
            [
              -103.320981,
              20.92889
            ],
            [
              -103.294718,
              20.925246
            ],
            [
              -103.268966,
              20.91921
            ],
            [
              -103.243974,
              20.910842
            ],
            [
              -103.219984,
              20.900223
            ],
            [
              -103.197227,
              20.887455
            ],
            [
              -103.175923,
              20.872662
            ],
            [
              -103.156279,
              20.855987
            ],
            [
              -103.138482,
              20.837591
            ],
            [
              -103.122704,
              20.817652
            ],
            [
              -103.109098,
              20.796362
            ],
            [
              -103.097793,
              20.773928
            ],
            [
              -103.088897,
              20.750565
            ],
            [
              -103.082495,
              20.726499
            ],
            [
              -103.078648,
              20.701961
            ],
            [
              -103.077391,
              20.67719
            ],
            [
              -103.078736,
              20.652422
            ],
            [
              -103.082667,
              20.627897
            ],
            [
              -103.089147,
              20.60385
            ],
            [
              -103.098111,
              20.580513
            ],
            [
              -103.109472,
              20.55811
            ],
            [
              -103.12312,
              20.536857
            ],
            [
              -103.138923,
              20.516958
            ],
            [
              -103.156728,
              20.498603
            ],
            [
              -103.176364,
              20.481969
            ],
            [
              -103.197642,
              20.467215
            ],
            [
              -103.220358,
              20.454484
            ],
            [
              -103.244292,
              20.443896
            ],
            [
              -103.269216,
              20.435555
            ],
            [
              -103.29489,
              20.429538
            ],
            [
              -103.321068,
              20.425905
            ],
            [
              -103.3475,
              20.424691
            ],
            [
              -103.373932,
              20.425905
            ],
            [
              -103.40011,
              20.429538
            ],
            [
              -103.425784,
              20.435555
            ],
            [
              -103.450708,
              20.443896
            ],
            [
              -103.474642,
              20.454484
            ],
            [
              -103.497358,
              20.467215
            ],
            [
              -103.518636,
              20.481969
            ],
            [
              -103.538272,
              20.498603
            ],
            [
              -103.556077,
              20.516958
            ],
            [
              -103.57188,
              20.536857
            ],
            [
              -103.585528,
              20.55811
            ],
            [
              -103.596889,
              20.580513
            ],
            [
              -103.605853,
              20.60385
            ],
            [
              -103.612333,
              20.627897
            ],
            [
              -103.616264,
              20.652422
            ],
            [
              -103.617609,
              20.67719
            ],
            [
              -103.616352,
              20.701961
            ],
            [
              -103.612505,
              20.726499
            ],
            [
              -103.606103,
              20.750565
            ],
            [
              -103.597207,
              20.773928
            ],
            [
              -103.585902,
              20.796362
            ],
            [
              -103.572296,
              20.817652
            ],
            [
              -103.556518,
              20.837591
            ],
            [
              -103.538721,
              20.855987
            ],
            [
              -103.519077,
              20.872662
            ],
            [
              -103.497773,
              20.887455
            ],
            [
              -103.475016,
              20.900223
            ],
            [
              -103.451026,
              20.910842
            ],
            [
              -103.426034,
              20.91921
            ],
            [
              -103.400282,
              20.925246
            ],
            [
              -103.374019,
              20.92889
            ],
            [
              -103.3475,
              20.930109
            ]
          ]
        ]
      },
      "properties": {
        "rank": 14,
        "city": "Guadalajara",
        "metro_name": "Guadalajara",
        "country": "Mexico",
        "population": 5110617,
        "population_year": 2020,
        "lat": 20.6774,
        "lon": -103.3475,
        "radius_km": 28.1,
        "land_area_km2": 2486.6,
        "area_source": "SEDATU/CONAPO/INEGI superficie_km2 2020"
      }
    },
    {
      "type": "Feature",
      "geometry": {
        "type": "Polygon",
        "coordinates": [
          [
            [
              -71.0598,
              42.840436
            ],
            [
              -70.995367,
              42.838097
            ],
            [
              -70.931569,
              42.831103
            ],
            [
              -70.869034,
              42.819523
            ],
            [
              -70.808378,
              42.80347
            ],
            [
              -70.750195,
              42.783103
            ],
            [
              -70.695054,
              42.758623
            ],
            [
              -70.643495,
              42.730269
            ],
            [
              -70.596016,
              42.69832
            ],
            [
              -70.553077,
              42.663088
            ],
            [
              -70.515089,
              42.624919
            ],
            [
              -70.482414,
              42.584185
            ],
            [
              -70.455359,
              42.541283
            ],
            [
              -70.434175,
              42.496629
            ],
            [
              -70.419056,
              42.450658
            ],
            [
              -70.410134,
              42.403815
            ],
            [
              -70.407482,
              42.356551
            ],
            [
              -70.411111,
              42.309323
            ],
            [
              -70.420971,
              42.262585
            ],
            [
              -70.436955,
              42.216784
            ],
            [
              -70.458897,
              42.172361
            ],
            [
              -70.486574,
              42.129739
            ],
            [
              -70.519712,
              42.089324
            ],
            [
              -70.557985,
              42.051502
            ],
            [
              -70.60102,
              42.016631
            ],
            [
              -70.648403,
              41.985043
            ],
            [
              -70.699678,
              41.957036
            ],
            [
              -70.754356,
              41.932875
            ],
            [
              -70.811916,
              41.912788
            ],
            [
              -70.871815,
              41.896966
            ],
            [
              -70.933484,
              41.885556
            ],
            [
              -70.996343,
              41.878667
            ],
            [
              -71.0598,
              41.876364
            ],
            [
              -71.123257,
              41.878667
            ],
            [
              -71.186116,
              41.885556
            ],
            [
              -71.247785,
              41.896966
            ],
            [
              -71.307684,
              41.912788
            ],
            [
              -71.365244,
              41.932875
            ],
            [
              -71.419922,
              41.957036
            ],
            [
              -71.471197,
              41.985043
            ],
            [
              -71.51858,
              42.016631
            ],
            [
              -71.561615,
              42.051502
            ],
            [
              -71.599888,
              42.089324
            ],
            [
              -71.633026,
              42.129739
            ],
            [
              -71.660703,
              42.172361
            ],
            [
              -71.682645,
              42.216784
            ],
            [
              -71.698629,
              42.262585
            ],
            [
              -71.708489,
              42.309323
            ],
            [
              -71.712118,
              42.356551
            ],
            [
              -71.709466,
              42.403815
            ],
            [
              -71.700544,
              42.450658
            ],
            [
              -71.685425,
              42.496629
            ],
            [
              -71.664241,
              42.541283
            ],
            [
              -71.637186,
              42.584185
            ],
            [
              -71.604511,
              42.624919
            ],
            [
              -71.566523,
              42.663088
            ],
            [
              -71.523584,
              42.69832
            ],
            [
              -71.476105,
              42.730269
            ],
            [
              -71.424546,
              42.758623
            ],
            [
              -71.369405,
              42.783103
            ],
            [
              -71.311222,
              42.80347
            ],
            [
              -71.250566,
              42.819523
            ],
            [
              -71.188031,
              42.831103
            ],
            [
              -71.124233,
              42.838097
            ],
            [
              -71.0598,
              42.840436
            ]
          ]
        ]
      },
      "properties": {
        "rank": 15,
        "city": "Boston",
        "metro_name": "Boston-Cambridge-Newton, MA-NH",
        "country": "United States",
        "population": 5034221,
        "population_year": 2025,
        "lat": 42.3584,
        "lon": -71.0598,
        "radius_km": 53.6,
        "land_area_km2": 9029.1,
        "area_source": "US Census 2024 Gazetteer CBSA ALAND"
      }
    },
    {
      "type": "Feature",
      "geometry": {
        "type": "Polygon",
        "coordinates": [
          [
            [
              -117.3962,
              35.302382
            ],
            [
              -117.234212,
              35.295781
            ],
            [
              -117.073861,
              35.276044
            ],
            [
              -116.916767,
              35.24337
            ],
            [
              -116.764508,
              35.198091
            ],
            [
              -116.618611,
              35.140661
            ],
            [
              -116.480528,
              35.071661
            ],
            [
              -116.351623,
              34.991781
            ],
            [
              -116.233155,
              34.901823
            ],
            [
              -116.126272,
              34.802683
            ],
            [
              -116.03199,
              34.695348
            ],
            [
              -115.951192,
              34.580881
            ],
            [
              -115.884617,
              34.46041
            ],
            [
              -115.832855,
              34.33512
            ],
            [
              -115.796344,
              34.206233
            ],
            [
              -115.775369,
              34.075006
            ],
            [
              -115.770061,
              33.942709
            ],
            [
              -115.780397,
              33.810616
            ],
            [
              -115.806206,
              33.679997
            ],
            [
              -115.847173,
              33.552098
            ],
            [
              -115.902842,
              33.428136
            ],
            [
              -115.972624,
              33.309285
            ],
            [
              -116.055806,
              33.196665
            ],
            [
              -116.151557,
              33.091336
            ],
            [
              -116.258939,
              32.994282
            ],
            [
              -116.376913,
              32.906409
            ],
            [
              -116.504354,
              32.828536
            ],
            [
              -116.640056,
              32.761384
            ],
            [
              -116.782747,
              32.705576
            ],
            [
              -116.931097,
              32.661627
            ],
            [
              -117.083733,
              32.629942
            ],
            [
              -117.239245,
              32.610813
            ],
            [
              -117.3962,
              32.604418
            ],
            [
              -117.553155,
              32.610813
            ],
            [
              -117.708667,
              32.629942
            ],
            [
              -117.861303,
              32.661627
            ],
            [
              -118.009653,
              32.705576
            ],
            [
              -118.152344,
              32.761384
            ],
            [
              -118.288046,
              32.828536
            ],
            [
              -118.415487,
              32.906409
            ],
            [
              -118.533461,
              32.994282
            ],
            [
              -118.640843,
              33.091336
            ],
            [
              -118.736594,
              33.196665
            ],
            [
              -118.819776,
              33.309285
            ],
            [
              -118.889558,
              33.428136
            ],
            [
              -118.945227,
              33.552098
            ],
            [
              -118.986194,
              33.679997
            ],
            [
              -119.012003,
              33.810616
            ],
            [
              -119.022339,
              33.942709
            ],
            [
              -119.017031,
              34.075006
            ],
            [
              -118.996056,
              34.206233
            ],
            [
              -118.959545,
              34.33512
            ],
            [
              -118.907783,
              34.46041
            ],
            [
              -118.841208,
              34.580881
            ],
            [
              -118.76041,
              34.695348
            ],
            [
              -118.666128,
              34.802683
            ],
            [
              -118.559245,
              34.901823
            ],
            [
              -118.440777,
              34.991781
            ],
            [
              -118.311872,
              35.071661
            ],
            [
              -118.173789,
              35.140661
            ],
            [
              -118.027892,
              35.198091
            ],
            [
              -117.875633,
              35.24337
            ],
            [
              -117.718539,
              35.276044
            ],
            [
              -117.558188,
              35.295781
            ],
            [
              -117.3962,
              35.302382
            ]
          ]
        ]
      },
      "properties": {
        "rank": 16,
        "city": "Riverside",
        "metro_name": "Riverside-San Bernardino-Ontario, CA",
        "country": "United States",
        "population": 4769007,
        "population_year": 2025,
        "lat": 33.9534,
        "lon": -117.3962,
        "radius_km": 150.0,
        "land_area_km2": 70648.2,
        "area_source": "US Census 2024 Gazetteer CBSA ALAND"
      }
    },
    {
      "type": "Feature",
      "geometry": {
        "type": "Polygon",
        "coordinates": [
          [
            [
              -122.4194,
              38.180494
            ],
            [
              -122.368827,
              38.17853
            ],
            [
              -122.318749,
              38.172658
            ],
            [
              -122.269656,
              38.162935
            ],
            [
              -122.222029,
              38.149456
            ],
            [
              -122.176331,
              38.132353
            ],
            [
              -122.133009,
              38.111793
            ],
            [
              -122.092482,
              38.087978
            ],
            [
              -122.055144,
              38.061139
            ],
            [
              -122.021356,
              38.031538
            ],
            [
              -121.99144,
              37.999463
            ],
            [
              -121.965684,
              37.965227
            ],
            [
              -121.944331,
              37.929161
            ],
            [
              -121.927581,
              37.891616
            ],
            [
              -121.91559,
              37.852955
            ],
            [
              -121.908466,
              37.813552
            ],
            [
              -121.90627,
              37.773787
            ],
            [
              -121.909015,
              37.734044
            ],
            [
              -121.916667,
              37.694704
            ],
            [
              -121.929145,
              37.656146
            ],
            [
              -121.946321,
              37.618739
            ],
            [
              -121.968024,
              37.582842
            ],
            [
              -121.994041,
              37.548799
            ],
            [
              -122.024117,
              37.516933
            ],
            [
              -122.05796,
              37.487549
            ],
            [
              -122.095243,
              37.460927
            ],
            [
              -122.135609,
              37.43732
            ],
            [
              -122.178672,
              37.416953
            ],
            [
              -122.224019,
              37.400018
            ],
            [
              -122.271221,
              37.386678
            ],
            [
              -122.319827,
              37.377057
            ],
            [
              -122.369376,
              37.371248
            ],
            [
              -122.4194,
              37.369306
            ],
            [
              -122.469424,
              37.371248
            ],
            [
              -122.518973,
              37.377057
            ],
            [
              -122.567579,
              37.386678
            ],
            [
              -122.614781,
              37.400018
            ],
            [
              -122.660128,
              37.416953
            ],
            [
              -122.703191,
              37.43732
            ],
            [
              -122.743557,
              37.460927
            ],
            [
              -122.78084,
              37.487549
            ],
            [
              -122.814683,
              37.516933
            ],
            [
              -122.844759,
              37.548799
            ],
            [
              -122.870776,
              37.582842
            ],
            [
              -122.892479,
              37.618739
            ],
            [
              -122.909655,
              37.656146
            ],
            [
              -122.922133,
              37.694704
            ],
            [
              -122.929785,
              37.734044
            ],
            [
              -122.93253,
              37.773787
            ],
            [
              -122.930334,
              37.813552
            ],
            [
              -122.92321,
              37.852955
            ],
            [
              -122.911219,
              37.891616
            ],
            [
              -122.894469,
              37.929161
            ],
            [
              -122.873116,
              37.965227
            ],
            [
              -122.84736,
              37.999463
            ],
            [
              -122.817444,
              38.031538
            ],
            [
              -122.783656,
              38.061139
            ],
            [
              -122.746318,
              38.087978
            ],
            [
              -122.705791,
              38.111793
            ],
            [
              -122.662469,
              38.132353
            ],
            [
              -122.616771,
              38.149456
            ],
            [
              -122.569144,
              38.162935
            ],
            [
              -122.520051,
              38.172658
            ],
            [
              -122.469973,
              38.17853
            ],
            [
              -122.4194,
              38.180494
            ]
          ]
        ]
      },
      "properties": {
        "rank": 17,
        "city": "San Francisco",
        "metro_name": "San Francisco-Oakland-Fremont, CA",
        "country": "United States",
        "population": 4630041,
        "population_year": 2025,
        "lat": 37.7749,
        "lon": -122.4194,
        "radius_km": 45.1,
        "land_area_km2": 6396.8,
        "area_source": "US Census 2024 Gazetteer CBSA ALAND"
      }
    },
    {
      "type": "Feature",
      "geometry": {
        "type": "Polygon",
        "coordinates": [
          [
            [
              -73.5878,
              45.855938
            ],
            [
              -73.538947,
              45.854256
            ],
            [
              -73.490574,
              45.849227
            ],
            [
              -73.443154,
              45.8409
            ],
            [
              -73.397151,
              45.829356
            ],
            [
              -73.353017,
              45.814709
            ],
            [
              -73.311181,
              45.797102
            ],
            [
              -73.27205,
              45.776708
            ],
            [
              -73.236004,
              45.753725
            ],
            [
              -73.20339,
              45.728379
            ],
            [
              -73.174521,
              45.700916
            ],
            [
              -73.149673,
              45.671604
            ],
            [
              -73.129082,
              45.640727
            ],
            [
              -73.112939,
              45.608586
            ],
            [
              -73.101393,
              45.575492
            ],
            [
              -73.094547,
              45.541764
            ],
            [
              -73.092461,
              45.50773
            ],
            [
              -73.095143,
              45.473715
            ],
            [
              -73.102562,
              45.440049
            ],
            [
              -73.114636,
              45.407053
            ],
            [
              -73.131242,
              45.375045
            ],
            [
              -73.152214,
              45.344331
            ],
            [
              -73.177343,
              45.315204
            ],
            [
              -73.206386,
              45.287942
            ],
            [
              -73.239059,
              45.262804
            ],
            [
              -73.275046,
              45.24003
            ],
            [
              -73.314003,
              45.219837
            ],
            [
              -73.355557,
              45.202415
            ],
            [
              -73.399312,
              45.187931
            ],
            [
              -73.444851,
              45.17652
            ],
            [
              -73.491743,
              45.168292
            ],
            [
              -73.539543,
              45.163323
            ],
            [
              -73.5878,
              45.161662
            ],
            [
              -73.636057,
              45.163323
            ],
            [
              -73.683857,
              45.168292
            ],
            [
              -73.730749,
              45.17652
            ],
            [
              -73.776288,
              45.187931
            ],
            [
              -73.820043,
              45.202415
            ],
            [
              -73.861597,
              45.219837
            ],
            [
              -73.900554,
              45.24003
            ],
            [
              -73.936541,
              45.262804
            ],
            [
              -73.969214,
              45.287942
            ],
            [
              -73.998257,
              45.315204
            ],
            [
              -74.023386,
              45.344331
            ],
            [
              -74.044358,
              45.375045
            ],
            [
              -74.060964,
              45.407053
            ],
            [
              -74.073038,
              45.440049
            ],
            [
              -74.080457,
              45.473715
            ],
            [
              -74.083139,
              45.50773
            ],
            [
              -74.081053,
              45.541764
            ],
            [
              -74.074207,
              45.575492
            ],
            [
              -74.062661,
              45.608586
            ],
            [
              -74.046518,
              45.640727
            ],
            [
              -74.025927,
              45.671604
            ],
            [
              -74.001079,
              45.700916
            ],
            [
              -73.97221,
              45.728379
            ],
            [
              -73.939596,
              45.753725
            ],
            [
              -73.90355,
              45.776708
            ],
            [
              -73.864419,
              45.797102
            ],
            [
              -73.822583,
              45.814709
            ],
            [
              -73.778449,
              45.829356
            ],
            [
              -73.732446,
              45.8409
            ],
            [
              -73.685026,
              45.849227
            ],
            [
              -73.636653,
              45.854256
            ],
            [
              -73.5878,
              45.855938
            ]
          ]
        ]
      },
      "properties": {
        "rank": 18,
        "city": "Montréal",
        "metro_name": "Montréal (CMA), Quebec",
        "country": "Canada",
        "population": 4597837,
        "population_year": 2025,
        "lat": 45.5088,
        "lon": -73.5878,
        "radius_km": 38.6,
        "land_area_km2": 4670.1,
        "area_source": "StatCan 2021 CMA boundary LANDAREA (km2)"
      }
    },
    {
      "type": "Feature",
      "geometry": {
        "type": "Polygon",
        "coordinates": [
          [
            [
              -83.0457,
              42.840416
            ],
            [
              -82.977661,
              42.837945
            ],
            [
              -82.910293,
              42.830556
            ],
            [
              -82.844261,
              42.818323
            ],
            [
              -82.780215,
              42.801365
            ],
            [
              -82.718783,
              42.77985
            ],
            [
              -82.660568,
              42.75399
            ],
            [
              -82.606138,
              42.724038
            ],
            [
              -82.556021,
              42.690291
            ],
            [
              -82.510701,
              42.653077
            ],
            [
              -82.470613,
              42.612761
            ],
            [
              -82.436138,
              42.569738
            ],
            [
              -82.4076,
              42.524426
            ],
            [
              -82.385263,
              42.477267
            ],
            [
              -82.36933,
              42.428718
            ],
            [
              -82.35994,
              42.37925
            ],
            [
              -82.357169,
              42.32934
            ],
            [
              -82.361027,
              42.27947
            ],
            [
              -82.371462,
              42.230119
            ],
            [
              -82.388358,
              42.181761
            ],
            [
              -82.41154,
              42.134858
            ],
            [
              -82.440771,
              42.089858
            ],
            [
              -82.475761,
              42.047191
            ],
            [
              -82.516167,
              42.007262
            ],
            [
              -82.561594,
              41.97045
            ],
            [
              -82.611604,
              41.937104
            ],
            [
              -82.665717,
              41.907539
            ],
            [
              -82.723417,
              41.882035
            ],
            [
              -82.784155,
              41.860832
            ],
            [
              -82.847357,
              41.84413
            ],
            [
              -82.912426,
              41.832087
            ],
            [
              -82.978748,
              41.824815
            ],
            [
              -83.0457,
              41.822384
            ],
            [
              -83.112652,
              41.824815
            ],
            [
              -83.178974,
              41.832087
            ],
            [
              -83.244043,
              41.84413
            ],
            [
              -83.307245,
              41.860832
            ],
            [
              -83.367983,
              41.882035
            ],
            [
              -83.425683,
              41.907539
            ],
            [
              -83.479796,
              41.937104
            ],
            [
              -83.529806,
              41.97045
            ],
            [
              -83.575233,
              42.007262
            ],
            [
              -83.615639,
              42.047191
            ],
            [
              -83.650629,
              42.089858
            ],
            [
              -83.67986,
              42.134858
            ],
            [
              -83.703042,
              42.181761
            ],
            [
              -83.719938,
              42.230119
            ],
            [
              -83.730373,
              42.27947
            ],
            [
              -83.734231,
              42.32934
            ],
            [
              -83.73146,
              42.37925
            ],
            [
              -83.72207,
              42.428718
            ],
            [
              -83.706137,
              42.477267
            ],
            [
              -83.6838,
              42.524426
            ],
            [
              -83.655262,
              42.569738
            ],
            [
              -83.620787,
              42.612761
            ],
            [
              -83.580699,
              42.653077
            ],
            [
              -83.535379,
              42.690291
            ],
            [
              -83.485262,
              42.724038
            ],
            [
              -83.430832,
              42.75399
            ],
            [
              -83.372617,
              42.77985
            ],
            [
              -83.311185,
              42.801365
            ],
            [
              -83.247139,
              42.818323
            ],
            [
              -83.181107,
              42.830556
            ],
            [
              -83.113739,
              42.837945
            ],
            [
              -83.0457,
              42.840416
            ]
          ]
        ]
      },
      "properties": {
        "rank": 19,
        "city": "Detroit",
        "metro_name": "Detroit-Warren-Dearborn, MI",
        "country": "United States",
        "population": 4390913,
        "population_year": 2025,
        "lat": 42.3314,
        "lon": -83.0457,
        "radius_km": 56.6,
        "land_area_km2": 10081.2,
        "area_source": "US Census 2024 Gazetteer CBSA ALAND"
      }
    },
    {
      "type": "Feature",
      "geometry": {
        "type": "Polygon",
        "coordinates": [
          [
            [
              -122.3321,
              48.232128
            ],
            [
              -122.240003,
              48.229077
            ],
            [
              -122.148826,
              48.219956
            ],
            [
              -122.059478,
              48.204855
            ],
            [
              -121.972847,
              48.183926
            ],
            [
              -121.889793,
              48.157376
            ],
            [
              -121.811135,
              48.125469
            ],
            [
              -121.737647,
              48.088524
            ],
            [
              -121.670044,
              48.046905
            ],
            [
              -121.60898,
              48.001025
            ],
            [
              -121.555039,
              47.951336
            ],
            [
              -121.50873,
              47.898326
            ],
            [
              -121.470483,
              47.842517
            ],
            [
              -121.440645,
              47.784453
            ],
            [
              -121.419479,
              47.724699
            ],
            [
              -121.407159,
              47.663837
            ],
            [
              -121.403774,
              47.602455
            ],
            [
              -121.409326,
              47.541145
            ],
            [
              -121.423729,
              47.480496
            ],
            [
              -121.446816,
              47.421089
            ],
            [
              -121.478337,
              47.36349
            ],
            [
              -121.517966,
              47.308248
            ],
            [
              -121.565302,
              47.255886
            ],
            [
              -121.619876,
              47.206899
            ],
            [
              -121.681154,
              47.16175
            ],
            [
              -121.748544,
              47.120862
            ],
            [
              -121.8214,
              47.084619
            ],
            [
              -121.899031,
              47.05336
            ],
            [
              -121.980704,
              47.027377
            ],
            [
              -122.065651,
              47.006913
            ],
            [
              -122.153079,
              46.992159
            ],
            [
              -122.242171,
              46.983251
            ],
            [
              -122.3321,
              46.980272
            ],
            [
              -122.422029,
              46.983251
            ],
            [
              -122.511121,
              46.992159
            ],
            [
              -122.598549,
              47.006913
            ],
            [
              -122.683496,
              47.027377
            ],
            [
              -122.765169,
              47.05336
            ],
            [
              -122.8428,
              47.084619
            ],
            [
              -122.915656,
              47.120862
            ],
            [
              -122.983046,
              47.16175
            ],
            [
              -123.044324,
              47.206899
            ],
            [
              -123.098898,
              47.255886
            ],
            [
              -123.146234,
              47.308248
            ],
            [
              -123.185863,
              47.36349
            ],
            [
              -123.217384,
              47.421089
            ],
            [
              -123.240471,
              47.480496
            ],
            [
              -123.254874,
              47.541145
            ],
            [
              -123.260426,
              47.602455
            ],
            [
              -123.257041,
              47.663837
            ],
            [
              -123.244721,
              47.724699
            ],
            [
              -123.223555,
              47.784453
            ],
            [
              -123.193717,
              47.842517
            ],
            [
              -123.15547,
              47.898326
            ],
            [
              -123.109161,
              47.951336
            ],
            [
              -123.05522,
              48.001025
            ],
            [
              -122.994156,
              48.046905
            ],
            [
              -122.926553,
              48.088524
            ],
            [
              -122.853065,
              48.125469
            ],
            [
              -122.774407,
              48.157376
            ],
            [
              -122.691353,
              48.183926
            ],
            [
              -122.604722,
              48.204855
            ],
            [
              -122.515374,
              48.219956
            ],
            [
              -122.424197,
              48.229077
            ],
            [
              -122.3321,
              48.232128
            ]
          ]
        ]
      },
      "properties": {
        "rank": 20,
        "city": "Seattle",
        "metro_name": "Seattle-Tacoma-Bellevue, WA",
        "country": "United States",
        "population": 4161883,
        "population_year": 2025,
        "lat": 47.6062,
        "lon": -122.3321,
        "radius_km": 69.6,
        "land_area_km2": 15203.8,
        "area_source": "US Census 2024 Gazetteer CBSA ALAND"
      }
    },
    {
      "type": "Feature",
      "geometry": {
        "type": "Polygon",
        "coordinates": [
          [
            [
              -93.2638,
              45.665283
            ],
            [
              -93.167694,
              45.661943
            ],
            [
              -93.072546,
              45.651957
            ],
            [
              -92.979308,
              45.635425
            ],
            [
              -92.888905,
              45.61251
            ],
            [
              -92.802234,
              45.583443
            ],
            [
              -92.720152,
              45.548511
            ],
            [
              -92.643464,
              45.508062
            ],
            [
              -92.572917,
              45.462497
            ],
            [
              -92.509194,
              45.412267
            ],
            [
              -92.452904,
              45.357866
            ],
            [
              -92.404578,
              45.299831
            ],
            [
              -92.364665,
              45.23873
            ],
            [
              -92.333527,
              45.17516
            ],
            [
              -92.311438,
              45.109741
            ],
            [
              -92.298581,
              45.043107
            ],
            [
              -92.295048,
              44.975905
            ],
            [
              -92.30084,
              44.908781
            ],
            [
              -92.315869,
              44.842381
            ],
            [
              -92.339959,
              44.77734
            ],
            [
              -92.372852,
              44.714279
            ],
            [
              -92.414205,
              44.653798
            ],
            [
              -92.463601,
              44.596471
            ],
            [
              -92.520551,
              44.542838
            ],
            [
              -92.584497,
              44.493407
            ],
            [
              -92.654821,
              44.448641
            ],
            [
              -92.730851,
              44.40896
            ],
            [
              -92.811863,
              44.374737
            ],
            [
              -92.897094,
              44.34629
            ],
            [
              -92.985742,
              44.323885
            ],
            [
              -93.076979,
              44.307731
            ],
            [
              -93.169953,
              44.297978
            ],
            [
              -93.2638,
              44.294717
            ],
            [
              -93.357647,
              44.297978
            ],
            [
              -93.450621,
              44.307731
            ],
            [
              -93.541858,
              44.323885
            ],
            [
              -93.630506,
              44.34629
            ],
            [
              -93.715737,
              44.374737
            ],
            [
              -93.796749,
              44.40896
            ],
            [
              -93.872779,
              44.448641
            ],
            [
              -93.943103,
              44.493407
            ],
            [
              -94.007049,
              44.542838
            ],
            [
              -94.063999,
              44.596471
            ],
            [
              -94.113395,
              44.653798
            ],
            [
              -94.154748,
              44.714279
            ],
            [
              -94.187641,
              44.77734
            ],
            [
              -94.211731,
              44.842381
            ],
            [
              -94.22676,
              44.908781
            ],
            [
              -94.232552,
              44.975905
            ],
            [
              -94.229019,
              45.043107
            ],
            [
              -94.216162,
              45.109741
            ],
            [
              -94.194073,
              45.17516
            ],
            [
              -94.162935,
              45.23873
            ],
            [
              -94.123022,
              45.299831
            ],
            [
              -94.074696,
              45.357866
            ],
            [
              -94.018406,
              45.412267
            ],
            [
              -93.954683,
              45.462497
            ],
            [
              -93.884136,
              45.508062
            ],
            [
              -93.807448,
              45.548511
            ],
            [
              -93.725366,
              45.583443
            ],
            [
              -93.638695,
              45.61251
            ],
            [
              -93.548292,
              45.635425
            ],
            [
              -93.455054,
              45.651957
            ],
            [
              -93.359906,
              45.661943
            ],
            [
              -93.2638,
              45.665283
            ]
          ]
        ]
      },
      "properties": {
        "rank": 21,
        "city": "Minneapolis",
        "metro_name": "Minneapolis-St. Paul-Bloomington, MN-WI",
        "country": "United States",
        "population": 3790295,
        "population_year": 2025,
        "lat": 44.98,
        "lon": -93.2638,
        "radius_km": 76.2,
        "land_area_km2": 18253.1,
        "area_source": "US Census 2024 Gazetteer CBSA ALAND"
      }
    },
    {
      "type": "Feature",
      "geometry": {
        "type": "Polygon",
        "coordinates": [
          [
            [
              -82.4584,
              28.356691
            ],
            [
              -82.412825,
              28.354713
            ],
            [
              -82.367693,
              28.348799
            ],
            [
              -82.323445,
              28.339006
            ],
            [
              -82.280511,
              28.325429
            ],
            [
              -82.239308,
              28.308201
            ],
            [
              -82.200237,
              28.287489
            ],
            [
              -82.163676,
              28.263495
            ],
            [
              -82.129977,
              28.236452
            ],
            [
              -82.099468,
              28.206623
            ],
            [
              -82.07244,
              28.174296
            ],
            [
              -82.049152,
              28.139786
            ],
            [
              -82.029827,
              28.103427
            ],
            [
              -82.014647,
              28.06557
            ],
            [
              -82.003754,
              28.026582
            ],
            [
              -81.997249,
              27.986839
            ],
            [
              -81.99519,
              27.946725
            ],
            [
              -81.997591,
              27.906625
            ],
            [
              -82.004425,
              27.866926
            ],
            [
              -82.015622,
              27.82801
            ],
            [
              -82.031068,
              27.79025
            ],
            [
              -82.050611,
              27.754008
            ],
            [
              -82.074061,
              27.719632
            ],
            [
              -82.101189,
              27.687451
            ],
            [
              -82.131733,
              27.657773
            ],
            [
              -82.165397,
              27.630881
            ],
            [
              -82.201859,
              27.607032
            ],
            [
              -82.240768,
              27.586454
            ],
            [
              -82.281752,
              27.569344
            ],
            [
              -82.32442,
              27.555864
            ],
            [
              -82.368365,
              27.546142
            ],
            [
              -82.413167,
              27.540272
            ],
            [
              -82.4584,
              27.538309
            ],
            [
              -82.503633,
              27.540272
            ],
            [
              -82.548435,
              27.546142
            ],
            [
              -82.59238,
              27.555864
            ],
            [
              -82.635048,
              27.569344
            ],
            [
              -82.676032,
              27.586454
            ],
            [
              -82.714941,
              27.607032
            ],
            [
              -82.751403,
              27.630881
            ],
            [
              -82.785067,
              27.657773
            ],
            [
              -82.815611,
              27.687451
            ],
            [
              -82.842739,
              27.719632
            ],
            [
              -82.866189,
              27.754008
            ],
            [
              -82.885732,
              27.79025
            ],
            [
              -82.901178,
              27.82801
            ],
            [
              -82.912375,
              27.866926
            ],
            [
              -82.919209,
              27.906625
            ],
            [
              -82.92161,
              27.946725
            ],
            [
              -82.919551,
              27.986839
            ],
            [
              -82.913046,
              28.026582
            ],
            [
              -82.902153,
              28.06557
            ],
            [
              -82.886973,
              28.103427
            ],
            [
              -82.867648,
              28.139786
            ],
            [
              -82.84436,
              28.174296
            ],
            [
              -82.817332,
              28.206623
            ],
            [
              -82.786823,
              28.236452
            ],
            [
              -82.753124,
              28.263495
            ],
            [
              -82.716563,
              28.287489
            ],
            [
              -82.677492,
              28.308201
            ],
            [
              -82.636289,
              28.325429
            ],
            [
              -82.593355,
              28.339006
            ],
            [
              -82.549107,
              28.348799
            ],
            [
              -82.503975,
              28.354713
            ],
            [
              -82.4584,
              28.356691
            ]
          ]
        ]
      },
      "properties": {
        "rank": 22,
        "city": "Tampa",
        "metro_name": "Tampa-St. Petersburg-Clearwater, FL",
        "country": "United States",
        "population": 3418895,
        "population_year": 2025,
        "lat": 27.9475,
        "lon": -82.4584,
        "radius_km": 45.5,
        "land_area_km2": 6516.1,
        "area_source": "US Census 2024 Gazetteer CBSA ALAND"
      }
    },
    {
      "type": "Feature",
      "geometry": {
        "type": "Polygon",
        "coordinates": [
          [
            [
              -117.1647,
              33.2454
            ],
            [
              -117.102622,
              33.242834
            ],
            [
              -117.041153,
              33.235162
            ],
            [
              -116.980895,
              33.222458
            ],
            [
              -116.922438,
              33.204847
            ],
            [
              -116.866352,
              33.182501
            ],
            [
              -116.813186,
              33.15564
            ],
            [
              -116.763455,
              33.124526
            ],
            [
              -116.717643,
              33.089462
            ],
            [
              -116.67619,
              33.050792
            ],
            [
              -116.639495,
              33.008892
            ],
            [
              -116.607908,
              32.964169
            ],
            [
              -116.581728,
              32.91706
            ],
            [
              -116.5612,
              32.868019
            ],
            [
              -116.546513,
              32.817523
            ],
            [
              -116.537799,
              32.76606
            ],
            [
              -116.535133,
              32.714127
            ],
            [
              -116.538529,
              32.662224
            ],
            [
              -116.547944,
              32.610851
            ],
            [
              -116.563277,
              32.5605
            ],
            [
              -116.584371,
              32.511655
            ],
            [
              -116.611017,
              32.464784
            ],
            [
              -116.642949,
              32.420333
            ],
            [
              -116.679857,
              32.378728
            ],
            [
              -116.721382,
              32.340365
            ],
            [
              -116.767122,
              32.305608
            ],
            [
              -116.81664,
              32.274789
            ],
            [
              -116.869461,
              32.2482
            ],
            [
              -116.925082,
              32.226093
            ],
            [
              -116.982972,
              32.208677
            ],
            [
              -117.042584,
              32.196118
            ],
            [
              -117.103352,
              32.188535
            ],
            [
              -117.1647,
              32.186
            ],
            [
              -117.226048,
              32.188535
            ],
            [
              -117.286816,
              32.196118
            ],
            [
              -117.346428,
              32.208677
            ],
            [
              -117.404318,
              32.226093
            ],
            [
              -117.459939,
              32.2482
            ],
            [
              -117.51276,
              32.274789
            ],
            [
              -117.562278,
              32.305608
            ],
            [
              -117.608018,
              32.340365
            ],
            [
              -117.649543,
              32.378728
            ],
            [
              -117.686451,
              32.420333
            ],
            [
              -117.718383,
              32.464784
            ],
            [
              -117.745029,
              32.511655
            ],
            [
              -117.766123,
              32.5605
            ],
            [
              -117.781456,
              32.610851
            ],
            [
              -117.790871,
              32.662224
            ],
            [
              -117.794267,
              32.714127
            ],
            [
              -117.791601,
              32.76606
            ],
            [
              -117.782887,
              32.817523
            ],
            [
              -117.7682,
              32.868019
            ],
            [
              -117.747672,
              32.91706
            ],
            [
              -117.721492,
              32.964169
            ],
            [
              -117.689905,
              33.008892
            ],
            [
              -117.65321,
              33.050792
            ],
            [
              -117.611757,
              33.089462
            ],
            [
              -117.565945,
              33.124526
            ],
            [
              -117.516214,
              33.15564
            ],
            [
              -117.463048,
              33.182501
            ],
            [
              -117.406962,
              33.204847
            ],
            [
              -117.348505,
              33.222458
            ],
            [
              -117.288247,
              33.235162
            ],
            [
              -117.226778,
              33.242834
            ],
            [
              -117.1647,
              33.2454
            ]
          ]
        ]
      },
      "properties": {
        "rank": 23,
        "city": "San Diego",
        "metro_name": "San Diego-Chula Vista-Carlsbad, CA",
        "country": "United States",
        "population": 3282248,
        "population_year": 2025,
        "lat": 32.7157,
        "lon": -117.1647,
        "radius_km": 58.9,
        "land_area_km2": 10905.0,
        "area_source": "US Census 2024 Gazetteer CBSA ALAND"
      }
    },
    {
      "type": "Feature",
      "geometry": {
        "type": "Polygon",
        "coordinates": [
          [
            [
              -104.9847,
              40.484738
            ],
            [
              -104.888629,
              40.481108
            ],
            [
              -104.793514,
              40.470256
            ],
            [
              -104.7003,
              40.45229
            ],
            [
              -104.609913,
              40.427388
            ],
            [
              -104.523245,
              40.395797
            ],
            [
              -104.44115,
              40.35783
            ],
            [
              -104.364434,
              40.313865
            ],
            [
              -104.293843,
              40.264335
            ],
            [
              -104.230059,
              40.20973
            ],
            [
              -104.173693,
              40.150586
            ],
            [
              -104.125278,
              40.087484
            ],
            [
              -104.085264,
              40.021042
            ],
            [
              -104.054017,
              39.951908
            ],
            [
              -104.031815,
              39.880756
            ],
            [
              -104.018844,
              39.808276
            ],
            [
              -104.015201,
              39.735168
            ],
            [
              -104.02089,
              39.662137
            ],
            [
              -104.035828,
              39.589886
            ],
            [
              -104.059843,
              39.519106
            ],
            [
              -104.092679,
              39.450474
            ],
            [
              -104.133998,
              39.384643
            ],
            [
              -104.183383,
              39.322238
            ],
            [
              -104.240346,
              39.263851
            ],
            [
              -104.304332,
              39.210032
            ],
            [
              -104.374722,
              39.161289
            ],
            [
              -104.450841,
              39.11808
            ],
            [
              -104.531967,
              39.080811
            ],
            [
              -104.61733,
              39.049831
            ],
            [
              -104.706128,
              39.02543
            ],
            [
              -104.797529,
              39.007837
            ],
            [
              -104.890676,
              38.997214
            ],
            [
              -104.9847,
              38.993662
            ],
            [
              -105.078724,
              38.997214
            ],
            [
              -105.171871,
              39.007837
            ],
            [
              -105.263272,
              39.02543
            ],
            [
              -105.35207,
              39.049831
            ],
            [
              -105.437433,
              39.080811
            ],
            [
              -105.518559,
              39.11808
            ],
            [
              -105.594678,
              39.161289
            ],
            [
              -105.665068,
              39.210032
            ],
            [
              -105.729054,
              39.263851
            ],
            [
              -105.786017,
              39.322238
            ],
            [
              -105.835402,
              39.384643
            ],
            [
              -105.876721,
              39.450474
            ],
            [
              -105.909557,
              39.519106
            ],
            [
              -105.933572,
              39.589886
            ],
            [
              -105.94851,
              39.662137
            ],
            [
              -105.954199,
              39.735168
            ],
            [
              -105.950556,
              39.808276
            ],
            [
              -105.937585,
              39.880756
            ],
            [
              -105.915383,
              39.951908
            ],
            [
              -105.884136,
              40.021042
            ],
            [
              -105.844122,
              40.087484
            ],
            [
              -105.795707,
              40.150586
            ],
            [
              -105.739341,
              40.20973
            ],
            [
              -105.675557,
              40.264335
            ],
            [
              -105.604966,
              40.313865
            ],
            [
              -105.52825,
              40.35783
            ],
            [
              -105.446155,
              40.395797
            ],
            [
              -105.359487,
              40.427388
            ],
            [
              -105.2691,
              40.45229
            ],
            [
              -105.175886,
              40.470256
            ],
            [
              -105.080771,
              40.481108
            ],
            [
              -104.9847,
              40.484738
            ]
          ]
        ]
      },
      "properties": {
        "rank": 24,
        "city": "Denver",
        "metro_name": "Denver-Aurora-Centennial, CO",
        "country": "United States",
        "population": 3092037,
        "population_year": 2025,
        "lat": 39.7392,
        "lon": -104.9847,
        "radius_km": 82.9,
        "land_area_km2": 21612.6,
        "area_source": "US Census 2024 Gazetteer CBSA ALAND"
      }
    },
    {
      "type": "Feature",
      "geometry": {
        "type": "Polygon",
        "coordinates": [
          [
            [
              -123.1193,
              49.522194
            ],
            [
              -123.078157,
              49.520875
            ],
            [
              -123.037416,
              49.51693
            ],
            [
              -122.997477,
              49.510397
            ],
            [
              -122.95873,
              49.501341
            ],
            [
              -122.921553,
              49.489851
            ],
            [
              -122.886309,
              49.476037
            ],
            [
              -122.853339,
              49.460037
            ],
            [
              -122.822964,
              49.442005
            ],
            [
              -122.795476,
              49.422117
            ],
            [
              -122.771139,
              49.400568
            ],
            [
              -122.750186,
              49.377566
            ],
            [
              -122.732816,
              49.353336
            ],
            [
              -122.71919,
              49.328111
            ],
            [
              -122.709436,
              49.302137
            ],
            [
              -122.703642,
              49.275664
            ],
            [
              -122.701857,
              49.248948
            ],
            [
              -122.704092,
              49.222247
            ],
            [
              -122.710318,
              49.195817
            ],
            [
              -122.72047,
              49.169912
            ],
            [
              -122.734445,
              49.144781
            ],
            [
              -122.752102,
              49.120664
            ],
            [
              -122.773268,
              49.097792
            ],
            [
              -122.797736,
              49.076384
            ],
            [
              -122.825268,
              49.056643
            ],
            [
              -122.855599,
              49.038758
            ],
            [
              -122.888438,
              49.022898
            ],
            [
              -122.923469,
              49.009215
            ],
            [
              -122.96036,
              48.997839
            ],
            [
              -122.998757,
              48.988876
            ],
            [
              -123.038298,
              48.982413
            ],
            [
              -123.078606,
              48.978511
            ],
            [
              -123.1193,
              48.977206
            ],
            [
              -123.159994,
              48.978511
            ],
            [
              -123.200302,
              48.982413
            ],
            [
              -123.239843,
              48.988876
            ],
            [
              -123.27824,
              48.997839
            ],
            [
              -123.315131,
              49.009215
            ],
            [
              -123.350162,
              49.022898
            ],
            [
              -123.383001,
              49.038758
            ],
            [
              -123.413332,
              49.056643
            ],
            [
              -123.440864,
              49.076384
            ],
            [
              -123.465332,
              49.097792
            ],
            [
              -123.486498,
              49.120664
            ],
            [
              -123.504155,
              49.144781
            ],
            [
              -123.51813,
              49.169912
            ],
            [
              -123.528282,
              49.195817
            ],
            [
              -123.534508,
              49.222247
            ],
            [
              -123.536743,
              49.248948
            ],
            [
              -123.534958,
              49.275664
            ],
            [
              -123.529164,
              49.302137
            ],
            [
              -123.51941,
              49.328111
            ],
            [
              -123.505784,
              49.353336
            ],
            [
              -123.488414,
              49.377566
            ],
            [
              -123.467461,
              49.400568
            ],
            [
              -123.443124,
              49.422117
            ],
            [
              -123.415636,
              49.442005
            ],
            [
              -123.385261,
              49.460037
            ],
            [
              -123.352291,
              49.476037
            ],
            [
              -123.317047,
              49.489851
            ],
            [
              -123.27987,
              49.501341
            ],
            [
              -123.241123,
              49.510397
            ],
            [
              -123.201184,
              49.51693
            ],
            [
              -123.160443,
              49.520875
            ],
            [
              -123.1193,
              49.522194
            ]
          ]
        ]
      },
      "properties": {
        "rank": 25,
        "city": "Vancouver",
        "metro_name": "Vancouver (CMA), British Columbia",
        "country": "Canada",
        "population": 3088036,
        "population_year": 2025,
        "lat": 49.2497,
        "lon": -123.1193,
        "radius_km": 30.3,
        "land_area_km2": 2878.9,
        "area_source": "StatCan 2021 CMA boundary LANDAREA (km2)"
      }
    },
    {
      "type": "Feature",
      "geometry": {
        "type": "Polygon",
        "coordinates": [
          [
            [
              -81.3792,
              29.021236
            ],
            [
              -81.325069,
              29.018899
            ],
            [
              -81.271466,
              29.011914
            ],
            [
              -81.218916,
              29.000347
            ],
            [
              -81.167929,
              28.984311
            ],
            [
              -81.119003,
              28.963963
            ],
            [
              -81.072614,
              28.939502
            ],
            [
              -81.029212,
              28.911166
            ],
            [
              -80.989216,
              28.87923
            ],
            [
              -80.953012,
              28.844006
            ],
            [
              -80.920949,
              28.805835
            ],
            [
              -80.893333,
              28.765089
            ],
            [
              -80.870426,
              28.722163
            ],
            [
              -80.852444,
              28.677472
            ],
            [
              -80.839555,
              28.631449
            ],
            [
              -80.831876,
              28.584539
            ],
            [
              -80.829475,
              28.537193
            ],
            [
              -80.832368,
              28.489869
            ],
            [
              -80.840519,
              28.443021
            ],
            [
              -80.853844,
              28.3971
            ],
            [
              -80.872207,
              28.352547
            ],
            [
              -80.895428,
              28.309789
            ],
            [
              -80.923277,
              28.269234
            ],
            [
              -80.955484,
              28.231272
            ],
            [
              -80.991736,
              28.196263
            ],
            [
              -81.031683,
              28.164544
            ],
            [
              -81.074942,
              28.136415
            ],
            [
              -81.121099,
              28.112145
            ],
            [
              -81.169711,
              28.091965
            ],
            [
              -81.220316,
              28.076067
            ],
            [
              -81.272431,
              28.064602
            ],
            [
              -81.325561,
              28.057679
            ],
            [
              -81.3792,
              28.055364
            ],
            [
              -81.432839,
              28.057679
            ],
            [
              -81.485969,
              28.064602
            ],
            [
              -81.538084,
              28.076067
            ],
            [
              -81.588689,
              28.091965
            ],
            [
              -81.637301,
              28.112145
            ],
            [
              -81.683458,
              28.136415
            ],
            [
              -81.726717,
              28.164544
            ],
            [
              -81.766664,
              28.196263
            ],
            [
              -81.802916,
              28.231272
            ],
            [
              -81.835123,
              28.269234
            ],
            [
              -81.862972,
              28.309789
            ],
            [
              -81.886193,
              28.352547
            ],
            [
              -81.904556,
              28.3971
            ],
            [
              -81.917881,
              28.443021
            ],
            [
              -81.926032,
              28.489869
            ],
            [
              -81.928925,
              28.537193
            ],
            [
              -81.926524,
              28.584539
            ],
            [
              -81.918845,
              28.631449
            ],
            [
              -81.905956,
              28.677472
            ],
            [
              -81.887974,
              28.722163
            ],
            [
              -81.865067,
              28.765089
            ],
            [
              -81.837451,
              28.805835
            ],
            [
              -81.805388,
              28.844006
            ],
            [
              -81.769184,
              28.87923
            ],
            [
              -81.729188,
              28.911166
            ],
            [
              -81.685786,
              28.939502
            ],
            [
              -81.639397,
              28.963963
            ],
            [
              -81.590471,
              28.984311
            ],
            [
              -81.539484,
              29.000347
            ],
            [
              -81.486934,
              29.011914
            ],
            [
              -81.433331,
              29.018899
            ],
            [
              -81.3792,
              29.021236
            ]
          ]
        ]
      },
      "properties": {
        "rank": 26,
        "city": "Orlando",
        "metro_name": "Orlando-Kissimmee-Sanford, FL",
        "country": "United States",
        "population": 2957672,
        "population_year": 2025,
        "lat": 28.5383,
        "lon": -81.3792,
        "radius_km": 53.7,
        "land_area_km2": 9044.3,
        "area_source": "US Census 2024 Gazetteer CBSA ALAND"
      }
    },
    {
      "type": "Feature",
      "geometry": {
        "type": "Polygon",
        "coordinates": [
          [
            [
              -80.8431,
              35.837739
            ],
            [
              -80.769273,
              35.834777
            ],
            [
              -80.696174,
              35.825918
            ],
            [
              -80.624521,
              35.811249
            ],
            [
              -80.55502,
              35.790917
            ],
            [
              -80.488352,
              35.76512
            ],
            [
              -80.425169,
              35.734111
            ],
            [
              -80.366088,
              35.698197
            ],
            [
              -80.311681,
              35.657728
            ],
            [
              -80.262474,
              35.613102
            ],
            [
              -80.21894,
              35.564753
            ],
            [
              -80.181491,
              35.513156
            ],
            [
              -80.150482,
              35.458811
            ],
            [
              -80.126199,
              35.402247
            ],
            [
              -80.108864,
              35.344014
            ],
            [
              -80.098631,
              35.284675
            ],
            [
              -80.095581,
              35.224802
            ],
            [
              -80.099728,
              35.164974
            ],
            [
              -80.111017,
              35.105765
            ],
            [
              -80.129324,
              35.047744
            ],
            [
              -80.154459,
              34.991467
            ],
            [
              -80.186169,
              34.93747
            ],
            [
              -80.224137,
              34.886269
            ],
            [
              -80.267992,
              34.838352
            ],
            [
              -80.317307,
              34.794174
            ],
            [
              -80.371605,
              34.754154
            ],
            [
              -80.430367,
              34.71867
            ],
            [
              -80.49303,
              34.688059
            ],
            [
              -80.558998,
              34.66261
            ],
            [
              -80.627647,
              34.642563
            ],
            [
              -80.698327,
              34.628108
            ],
            [
              -80.770371,
              34.619379
            ],
            [
              -80.8431,
              34.616461
            ],
            [
              -80.915829,
              34.619379
            ],
            [
              -80.987873,
              34.628108
            ],
            [
              -81.058553,
              34.642563
            ],
            [
              -81.127202,
              34.66261
            ],
            [
              -81.19317,
              34.688059
            ],
            [
              -81.255833,
              34.71867
            ],
            [
              -81.314595,
              34.754154
            ],
            [
              -81.368893,
              34.794174
            ],
            [
              -81.418208,
              34.838352
            ],
            [
              -81.462063,
              34.886269
            ],
            [
              -81.500031,
              34.93747
            ],
            [
              -81.531741,
              34.991467
            ],
            [
              -81.556876,
              35.047744
            ],
            [
              -81.575183,
              35.105765
            ],
            [
              -81.586472,
              35.164974
            ],
            [
              -81.590619,
              35.224802
            ],
            [
              -81.587569,
              35.284675
            ],
            [
              -81.577336,
              35.344014
            ],
            [
              -81.560001,
              35.402247
            ],
            [
              -81.535718,
              35.458811
            ],
            [
              -81.504709,
              35.513156
            ],
            [
              -81.46726,
              35.564753
            ],
            [
              -81.423726,
              35.613102
            ],
            [
              -81.374519,
              35.657728
            ],
            [
              -81.320112,
              35.698197
            ],
            [
              -81.261031,
              35.734111
            ],
            [
              -81.197848,
              35.76512
            ],
            [
              -81.13118,
              35.790917
            ],
            [
              -81.061679,
              35.811249
            ],
            [
              -80.990026,
              35.825918
            ],
            [
              -80.916927,
              35.834777
            ],
            [
              -80.8431,
              35.837739
            ]
          ]
        ]
      },
      "properties": {
        "rank": 27,
        "city": "Charlotte",
        "metro_name": "Charlotte-Concord-Gastonia, NC-SC",
        "country": "United States",
        "population": 2938830,
        "population_year": 2025,
        "lat": 35.2271,
        "lon": -80.8431,
        "radius_km": 67.9,
        "land_area_km2": 14496.9,
        "area_source": "US Census 2024 Gazetteer CBSA ALAND"
      }
    },
    {
      "type": "Feature",
      "geometry": {
        "type": "Polygon",
        "coordinates": [
          [
            [
              -76.6122,
              39.706786
            ],
            [
              -76.559152,
              39.704769
            ],
            [
              -76.506623,
              39.698738
            ],
            [
              -76.45513,
              39.688751
            ],
            [
              -76.405175,
              39.674908
            ],
            [
              -76.357247,
              39.657342
            ],
            [
              -76.311814,
              39.636227
            ],
            [
              -76.269316,
              39.611769
            ],
            [
              -76.230167,
              39.584206
            ],
            [
              -76.194743,
              39.553808
            ],
            [
              -76.163385,
              39.520872
            ],
            [
              -76.136392,
              39.485716
            ],
            [
              -76.11402,
              39.448684
            ],
            [
              -76.096477,
              39.410134
            ],
            [
              -76.083927,
              39.37044
            ],
            [
              -76.076481,
              39.329986
            ],
            [
              -76.074203,
              39.289162
            ],
            [
              -76.077105,
              39.248362
            ],
            [
              -76.085151,
              39.207978
            ],
            [
              -76.098255,
              39.168399
            ],
            [
              -76.116282,
              39.130003
            ],
            [
              -76.139052,
              39.093158
            ],
            [
              -76.16634,
              39.058217
            ],
            [
              -76.19788,
              39.025512
            ],
            [
              -76.233366,
              38.995356
            ],
            [
              -76.272454,
              38.968035
            ],
            [
              -76.314769,
              38.943808
            ],
            [
              -76.359907,
              38.922907
            ],
            [
              -76.407437,
              38.90553
            ],
            [
              -76.456907,
              38.89184
            ],
            [
              -76.507848,
              38.881968
            ],
            [
              -76.559776,
              38.876007
            ],
            [
              -76.6122,
              38.874014
            ],
            [
              -76.664624,
              38.876007
            ],
            [
              -76.716552,
              38.881968
            ],
            [
              -76.767493,
              38.89184
            ],
            [
              -76.816963,
              38.90553
            ],
            [
              -76.864493,
              38.922907
            ],
            [
              -76.909631,
              38.943808
            ],
            [
              -76.951946,
              38.968035
            ],
            [
              -76.991034,
              38.995356
            ],
            [
              -77.02652,
              39.025512
            ],
            [
              -77.05806,
              39.058217
            ],
            [
              -77.085348,
              39.093158
            ],
            [
              -77.108118,
              39.130003
            ],
            [
              -77.126145,
              39.168399
            ],
            [
              -77.139249,
              39.207978
            ],
            [
              -77.147295,
              39.248362
            ],
            [
              -77.150197,
              39.289162
            ],
            [
              -77.147919,
              39.329986
            ],
            [
              -77.140473,
              39.37044
            ],
            [
              -77.127923,
              39.410134
            ],
            [
              -77.11038,
              39.448684
            ],
            [
              -77.088008,
              39.485716
            ],
            [
              -77.061015,
              39.520872
            ],
            [
              -77.029657,
              39.553808
            ],
            [
              -76.994233,
              39.584206
            ],
            [
              -76.955084,
              39.611769
            ],
            [
              -76.912586,
              39.636227
            ],
            [
              -76.867153,
              39.657342
            ],
            [
              -76.819225,
              39.674908
            ],
            [
              -76.76927,
              39.688751
            ],
            [
              -76.717777,
              39.698738
            ],
            [
              -76.665248,
              39.704769
            ],
            [
              -76.6122,
              39.706786
            ]
          ]
        ]
      },
      "properties": {
        "rank": 28,
        "city": "Baltimore",
        "metro_name": "Baltimore-Columbia-Towson, MD",
        "country": "United States",
        "population": 2857781,
        "population_year": 2025,
        "lat": 39.2904,
        "lon": -76.6122,
        "radius_km": 46.3,
        "land_area_km2": 6737.8,
        "area_source": "US Census 2024 Gazetteer CBSA ALAND"
      }
    },
    {
      "type": "Feature",
      "geometry": {
        "type": "Polygon",
        "coordinates": [
          [
            [
              -90.1979,
              39.351254
            ],
            [
              -90.106141,
              39.347732
            ],
            [
              -90.015294,
              39.337202
            ],
            [
              -89.926258,
              39.319768
            ],
            [
              -89.839916,
              39.295603
            ],
            [
              -89.75712,
              39.264947
            ],
            [
              -89.678685,
              39.228103
            ],
            [
              -89.605377,
              39.185435
            ],
            [
              -89.537911,
              39.137365
            ],
            [
              -89.476938,
              39.084366
            ],
            [
              -89.423042,
              39.026959
            ],
            [
              -89.376734,
              38.965706
            ],
            [
              -89.338445,
              38.901207
            ],
            [
              -89.308527,
              38.834091
            ],
            [
              -89.287248,
              38.76501
            ],
            [
              -89.274787,
              38.694635
            ],
            [
              -89.271239,
              38.623645
            ],
            [
              -89.276612,
              38.552726
            ],
            [
              -89.290828,
              38.482559
            ],
            [
              -89.313725,
              38.413816
            ],
            [
              -89.34506,
              38.347154
            ],
            [
              -89.384513,
              38.283208
            ],
            [
              -89.431686,
              38.222588
            ],
            [
              -89.486115,
              38.165866
            ],
            [
              -89.547268,
              38.11358
            ],
            [
              -89.614554,
              38.066223
            ],
            [
              -89.68733,
              38.024241
            ],
            [
              -89.764901,
              37.988028
            ],
            [
              -89.846533,
              37.957926
            ],
            [
              -89.931457,
              37.934216
            ],
            [
              -90.018875,
              37.91712
            ],
            [
              -90.107967,
              37.906798
            ],
            [
              -90.1979,
              37.903346
            ],
            [
              -90.287833,
              37.906798
            ],
            [
              -90.376925,
              37.91712
            ],
            [
              -90.464343,
              37.934216
            ],
            [
              -90.549267,
              37.957926
            ],
            [
              -90.630899,
              37.988028
            ],
            [
              -90.70847,
              38.024241
            ],
            [
              -90.781246,
              38.066223
            ],
            [
              -90.848532,
              38.11358
            ],
            [
              -90.909685,
              38.165866
            ],
            [
              -90.964114,
              38.222588
            ],
            [
              -91.011287,
              38.283208
            ],
            [
              -91.05074,
              38.347154
            ],
            [
              -91.082075,
              38.413816
            ],
            [
              -91.104972,
              38.482559
            ],
            [
              -91.119188,
              38.552726
            ],
            [
              -91.124561,
              38.623645
            ],
            [
              -91.121013,
              38.694635
            ],
            [
              -91.108552,
              38.76501
            ],
            [
              -91.087273,
              38.834091
            ],
            [
              -91.057355,
              38.901207
            ],
            [
              -91.019066,
              38.965706
            ],
            [
              -90.972758,
              39.026959
            ],
            [
              -90.918862,
              39.084366
            ],
            [
              -90.857889,
              39.137365
            ],
            [
              -90.790423,
              39.185435
            ],
            [
              -90.717115,
              39.228103
            ],
            [
              -90.63868,
              39.264947
            ],
            [
              -90.555884,
              39.295603
            ],
            [
              -90.469542,
              39.319768
            ],
            [
              -90.380506,
              39.337202
            ],
            [
              -90.289659,
              39.347732
            ],
            [
              -90.1979,
              39.351254
            ]
          ]
        ]
      },
      "properties": {
        "rank": 29,
        "city": "St. Louis",
        "metro_name": "St. Louis, MO-IL",
        "country": "United States",
        "population": 2814421,
        "population_year": 2025,
        "lat": 38.6273,
        "lon": -90.1979,
        "radius_km": 80.5,
        "land_area_km2": 20366.4,
        "area_source": "US Census 2024 Gazetteer CBSA ALAND"
      }
    },
    {
      "type": "Feature",
      "geometry": {
        "type": "Polygon",
        "coordinates": [
          [
            [
              -98.4936,
              30.121974
            ],
            [
              -98.414522,
              30.11859
            ],
            [
              -98.336221,
              30.108472
            ],
            [
              -98.259467,
              30.091719
            ],
            [
              -98.185013,
              30.068495
            ],
            [
              -98.113589,
              30.03903
            ],
            [
              -98.045892,
              30.003612
            ],
            [
              -97.982582,
              29.962588
            ],
            [
              -97.924273,
              29.916361
            ],
            [
              -97.871526,
              29.865381
            ],
            [
              -97.82485,
              29.810148
            ],
            [
              -97.784687,
              29.751198
            ],
            [
              -97.751417,
              29.689108
            ],
            [
              -97.725351,
              29.624478
            ],
            [
              -97.706725,
              29.557936
            ],
            [
              -97.695707,
              29.490126
            ],
            [
              -97.692387,
              29.421703
            ],
            [
              -97.696781,
              29.353326
            ],
            [
              -97.708832,
              29.285652
            ],
            [
              -97.728408,
              29.219332
            ],
            [
              -97.755309,
              29.155
            ],
            [
              -97.789264,
              29.093273
            ],
            [
              -97.829935,
              29.034738
            ],
            [
              -97.876925,
              28.979954
            ],
            [
              -97.929777,
              28.929442
            ],
            [
              -97.987981,
              28.883682
            ],
            [
              -98.050978,
              28.843108
            ],
            [
              -98.118166,
              28.808104
            ],
            [
              -98.188906,
              28.779002
            ],
            [
              -98.262525,
              28.756077
            ],
            [
              -98.338328,
              28.739546
            ],
            [
              -98.415596,
              28.729564
            ],
            [
              -98.4936,
              28.726226
            ],
            [
              -98.571604,
              28.729564
            ],
            [
              -98.648872,
              28.739546
            ],
            [
              -98.724675,
              28.756077
            ],
            [
              -98.798294,
              28.779002
            ],
            [
              -98.869034,
              28.808104
            ],
            [
              -98.936222,
              28.843108
            ],
            [
              -98.999219,
              28.883682
            ],
            [
              -99.057423,
              28.929442
            ],
            [
              -99.110275,
              28.979954
            ],
            [
              -99.157265,
              29.034738
            ],
            [
              -99.197936,
              29.093273
            ],
            [
              -99.231891,
              29.155
            ],
            [
              -99.258792,
              29.219332
            ],
            [
              -99.278368,
              29.285652
            ],
            [
              -99.290419,
              29.353326
            ],
            [
              -99.294813,
              29.421703
            ],
            [
              -99.291493,
              29.490126
            ],
            [
              -99.280475,
              29.557936
            ],
            [
              -99.261849,
              29.624478
            ],
            [
              -99.235783,
              29.689108
            ],
            [
              -99.202513,
              29.751198
            ],
            [
              -99.16235,
              29.810148
            ],
            [
              -99.115674,
              29.865381
            ],
            [
              -99.062927,
              29.916361
            ],
            [
              -99.004618,
              29.962588
            ],
            [
              -98.941308,
              30.003612
            ],
            [
              -98.873611,
              30.03903
            ],
            [
              -98.802187,
              30.068495
            ],
            [
              -98.727733,
              30.091719
            ],
            [
              -98.650979,
              30.108472
            ],
            [
              -98.572678,
              30.11859
            ],
            [
              -98.4936,
              30.121974
            ]
          ]
        ]
      },
      "properties": {
        "rank": 30,
        "city": "San Antonio",
        "metro_name": "San Antonio-New Braunfels, TX",
        "country": "United States",
        "population": 2813140,
        "population_year": 2025,
        "lat": 29.4241,
        "lon": -98.4936,
        "radius_km": 77.6,
        "land_area_km2": 18941.2,
        "area_source": "US Census 2024 Gazetteer CBSA ALAND"
      }
    },
    {
      "type": "Feature",
      "geometry": {
        "type": "Polygon",
        "coordinates": [
          [
            [
              -98.2072,
              19.252845
            ],
            [
              -98.185912,
              19.251857
            ],
            [
              -98.164829,
              19.248901
            ],
            [
              -98.144156,
              19.244005
            ],
            [
              -98.124092,
              19.237219
            ],
            [
              -98.104832,
              19.228606
            ],
            [
              -98.08656,
              19.21825
            ],
            [
              -98.069454,
              19.206251
            ],
            [
              -98.053678,
              19.192725
            ],
            [
              -98.039385,
              19.177803
            ],
            [
              -98.026711,
              19.161629
            ],
            [
              -98.01578,
              19.144359
            ],
            [
              -98.006695,
              19.126159
            ],
            [
              -97.999544,
              19.107205
            ],
            [
              -97.994394,
              19.08768
            ],
            [
              -97.991296,
              19.067772
            ],
            [
              -97.990278,
              19.047673
            ],
            [
              -97.991348,
              19.027577
            ],
            [
              -97.994497,
              19.007676
            ],
            [
              -97.999692,
              18.988163
            ],
            [
              -98.006884,
              18.969225
            ],
            [
              -98.016003,
              18.951044
            ],
            [
              -98.026959,
              18.933796
            ],
            [
              -98.039648,
              18.917645
            ],
            [
              -98.053946,
              18.902748
            ],
            [
              -98.069717,
              18.889247
            ],
            [
              -98.086808,
              18.877272
            ],
            [
              -98.105054,
              18.866938
            ],
            [
              -98.124282,
              18.858344
            ],
            [
              -98.144305,
              18.851573
            ],
            [
              -98.164932,
              18.84669
            ],
            [
              -98.185964,
              18.843741
            ],
            [
              -98.2072,
              18.842755
            ],
            [
              -98.228436,
              18.843741
            ],
            [
              -98.249468,
              18.84669
            ],
            [
              -98.270095,
              18.851573
            ],
            [
              -98.290118,
              18.858344
            ],
            [
              -98.309346,
              18.866938
            ],
            [
              -98.327592,
              18.877272
            ],
            [
              -98.344683,
              18.889247
            ],
            [
              -98.360454,
              18.902748
            ],
            [
              -98.374752,
              18.917645
            ],
            [
              -98.387441,
              18.933796
            ],
            [
              -98.398397,
              18.951044
            ],
            [
              -98.407516,
              18.969225
            ],
            [
              -98.414708,
              18.988163
            ],
            [
              -98.419903,
              19.007676
            ],
            [
              -98.423052,
              19.027577
            ],
            [
              -98.424122,
              19.047673
            ],
            [
              -98.423104,
              19.067772
            ],
            [
              -98.420006,
              19.08768
            ],
            [
              -98.414856,
              19.107205
            ],
            [
              -98.407705,
              19.126159
            ],
            [
              -98.39862,
              19.144359
            ],
            [
              -98.387689,
              19.161629
            ],
            [
              -98.375015,
              19.177803
            ],
            [
              -98.360722,
              19.192725
            ],
            [
              -98.344946,
              19.206251
            ],
            [
              -98.32784,
              19.21825
            ],
            [
              -98.309568,
              19.228606
            ],
            [
              -98.290308,
              19.237219
            ],
            [
              -98.270244,
              19.244005
            ],
            [
              -98.249571,
              19.248901
            ],
            [
              -98.228488,
              19.251857
            ],
            [
              -98.2072,
              19.252845
            ]
          ]
        ]
      },
      "properties": {
        "rank": 31,
        "city": "Puebla",
        "metro_name": "Puebla-Tlaxcala",
        "country": "Mexico",
        "population": 2776893,
        "population_year": 2020,
        "lat": 19.0478,
        "lon": -98.2072,
        "radius_km": 22.8,
        "land_area_km2": 1628.2,
        "area_source": "SEDATU/CONAPO/INEGI superficie_km2 2020"
      }
    },
    {
      "type": "Feature",
      "geometry": {
        "type": "Polygon",
        "coordinates": [
          [
            [
              -97.7431,
              30.7978
            ],
            [
              -97.682556,
              30.795231
            ],
            [
              -97.622605,
              30.787549
            ],
            [
              -97.563834,
              30.77483
            ],
            [
              -97.506815,
              30.757198
            ],
            [
              -97.452107,
              30.734826
            ],
            [
              -97.400242,
              30.707931
            ],
            [
              -97.351724,
              30.676777
            ],
            [
              -97.307022,
              30.641668
            ],
            [
              -97.266569,
              30.602946
            ],
            [
              -97.230752,
              30.560988
            ],
            [
              -97.199913,
              30.516202
            ],
            [
              -97.174346,
              30.469023
            ],
            [
              -97.154289,
              30.419908
            ],
            [
              -97.139929,
              30.369333
            ],
            [
              -97.131395,
              30.317786
            ],
            [
              -97.128761,
              30.265766
            ],
            [
              -97.132043,
              30.213774
            ],
            [
              -97.141199,
              30.162309
            ],
            [
              -97.156134,
              30.111866
            ],
            [
              -97.176693,
              30.062929
            ],
            [
              -97.202674,
              30.015967
            ],
            [
              -97.233819,
              29.971429
            ],
            [
              -97.269825,
              29.92974
            ],
            [
              -97.310342,
              29.891298
            ],
            [
              -97.35498,
              29.856469
            ],
            [
              -97.40331,
              29.825584
            ],
            [
              -97.454868,
              29.798937
            ],
            [
              -97.509163,
              29.776782
            ],
            [
              -97.565678,
              29.759328
            ],
            [
              -97.623876,
              29.746742
            ],
            [
              -97.683204,
              29.739142
            ],
            [
              -97.7431,
              29.7366
            ],
            [
              -97.802996,
              29.739142
            ],
            [
              -97.862324,
              29.746742
            ],
            [
              -97.920522,
              29.759328
            ],
            [
              -97.977037,
              29.776782
            ],
            [
              -98.031332,
              29.798937
            ],
            [
              -98.08289,
              29.825584
            ],
            [
              -98.13122,
              29.856469
            ],
            [
              -98.175858,
              29.891298
            ],
            [
              -98.216375,
              29.92974
            ],
            [
              -98.252381,
              29.971429
            ],
            [
              -98.283526,
              30.015967
            ],
            [
              -98.309507,
              30.062929
            ],
            [
              -98.330066,
              30.111866
            ],
            [
              -98.345001,
              30.162309
            ],
            [
              -98.354157,
              30.213774
            ],
            [
              -98.357439,
              30.265766
            ],
            [
              -98.354805,
              30.317786
            ],
            [
              -98.346271,
              30.369333
            ],
            [
              -98.331911,
              30.419908
            ],
            [
              -98.311854,
              30.469023
            ],
            [
              -98.286287,
              30.516202
            ],
            [
              -98.255448,
              30.560988
            ],
            [
              -98.219631,
              30.602946
            ],
            [
              -98.179178,
              30.641668
            ],
            [
              -98.134476,
              30.676777
            ],
            [
              -98.085958,
              30.707931
            ],
            [
              -98.034093,
              30.734826
            ],
            [
              -97.979385,
              30.757198
            ],
            [
              -97.922366,
              30.77483
            ],
            [
              -97.863595,
              30.787549
            ],
            [
              -97.803644,
              30.795231
            ],
            [
              -97.7431,
              30.7978
            ]
          ]
        ]
      },
      "properties": {
        "rank": 32,
        "city": "Austin",
        "metro_name": "Austin-Round Rock-San Marcos, TX",
        "country": "United States",
        "population": 2620945,
        "population_year": 2025,
        "lat": 30.2672,
        "lon": -97.7431,
        "radius_km": 59.0,
        "land_area_km2": 10929.2,
        "area_source": "US Census 2024 Gazetteer CBSA ALAND"
      }
    },
    {
      "type": "Feature",
      "geometry": {
        "type": "Polygon",
        "coordinates": [
          [
            [
              -122.6762,
              46.191596
            ],
            [
              -122.581596,
              46.18834
            ],
            [
              -122.487937,
              46.178603
            ],
            [
              -122.396155,
              46.162484
            ],
            [
              -122.307165,
              46.140143
            ],
            [
              -122.221847,
              46.111802
            ],
            [
              -122.141046,
              46.077744
            ],
            [
              -122.065553,
              46.038306
            ],
            [
              -121.996105,
              45.99388
            ],
            [
              -121.933372,
              45.944904
            ],
            [
              -121.877955,
              45.891862
            ],
            [
              -121.830378,
              45.835276
            ],
            [
              -121.791081,
              45.7757
            ],
            [
              -121.760422,
              45.713717
            ],
            [
              -121.73867,
              45.64993
            ],
            [
              -121.726006,
              45.584959
            ],
            [
              -121.722521,
              45.519432
            ],
            [
              -121.728216,
              45.453982
            ],
            [
              -121.743005,
              45.389236
            ],
            [
              -121.766714,
              45.325816
            ],
            [
              -121.79909,
              45.264326
            ],
            [
              -121.839796,
              45.205351
            ],
            [
              -121.88842,
              45.149451
            ],
            [
              -121.944482,
              45.097153
            ],
            [
              -122.007432,
              45.048952
            ],
            [
              -122.076663,
              45.0053
            ],
            [
              -122.151512,
              44.966606
            ],
            [
              -122.231267,
              44.933234
            ],
            [
              -122.315176,
              44.905495
            ],
            [
              -122.40245,
              44.883647
            ],
            [
              -122.492273,
              44.867895
            ],
            [
              -122.583807,
              44.858384
            ],
            [
              -122.6762,
              44.855204
            ],
            [
              -122.768593,
              44.858384
            ],
            [
              -122.860127,
              44.867895
            ],
            [
              -122.94995,
              44.883647
            ],
            [
              -123.037224,
              44.905495
            ],
            [
              -123.121133,
              44.933234
            ],
            [
              -123.200888,
              44.966606
            ],
            [
              -123.275737,
              45.0053
            ],
            [
              -123.344968,
              45.048952
            ],
            [
              -123.407918,
              45.097153
            ],
            [
              -123.46398,
              45.149451
            ],
            [
              -123.512604,
              45.205351
            ],
            [
              -123.55331,
              45.264326
            ],
            [
              -123.585686,
              45.325816
            ],
            [
              -123.609395,
              45.389236
            ],
            [
              -123.624184,
              45.453982
            ],
            [
              -123.629879,
              45.519432
            ],
            [
              -123.626394,
              45.584959
            ],
            [
              -123.61373,
              45.64993
            ],
            [
              -123.591978,
              45.713717
            ],
            [
              -123.561319,
              45.7757
            ],
            [
              -123.522022,
              45.835276
            ],
            [
              -123.474445,
              45.891862
            ],
            [
              -123.419028,
              45.944904
            ],
            [
              -123.356295,
              45.99388
            ],
            [
              -123.286847,
              46.038306
            ],
            [
              -123.211354,
              46.077744
            ],
            [
              -123.130553,
              46.111802
            ],
            [
              -123.045235,
              46.140143
            ],
            [
              -122.956245,
              46.162484
            ],
            [
              -122.864463,
              46.178603
            ],
            [
              -122.770804,
              46.18834
            ],
            [
              -122.6762,
              46.191596
            ]
          ]
        ]
      },
      "properties": {
        "rank": 33,
        "city": "Portland",
        "metro_name": "Portland-Vancouver-Hillsboro, OR-WA",
        "country": "United States",
        "population": 2542282,
        "population_year": 2025,
        "lat": 45.5234,
        "lon": -122.6762,
        "radius_km": 74.3,
        "land_area_km2": 17320.3,
        "area_source": "US Census 2024 Gazetteer CBSA ALAND"
      }
    },
    {
      "type": "Feature",
      "geometry": {
        "type": "Polygon",
        "coordinates": [
          [
            [
              -121.4944,
              39.16436
            ],
            [
              -121.420732,
              39.161531
            ],
            [
              -121.347792,
              39.153072
            ],
            [
              -121.276297,
              39.139065
            ],
            [
              -121.206953,
              39.11965
            ],
            [
              -121.140441,
              39.095018
            ],
            [
              -121.077411,
              39.06541
            ],
            [
              -121.018479,
              39.031119
            ],
            [
              -120.964218,
              38.992481
            ],
            [
              -120.915151,
              38.949875
            ],
            [
              -120.871749,
              38.903719
            ],
            [
              -120.834424,
              38.854462
            ],
            [
              -120.803527,
              38.802585
            ],
            [
              -120.779344,
              38.748594
            ],
            [
              -120.762096,
              38.693011
            ],
            [
              -120.751931,
              38.636376
            ],
            [
              -120.748932,
              38.579236
            ],
            [
              -120.753111,
              38.522141
            ],
            [
              -120.76441,
              38.46564
            ],
            [
              -120.782705,
              38.410276
            ],
            [
              -120.807804,
              38.356579
            ],
            [
              -120.839453,
              38.30506
            ],
            [
              -120.877337,
              38.256212
            ],
            [
              -120.921084,
              38.210499
            ],
            [
              -120.970267,
              38.168354
            ],
            [
              -121.024412,
              38.130178
            ],
            [
              -121.083,
              38.09633
            ],
            [
              -121.14547,
              38.067132
            ],
            [
              -121.211231,
              38.042857
            ],
            [
              -121.279658,
              38.023736
            ],
            [
              -121.350107,
              38.009948
            ],
            [
              -121.421913,
              38.001623
            ],
            [
              -121.4944,
              37.99884
            ],
            [
              -121.566887,
              38.001623
            ],
            [
              -121.638693,
              38.009948
            ],
            [
              -121.709142,
              38.023736
            ],
            [
              -121.777569,
              38.042857
            ],
            [
              -121.84333,
              38.067132
            ],
            [
              -121.9058,
              38.09633
            ],
            [
              -121.964388,
              38.130178
            ],
            [
              -122.018533,
              38.168354
            ],
            [
              -122.067716,
              38.210499
            ],
            [
              -122.111463,
              38.256212
            ],
            [
              -122.149347,
              38.30506
            ],
            [
              -122.180996,
              38.356579
            ],
            [
              -122.206095,
              38.410276
            ],
            [
              -122.22439,
              38.46564
            ],
            [
              -122.235689,
              38.522141
            ],
            [
              -122.239868,
              38.579236
            ],
            [
              -122.236869,
              38.636376
            ],
            [
              -122.226704,
              38.693011
            ],
            [
              -122.209456,
              38.748594
            ],
            [
              -122.185273,
              38.802585
            ],
            [
              -122.154376,
              38.854462
            ],
            [
              -122.117051,
              38.903719
            ],
            [
              -122.073649,
              38.949875
            ],
            [
              -122.024582,
              38.992481
            ],
            [
              -121.970321,
              39.031119
            ],
            [
              -121.911389,
              39.06541
            ],
            [
              -121.848359,
              39.095018
            ],
            [
              -121.781847,
              39.11965
            ],
            [
              -121.712503,
              39.139065
            ],
            [
              -121.641008,
              39.153072
            ],
            [
              -121.568068,
              39.161531
            ],
            [
              -121.4944,
              39.16436
            ]
          ]
        ]
      },
      "properties": {
        "rank": 34,
        "city": "Sacramento",
        "metro_name": "Sacramento-Roseville-Folsom, CA",
        "country": "United States",
        "population": 2477274,
        "population_year": 2025,
        "lat": 38.5816,
        "lon": -121.4944,
        "radius_km": 64.8,
        "land_area_km2": 13191.3,
        "area_source": "US Census 2024 Gazetteer CBSA ALAND"
      }
    },
    {
      "type": "Feature",
      "geometry": {
        "type": "Polygon",
        "coordinates": [
          [
            [
              -79.9959,
              41.053937
            ],
            [
              -79.916183,
              41.050957
            ],
            [
              -79.837256,
              41.042044
            ],
            [
              -79.759898,
              41.027288
            ],
            [
              -79.684873,
              41.006835
            ],
            [
              -79.612921,
              40.980886
            ],
            [
              -79.544747,
              40.949698
            ],
            [
              -79.481019,
              40.913578
            ],
            [
              -79.422355,
              40.872883
            ],
            [
              -79.369322,
              40.828011
            ],
            [
              -79.322428,
              40.779403
            ],
            [
              -79.282118,
              40.727535
            ],
            [
              -79.24877,
              40.672914
            ],
            [
              -79.222692,
              40.61607
            ],
            [
              -79.204117,
              40.557558
            ],
            [
              -79.193206,
              40.497943
            ],
            [
              -79.190044,
              40.437802
            ],
            [
              -79.19464,
              40.377715
            ],
            [
              -79.20693,
              40.318259
            ],
            [
              -79.226776,
              40.260005
            ],
            [
              -79.253969,
              40.20351
            ],
            [
              -79.288231,
              40.149312
            ],
            [
              -79.32922,
              40.097928
            ],
            [
              -79.376533,
              40.049845
            ],
            [
              -79.429707,
              40.005519
            ],
            [
              -79.48823,
              39.965369
            ],
            [
              -79.551541,
              39.929775
            ],
            [
              -79.619035,
              39.89907
            ],
            [
              -79.690073,
              39.873545
            ],
            [
              -79.763983,
              39.85344
            ],
            [
              -79.84007,
              39.838943
            ],
            [
              -79.917618,
              39.83019
            ],
            [
              -79.9959,
              39.827263
            ],
            [
              -80.074182,
              39.83019
            ],
            [
              -80.15173,
              39.838943
            ],
            [
              -80.227817,
              39.85344
            ],
            [
              -80.301727,
              39.873545
            ],
            [
              -80.372765,
              39.89907
            ],
            [
              -80.440259,
              39.929775
            ],
            [
              -80.50357,
              39.965369
            ],
            [
              -80.562093,
              40.005519
            ],
            [
              -80.615267,
              40.049845
            ],
            [
              -80.66258,
              40.097928
            ],
            [
              -80.703569,
              40.149312
            ],
            [
              -80.737831,
              40.20351
            ],
            [
              -80.765024,
              40.260005
            ],
            [
              -80.78487,
              40.318259
            ],
            [
              -80.79716,
              40.377715
            ],
            [
              -80.801756,
              40.437802
            ],
            [
              -80.798594,
              40.497943
            ],
            [
              -80.787683,
              40.557558
            ],
            [
              -80.769108,
              40.61607
            ],
            [
              -80.74303,
              40.672914
            ],
            [
              -80.709682,
              40.727535
            ],
            [
              -80.669372,
              40.779403
            ],
            [
              -80.622478,
              40.828011
            ],
            [
              -80.569445,
              40.872883
            ],
            [
              -80.510781,
              40.913578
            ],
            [
              -80.447053,
              40.949698
            ],
            [
              -80.378879,
              40.980886
            ],
            [
              -80.306927,
              41.006835
            ],
            [
              -80.231902,
              41.027288
            ],
            [
              -80.154544,
              41.042044
            ],
            [
              -80.075617,
              41.050957
            ],
            [
              -79.9959,
              41.053937
            ]
          ]
        ]
      },
      "properties": {
        "rank": 35,
        "city": "Pittsburgh",
        "metro_name": "Pittsburgh, PA",
        "country": "United States",
        "population": 2421992,
        "population_year": 2025,
        "lat": 40.4406,
        "lon": -79.9959,
        "radius_km": 68.2,
        "land_area_km2": 14608.4,
        "area_source": "US Census 2024 Gazetteer CBSA ALAND"
      }
    },
    {
      "type": "Feature",
      "geometry": {
        "type": "Polygon",
        "coordinates": [
          [
            [
              -115.1372,
              36.900753
            ],
            [
              -115.04825,
              36.897225
            ],
            [
              -114.960181,
              36.886678
            ],
            [
              -114.873865,
              36.869215
            ],
            [
              -114.790153,
              36.845009
            ],
            [
              -114.709872,
              36.8143
            ],
            [
              -114.633808,
              36.777391
            ],
            [
              -114.562706,
              36.734646
            ],
            [
              -114.497256,
              36.686486
            ],
            [
              -114.438092,
              36.633385
            ],
            [
              -114.385779,
              36.575863
            ],
            [
              -114.340815,
              36.514485
            ],
            [
              -114.303619,
              36.449848
            ],
            [
              -114.274535,
              36.382584
            ],
            [
              -114.253823,
              36.313345
            ],
            [
              -114.241662,
              36.242803
            ],
            [
              -114.238147,
              36.171639
            ],
            [
              -114.243287,
              36.10054
            ],
            [
              -114.25701,
              36.030189
            ],
            [
              -114.279161,
              35.961261
            ],
            [
              -114.309507,
              35.894414
            ],
            [
              -114.347738,
              35.830287
            ],
            [
              -114.393473,
              35.769489
            ],
            [
              -114.446259,
              35.712598
            ],
            [
              -114.505584,
              35.660153
            ],
            [
              -114.570873,
              35.612649
            ],
            [
              -114.641502,
              35.570534
            ],
            [
              -114.716796,
              35.534206
            ],
            [
              -114.796043,
              35.504007
            ],
            [
              -114.878492,
              35.480219
            ],
            [
              -114.963369,
              35.463067
            ],
            [
              -115.049875,
              35.45271
            ],
            [
              -115.1372,
              35.449247
            ],
            [
              -115.224525,
              35.45271
            ],
            [
              -115.311031,
              35.463067
            ],
            [
              -115.395908,
              35.480219
            ],
            [
              -115.478357,
              35.504007
            ],
            [
              -115.557604,
              35.534206
            ],
            [
              -115.632898,
              35.570534
            ],
            [
              -115.703527,
              35.612649
            ],
            [
              -115.768816,
              35.660153
            ],
            [
              -115.828141,
              35.712598
            ],
            [
              -115.880927,
              35.769489
            ],
            [
              -115.926662,
              35.830287
            ],
            [
              -115.964893,
              35.894414
            ],
            [
              -115.995239,
              35.961261
            ],
            [
              -116.01739,
              36.030189
            ],
            [
              -116.031113,
              36.10054
            ],
            [
              -116.036253,
              36.171639
            ],
            [
              -116.032738,
              36.242803
            ],
            [
              -116.020577,
              36.313345
            ],
            [
              -115.999865,
              36.382584
            ],
            [
              -115.970781,
              36.449848
            ],
            [
              -115.933585,
              36.514485
            ],
            [
              -115.888621,
              36.575863
            ],
            [
              -115.836308,
              36.633385
            ],
            [
              -115.777144,
              36.686486
            ],
            [
              -115.711694,
              36.734646
            ],
            [
              -115.640592,
              36.777391
            ],
            [
              -115.564528,
              36.8143
            ],
            [
              -115.484247,
              36.845009
            ],
            [
              -115.400535,
              36.869215
            ],
            [
              -115.314219,
              36.886678
            ],
            [
              -115.22615,
              36.897225
            ],
            [
              -115.1372,
              36.900753
            ]
          ]
        ]
      },
      "properties": {
        "rank": 36,
        "city": "Las Vegas",
        "metro_name": "Las Vegas-Henderson-North Las Vegas, NV",
        "country": "United States",
        "population": 2407226,
        "population_year": 2025,
        "lat": 36.175,
        "lon": -115.1372,
        "radius_km": 80.7,
        "land_area_km2": 20439.3,
        "area_source": "US Census 2024 Gazetteer CBSA ALAND"
      }
    },
    {
      "type": "Feature",
      "geometry": {
        "type": "Polygon",
        "coordinates": [
          [
            [
              -99.6532,
              19.537012
            ],
            [
              -99.627291,
              19.535811
            ],
            [
              -99.601633,
              19.532218
            ],
            [
              -99.576474,
              19.526269
            ],
            [
              -99.552057,
              19.518022
            ],
            [
              -99.528618,
              19.507555
            ],
            [
              -99.506384,
              19.49497
            ],
            [
              -99.485569,
              19.48039
            ],
            [
              -99.466375,
              19.463954
            ],
            [
              -99.448985,
              19.445821
            ],
            [
              -99.433568,
              19.426168
            ],
            [
              -99.420271,
              19.405183
            ],
            [
              -99.409222,
              19.383069
            ],
            [
              -99.400527,
              19.36004
            ],
            [
              -99.394268,
              19.336317
            ],
            [
              -99.390506,
              19.312129
            ],
            [
              -99.389274,
              19.28771
            ],
            [
              -99.390584,
              19.263295
            ],
            [
              -99.394422,
              19.239119
            ],
            [
              -99.40075,
              19.215413
            ],
            [
              -99.409506,
              19.192408
            ],
            [
              -99.420605,
              19.170322
            ],
            [
              -99.433939,
              19.14937
            ],
            [
              -99.449379,
              19.129752
            ],
            [
              -99.466776,
              19.111657
            ],
            [
              -99.485963,
              19.095258
            ],
            [
              -99.506755,
              19.080713
            ],
            [
              -99.528952,
              19.068161
            ],
            [
              -99.552341,
              19.057723
            ],
            [
              -99.576697,
              19.049499
            ],
            [
              -99.601787,
              19.043567
            ],
            [
              -99.62737,
              19.039986
            ],
            [
              -99.6532,
              19.038788
            ],
            [
              -99.67903,
              19.039986
            ],
            [
              -99.704613,
              19.043567
            ],
            [
              -99.729703,
              19.049499
            ],
            [
              -99.754059,
              19.057723
            ],
            [
              -99.777448,
              19.068161
            ],
            [
              -99.799645,
              19.080713
            ],
            [
              -99.820437,
              19.095258
            ],
            [
              -99.839624,
              19.111657
            ],
            [
              -99.857021,
              19.129752
            ],
            [
              -99.872461,
              19.14937
            ],
            [
              -99.885795,
              19.170322
            ],
            [
              -99.896894,
              19.192408
            ],
            [
              -99.90565,
              19.215413
            ],
            [
              -99.911978,
              19.239119
            ],
            [
              -99.915816,
              19.263295
            ],
            [
              -99.917126,
              19.28771
            ],
            [
              -99.915894,
              19.312129
            ],
            [
              -99.912132,
              19.336317
            ],
            [
              -99.905873,
              19.36004
            ],
            [
              -99.897178,
              19.383069
            ],
            [
              -99.886129,
              19.405183
            ],
            [
              -99.872832,
              19.426168
            ],
            [
              -99.857415,
              19.445821
            ],
            [
              -99.840025,
              19.463954
            ],
            [
              -99.820831,
              19.48039
            ],
            [
              -99.800016,
              19.49497
            ],
            [
              -99.777782,
              19.507555
            ],
            [
              -99.754343,
              19.518022
            ],
            [
              -99.729926,
              19.526269
            ],
            [
              -99.704767,
              19.532218
            ],
            [
              -99.679109,
              19.535811
            ],
            [
              -99.6532,
              19.537012
            ]
          ]
        ]
      },
      "properties": {
        "rank": 37,
        "city": "Toluca",
        "metro_name": "Toluca",
        "country": "Mexico",
        "population": 2353924,
        "population_year": 2020,
        "lat": 19.2879,
        "lon": -99.6532,
        "radius_km": 27.7,
        "land_area_km2": 2414.8,
        "area_source": "SEDATU/CONAPO/INEGI superficie_km2 2020"
      }
    },
    {
      "type": "Feature",
      "geometry": {
        "type": "Polygon",
        "coordinates": [
          [
            [
              -84.5144,
              39.667592
            ],
            [
              -84.44558,
              39.66497
            ],
            [
              -84.377439,
              39.657127
            ],
            [
              -84.310647,
              39.644142
            ],
            [
              -84.24586,
              39.626143
            ],
            [
              -84.183716,
              39.603306
            ],
            [
              -84.124822,
              39.575857
            ],
            [
              -84.069753,
              39.544064
            ],
            [
              -84.019042,
              39.50824
            ],
            [
              -83.97318,
              39.468736
            ],
            [
              -83.932607,
              39.425939
            ],
            [
              -83.897708,
              39.380265
            ],
            [
              -83.868811,
              39.33216
            ],
            [
              -83.846186,
              39.282091
            ],
            [
              -83.830038,
              39.230545
            ],
            [
              -83.820509,
              39.178021
            ],
            [
              -83.817677,
              39.125026
            ],
            [
              -83.821552,
              39.072071
            ],
            [
              -83.832084,
              39.019665
            ],
            [
              -83.849156,
              38.968311
            ],
            [
              -83.872592,
              38.9185
            ],
            [
              -83.902153,
              38.870709
            ],
            [
              -83.937546,
              38.825394
            ],
            [
              -83.978424,
              38.782985
            ],
            [
              -84.024389,
              38.743886
            ],
            [
              -84.074997,
              38.708467
            ],
            [
              -84.129762,
              38.677063
            ],
            [
              -84.188162,
              38.649972
            ],
            [
              -84.249641,
              38.62745
            ],
            [
              -84.313617,
              38.609708
            ],
            [
              -84.379485,
              38.596915
            ],
            [
              -84.446623,
              38.589191
            ],
            [
              -84.5144,
              38.586608
            ],
            [
              -84.582177,
              38.589191
            ],
            [
              -84.649315,
              38.596915
            ],
            [
              -84.715183,
              38.609708
            ],
            [
              -84.779159,
              38.62745
            ],
            [
              -84.840638,
              38.649972
            ],
            [
              -84.899038,
              38.677063
            ],
            [
              -84.953803,
              38.708467
            ],
            [
              -85.004411,
              38.743886
            ],
            [
              -85.050376,
              38.782985
            ],
            [
              -85.091254,
              38.825394
            ],
            [
              -85.126647,
              38.870709
            ],
            [
              -85.156208,
              38.9185
            ],
            [
              -85.179644,
              38.968311
            ],
            [
              -85.196716,
              39.019665
            ],
            [
              -85.207248,
              39.072071
            ],
            [
              -85.211123,
              39.125026
            ],
            [
              -85.208291,
              39.178021
            ],
            [
              -85.198762,
              39.230545
            ],
            [
              -85.182614,
              39.282091
            ],
            [
              -85.159989,
              39.33216
            ],
            [
              -85.131092,
              39.380265
            ],
            [
              -85.096193,
              39.425939
            ],
            [
              -85.05562,
              39.468736
            ],
            [
              -85.009758,
              39.50824
            ],
            [
              -84.959047,
              39.544064
            ],
            [
              -84.903978,
              39.575857
            ],
            [
              -84.845084,
              39.603306
            ],
            [
              -84.78294,
              39.626143
            ],
            [
              -84.718153,
              39.644142
            ],
            [
              -84.651361,
              39.657127
            ],
            [
              -84.58322,
              39.66497
            ],
            [
              -84.5144,
              39.667592
            ]
          ]
        ]
      },
      "properties": {
        "rank": 38,
        "city": "Cincinnati",
        "metro_name": "Cincinnati, OH-KY-IN",
        "country": "United States",
        "population": 2312858,
        "population_year": 2025,
        "lat": 39.1271,
        "lon": -84.5144,
        "radius_km": 60.1,
        "land_area_km2": 11357.6,
        "area_source": "US Census 2024 Gazetteer CBSA ALAND"
      }
    },
    {
      "type": "Feature",
      "geometry": {
        "type": "Polygon",
        "coordinates": [
          [
            [
              -94.5786,
              39.794876
            ],
            [
              -94.489923,
              39.791495
            ],
            [
              -94.402126,
              39.781386
            ],
            [
              -94.316079,
              39.764649
            ],
            [
              -94.232633,
              39.74145
            ],
            [
              -94.152611,
              39.712018
            ],
            [
              -94.076801,
              39.676646
            ],
            [
              -94.005944,
              39.635683
            ],
            [
              -93.94073,
              39.589532
            ],
            [
              -93.881788,
              39.538647
            ],
            [
              -93.829683,
              39.48353
            ],
            [
              -93.784908,
              39.424719
            ],
            [
              -93.747883,
              39.36279
            ],
            [
              -93.718946,
              39.298347
            ],
            [
              -93.698358,
              39.232016
            ],
            [
              -93.686292,
              39.16444
            ],
            [
              -93.682842,
              39.096273
            ],
            [
              -93.688015,
              39.028172
            ],
            [
              -93.701737,
              38.960791
            ],
            [
              -93.723853,
              38.894776
            ],
            [
              -93.754128,
              38.830759
            ],
            [
              -93.792252,
              38.769349
            ],
            [
              -93.837843,
              38.711131
            ],
            [
              -93.890451,
              38.656656
            ],
            [
              -93.949563,
              38.606441
            ],
            [
              -94.014608,
              38.560958
            ],
            [
              -94.084962,
              38.520638
            ],
            [
              -94.159956,
              38.485858
            ],
            [
              -94.238879,
              38.456946
            ],
            [
              -94.320986,
              38.434174
            ],
            [
              -94.405507,
              38.417753
            ],
            [
              -94.491647,
              38.407839
            ],
            [
              -94.5786,
              38.404524
            ],
            [
              -94.665553,
              38.407839
            ],
            [
              -94.751693,
              38.417753
            ],
            [
              -94.836214,
              38.434174
            ],
            [
              -94.918321,
              38.456946
            ],
            [
              -94.997244,
              38.485858
            ],
            [
              -95.072238,
              38.520638
            ],
            [
              -95.142592,
              38.560958
            ],
            [
              -95.207637,
              38.606441
            ],
            [
              -95.266749,
              38.656656
            ],
            [
              -95.319357,
              38.711131
            ],
            [
              -95.364948,
              38.769349
            ],
            [
              -95.403072,
              38.830759
            ],
            [
              -95.433347,
              38.894776
            ],
            [
              -95.455463,
              38.960791
            ],
            [
              -95.469185,
              39.028172
            ],
            [
              -95.474358,
              39.096273
            ],
            [
              -95.470908,
              39.16444
            ],
            [
              -95.458842,
              39.232016
            ],
            [
              -95.438254,
              39.298347
            ],
            [
              -95.409317,
              39.36279
            ],
            [
              -95.372292,
              39.424719
            ],
            [
              -95.327517,
              39.48353
            ],
            [
              -95.275412,
              39.538647
            ],
            [
              -95.21647,
              39.589532
            ],
            [
              -95.151256,
              39.635683
            ],
            [
              -95.080399,
              39.676646
            ],
            [
              -95.004589,
              39.712018
            ],
            [
              -94.924567,
              39.74145
            ],
            [
              -94.841121,
              39.764649
            ],
            [
              -94.755074,
              39.781386
            ],
            [
              -94.667277,
              39.791495
            ],
            [
              -94.5786,
              39.794876
            ]
          ]
        ]
      },
      "properties": {
        "rank": 39,
        "city": "Kansas City",
        "metro_name": "Kansas City, MO-KS",
        "country": "United States",
        "population": 2270682,
        "population_year": 2025,
        "lat": 39.0997,
        "lon": -94.5786,
        "radius_km": 77.3,
        "land_area_km2": 18794.3,
        "area_source": "US Census 2024 Gazetteer CBSA ALAND"
      }
    },
    {
      "type": "Feature",
      "geometry": {
        "type": "Polygon",
        "coordinates": [
          [
            [
              -82.9988,
              40.526873
            ],
            [
              -82.925859,
              40.524127
            ],
            [
              -82.853638,
              40.515914
            ],
            [
              -82.78285,
              40.502316
            ],
            [
              -82.714192,
              40.483467
            ],
            [
              -82.648338,
              40.459554
            ],
            [
              -82.585935,
              40.430811
            ],
            [
              -82.52759,
              40.397521
            ],
            [
              -82.473871,
              40.360011
            ],
            [
              -82.425297,
              40.31865
            ],
            [
              -82.382333,
              40.273843
            ],
            [
              -82.345388,
              40.226026
            ],
            [
              -82.314808,
              40.175667
            ],
            [
              -82.290877,
              40.123256
            ],
            [
              -82.273811,
              40.069301
            ],
            [
              -82.263759,
              40.014326
            ],
            [
              -82.260802,
              39.95886
            ],
            [
              -82.26495,
              39.90344
            ],
            [
              -82.276147,
              39.848597
            ],
            [
              -82.294268,
              39.794859
            ],
            [
              -82.319125,
              39.742738
            ],
            [
              -82.350464,
              39.692734
            ],
            [
              -82.387974,
              39.645322
            ],
            [
              -82.431286,
              39.600953
            ],
            [
              -82.479977,
              39.560049
            ],
            [
              -82.533579,
              39.522996
            ],
            [
              -82.591576,
              39.490145
            ],
            [
              -82.653415,
              39.461806
            ],
            [
              -82.718509,
              39.438247
            ],
            [
              -82.786242,
              39.41969
            ],
            [
              -82.855975,
              39.406308
            ],
            [
              -82.92705,
              39.398228
            ],
            [
              -82.9988,
              39.395527
            ],
            [
              -83.07055,
              39.398228
            ],
            [
              -83.141625,
              39.406308
            ],
            [
              -83.211358,
              39.41969
            ],
            [
              -83.279091,
              39.438247
            ],
            [
              -83.344185,
              39.461806
            ],
            [
              -83.406024,
              39.490145
            ],
            [
              -83.464021,
              39.522996
            ],
            [
              -83.517623,
              39.560049
            ],
            [
              -83.566314,
              39.600953
            ],
            [
              -83.609626,
              39.645322
            ],
            [
              -83.647136,
              39.692734
            ],
            [
              -83.678475,
              39.742738
            ],
            [
              -83.703332,
              39.794859
            ],
            [
              -83.721453,
              39.848597
            ],
            [
              -83.73265,
              39.90344
            ],
            [
              -83.736798,
              39.95886
            ],
            [
              -83.733841,
              40.014326
            ],
            [
              -83.723789,
              40.069301
            ],
            [
              -83.706723,
              40.123256
            ],
            [
              -83.682792,
              40.175667
            ],
            [
              -83.652212,
              40.226026
            ],
            [
              -83.615267,
              40.273843
            ],
            [
              -83.572303,
              40.31865
            ],
            [
              -83.523729,
              40.360011
            ],
            [
              -83.47001,
              40.397521
            ],
            [
              -83.411665,
              40.430811
            ],
            [
              -83.349262,
              40.459554
            ],
            [
              -83.283408,
              40.483467
            ],
            [
              -83.21475,
              40.502316
            ],
            [
              -83.143962,
              40.515914
            ],
            [
              -83.071741,
              40.524127
            ],
            [
              -82.9988,
              40.526873
            ]
          ]
        ]
      },
      "properties": {
        "rank": 40,
        "city": "Columbus",
        "metro_name": "Columbus, OH",
        "country": "United States",
        "population": 2242028,
        "population_year": 2025,
        "lat": 39.9612,
        "lon": -82.9988,
        "radius_km": 62.9,
        "land_area_km2": 12425.3,
        "area_source": "US Census 2024 Gazetteer CBSA ALAND"
      }
    },
    {
      "type": "Feature",
      "geometry": {
        "type": "Polygon",
        "coordinates": [
          [
            [
              -86.158,
              40.290007
            ],
            [
              -86.090977,
              40.287476
            ],
            [
              -86.024615,
              40.279908
            ],
            [
              -85.959566,
              40.267378
            ],
            [
              -85.89647,
              40.250009
            ],
            [
              -85.835947,
              40.227972
            ],
            [
              -85.778588,
              40.201484
            ],
            [
              -85.724953,
              40.170805
            ],
            [
              -85.675562,
              40.136236
            ],
            [
              -85.630892,
              40.098115
            ],
            [
              -85.591372,
              40.056814
            ],
            [
              -85.557377,
              40.012739
            ],
            [
              -85.529228,
              39.966316
            ],
            [
              -85.507187,
              39.917999
            ],
            [
              -85.491453,
              39.868255
            ],
            [
              -85.482166,
              39.817567
            ],
            [
              -85.4794,
              39.766424
            ],
            [
              -85.483169,
              39.715319
            ],
            [
              -85.49342,
              39.664743
            ],
            [
              -85.510043,
              39.615182
            ],
            [
              -85.532864,
              39.56711
            ],
            [
              -85.561652,
              39.520988
            ],
            [
              -85.596122,
              39.477253
            ],
            [
              -85.635935,
              39.436324
            ],
            [
              -85.680703,
              39.398588
            ],
            [
              -85.729995,
              39.364404
            ],
            [
              -85.783338,
              39.334096
            ],
            [
              -85.840222,
              39.307949
            ],
            [
              -85.900106,
              39.286212
            ],
            [
              -85.962422,
              39.269089
            ],
            [
              -86.026582,
              39.256742
            ],
            [
              -86.09198,
              39.249286
            ],
            [
              -86.158,
              39.246793
            ],
            [
              -86.22402,
              39.249286
            ],
            [
              -86.289418,
              39.256742
            ],
            [
              -86.353578,
              39.269089
            ],
            [
              -86.415894,
              39.286212
            ],
            [
              -86.475778,
              39.307949
            ],
            [
              -86.532662,
              39.334096
            ],
            [
              -86.586005,
              39.364404
            ],
            [
              -86.635297,
              39.398588
            ],
            [
              -86.680065,
              39.436324
            ],
            [
              -86.719878,
              39.477253
            ],
            [
              -86.754348,
              39.520988
            ],
            [
              -86.783136,
              39.56711
            ],
            [
              -86.805957,
              39.615182
            ],
            [
              -86.82258,
              39.664743
            ],
            [
              -86.832831,
              39.715319
            ],
            [
              -86.8366,
              39.766424
            ],
            [
              -86.833834,
              39.817567
            ],
            [
              -86.824547,
              39.868255
            ],
            [
              -86.808813,
              39.917999
            ],
            [
              -86.786772,
              39.966316
            ],
            [
              -86.758623,
              40.012739
            ],
            [
              -86.724628,
              40.056814
            ],
            [
              -86.685108,
              40.098115
            ],
            [
              -86.640438,
              40.136236
            ],
            [
              -86.591047,
              40.170805
            ],
            [
              -86.537412,
              40.201484
            ],
            [
              -86.480053,
              40.227972
            ],
            [
              -86.41953,
              40.250009
            ],
            [
              -86.356434,
              40.267378
            ],
            [
              -86.291385,
              40.279908
            ],
            [
              -86.225023,
              40.287476
            ],
            [
              -86.158,
              40.290007
            ]
          ]
        ]
      },
      "properties": {
        "rank": 41,
        "city": "Indianapolis",
        "metro_name": "Indianapolis-Carmel-Greenwood, IN",
        "country": "United States",
        "population": 2205695,
        "population_year": 2025,
        "lat": 39.7684,
        "lon": -86.158,
        "radius_km": 58.0,
        "land_area_km2": 10582.6,
        "area_source": "US Census 2024 Gazetteer CBSA ALAND"
      }
    },
    {
      "type": "Feature",
      "geometry": {
        "type": "Polygon",
        "coordinates": [
          [
            [
              -86.7844,
              36.814311
            ],
            [
              -86.705018,
              36.811162
            ],
            [
              -86.626421,
              36.801748
            ],
            [
              -86.549382,
              36.786162
            ],
            [
              -86.474662,
              36.764556
            ],
            [
              -86.402994,
              36.737144
            ],
            [
              -86.33508,
              36.704197
            ],
            [
              -86.271585,
              36.666038
            ],
            [
              -86.213124,
              36.623042
            ],
            [
              -86.160261,
              36.575631
            ],
            [
              -86.113505,
              36.52427
            ],
            [
              -86.073298,
              36.46946
            ],
            [
              -86.040018,
              36.411735
            ],
            [
              -86.013975,
              36.351658
            ],
            [
              -85.995403,
              36.289812
            ],
            [
              -85.984464,
              36.226796
            ],
            [
              -85.981245,
              36.163218
            ],
            [
              -85.98576,
              36.099692
            ],
            [
              -85.997945,
              36.036828
            ],
            [
              -86.017666,
              35.97523
            ],
            [
              -86.044716,
              35.915486
            ],
            [
              -86.078822,
              35.858168
            ],
            [
              -86.119643,
              35.803822
            ],
            [
              -86.166778,
              35.752963
            ],
            [
              -86.219768,
              35.706076
            ],
            [
              -86.278102,
              35.663603
            ],
            [
              -86.341219,
              35.625947
            ],
            [
              -86.408519,
              35.593464
            ],
            [
              -86.47936,
              35.566459
            ],
            [
              -86.553074,
              35.545186
            ],
            [
              -86.628964,
              35.529847
            ],
            [
              -86.706315,
              35.520586
            ],
            [
              -86.7844,
              35.517489
            ],
            [
              -86.862485,
              35.520586
            ],
            [
              -86.939836,
              35.529847
            ],
            [
              -87.015726,
              35.545186
            ],
            [
              -87.08944,
              35.566459
            ],
            [
              -87.160281,
              35.593464
            ],
            [
              -87.227581,
              35.625947
            ],
            [
              -87.290698,
              35.663603
            ],
            [
              -87.349032,
              35.706076
            ],
            [
              -87.402022,
              35.752963
            ],
            [
              -87.449157,
              35.803822
            ],
            [
              -87.489978,
              35.858168
            ],
            [
              -87.524084,
              35.915486
            ],
            [
              -87.551134,
              35.97523
            ],
            [
              -87.570855,
              36.036828
            ],
            [
              -87.58304,
              36.099692
            ],
            [
              -87.587555,
              36.163218
            ],
            [
              -87.584336,
              36.226796
            ],
            [
              -87.573397,
              36.289812
            ],
            [
              -87.554825,
              36.351658
            ],
            [
              -87.528782,
              36.411735
            ],
            [
              -87.495502,
              36.46946
            ],
            [
              -87.455295,
              36.52427
            ],
            [
              -87.408539,
              36.575631
            ],
            [
              -87.355676,
              36.623042
            ],
            [
              -87.297215,
              36.666038
            ],
            [
              -87.23372,
              36.704197
            ],
            [
              -87.165806,
              36.737144
            ],
            [
              -87.094138,
              36.764556
            ],
            [
              -87.019418,
              36.786162
            ],
            [
              -86.942379,
              36.801748
            ],
            [
              -86.863782,
              36.811162
            ],
            [
              -86.7844,
              36.814311
            ]
          ]
        ]
      },
      "properties": {
        "rank": 42,
        "city": "Nashville",
        "metro_name": "Nashville-Davidson--Murfreesboro--Franklin, TN",
        "country": "United States",
        "population": 2197416,
        "population_year": 2025,
        "lat": 36.1659,
        "lon": -86.7844,
        "radius_km": 72.1,
        "land_area_km2": 16321.8,
        "area_source": "US Census 2024 Gazetteer CBSA ALAND"
      }
    },
    {
      "type": "Feature",
      "geometry": {
        "type": "Polygon",
        "coordinates": [
          [
            [
              -81.6954,
              41.92398
            ],
            [
              -81.639482,
              41.921922
            ],
            [
              -81.584114,
              41.91577
            ],
            [
              -81.529838,
              41.905584
            ],
            [
              -81.477187,
              41.891463
            ],
            [
              -81.426676,
              41.873546
            ],
            [
              -81.378798,
              41.852009
            ],
            [
              -81.33402,
              41.827063
            ],
            [
              -81.292775,
              41.798952
            ],
            [
              -81.255462,
              41.767951
            ],
            [
              -81.222438,
              41.734362
            ],
            [
              -81.194019,
              41.698512
            ],
            [
              -81.170472,
              41.66075
            ],
            [
              -81.152019,
              41.621443
            ],
            [
              -81.138828,
              41.580971
            ],
            [
              -81.131017,
              41.539727
            ],
            [
              -81.12865,
              41.498109
            ],
            [
              -81.131741,
              41.456517
            ],
            [
              -81.140249,
              41.415352
            ],
            [
              -81.154083,
              41.37501
            ],
            [
              -81.173099,
              41.335875
            ],
            [
              -81.197107,
              41.298324
            ],
            [
              -81.22587,
              41.262715
            ],
            [
              -81.259105,
              41.229387
            ],
            [
              -81.29649,
              41.198656
            ],
            [
              -81.337663,
              41.170817
            ],
            [
              -81.38223,
              41.146132
            ],
            [
              -81.429765,
              41.124836
            ],
            [
              -81.479814,
              41.10713
            ],
            [
              -81.531902,
              41.093182
            ],
            [
              -81.585535,
              41.083124
            ],
            [
              -81.640207,
              41.077051
            ],
            [
              -81.6954,
              41.07502
            ],
            [
              -81.750593,
              41.077051
            ],
            [
              -81.805265,
              41.083124
            ],
            [
              -81.858898,
              41.093182
            ],
            [
              -81.910986,
              41.10713
            ],
            [
              -81.961035,
              41.124836
            ],
            [
              -82.00857,
              41.146132
            ],
            [
              -82.053137,
              41.170817
            ],
            [
              -82.09431,
              41.198656
            ],
            [
              -82.131695,
              41.229387
            ],
            [
              -82.16493,
              41.262715
            ],
            [
              -82.193693,
              41.298324
            ],
            [
              -82.217701,
              41.335875
            ],
            [
              -82.236717,
              41.37501
            ],
            [
              -82.250551,
              41.415352
            ],
            [
              -82.259059,
              41.456517
            ],
            [
              -82.26215,
              41.498109
            ],
            [
              -82.259783,
              41.539727
            ],
            [
              -82.251972,
              41.580971
            ],
            [
              -82.238781,
              41.621443
            ],
            [
              -82.220328,
              41.66075
            ],
            [
              -82.196781,
              41.698512
            ],
            [
              -82.168362,
              41.734362
            ],
            [
              -82.135338,
              41.767951
            ],
            [
              -82.098025,
              41.798952
            ],
            [
              -82.05678,
              41.827063
            ],
            [
              -82.012002,
              41.852009
            ],
            [
              -81.964124,
              41.873546
            ],
            [
              -81.913613,
              41.891463
            ],
            [
              -81.860962,
              41.905584
            ],
            [
              -81.806686,
              41.91577
            ],
            [
              -81.751318,
              41.921922
            ],
            [
              -81.6954,
              41.92398
            ]
          ]
        ]
      },
      "properties": {
        "rank": 43,
        "city": "Cleveland",
        "metro_name": "Cleveland, OH",
        "country": "United States",
        "population": 2165775,
        "population_year": 2025,
        "lat": 41.4995,
        "lon": -81.6954,
        "radius_km": 47.2,
        "land_area_km2": 6996.7,
        "area_source": "US Census 2024 Gazetteer CBSA ALAND"
      }
    },
    {
      "type": "Feature",
      "geometry": {
        "type": "Polygon",
        "coordinates": [
          [
            [
              -117.0037,
              32.704148
            ],
            [
              -116.980235,
              32.703176
            ],
            [
              -116.956998,
              32.700269
            ],
            [
              -116.934213,
              32.695455
            ],
            [
              -116.912102,
              32.688781
            ],
            [
              -116.890878,
              32.680311
            ],
            [
              -116.870747,
              32.670128
            ],
            [
              -116.851904,
              32.65833
            ],
            [
              -116.834531,
              32.645032
            ],
            [
              -116.818794,
              32.630362
            ],
            [
              -116.804846,
              32.614462
            ],
            [
              -116.79282,
              32.597486
            ],
            [
              -116.782831,
              32.579598
            ],
            [
              -116.774975,
              32.56097
            ],
            [
              -116.769326,
              32.541783
            ],
            [
              -116.765936,
              32.522222
            ],
            [
              -116.764838,
              32.502474
            ],
            [
              -116.766041,
              32.482731
            ],
            [
              -116.76953,
              32.463183
            ],
            [
              -116.775272,
              32.444016
            ],
            [
              -116.78321,
              32.425417
            ],
            [
              -116.793265,
              32.407563
            ],
            [
              -116.80534,
              32.390626
            ],
            [
              -116.819319,
              32.374768
            ],
            [
              -116.835066,
              32.360142
            ],
            [
              -116.852429,
              32.346888
            ],
            [
              -116.871242,
              32.335133
            ],
            [
              -116.891323,
              32.324989
            ],
            [
              -116.91248,
              32.316553
            ],
            [
              -116.93451,
              32.309907
            ],
            [
              -116.957202,
              32.305114
            ],
            [
              -116.980339,
              32.30222
            ],
            [
              -117.0037,
              32.301252
            ],
            [
              -117.027061,
              32.30222
            ],
            [
              -117.050198,
              32.305114
            ],
            [
              -117.07289,
              32.309907
            ],
            [
              -117.09492,
              32.316553
            ],
            [
              -117.116077,
              32.324989
            ],
            [
              -117.136158,
              32.335133
            ],
            [
              -117.154971,
              32.346888
            ],
            [
              -117.172334,
              32.360142
            ],
            [
              -117.188081,
              32.374768
            ],
            [
              -117.20206,
              32.390626
            ],
            [
              -117.214135,
              32.407563
            ],
            [
              -117.22419,
              32.425417
            ],
            [
              -117.232128,
              32.444016
            ],
            [
              -117.23787,
              32.463183
            ],
            [
              -117.241359,
              32.482731
            ],
            [
              -117.242562,
              32.502474
            ],
            [
              -117.241464,
              32.522222
            ],
            [
              -117.238074,
              32.541783
            ],
            [
              -117.232425,
              32.56097
            ],
            [
              -117.224569,
              32.579598
            ],
            [
              -117.21458,
              32.597486
            ],
            [
              -117.202554,
              32.614462
            ],
            [
              -117.188606,
              32.630362
            ],
            [
              -117.172869,
              32.645032
            ],
            [
              -117.155496,
              32.65833
            ],
            [
              -117.136653,
              32.670128
            ],
            [
              -117.116522,
              32.680311
            ],
            [
              -117.095298,
              32.688781
            ],
            [
              -117.073187,
              32.695455
            ],
            [
              -117.050402,
              32.700269
            ],
            [
              -117.027165,
              32.703176
            ],
            [
              -117.0037,
              32.704148
            ]
          ]
        ]
      },
      "properties": {
        "rank": 44,
        "city": "Tijuana",
        "metro_name": "Tijuana",
        "country": "Mexico",
        "population": 2049413,
        "population_year": 2020,
        "lat": 32.5027,
        "lon": -117.0037,
        "radius_km": 22.4,
        "land_area_km2": 1582.1,
        "area_source": "SEDATU/CONAPO/INEGI superficie_km2 2020"
      }
    },
    {
      "type": "Feature",
      "geometry": {
        "type": "Polygon",
        "coordinates": [
          [
            [
              -121.895,
              37.762081
            ],
            [
              -121.842596,
              37.760034
            ],
            [
              -121.790705,
              37.753914
            ],
            [
              -121.739836,
              37.74378
            ],
            [
              -121.690485,
              37.729731
            ],
            [
              -121.643135,
              37.711905
            ],
            [
              -121.598247,
              37.690477
            ],
            [
              -121.556257,
              37.665655
            ],
            [
              -121.517573,
              37.637682
            ],
            [
              -121.482566,
              37.606831
            ],
            [
              -121.451575,
              37.573403
            ],
            [
              -121.424893,
              37.537722
            ],
            [
              -121.402775,
              37.500134
            ],
            [
              -121.385427,
              37.461006
            ],
            [
              -121.373011,
              37.420715
            ],
            [
              -121.365637,
              37.379651
            ],
            [
              -121.363369,
              37.338211
            ],
            [
              -121.366221,
              37.296793
            ],
            [
              -121.374155,
              37.255797
            ],
            [
              -121.387089,
              37.215616
            ],
            [
              -121.40489,
              37.176635
            ],
            [
              -121.427381,
              37.139228
            ],
            [
              -121.454339,
              37.103753
            ],
            [
              -121.485501,
              37.070547
            ],
            [
              -121.520565,
              37.039928
            ],
            [
              -121.559192,
              37.012188
            ],
            [
              -121.601012,
              36.987589
            ],
            [
              -121.645623,
              36.966366
            ],
            [
              -121.692601,
              36.948721
            ],
            [
              -121.741498,
              36.93482
            ],
            [
              -121.79185,
              36.924796
            ],
            [
              -121.84318,
              36.918743
            ],
            [
              -121.895,
              36.916719
            ],
            [
              -121.94682,
              36.918743
            ],
            [
              -121.99815,
              36.924796
            ],
            [
              -122.048502,
              36.93482
            ],
            [
              -122.097399,
              36.948721
            ],
            [
              -122.144377,
              36.966366
            ],
            [
              -122.188988,
              36.987589
            ],
            [
              -122.230808,
              37.012188
            ],
            [
              -122.269435,
              37.039928
            ],
            [
              -122.304499,
              37.070547
            ],
            [
              -122.335661,
              37.103753
            ],
            [
              -122.362619,
              37.139228
            ],
            [
              -122.38511,
              37.176635
            ],
            [
              -122.402911,
              37.215616
            ],
            [
              -122.415845,
              37.255797
            ],
            [
              -122.423779,
              37.296793
            ],
            [
              -122.426631,
              37.338211
            ],
            [
              -122.424363,
              37.379651
            ],
            [
              -122.416989,
              37.420715
            ],
            [
              -122.404573,
              37.461006
            ],
            [
              -122.387225,
              37.500134
            ],
            [
              -122.365107,
              37.537722
            ],
            [
              -122.338425,
              37.573403
            ],
            [
              -122.307434,
              37.606831
            ],
            [
              -122.272427,
              37.637682
            ],
            [
              -122.233743,
              37.665655
            ],
            [
              -122.191753,
              37.690477
            ],
            [
              -122.146865,
              37.711905
            ],
            [
              -122.099515,
              37.729731
            ],
            [
              -122.050164,
              37.74378
            ],
            [
              -121.999295,
              37.753914
            ],
            [
              -121.947404,
              37.760034
            ],
            [
              -121.895,
              37.762081
            ]
          ]
        ]
      },
      "properties": {
        "rank": 45,
        "city": "San Jose",
        "metro_name": "San Jose-Sunnyvale-Santa Clara, CA",
        "country": "United States",
        "population": 1984473,
        "population_year": 2025,
        "lat": 37.3394,
        "lon": -121.895,
        "radius_km": 47.0,
        "land_area_km2": 6940.5,
        "area_source": "US Census 2024 Gazetteer CBSA ALAND"
      }
    },
    {
      "type": "Feature",
      "geometry": {
        "type": "Polygon",
        "coordinates": [
          [
            [
              -101.6737,
              21.352132
            ],
            [
              -101.650228,
              21.351056
            ],
            [
              -101.626983,
              21.34784
            ],
            [
              -101.604191,
              21.342514
            ],
            [
              -101.58207,
              21.33513
            ],
            [
              -101.560836,
              21.325759
            ],
            [
              -101.540693,
              21.314492
            ],
            [
              -101.521835,
              21.301438
            ],
            [
              -101.504446,
              21.286723
            ],
            [
              -101.488691,
              21.270489
            ],
            [
              -101.474723,
              21.252894
            ],
            [
              -101.462677,
              21.234106
            ],
            [
              -101.452667,
              21.214307
            ],
            [
              -101.444789,
              21.193689
            ],
            [
              -101.439119,
              21.17245
            ],
            [
              -101.43571,
              21.150795
            ],
            [
              -101.434593,
              21.128932
            ],
            [
              -101.43578,
              21.107073
            ],
            [
              -101.439257,
              21.085427
            ],
            [
              -101.444989,
              21.064204
            ],
            [
              -101.452921,
              21.043607
            ],
            [
              -101.462976,
              21.023833
            ],
            [
              -101.475056,
              21.005075
            ],
            [
              -101.489044,
              20.98751
            ],
            [
              -101.504805,
              20.971309
            ],
            [
              -101.522188,
              20.956627
            ],
            [
              -101.541025,
              20.943604
            ],
            [
              -101.561135,
              20.932366
            ],
            [
              -101.582324,
              20.923021
            ],
            [
              -101.60439,
              20.915658
            ],
            [
              -101.627121,
              20.910347
            ],
            [
              -101.650298,
              20.907141
            ],
            [
              -101.6737,
              20.906068
            ],
            [
              -101.697102,
              20.907141
            ],
            [
              -101.720279,
              20.910347
            ],
            [
              -101.74301,
              20.915658
            ],
            [
              -101.765076,
              20.923021
            ],
            [
              -101.786265,
              20.932366
            ],
            [
              -101.806375,
              20.943604
            ],
            [
              -101.825212,
              20.956627
            ],
            [
              -101.842595,
              20.971309
            ],
            [
              -101.858356,
              20.98751
            ],
            [
              -101.872344,
              21.005075
            ],
            [
              -101.884424,
              21.023833
            ],
            [
              -101.894479,
              21.043607
            ],
            [
              -101.902411,
              21.064204
            ],
            [
              -101.908143,
              21.085427
            ],
            [
              -101.91162,
              21.107073
            ],
            [
              -101.912807,
              21.128932
            ],
            [
              -101.91169,
              21.150795
            ],
            [
              -101.908281,
              21.17245
            ],
            [
              -101.902611,
              21.193689
            ],
            [
              -101.894733,
              21.214307
            ],
            [
              -101.884723,
              21.234106
            ],
            [
              -101.872677,
              21.252894
            ],
            [
              -101.858709,
              21.270489
            ],
            [
              -101.842954,
              21.286723
            ],
            [
              -101.825565,
              21.301438
            ],
            [
              -101.806707,
              21.314492
            ],
            [
              -101.786564,
              21.325759
            ],
            [
              -101.76533,
              21.33513
            ],
            [
              -101.743209,
              21.342514
            ],
            [
              -101.720417,
              21.34784
            ],
            [
              -101.697172,
              21.351056
            ],
            [
              -101.6737,
              21.352132
            ]
          ]
        ]
      },
      "properties": {
        "rank": 46,
        "city": "León",
        "metro_name": "León",
        "country": "Mexico",
        "population": 1935928,
        "population_year": 2020,
        "lat": 21.1291,
        "lon": -101.6737,
        "radius_km": 24.8,
        "land_area_km2": 1937.6,
        "area_source": "SEDATU/CONAPO/INEGI superficie_km2 2020"
      }
    },
    {
      "type": "Feature",
      "geometry": {
        "type": "Polygon",
        "coordinates": [
          [
            [
              -114.0853,
              51.412527
            ],
            [
              -114.028346,
              51.410768
            ],
            [
              -113.971954,
              51.405508
            ],
            [
              -113.916679,
              51.3968
            ],
            [
              -113.863065,
              51.384729
            ],
            [
              -113.811638,
              51.369414
            ],
            [
              -113.762902,
              51.351006
            ],
            [
              -113.717331,
              51.329685
            ],
            [
              -113.675369,
              51.30566
            ],
            [
              -113.63742,
              51.279169
            ],
            [
              -113.603849,
              51.250468
            ],
            [
              -113.574975,
              51.219839
            ],
            [
              -113.551069,
              51.18758
            ],
            [
              -113.532354,
              51.154005
            ],
            [
              -113.519,
              51.119439
            ],
            [
              -113.511123,
              51.084218
            ],
            [
              -113.508787,
              51.048682
            ],
            [
              -113.512003,
              51.013173
            ],
            [
              -113.520726,
              50.978033
            ],
            [
              -113.534861,
              50.943598
            ],
            [
              -113.554259,
              50.910199
            ],
            [
              -113.578726,
              50.878155
            ],
            [
              -113.608017,
              50.847771
            ],
            [
              -113.641845,
              50.819337
            ],
            [
              -113.67988,
              50.793121
            ],
            [
              -113.721756,
              50.769374
            ],
            [
              -113.76707,
              50.748319
            ],
            [
              -113.815389,
              50.730156
            ],
            [
              -113.866255,
              50.715056
            ],
            [
              -113.919186,
              50.703161
            ],
            [
              -113.973681,
              50.694584
            ],
            [
              -114.029227,
              50.689405
            ],
            [
              -114.0853,
              50.687673
            ],
            [
              -114.141373,
              50.689405
            ],
            [
              -114.196919,
              50.694584
            ],
            [
              -114.251414,
              50.703161
            ],
            [
              -114.304345,
              50.715056
            ],
            [
              -114.355211,
              50.730156
            ],
            [
              -114.40353,
              50.748319
            ],
            [
              -114.448844,
              50.769374
            ],
            [
              -114.49072,
              50.793121
            ],
            [
              -114.528755,
              50.819337
            ],
            [
              -114.562583,
              50.847771
            ],
            [
              -114.591874,
              50.878155
            ],
            [
              -114.616341,
              50.910199
            ],
            [
              -114.635739,
              50.943598
            ],
            [
              -114.649874,
              50.978033
            ],
            [
              -114.658597,
              51.013173
            ],
            [
              -114.661813,
              51.048682
            ],
            [
              -114.659477,
              51.084218
            ],
            [
              -114.6516,
              51.119439
            ],
            [
              -114.638246,
              51.154005
            ],
            [
              -114.619531,
              51.18758
            ],
            [
              -114.595625,
              51.219839
            ],
            [
              -114.566751,
              51.250468
            ],
            [
              -114.53318,
              51.279169
            ],
            [
              -114.495231,
              51.30566
            ],
            [
              -114.453269,
              51.329685
            ],
            [
              -114.407698,
              51.351006
            ],
            [
              -114.358962,
              51.369414
            ],
            [
              -114.307535,
              51.384729
            ],
            [
              -114.253921,
              51.3968
            ],
            [
              -114.198646,
              51.405508
            ],
            [
              -114.142254,
              51.410768
            ],
            [
              -114.0853,
              51.412527
            ]
          ]
        ]
      },
      "properties": {
        "rank": 47,
        "city": "Calgary",
        "metro_name": "Calgary (CMA), Alberta",
        "country": "Canada",
        "population": 1836012,
        "population_year": 2025,
        "lat": 51.0501,
        "lon": -114.0853,
        "radius_km": 40.3,
        "land_area_km2": 5098.7,
        "area_source": "StatCan 2021 CMA boundary LANDAREA (km2)"
      }
    },
    {
      "type": "Feature",
      "geometry": {
        "type": "Polygon",
        "coordinates": [
          [
            [
              -75.978,
              37.315151
            ],
            [
              -75.921033,
              37.312912
            ],
            [
              -75.864624,
              37.306216
            ],
            [
              -75.809327,
              37.295128
            ],
            [
              -75.755684,
              37.279758
            ],
            [
              -75.704217,
              37.260256
            ],
            [
              -75.65543,
              37.236813
            ],
            [
              -75.609796,
              37.209658
            ],
            [
              -75.567758,
              37.179057
            ],
            [
              -75.529723,
              37.145309
            ],
            [
              -75.496054,
              37.108742
            ],
            [
              -75.467073,
              37.069712
            ],
            [
              -75.443054,
              37.028599
            ],
            [
              -75.424222,
              36.985801
            ],
            [
              -75.410751,
              36.941734
            ],
            [
              -75.402762,
              36.896823
            ],
            [
              -75.400321,
              36.851502
            ],
            [
              -75.403443,
              36.806209
            ],
            [
              -75.412088,
              36.761377
            ],
            [
              -75.426163,
              36.717439
            ],
            [
              -75.445524,
              36.674816
            ],
            [
              -75.469977,
              36.633914
            ],
            [
              -75.499281,
              36.595126
            ],
            [
              -75.533149,
              36.558821
            ],
            [
              -75.571252,
              36.525345
            ],
            [
              -75.613222,
              36.495017
            ],
            [
              -75.658657,
              36.468124
            ],
            [
              -75.707122,
              36.444923
            ],
            [
              -75.758154,
              36.425633
            ],
            [
              -75.811268,
              36.410436
            ],
            [
              -75.865961,
              36.399478
            ],
            [
              -75.921714,
              36.392861
            ],
            [
              -75.978,
              36.390649
            ],
            [
              -76.034286,
              36.392861
            ],
            [
              -76.090039,
              36.399478
            ],
            [
              -76.144732,
              36.410436
            ],
            [
              -76.197846,
              36.425633
            ],
            [
              -76.248878,
              36.444923
            ],
            [
              -76.297343,
              36.468124
            ],
            [
              -76.342778,
              36.495017
            ],
            [
              -76.384748,
              36.525345
            ],
            [
              -76.422851,
              36.558821
            ],
            [
              -76.456719,
              36.595126
            ],
            [
              -76.486023,
              36.633914
            ],
            [
              -76.510476,
              36.674816
            ],
            [
              -76.529837,
              36.717439
            ],
            [
              -76.543912,
              36.761377
            ],
            [
              -76.552557,
              36.806209
            ],
            [
              -76.555679,
              36.851502
            ],
            [
              -76.553238,
              36.896823
            ],
            [
              -76.545249,
              36.941734
            ],
            [
              -76.531778,
              36.985801
            ],
            [
              -76.512946,
              37.028599
            ],
            [
              -76.488927,
              37.069712
            ],
            [
              -76.459946,
              37.108742
            ],
            [
              -76.426277,
              37.145309
            ],
            [
              -76.388242,
              37.179057
            ],
            [
              -76.346204,
              37.209658
            ],
            [
              -76.30057,
              37.236813
            ],
            [
              -76.251783,
              37.260256
            ],
            [
              -76.200316,
              37.279758
            ],
            [
              -76.146673,
              37.295128
            ],
            [
              -76.091376,
              37.306216
            ],
            [
              -76.034967,
              37.312912
            ],
            [
              -75.978,
              37.315151
            ]
          ]
        ]
      },
      "properties": {
        "rank": 48,
        "city": "Virginia Beach",
        "metro_name": "Virginia Beach-Chesapeake-Norfolk, VA-NC",
        "country": "United States",
        "population": 1797213,
        "population_year": 2025,
        "lat": 36.8529,
        "lon": -75.978,
        "radius_km": 51.4,
        "land_area_km2": 8292.8,
        "area_source": "US Census 2024 Gazetteer CBSA ALAND"
      }
    },
    {
      "type": "Feature",
      "geometry": {
        "type": "Polygon",
        "coordinates": [
          [
            [
              -81.6556,
              30.794451
            ],
            [
              -81.602857,
              30.792215
            ],
            [
              -81.550629,
              30.785527
            ],
            [
              -81.499426,
              30.774454
            ],
            [
              -81.449747,
              30.759103
            ],
            [
              -81.402078,
              30.739625
            ],
            [
              -81.356881,
              30.716209
            ],
            [
              -81.314594,
              30.689083
            ],
            [
              -81.275628,
              30.658512
            ],
            [
              -81.240358,
              30.624793
            ],
            [
              -81.209124,
              30.588255
            ],
            [
              -81.182222,
              30.549251
            ],
            [
              -81.15991,
              30.508161
            ],
            [
              -81.142397,
              30.465383
            ],
            [
              -81.129846,
              30.421329
            ],
            [
              -81.122372,
              30.376427
            ],
            [
              -81.12004,
              30.331109
            ],
            [
              -81.122866,
              30.285812
            ],
            [
              -81.130814,
              30.240972
            ],
            [
              -81.143801,
              30.197019
            ],
            [
              -81.161698,
              30.154376
            ],
            [
              -81.184324,
              30.113451
            ],
            [
              -81.211459,
              30.074637
            ],
            [
              -81.242838,
              30.038303
            ],
            [
              -81.278157,
              30.004797
            ],
            [
              -81.317074,
              29.974439
            ],
            [
              -81.359216,
              29.947518
            ],
            [
              -81.40418,
              29.92429
            ],
            [
              -81.451535,
              29.904977
            ],
            [
              -81.50083,
              29.889762
            ],
            [
              -81.551596,
              29.87879
            ],
            [
              -81.60335,
              29.872164
            ],
            [
              -81.6556,
              29.869949
            ],
            [
              -81.70785,
              29.872164
            ],
            [
              -81.759604,
              29.87879
            ],
            [
              -81.81037,
              29.889762
            ],
            [
              -81.859665,
              29.904977
            ],
            [
              -81.90702,
              29.92429
            ],
            [
              -81.951984,
              29.947518
            ],
            [
              -81.994126,
              29.974439
            ],
            [
              -82.033043,
              30.004797
            ],
            [
              -82.068362,
              30.038303
            ],
            [
              -82.099741,
              30.074637
            ],
            [
              -82.126876,
              30.113451
            ],
            [
              -82.149502,
              30.154376
            ],
            [
              -82.167399,
              30.197019
            ],
            [
              -82.180386,
              30.240972
            ],
            [
              -82.188334,
              30.285812
            ],
            [
              -82.19116,
              30.331109
            ],
            [
              -82.188828,
              30.376427
            ],
            [
              -82.181354,
              30.421329
            ],
            [
              -82.168803,
              30.465383
            ],
            [
              -82.15129,
              30.508161
            ],
            [
              -82.128978,
              30.549251
            ],
            [
              -82.102076,
              30.588255
            ],
            [
              -82.070842,
              30.624793
            ],
            [
              -82.035572,
              30.658512
            ],
            [
              -81.996606,
              30.689083
            ],
            [
              -81.954319,
              30.716209
            ],
            [
              -81.909122,
              30.739625
            ],
            [
              -81.861453,
              30.759103
            ],
            [
              -81.811774,
              30.774454
            ],
            [
              -81.760571,
              30.785527
            ],
            [
              -81.708343,
              30.792215
            ],
            [
              -81.6556,
              30.794451
            ]
          ]
        ]
      },
      "properties": {
        "rank": 49,
        "city": "Jacksonville",
        "metro_name": "Jacksonville, FL",
        "country": "United States",
        "population": 1785500,
        "population_year": 2025,
        "lat": 30.3322,
        "lon": -81.6556,
        "radius_km": 51.4,
        "land_area_km2": 8292.6,
        "area_source": "US Census 2024 Gazetteer CBSA ALAND"
      }
    },
    {
      "type": "Feature",
      "geometry": {
        "type": "Polygon",
        "coordinates": [
          [
            [
              -71.4128,
              42.149554
            ],
            [
              -71.369761,
              42.147979
            ],
            [
              -71.327143,
              42.143267
            ],
            [
              -71.285362,
              42.135466
            ],
            [
              -71.244827,
              42.124651
            ],
            [
              -71.205932,
              42.110928
            ],
            [
              -71.169056,
              42.094432
            ],
            [
              -71.134558,
              42.075322
            ],
            [
              -71.102771,
              42.053786
            ],
            [
              -71.074002,
              42.030033
            ],
            [
              -71.048527,
              42.004294
            ],
            [
              -71.026591,
              41.976819
            ],
            [
              -71.0084,
              41.947876
            ],
            [
              -70.994126,
              41.917744
            ],
            [
              -70.983902,
              41.886715
            ],
            [
              -70.97782,
              41.85509
            ],
            [
              -70.975933,
              41.823172
            ],
            [
              -70.978253,
              41.791271
            ],
            [
              -70.984752,
              41.759692
            ],
            [
              -70.99536,
              41.72874
            ],
            [
              -71.00997,
              41.698711
            ],
            [
              -71.028438,
              41.669893
            ],
            [
              -71.05058,
              41.642562
            ],
            [
              -71.076181,
              41.616978
            ],
            [
              -71.104992,
              41.593387
            ],
            [
              -71.136737,
              41.572012
            ],
            [
              -71.171108,
              41.553057
            ],
            [
              -71.207779,
              41.536704
            ],
            [
              -71.246397,
              41.523107
            ],
            [
              -71.286596,
              41.512395
            ],
            [
              -71.327993,
              41.50467
            ],
            [
              -71.370194,
              41.500005
            ],
            [
              -71.4128,
              41.498446
            ],
            [
              -71.455406,
              41.500005
            ],
            [
              -71.497607,
              41.50467
            ],
            [
              -71.539004,
              41.512395
            ],
            [
              -71.579203,
              41.523107
            ],
            [
              -71.617821,
              41.536704
            ],
            [
              -71.654492,
              41.553057
            ],
            [
              -71.688863,
              41.572012
            ],
            [
              -71.720608,
              41.593387
            ],
            [
              -71.749419,
              41.616978
            ],
            [
              -71.77502,
              41.642562
            ],
            [
              -71.797162,
              41.669893
            ],
            [
              -71.81563,
              41.698711
            ],
            [
              -71.83024,
              41.72874
            ],
            [
              -71.840848,
              41.759692
            ],
            [
              -71.847347,
              41.791271
            ],
            [
              -71.849667,
              41.823172
            ],
            [
              -71.84778,
              41.85509
            ],
            [
              -71.841698,
              41.886715
            ],
            [
              -71.831474,
              41.917744
            ],
            [
              -71.8172,
              41.947876
            ],
            [
              -71.799009,
              41.976819
            ],
            [
              -71.777073,
              42.004294
            ],
            [
              -71.751598,
              42.030033
            ],
            [
              -71.722829,
              42.053786
            ],
            [
              -71.691042,
              42.075322
            ],
            [
              -71.656544,
              42.094432
            ],
            [
              -71.619668,
              42.110928
            ],
            [
              -71.580773,
              42.124651
            ],
            [
              -71.540238,
              42.135466
            ],
            [
              -71.498457,
              42.143267
            ],
            [
              -71.455839,
              42.147979
            ],
            [
              -71.4128,
              42.149554
            ]
          ]
        ]
      },
      "properties": {
        "rank": 50,
        "city": "Providence",
        "metro_name": "Providence-Warwick, RI-MA",
        "country": "United States",
        "population": 1708161,
        "population_year": 2025,
        "lat": 41.824,
        "lon": -71.4128,
        "radius_km": 36.2,
        "land_area_km2": 4110.3,
        "area_source": "US Census 2024 Gazetteer CBSA ALAND"
      }
    },
    {
      "type": "Feature",
      "geometry": {
        "type": "Polygon",
        "coordinates": [
          [
            [
              -75.6981,
              45.706177
            ],
            [
              -75.656699,
              45.70475
            ],
            [
              -75.615703,
              45.70048
            ],
            [
              -75.575512,
              45.693411
            ],
            [
              -75.536521,
              45.68361
            ],
            [
              -75.499107,
              45.671175
            ],
            [
              -75.463637,
              45.656226
            ],
            [
              -75.430455,
              45.638909
            ],
            [
              -75.399881,
              45.619394
            ],
            [
              -75.372211,
              45.597869
            ],
            [
              -75.347711,
              45.574546
            ],
            [
              -75.326615,
              45.54965
            ],
            [
              -75.309122,
              45.523424
            ],
            [
              -75.295398,
              45.496121
            ],
            [
              -75.285569,
              45.468005
            ],
            [
              -75.279725,
              45.439349
            ],
            [
              -75.277916,
              45.41043
            ],
            [
              -75.280153,
              45.381525
            ],
            [
              -75.286409,
              45.352913
            ],
            [
              -75.296617,
              45.324869
            ],
            [
              -75.310674,
              45.297661
            ],
            [
              -75.32844,
              45.271551
            ],
            [
              -75.349739,
              45.246789
            ],
            [
              -75.374364,
              45.22361
            ],
            [
              -75.402076,
              45.202236
            ],
            [
              -75.432607,
              45.182871
            ],
            [
              -75.465665,
              45.165699
            ],
            [
              -75.500932,
              45.150883
            ],
            [
              -75.538072,
              45.138564
            ],
            [
              -75.576732,
              45.12886
            ],
            [
              -75.616543,
              45.121861
            ],
            [
              -75.657127,
              45.117636
            ],
            [
              -75.6981,
              45.116223
            ],
            [
              -75.739073,
              45.117636
            ],
            [
              -75.779657,
              45.121861
            ],
            [
              -75.819468,
              45.12886
            ],
            [
              -75.858128,
              45.138564
            ],
            [
              -75.895268,
              45.150883
            ],
            [
              -75.930535,
              45.165699
            ],
            [
              -75.963593,
              45.182871
            ],
            [
              -75.994124,
              45.202236
            ],
            [
              -76.021836,
              45.22361
            ],
            [
              -76.046461,
              45.246789
            ],
            [
              -76.06776,
              45.271551
            ],
            [
              -76.085526,
              45.297661
            ],
            [
              -76.099583,
              45.324869
            ],
            [
              -76.109791,
              45.352913
            ],
            [
              -76.116047,
              45.381525
            ],
            [
              -76.118284,
              45.41043
            ],
            [
              -76.116475,
              45.439349
            ],
            [
              -76.110631,
              45.468005
            ],
            [
              -76.100802,
              45.496121
            ],
            [
              -76.087078,
              45.523424
            ],
            [
              -76.069585,
              45.54965
            ],
            [
              -76.048489,
              45.574546
            ],
            [
              -76.023989,
              45.597869
            ],
            [
              -75.996319,
              45.619394
            ],
            [
              -75.965745,
              45.638909
            ],
            [
              -75.932563,
              45.656226
            ],
            [
              -75.897093,
              45.671175
            ],
            [
              -75.859679,
              45.68361
            ],
            [
              -75.820688,
              45.693411
            ],
            [
              -75.780497,
              45.70048
            ],
            [
              -75.739501,
              45.70475
            ],
            [
              -75.6981,
              45.706177
            ]
          ]
        ]
      },
      "properties": {
        "rank": 51,
        "city": "Ottawa",
        "metro_name": "Ottawa - Gatineau (CMA), Ontario/Quebec",
        "country": "Canada",
        "population": 1700014,
        "population_year": 2025,
        "lat": 45.4112,
        "lon": -75.6981,
        "radius_km": 32.8,
        "land_area_km2": 3381.8,
        "area_source": "StatCan 2021 CMA boundary LANDAREA (km2)"
      }
    },
    {
      "type": "Feature",
      "geometry": {
        "type": "Polygon",
        "coordinates": [
          [
            [
              -113.4687,
              54.042029
            ],
            [
              -113.38659,
              54.039632
            ],
            [
              -113.305299,
              54.032466
            ],
            [
              -113.225637,
              54.020602
            ],
            [
              -113.148395,
              54.004159
            ],
            [
              -113.074339,
              53.983299
            ],
            [
              -113.004199,
              53.958231
            ],
            [
              -112.938664,
              53.929203
            ],
            [
              -112.878372,
              53.896503
            ],
            [
              -112.823906,
              53.860453
            ],
            [
              -112.775788,
              53.821409
            ],
            [
              -112.734471,
              53.779755
            ],
            [
              -112.70034,
              53.7359
            ],
            [
              -112.673706,
              53.690271
            ],
            [
              -112.654802,
              53.643313
            ],
            [
              -112.643787,
              53.595482
            ],
            [
              -112.640741,
              53.547241
            ],
            [
              -112.645665,
              53.499055
            ],
            [
              -112.658485,
              53.451387
            ],
            [
              -112.679052,
              53.404693
            ],
            [
              -112.707145,
              53.359419
            ],
            [
              -112.742473,
              53.315997
            ],
            [
              -112.78468,
              53.274837
            ],
            [
              -112.833346,
              53.23633
            ],
            [
              -112.887997,
              53.200838
            ],
            [
              -112.948104,
              53.168695
            ],
            [
              -113.013092,
              53.140204
            ],
            [
              -113.082342,
              53.11563
            ],
            [
              -113.155202,
              53.095203
            ],
            [
              -113.230985,
              53.079116
            ],
            [
              -113.308983,
              53.067516
            ],
            [
              -113.388468,
              53.060513
            ],
            [
              -113.4687,
              53.058171
            ],
            [
              -113.548932,
              53.060513
            ],
            [
              -113.628417,
              53.067516
            ],
            [
              -113.706415,
              53.079116
            ],
            [
              -113.782198,
              53.095203
            ],
            [
              -113.855058,
              53.11563
            ],
            [
              -113.924308,
              53.140204
            ],
            [
              -113.989296,
              53.168695
            ],
            [
              -114.049403,
              53.200838
            ],
            [
              -114.104054,
              53.23633
            ],
            [
              -114.15272,
              53.274837
            ],
            [
              -114.194927,
              53.315997
            ],
            [
              -114.230255,
              53.359419
            ],
            [
              -114.258348,
              53.404693
            ],
            [
              -114.278915,
              53.451387
            ],
            [
              -114.291735,
              53.499055
            ],
            [
              -114.296659,
              53.547241
            ],
            [
              -114.293613,
              53.595482
            ],
            [
              -114.282598,
              53.643313
            ],
            [
              -114.263694,
              53.690271
            ],
            [
              -114.23706,
              53.7359
            ],
            [
              -114.202929,
              53.779755
            ],
            [
              -114.161612,
              53.821409
            ],
            [
              -114.113494,
              53.860453
            ],
            [
              -114.059028,
              53.896503
            ],
            [
              -113.998736,
              53.929203
            ],
            [
              -113.933201,
              53.958231
            ],
            [
              -113.863061,
              53.983299
            ],
            [
              -113.789005,
              54.004159
            ],
            [
              -113.711763,
              54.020602
            ],
            [
              -113.632101,
              54.032466
            ],
            [
              -113.55081,
              54.039632
            ],
            [
              -113.4687,
              54.042029
            ]
          ]
        ]
      },
      "properties": {
        "rank": 52,
        "city": "Edmonton",
        "metro_name": "Edmonton (CMA), Alberta",
        "country": "Canada",
        "population": 1692385,
        "population_year": 2025,
        "lat": 53.5501,
        "lon": -113.4687,
        "radius_km": 54.7,
        "land_area_km2": 9416.2,
        "area_source": "StatCan 2021 CMA boundary LANDAREA (km2)"
      }
    },
    {
      "type": "Feature",
      "geometry": {
        "type": "Polygon",
        "coordinates": [
          [
            [
              -78.6386,
              36.148016
            ],
            [
              -78.592971,
              36.146198
            ],
            [
              -78.547788,
              36.140759
            ],
            [
              -78.503492,
              36.131754
            ],
            [
              -78.460514,
              36.11927
            ],
            [
              -78.419275,
              36.10343
            ],
            [
              -78.380174,
              36.084387
            ],
            [
              -78.343591,
              36.062328
            ],
            [
              -78.309881,
              36.037466
            ],
            [
              -78.279369,
              36.010045
            ],
            [
              -78.252347,
              35.980331
            ],
            [
              -78.229074,
              35.948612
            ],
            [
              -78.209771,
              35.915196
            ],
            [
              -78.194621,
              35.880407
            ],
            [
              -78.183763,
              35.844582
            ],
            [
              -78.177298,
              35.808066
            ],
            [
              -78.17528,
              35.771212
            ],
            [
              -78.177725,
              35.734374
            ],
            [
              -78.184601,
              35.697909
            ],
            [
              -78.195838,
              35.662165
            ],
            [
              -78.21132,
              35.627487
            ],
            [
              -78.230895,
              35.594206
            ],
            [
              -78.25437,
              35.56264
            ],
            [
              -78.281517,
              35.533093
            ],
            [
              -78.312071,
              35.505845
            ],
            [
              -78.34574,
              35.481157
            ],
            [
              -78.382197,
              35.459264
            ],
            [
              -78.421096,
              35.440375
            ],
            [
              -78.462063,
              35.424669
            ],
            [
              -78.504708,
              35.412296
            ],
            [
              -78.548626,
              35.403373
            ],
            [
              -78.593398,
              35.397985
            ],
            [
              -78.6386,
              35.396184
            ],
            [
              -78.683802,
              35.397985
            ],
            [
              -78.728574,
              35.403373
            ],
            [
              -78.772492,
              35.412296
            ],
            [
              -78.815137,
              35.424669
            ],
            [
              -78.856104,
              35.440375
            ],
            [
              -78.895003,
              35.459264
            ],
            [
              -78.93146,
              35.481157
            ],
            [
              -78.965129,
              35.505845
            ],
            [
              -78.995683,
              35.533093
            ],
            [
              -79.02283,
              35.56264
            ],
            [
              -79.046305,
              35.594206
            ],
            [
              -79.06588,
              35.627487
            ],
            [
              -79.081362,
              35.662165
            ],
            [
              -79.092599,
              35.697909
            ],
            [
              -79.099475,
              35.734374
            ],
            [
              -79.10192,
              35.771212
            ],
            [
              -79.099902,
              35.808066
            ],
            [
              -79.093437,
              35.844582
            ],
            [
              -79.082579,
              35.880407
            ],
            [
              -79.067429,
              35.915196
            ],
            [
              -79.048126,
              35.948612
            ],
            [
              -79.024853,
              35.980331
            ],
            [
              -78.997831,
              36.010045
            ],
            [
              -78.967319,
              36.037466
            ],
            [
              -78.933609,
              36.062328
            ],
            [
              -78.897026,
              36.084387
            ],
            [
              -78.857925,
              36.10343
            ],
            [
              -78.816686,
              36.11927
            ],
            [
              -78.773708,
              36.131754
            ],
            [
              -78.729412,
              36.140759
            ],
            [
              -78.684229,
              36.146198
            ],
            [
              -78.6386,
              36.148016
            ]
          ]
        ]
      },
      "properties": {
        "rank": 53,
        "city": "Raleigh",
        "metro_name": "Raleigh-Cary, NC",
        "country": "United States",
        "population": 1595720,
        "population_year": 2025,
        "lat": 35.7721,
        "lon": -78.6386,
        "radius_km": 41.8,
        "land_area_km2": 5486.7,
        "area_source": "US Census 2024 Gazetteer CBSA ALAND"
      }
    },
    {
      "type": "Feature",
      "geometry": {
        "type": "Polygon",
        "coordinates": [
          [
            [
              -87.9065,
              43.350065
            ],
            [
              -87.864559,
              43.348559
            ],
            [
              -87.823027,
              43.344056
            ],
            [
              -87.782312,
              43.3366
            ],
            [
              -87.74281,
              43.326263
            ],
            [
              -87.704907,
              43.313147
            ],
            [
              -87.668972,
              43.29738
            ],
            [
              -87.635353,
              43.279115
            ],
            [
              -87.604377,
              43.258531
            ],
            [
              -87.576341,
              43.235828
            ],
            [
              -87.551516,
              43.211227
            ],
            [
              -87.530138,
              43.184967
            ],
            [
              -87.51241,
              43.157303
            ],
            [
              -87.4985,
              43.128503
            ],
            [
              -87.488536,
              43.098845
            ],
            [
              -87.482608,
              43.068618
            ],
            [
              -87.480769,
              43.038111
            ],
            [
              -87.48303,
              43.00762
            ],
            [
              -87.489362,
              42.977437
            ],
            [
              -87.499699,
              42.947852
            ],
            [
              -87.513937,
              42.919151
            ],
            [
              -87.531933,
              42.891606
            ],
            [
              -87.55351,
              42.865482
            ],
            [
              -87.578459,
              42.841029
            ],
            [
              -87.606536,
              42.81848
            ],
            [
              -87.637471,
              42.79805
            ],
            [
              -87.670967,
              42.779933
            ],
            [
              -87.706703,
              42.764302
            ],
            [
              -87.744337,
              42.751306
            ],
            [
              -87.783512,
              42.741067
            ],
            [
              -87.823854,
              42.733684
            ],
            [
              -87.86498,
              42.729226
            ],
            [
              -87.9065,
              42.727735
            ],
            [
              -87.94802,
              42.729226
            ],
            [
              -87.989146,
              42.733684
            ],
            [
              -88.029488,
              42.741067
            ],
            [
              -88.068663,
              42.751306
            ],
            [
              -88.106297,
              42.764302
            ],
            [
              -88.142033,
              42.779933
            ],
            [
              -88.175529,
              42.79805
            ],
            [
              -88.206464,
              42.81848
            ],
            [
              -88.234541,
              42.841029
            ],
            [
              -88.25949,
              42.865482
            ],
            [
              -88.281067,
              42.891606
            ],
            [
              -88.299063,
              42.919151
            ],
            [
              -88.313301,
              42.947852
            ],
            [
              -88.323638,
              42.977437
            ],
            [
              -88.32997,
              43.00762
            ],
            [
              -88.332231,
              43.038111
            ],
            [
              -88.330392,
              43.068618
            ],
            [
              -88.324464,
              43.098845
            ],
            [
              -88.3145,
              43.128503
            ],
            [
              -88.30059,
              43.157303
            ],
            [
              -88.282862,
              43.184967
            ],
            [
              -88.261484,
              43.211227
            ],
            [
              -88.236659,
              43.235828
            ],
            [
              -88.208623,
              43.258531
            ],
            [
              -88.177647,
              43.279115
            ],
            [
              -88.144028,
              43.29738
            ],
            [
              -88.108093,
              43.313147
            ],
            [
              -88.07019,
              43.326263
            ],
            [
              -88.030688,
              43.3366
            ],
            [
              -87.989973,
              43.344056
            ],
            [
              -87.948441,
              43.348559
            ],
            [
              -87.9065,
              43.350065
            ]
          ]
        ]
      },
      "properties": {
        "rank": 54,
        "city": "Milwaukee",
        "metro_name": "Milwaukee-Waukesha, WI",
        "country": "United States",
        "population": 1575010,
        "population_year": 2025,
        "lat": 43.0389,
        "lon": -87.9065,
        "radius_km": 34.6,
        "land_area_km2": 3768.0,
        "area_source": "US Census 2024 Gazetteer CBSA ALAND"
      }
    },
    {
      "type": "Feature",
      "geometry": {
        "type": "Polygon",
        "coordinates": [
          [
            [
              -92.7577,
              16.067726
            ],
            [
              -92.734217,
              16.066616
            ],
            [
              -92.71096,
              16.063298
            ],
            [
              -92.688156,
              16.057802
            ],
            [
              -92.666023,
              16.050182
            ],
            [
              -92.644776,
              16.040512
            ],
            [
              -92.62462,
              16.028885
            ],
            [
              -92.605749,
              16.015414
            ],
            [
              -92.588345,
              16.000229
            ],
            [
              -92.572576,
              15.983475
            ],
            [
              -92.558594,
              15.965316
            ],
            [
              -92.546533,
              15.945926
            ],
            [
              -92.536509,
              15.925492
            ],
            [
              -92.528618,
              15.904211
            ],
            [
              -92.522935,
              15.882289
            ],
            [
              -92.519515,
              15.859936
            ],
            [
              -92.518389,
              15.837369
            ],
            [
              -92.519568,
              15.814804
            ],
            [
              -92.52304,
              15.792459
            ],
            [
              -92.52877,
              15.770549
            ],
            [
              -92.536702,
              15.749284
            ],
            [
              -92.54676,
              15.72887
            ],
            [
              -92.558846,
              15.709503
            ],
            [
              -92.572844,
              15.691368
            ],
            [
              -92.588618,
              15.67464
            ],
            [
              -92.606016,
              15.65948
            ],
            [
              -92.624872,
              15.646033
            ],
            [
              -92.645003,
              15.634429
            ],
            [
              -92.666216,
              15.624779
            ],
            [
              -92.688307,
              15.617176
            ],
            [
              -92.711065,
              15.611692
            ],
            [
              -92.73427,
              15.608381
            ],
            [
              -92.7577,
              15.607274
            ],
            [
              -92.78113,
              15.608381
            ],
            [
              -92.804335,
              15.611692
            ],
            [
              -92.827093,
              15.617176
            ],
            [
              -92.849184,
              15.624779
            ],
            [
              -92.870397,
              15.634429
            ],
            [
              -92.890528,
              15.646033
            ],
            [
              -92.909384,
              15.65948
            ],
            [
              -92.926782,
              15.67464
            ],
            [
              -92.942556,
              15.691368
            ],
            [
              -92.956554,
              15.709503
            ],
            [
              -92.96864,
              15.72887
            ],
            [
              -92.978698,
              15.749284
            ],
            [
              -92.98663,
              15.770549
            ],
            [
              -92.99236,
              15.792459
            ],
            [
              -92.995832,
              15.814804
            ],
            [
              -92.997011,
              15.837369
            ],
            [
              -92.995885,
              15.859936
            ],
            [
              -92.992465,
              15.882289
            ],
            [
              -92.986782,
              15.904211
            ],
            [
              -92.978891,
              15.925492
            ],
            [
              -92.968867,
              15.945926
            ],
            [
              -92.956806,
              15.965316
            ],
            [
              -92.942824,
              15.983475
            ],
            [
              -92.927055,
              16.000229
            ],
            [
              -92.909651,
              16.015414
            ],
            [
              -92.89078,
              16.028885
            ],
            [
              -92.870624,
              16.040512
            ],
            [
              -92.849377,
              16.050182
            ],
            [
              -92.827244,
              16.057802
            ],
            [
              -92.80444,
              16.063298
            ],
            [
              -92.781183,
              16.066616
            ],
            [
              -92.7577,
              16.067726
            ]
          ]
        ]
      },
      "properties": {
        "rank": 55,
        "city": "Querétaro",
        "metro_name": "Querétaro",
        "country": "Mexico",
        "population": 1530820,
        "population_year": 2020,
        "lat": 15.8375,
        "lon": -92.7577,
        "radius_km": 25.6,
        "land_area_km2": 2053.4,
        "area_source": "SEDATU/CONAPO/INEGI superficie_km2 2020"
      }
    },
    {
      "type": "Feature",
      "geometry": {
        "type": "Polygon",
        "coordinates": [
          [
            [
              -97.5164,
              36.073743
            ],
            [
              -97.442898,
              36.070802
            ],
            [
              -97.370119,
              36.062008
            ],
            [
              -97.298781,
              36.047448
            ],
            [
              -97.229586,
              36.027264
            ],
            [
              -97.163211,
              36.001657
            ],
            [
              -97.100306,
              35.970877
            ],
            [
              -97.041484,
              35.935226
            ],
            [
              -96.987317,
              35.895055
            ],
            [
              -96.938328,
              35.850757
            ],
            [
              -96.894985,
              35.802765
            ],
            [
              -96.857702,
              35.751547
            ],
            [
              -96.826829,
              35.697602
            ],
            [
              -96.802654,
              35.641455
            ],
            [
              -96.785396,
              35.58365
            ],
            [
              -96.775208,
              35.524747
            ],
            [
              -96.772173,
              35.465316
            ],
            [
              -96.776303,
              35.405928
            ],
            [
              -96.787543,
              35.347155
            ],
            [
              -96.80577,
              35.289562
            ],
            [
              -96.830795,
              35.233699
            ],
            [
              -96.862366,
              35.1801
            ],
            [
              -96.900167,
              35.129277
            ],
            [
              -96.943829,
              35.081713
            ],
            [
              -96.992927,
              35.03786
            ],
            [
              -97.046986,
              34.998135
            ],
            [
              -97.105489,
              34.962913
            ],
            [
              -97.167875,
              34.932528
            ],
            [
              -97.233552,
              34.907266
            ],
            [
              -97.301898,
              34.887367
            ],
            [
              -97.372266,
              34.873018
            ],
            [
              -97.443992,
              34.864354
            ],
            [
              -97.5164,
              34.861457
            ],
            [
              -97.588808,
              34.864354
            ],
            [
              -97.660534,
              34.873018
            ],
            [
              -97.730902,
              34.887367
            ],
            [
              -97.799248,
              34.907266
            ],
            [
              -97.864925,
              34.932528
            ],
            [
              -97.927311,
              34.962913
            ],
            [
              -97.985814,
              34.998135
            ],
            [
              -98.039873,
              35.03786
            ],
            [
              -98.088971,
              35.081713
            ],
            [
              -98.132633,
              35.129277
            ],
            [
              -98.170434,
              35.1801
            ],
            [
              -98.202005,
              35.233699
            ],
            [
              -98.22703,
              35.289562
            ],
            [
              -98.245257,
              35.347155
            ],
            [
              -98.256497,
              35.405928
            ],
            [
              -98.260627,
              35.465316
            ],
            [
              -98.257592,
              35.524747
            ],
            [
              -98.247404,
              35.58365
            ],
            [
              -98.230146,
              35.641455
            ],
            [
              -98.205971,
              35.697602
            ],
            [
              -98.175098,
              35.751547
            ],
            [
              -98.137815,
              35.802765
            ],
            [
              -98.094472,
              35.850757
            ],
            [
              -98.045483,
              35.895055
            ],
            [
              -97.991316,
              35.935226
            ],
            [
              -97.932494,
              35.970877
            ],
            [
              -97.869589,
              36.001657
            ],
            [
              -97.803214,
              36.027264
            ],
            [
              -97.734019,
              36.047448
            ],
            [
              -97.662681,
              36.062008
            ],
            [
              -97.589902,
              36.070802
            ],
            [
              -97.5164,
              36.073743
            ]
          ]
        ]
      },
      "properties": {
        "rank": 56,
        "city": "Oklahoma City",
        "metro_name": "Oklahoma City, OK",
        "country": "United States",
        "population": 1512813,
        "population_year": 2025,
        "lat": 35.4676,
        "lon": -97.5164,
        "radius_km": 67.4,
        "land_area_km2": 14275.4,
        "area_source": "US Census 2024 Gazetteer CBSA ALAND"
      }
    },
    {
      "type": "Feature",
      "geometry": {
        "type": "Polygon",
        "coordinates": [
          [
            [
              -106.4608,
              32.022372
            ],
            [
              -106.425867,
              32.020912
            ],
            [
              -106.391274,
              32.016547
            ],
            [
              -106.357357,
              32.009319
            ],
            [
              -106.324446,
              31.999298
            ],
            [
              -106.292859,
              31.986582
            ],
            [
              -106.262905,
              31.971294
            ],
            [
              -106.234871,
              31.953583
            ],
            [
              -106.20903,
              31.933621
            ],
            [
              -106.18563,
              31.9116
            ],
            [
              -106.164897,
              31.887736
            ],
            [
              -106.147029,
              31.862259
            ],
            [
              -106.132196,
              31.835415
            ],
            [
              -106.12054,
              31.807464
            ],
            [
              -106.11217,
              31.778677
            ],
            [
              -106.107164,
              31.74933
            ],
            [
              -106.105566,
              31.719707
            ],
            [
              -106.10739,
              31.690094
            ],
            [
              -106.112613,
              31.660776
            ],
            [
              -106.121183,
              31.632034
            ],
            [
              -106.133015,
              31.604144
            ],
            [
              -106.147992,
              31.577375
            ],
            [
              -106.165967,
              31.551983
            ],
            [
              -106.186766,
              31.528211
            ],
            [
              -106.210188,
              31.506287
            ],
            [
              -106.236007,
              31.486421
            ],
            [
              -106.263974,
              31.468802
            ],
            [
              -106.293822,
              31.453599
            ],
            [
              -106.325265,
              31.440958
            ],
            [
              -106.358001,
              31.430998
            ],
            [
              -106.391717,
              31.423815
            ],
            [
              -106.426093,
              31.419478
            ],
            [
              -106.4608,
              31.418028
            ],
            [
              -106.495507,
              31.419478
            ],
            [
              -106.529883,
              31.423815
            ],
            [
              -106.563599,
              31.430998
            ],
            [
              -106.596335,
              31.440958
            ],
            [
              -106.627778,
              31.453599
            ],
            [
              -106.657626,
              31.468802
            ],
            [
              -106.685593,
              31.486421
            ],
            [
              -106.711412,
              31.506287
            ],
            [
              -106.734834,
              31.528211
            ],
            [
              -106.755633,
              31.551983
            ],
            [
              -106.773608,
              31.577375
            ],
            [
              -106.788585,
              31.604144
            ],
            [
              -106.800417,
              31.632034
            ],
            [
              -106.808987,
              31.660776
            ],
            [
              -106.81421,
              31.690094
            ],
            [
              -106.816034,
              31.719707
            ],
            [
              -106.814436,
              31.74933
            ],
            [
              -106.80943,
              31.778677
            ],
            [
              -106.80106,
              31.807464
            ],
            [
              -106.789404,
              31.835415
            ],
            [
              -106.774571,
              31.862259
            ],
            [
              -106.756703,
              31.887736
            ],
            [
              -106.73597,
              31.9116
            ],
            [
              -106.71257,
              31.933621
            ],
            [
              -106.686729,
              31.953583
            ],
            [
              -106.658695,
              31.971294
            ],
            [
              -106.628741,
              31.986582
            ],
            [
              -106.597154,
              31.999298
            ],
            [
              -106.564243,
              32.009319
            ],
            [
              -106.530326,
              32.016547
            ],
            [
              -106.495733,
              32.020912
            ],
            [
              -106.4608,
              32.022372
            ]
          ]
        ]
      },
      "properties": {
        "rank": 57,
        "city": "Juárez",
        "metro_name": "Juárez",
        "country": "Mexico",
        "population": 1512450,
        "population_year": 2020,
        "lat": 31.7202,
        "lon": -106.4608,
        "radius_km": 33.6,
        "land_area_km2": 3547.5,
        "area_source": "SEDATU/CONAPO/INEGI superficie_km2 2020"
      }
    },
    {
      "type": "Feature",
      "geometry": {
        "type": "Polygon",
        "coordinates": [
          [
            [
              -85.7594,
              38.767713
            ],
            [
              -85.694848,
              38.765222
            ],
            [
              -85.630931,
              38.757776
            ],
            [
              -85.568277,
              38.745446
            ],
            [
              -85.507502,
              38.728355
            ],
            [
              -85.449201,
              38.706671
            ],
            [
              -85.393944,
              38.680605
            ],
            [
              -85.342269,
              38.650414
            ],
            [
              -85.294677,
              38.616394
            ],
            [
              -85.251629,
              38.578877
            ],
            [
              -85.213536,
              38.53823
            ],
            [
              -85.180762,
              38.49485
            ],
            [
              -85.153616,
              38.449158
            ],
            [
              -85.13235,
              38.401598
            ],
            [
              -85.117159,
              38.352632
            ],
            [
              -85.108178,
              38.302734
            ],
            [
              -85.105481,
              38.252386
            ],
            [
              -85.10908,
              38.202072
            ],
            [
              -85.118928,
              38.152277
            ],
            [
              -85.134917,
              38.103479
            ],
            [
              -85.156883,
              38.056145
            ],
            [
              -85.184604,
              38.010728
            ],
            [
              -85.217805,
              37.967661
            ],
            [
              -85.256161,
              37.927354
            ],
            [
              -85.299298,
              37.890191
            ],
            [
              -85.346801,
              37.856525
            ],
            [
              -85.398213,
              37.826675
            ],
            [
              -85.453044,
              37.800923
            ],
            [
              -85.51077,
              37.779513
            ],
            [
              -85.570845,
              37.762648
            ],
            [
              -85.6327,
              37.750486
            ],
            [
              -85.69575,
              37.743143
            ],
            [
              -85.7594,
              37.740687
            ],
            [
              -85.82305,
              37.743143
            ],
            [
              -85.8861,
              37.750486
            ],
            [
              -85.947955,
              37.762648
            ],
            [
              -86.00803,
              37.779513
            ],
            [
              -86.065756,
              37.800923
            ],
            [
              -86.120587,
              37.826675
            ],
            [
              -86.171999,
              37.856525
            ],
            [
              -86.219502,
              37.890191
            ],
            [
              -86.262639,
              37.927354
            ],
            [
              -86.300995,
              37.967661
            ],
            [
              -86.334196,
              38.010728
            ],
            [
              -86.361917,
              38.056145
            ],
            [
              -86.383883,
              38.103479
            ],
            [
              -86.399872,
              38.152277
            ],
            [
              -86.40972,
              38.202072
            ],
            [
              -86.413319,
              38.252386
            ],
            [
              -86.410622,
              38.302734
            ],
            [
              -86.401641,
              38.352632
            ],
            [
              -86.38645,
              38.401598
            ],
            [
              -86.365184,
              38.449158
            ],
            [
              -86.338038,
              38.49485
            ],
            [
              -86.305264,
              38.53823
            ],
            [
              -86.267171,
              38.578877
            ],
            [
              -86.224123,
              38.616394
            ],
            [
              -86.176531,
              38.650414
            ],
            [
              -86.124856,
              38.680605
            ],
            [
              -86.069599,
              38.706671
            ],
            [
              -86.011298,
              38.728355
            ],
            [
              -85.950523,
              38.745446
            ],
            [
              -85.887869,
              38.757776
            ],
            [
              -85.823952,
              38.765222
            ],
            [
              -85.7594,
              38.767713
            ]
          ]
        ]
      },
      "properties": {
        "rank": 58,
        "city": "Louisville",
        "metro_name": "Louisville/Jefferson County, KY-IN",
        "country": "United States",
        "population": 1402509,
        "population_year": 2025,
        "lat": 38.2542,
        "lon": -85.7594,
        "radius_km": 57.1,
        "land_area_km2": 10258.5,
        "area_source": "US Census 2024 Gazetteer CBSA ALAND"
      }
    },
    {
      "type": "Feature",
      "geometry": {
        "type": "Polygon",
        "coordinates": [
          [
            [
              -77.4603,
              38.093393
            ],
            [
              -77.3931,
              38.090776
            ],
            [
              -77.326562,
              38.08295
            ],
            [
              -77.261339,
              38.069992
            ],
            [
              -77.198073,
              38.05203
            ],
            [
              -77.137384,
              38.02924
            ],
            [
              -77.079865,
              38.001846
            ],
            [
              -77.026076,
              37.970118
            ],
            [
              -76.97654,
              37.934365
            ],
            [
              -76.931735,
              37.894938
            ],
            [
              -76.892091,
              37.852223
            ],
            [
              -76.857984,
              37.806635
            ],
            [
              -76.829737,
              37.758619
            ],
            [
              -76.807612,
              37.708641
            ],
            [
              -76.791812,
              37.657186
            ],
            [
              -76.782475,
              37.604753
            ],
            [
              -76.779679,
              37.551847
            ],
            [
              -76.783437,
              37.498978
            ],
            [
              -76.793697,
              37.446656
            ],
            [
              -76.81035,
              37.395381
            ],
            [
              -76.833221,
              37.345647
            ],
            [
              -76.862081,
              37.297926
            ],
            [
              -76.896644,
              37.252676
            ],
            [
              -76.936569,
              37.210327
            ],
            [
              -76.981469,
              37.171281
            ],
            [
              -77.03091,
              37.13591
            ],
            [
              -77.084418,
              37.104548
            ],
            [
              -77.141482,
              37.077492
            ],
            [
              -77.201558,
              37.054998
            ],
            [
              -77.264077,
              37.037279
            ],
            [
              -77.328448,
              37.024502
            ],
            [
              -77.394062,
              37.016787
            ],
            [
              -77.4603,
              37.014207
            ],
            [
              -77.526538,
              37.016787
            ],
            [
              -77.592152,
              37.024502
            ],
            [
              -77.656523,
              37.037279
            ],
            [
              -77.719042,
              37.054998
            ],
            [
              -77.779118,
              37.077492
            ],
            [
              -77.836182,
              37.104548
            ],
            [
              -77.88969,
              37.13591
            ],
            [
              -77.939131,
              37.171281
            ],
            [
              -77.984031,
              37.210327
            ],
            [
              -78.023956,
              37.252676
            ],
            [
              -78.058519,
              37.297926
            ],
            [
              -78.087379,
              37.345647
            ],
            [
              -78.11025,
              37.395381
            ],
            [
              -78.126903,
              37.446656
            ],
            [
              -78.137163,
              37.498978
            ],
            [
              -78.140921,
              37.551847
            ],
            [
              -78.138125,
              37.604753
            ],
            [
              -78.128788,
              37.657186
            ],
            [
              -78.112988,
              37.708641
            ],
            [
              -78.090863,
              37.758619
            ],
            [
              -78.062616,
              37.806635
            ],
            [
              -78.028509,
              37.852223
            ],
            [
              -77.988865,
              37.894938
            ],
            [
              -77.94406,
              37.934365
            ],
            [
              -77.894524,
              37.970118
            ],
            [
              -77.840735,
              38.001846
            ],
            [
              -77.783216,
              38.02924
            ],
            [
              -77.722527,
              38.05203
            ],
            [
              -77.659261,
              38.069992
            ],
            [
              -77.594038,
              38.08295
            ],
            [
              -77.5275,
              38.090776
            ],
            [
              -77.4603,
              38.093393
            ]
          ]
        ]
      },
      "properties": {
        "rank": 59,
        "city": "Richmond",
        "metro_name": "Richmond, VA",
        "country": "United States",
        "population": 1389338,
        "population_year": 2025,
        "lat": 37.5538,
        "lon": -77.4603,
        "radius_km": 60.0,
        "land_area_km2": 11303.6,
        "area_source": "US Census 2024 Gazetteer CBSA ALAND"
      }
    },
    {
      "type": "Feature",
      "geometry": {
        "type": "Polygon",
        "coordinates": [
          [
            [
              -103.419,
              25.905427
            ],
            [
              -103.379606,
              25.903681
            ],
            [
              -103.340596,
              25.89846
            ],
            [
              -103.302347,
              25.889814
            ],
            [
              -103.265231,
              25.877827
            ],
            [
              -103.229609,
              25.862617
            ],
            [
              -103.195826,
              25.84433
            ],
            [
              -103.164207,
              25.823144
            ],
            [
              -103.13506,
              25.799264
            ],
            [
              -103.108665,
              25.772923
            ],
            [
              -103.085276,
              25.744375
            ],
            [
              -103.065117,
              25.713897
            ],
            [
              -103.048381,
              25.681784
            ],
            [
              -103.035225,
              25.648346
            ],
            [
              -103.025776,
              25.613905
            ],
            [
              -103.02012,
              25.578796
            ],
            [
              -103.018308,
              25.543355
            ],
            [
              -103.020355,
              25.507925
            ],
            [
              -103.026238,
              25.472846
            ],
            [
              -103.035897,
              25.438456
            ],
            [
              -103.049235,
              25.405086
            ],
            [
              -103.066122,
              25.373055
            ],
            [
              -103.086393,
              25.342671
            ],
            [
              -103.10985,
              25.314225
            ],
            [
              -103.136269,
              25.28799
            ],
            [
              -103.165393,
              25.264218
            ],
            [
              -103.196942,
              25.243134
            ],
            [
              -103.230614,
              25.224941
            ],
            [
              -103.266086,
              25.209813
            ],
            [
              -103.303018,
              25.197894
            ],
            [
              -103.341058,
              25.189299
            ],
            [
              -103.379842,
              25.184108
            ],
            [
              -103.419,
              25.182373
            ],
            [
              -103.458158,
              25.184108
            ],
            [
              -103.496942,
              25.189299
            ],
            [
              -103.534982,
              25.197894
            ],
            [
              -103.571914,
              25.209813
            ],
            [
              -103.607386,
              25.224941
            ],
            [
              -103.641058,
              25.243134
            ],
            [
              -103.672607,
              25.264218
            ],
            [
              -103.701731,
              25.28799
            ],
            [
              -103.72815,
              25.314225
            ],
            [
              -103.751607,
              25.342671
            ],
            [
              -103.771878,
              25.373055
            ],
            [
              -103.788765,
              25.405086
            ],
            [
              -103.802103,
              25.438456
            ],
            [
              -103.811762,
              25.472846
            ],
            [
              -103.817645,
              25.507925
            ],
            [
              -103.819692,
              25.543355
            ],
            [
              -103.81788,
              25.578796
            ],
            [
              -103.812224,
              25.613905
            ],
            [
              -103.802775,
              25.648346
            ],
            [
              -103.789619,
              25.681784
            ],
            [
              -103.772883,
              25.713897
            ],
            [
              -103.752724,
              25.744375
            ],
            [
              -103.729335,
              25.772923
            ],
            [
              -103.70294,
              25.799264
            ],
            [
              -103.673793,
              25.823144
            ],
            [
              -103.642174,
              25.84433
            ],
            [
              -103.608391,
              25.862617
            ],
            [
              -103.572769,
              25.877827
            ],
            [
              -103.535653,
              25.889814
            ],
            [
              -103.497404,
              25.89846
            ],
            [
              -103.458394,
              25.903681
            ],
            [
              -103.419,
              25.905427
            ]
          ]
        ]
      },
      "properties": {
        "rank": 60,
        "city": "Torreón",
        "metro_name": "La Laguna",
        "country": "Mexico",
        "population": 1375248,
        "population_year": 2020,
        "lat": 25.5439,
        "lon": -103.419,
        "radius_km": 40.2,
        "land_area_km2": 5078.9,
        "area_source": "SEDATU/CONAPO/INEGI superficie_km2 2020"
      }
    },
    {
      "type": "Feature",
      "geometry": {
        "type": "Polygon",
        "coordinates": [
          [
            [
              -90.049,
              35.725066
            ],
            [
              -89.979512,
              35.722275
            ],
            [
              -89.910707,
              35.713928
            ],
            [
              -89.843263,
              35.700109
            ],
            [
              -89.777841,
              35.680952
            ],
            [
              -89.715082,
              35.656647
            ],
            [
              -89.6556,
              35.627431
            ],
            [
              -89.599974,
              35.593592
            ],
            [
              -89.548744,
              35.55546
            ],
            [
              -89.502404,
              35.51341
            ],
            [
              -89.4614,
              35.467851
            ],
            [
              -89.426121,
              35.419228
            ],
            [
              -89.3969,
              35.368014
            ],
            [
              -89.374009,
              35.314708
            ],
            [
              -89.357657,
              35.259825
            ],
            [
              -89.34799,
              35.203897
            ],
            [
              -89.345087,
              35.147465
            ],
            [
              -89.348962,
              35.091071
            ],
            [
              -89.359563,
              35.035259
            ],
            [
              -89.376775,
              34.980564
            ],
            [
              -89.40042,
              34.927511
            ],
            [
              -89.43026,
              34.876606
            ],
            [
              -89.466,
              34.828335
            ],
            [
              -89.507288,
              34.783158
            ],
            [
              -89.553723,
              34.741504
            ],
            [
              -89.604857,
              34.70377
            ],
            [
              -89.6602,
              34.670312
            ],
            [
              -89.719222,
              34.641449
            ],
            [
              -89.781362,
              34.617452
            ],
            [
              -89.846029,
              34.598548
            ],
            [
              -89.912613,
              34.584917
            ],
            [
              -89.980483,
              34.576686
            ],
            [
              -90.049,
              34.573934
            ],
            [
              -90.117517,
              34.576686
            ],
            [
              -90.185387,
              34.584917
            ],
            [
              -90.251971,
              34.598548
            ],
            [
              -90.316638,
              34.617452
            ],
            [
              -90.378778,
              34.641449
            ],
            [
              -90.4378,
              34.670312
            ],
            [
              -90.493143,
              34.70377
            ],
            [
              -90.544277,
              34.741504
            ],
            [
              -90.590712,
              34.783158
            ],
            [
              -90.632,
              34.828335
            ],
            [
              -90.66774,
              34.876606
            ],
            [
              -90.69758,
              34.927511
            ],
            [
              -90.721225,
              34.980564
            ],
            [
              -90.738437,
              35.035259
            ],
            [
              -90.749038,
              35.091071
            ],
            [
              -90.752913,
              35.147465
            ],
            [
              -90.75001,
              35.203897
            ],
            [
              -90.740343,
              35.259825
            ],
            [
              -90.723991,
              35.314708
            ],
            [
              -90.7011,
              35.368014
            ],
            [
              -90.671879,
              35.419228
            ],
            [
              -90.6366,
              35.467851
            ],
            [
              -90.595596,
              35.51341
            ],
            [
              -90.549256,
              35.55546
            ],
            [
              -90.498026,
              35.593592
            ],
            [
              -90.4424,
              35.627431
            ],
            [
              -90.382918,
              35.656647
            ],
            [
              -90.320159,
              35.680952
            ],
            [
              -90.254737,
              35.700109
            ],
            [
              -90.187293,
              35.713928
            ],
            [
              -90.118488,
              35.722275
            ],
            [
              -90.049,
              35.725066
            ]
          ]
        ]
      },
      "properties": {
        "rank": 61,
        "city": "Memphis",
        "metro_name": "Memphis, TN-MS-AR",
        "country": "United States",
        "population": 1341412,
        "population_year": 2025,
        "lat": 35.1495,
        "lon": -90.049,
        "radius_km": 64.0,
        "land_area_km2": 12878.5,
        "area_source": "US Census 2024 Gazetteer CBSA ALAND"
      }
    },
    {
      "type": "Feature",
      "geometry": {
        "type": "Polygon",
        "coordinates": [
          [
            [
              -89.6232,
              21.254783
            ],
            [
              -89.592934,
              21.253394
            ],
            [
              -89.562961,
              21.249243
            ],
            [
              -89.533572,
              21.242368
            ],
            [
              -89.50505,
              21.232836
            ],
            [
              -89.477673,
              21.22074
            ],
            [
              -89.451704,
              21.206197
            ],
            [
              -89.427395,
              21.189347
            ],
            [
              -89.40498,
              21.170354
            ],
            [
              -89.384675,
              21.149401
            ],
            [
              -89.366675,
              21.126691
            ],
            [
              -89.351154,
              21.102444
            ],
            [
              -89.33826,
              21.076893
            ],
            [
              -89.328117,
              21.050285
            ],
            [
              -89.320819,
              21.022877
            ],
            [
              -89.316437,
              20.994933
            ],
            [
              -89.315011,
              20.966723
            ],
            [
              -89.316553,
              20.938518
            ],
            [
              -89.321046,
              20.91059
            ],
            [
              -89.328446,
              20.883208
            ],
            [
              -89.33868,
              20.856634
            ],
            [
              -89.351648,
              20.831125
            ],
            [
              -89.367223,
              20.806926
            ],
            [
              -89.385256,
              20.784268
            ],
            [
              -89.405573,
              20.763369
            ],
            [
              -89.427976,
              20.74443
            ],
            [
              -89.452252,
              20.727632
            ],
            [
              -89.478166,
              20.713137
            ],
            [
              -89.50547,
              20.701083
            ],
            [
              -89.533901,
              20.691586
            ],
            [
              -89.563188,
              20.684736
            ],
            [
              -89.59305,
              20.6806
            ],
            [
              -89.6232,
              20.679217
            ],
            [
              -89.65335,
              20.6806
            ],
            [
              -89.683212,
              20.684736
            ],
            [
              -89.712499,
              20.691586
            ],
            [
              -89.74093,
              20.701083
            ],
            [
              -89.768234,
              20.713137
            ],
            [
              -89.794148,
              20.727632
            ],
            [
              -89.818424,
              20.74443
            ],
            [
              -89.840827,
              20.763369
            ],
            [
              -89.861144,
              20.784268
            ],
            [
              -89.879177,
              20.806926
            ],
            [
              -89.894752,
              20.831125
            ],
            [
              -89.90772,
              20.856634
            ],
            [
              -89.917954,
              20.883208
            ],
            [
              -89.925354,
              20.91059
            ],
            [
              -89.929847,
              20.938518
            ],
            [
              -89.931389,
              20.966723
            ],
            [
              -89.929963,
              20.994933
            ],
            [
              -89.925581,
              21.022877
            ],
            [
              -89.918283,
              21.050285
            ],
            [
              -89.90814,
              21.076893
            ],
            [
              -89.895246,
              21.102444
            ],
            [
              -89.879725,
              21.126691
            ],
            [
              -89.861725,
              21.149401
            ],
            [
              -89.84142,
              21.170354
            ],
            [
              -89.819005,
              21.189347
            ],
            [
              -89.794696,
              21.206197
            ],
            [
              -89.768727,
              21.22074
            ],
            [
              -89.74135,
              21.232836
            ],
            [
              -89.712828,
              21.242368
            ],
            [
              -89.683439,
              21.249243
            ],
            [
              -89.653466,
              21.253394
            ],
            [
              -89.6232,
              21.254783
            ]
          ]
        ]
      },
      "properties": {
        "rank": 62,
        "city": "Mérida",
        "metro_name": "Mérida",
        "country": "Mexico",
        "population": 1324771,
        "population_year": 2020,
        "lat": 20.967,
        "lon": -89.6232,
        "radius_km": 32.0,
        "land_area_km2": 3225.2,
        "area_source": "SEDATU/CONAPO/INEGI superficie_km2 2020"
      }
    },
    {
      "type": "Feature",
      "geometry": {
        "type": "Polygon",
        "coordinates": [
          [
            [
              -111.8911,
              41.482056
            ],
            [
              -111.796742,
              41.478545
            ],
            [
              -111.703322,
              41.468046
            ],
            [
              -111.61177,
              41.450664
            ],
            [
              -111.522994,
              41.426572
            ],
            [
              -111.437872,
              41.396009
            ],
            [
              -111.357242,
              41.359279
            ],
            [
              -111.281895,
              41.316744
            ],
            [
              -111.212564,
              41.268826
            ],
            [
              -111.149919,
              41.215998
            ],
            [
              -111.09456,
              41.158779
            ],
            [
              -111.04701,
              41.097732
            ],
            [
              -111.007713,
              41.033453
            ],
            [
              -110.977026,
              40.96657
            ],
            [
              -110.955223,
              40.897734
            ],
            [
              -110.942487,
              40.827614
            ],
            [
              -110.938911,
              40.756887
            ],
            [
              -110.944502,
              40.686235
            ],
            [
              -110.959177,
              40.616337
            ],
            [
              -110.982766,
              40.547863
            ],
            [
              -111.015018,
              40.481467
            ],
            [
              -111.055601,
              40.417781
            ],
            [
              -111.104106,
              40.35741
            ],
            [
              -111.160053,
              40.300925
            ],
            [
              -111.222897,
              40.24886
            ],
            [
              -111.292029,
              40.201706
            ],
            [
              -111.366789,
              40.159905
            ],
            [
              -111.446464,
              40.123851
            ],
            [
              -111.530302,
              40.093882
            ],
            [
              -111.617512,
              40.070276
            ],
            [
              -111.707277,
              40.053256
            ],
            [
              -111.798758,
              40.04298
            ],
            [
              -111.8911,
              40.039544
            ],
            [
              -111.983442,
              40.04298
            ],
            [
              -112.074923,
              40.053256
            ],
            [
              -112.164688,
              40.070276
            ],
            [
              -112.251898,
              40.093882
            ],
            [
              -112.335736,
              40.123851
            ],
            [
              -112.415411,
              40.159905
            ],
            [
              -112.490171,
              40.201706
            ],
            [
              -112.559303,
              40.24886
            ],
            [
              -112.622147,
              40.300925
            ],
            [
              -112.678094,
              40.35741
            ],
            [
              -112.726599,
              40.417781
            ],
            [
              -112.767182,
              40.481467
            ],
            [
              -112.799434,
              40.547863
            ],
            [
              -112.823023,
              40.616337
            ],
            [
              -112.837698,
              40.686235
            ],
            [
              -112.843289,
              40.756887
            ],
            [
              -112.839713,
              40.827614
            ],
            [
              -112.826977,
              40.897734
            ],
            [
              -112.805174,
              40.96657
            ],
            [
              -112.774487,
              41.033453
            ],
            [
              -112.73519,
              41.097732
            ],
            [
              -112.68764,
              41.158779
            ],
            [
              -112.632281,
              41.215998
            ],
            [
              -112.569636,
              41.268826
            ],
            [
              -112.500305,
              41.316744
            ],
            [
              -112.424958,
              41.359279
            ],
            [
              -112.344328,
              41.396009
            ],
            [
              -112.259206,
              41.426572
            ],
            [
              -112.17043,
              41.450664
            ],
            [
              -112.078878,
              41.468046
            ],
            [
              -111.985458,
              41.478545
            ],
            [
              -111.8911,
              41.482056
            ]
          ]
        ]
      },
      "properties": {
        "rank": 63,
        "city": "Salt Lake City",
        "metro_name": "Salt Lake City-Murray, UT",
        "country": "United States",
        "population": 1308377,
        "population_year": 2025,
        "lat": 40.7608,
        "lon": -111.8911,
        "radius_km": 80.2,
        "land_area_km2": 20184.1,
        "area_source": "US Census 2024 Gazetteer CBSA ALAND"
      }
    },
    {
      "type": "Feature",
      "geometry": {
        "type": "Polygon",
        "coordinates": [
          [
            [
              -100.9714,
              22.367238
            ],
            [
              -100.948619,
              22.366201
            ],
            [
              -100.926058,
              22.363102
            ],
            [
              -100.903935,
              22.357969
            ],
            [
              -100.882466,
              22.350853
            ],
            [
              -100.861856,
              22.341822
            ],
            [
              -100.842306,
              22.330963
            ],
            [
              -100.824003,
              22.318383
            ],
            [
              -100.807125,
              22.304202
            ],
            [
              -100.791835,
              22.288557
            ],
            [
              -100.778278,
              22.271599
            ],
            [
              -100.766587,
              22.253493
            ],
            [
              -100.756872,
              22.234413
            ],
            [
              -100.749226,
              22.214543
            ],
            [
              -100.743723,
              22.194074
            ],
            [
              -100.740415,
              22.173205
            ],
            [
              -100.739332,
              22.152136
            ],
            [
              -100.740484,
              22.13107
            ],
            [
              -100.743859,
              22.11021
            ],
            [
              -100.749423,
              22.089757
            ],
            [
              -100.757122,
              22.069907
            ],
            [
              -100.766881,
              22.050852
            ],
            [
              -100.778606,
              22.032774
            ],
            [
              -100.792182,
              22.015847
            ],
            [
              -100.80748,
              22.000234
            ],
            [
              -100.824351,
              21.986085
            ],
            [
              -100.842633,
              21.973535
            ],
            [
              -100.862151,
              21.962705
            ],
            [
              -100.882716,
              21.953699
            ],
            [
              -100.904132,
              21.946604
            ],
            [
              -100.926193,
              21.941486
            ],
            [
              -100.948688,
              21.938396
            ],
            [
              -100.9714,
              21.937362
            ],
            [
              -100.994112,
              21.938396
            ],
            [
              -101.016607,
              21.941486
            ],
            [
              -101.038668,
              21.946604
            ],
            [
              -101.060084,
              21.953699
            ],
            [
              -101.080649,
              21.962705
            ],
            [
              -101.100167,
              21.973535
            ],
            [
              -101.118449,
              21.986085
            ],
            [
              -101.13532,
              22.000234
            ],
            [
              -101.150618,
              22.015847
            ],
            [
              -101.164194,
              22.032774
            ],
            [
              -101.175919,
              22.050852
            ],
            [
              -101.185678,
              22.069907
            ],
            [
              -101.193377,
              22.089757
            ],
            [
              -101.198941,
              22.11021
            ],
            [
              -101.202316,
              22.13107
            ],
            [
              -101.203468,
              22.152136
            ],
            [
              -101.202385,
              22.173205
            ],
            [
              -101.199077,
              22.194074
            ],
            [
              -101.193574,
              22.214543
            ],
            [
              -101.185928,
              22.234413
            ],
            [
              -101.176213,
              22.253493
            ],
            [
              -101.164522,
              22.271599
            ],
            [
              -101.150965,
              22.288557
            ],
            [
              -101.135675,
              22.304202
            ],
            [
              -101.118797,
              22.318383
            ],
            [
              -101.100494,
              22.330963
            ],
            [
              -101.080944,
              22.341822
            ],
            [
              -101.060334,
              22.350853
            ],
            [
              -101.038865,
              22.357969
            ],
            [
              -101.016742,
              22.363102
            ],
            [
              -100.994181,
              22.366201
            ],
            [
              -100.9714,
              22.367238
            ]
          ]
        ]
      },
      "properties": {
        "rank": 64,
        "city": "San Luis Potosí",
        "metro_name": "San Luis Potosí",
        "country": "Mexico",
        "population": 1243980,
        "population_year": 2020,
        "lat": 22.1523,
        "lon": -100.9714,
        "radius_km": 23.9,
        "land_area_km2": 1787.7,
        "area_source": "SEDATU/CONAPO/INEGI superficie_km2 2020"
      }
    },
    {
      "type": "Feature",
      "geometry": {
        "type": "Polygon",
        "coordinates": [
          [
            [
              -119.7724,
              37.482446
            ],
            [
              -119.681652,
              37.478873
            ],
            [
              -119.591803,
              37.468192
            ],
            [
              -119.503744,
              37.450507
            ],
            [
              -119.418345,
              37.425994
            ],
            [
              -119.336448,
              37.394896
            ],
            [
              -119.258857,
              37.357519
            ],
            [
              -119.186332,
              37.314234
            ],
            [
              -119.119578,
              37.265466
            ],
            [
              -119.05924,
              37.211695
            ],
            [
              -119.005895,
              37.15345
            ],
            [
              -118.96005,
              37.091301
            ],
            [
              -118.922132,
              37.025855
            ],
            [
              -118.892492,
              36.95775
            ],
            [
              -118.871393,
              36.887648
            ],
            [
              -118.859018,
              36.816229
            ],
            [
              -118.85546,
              36.744182
            ],
            [
              -118.860731,
              36.672204
            ],
            [
              -118.874753,
              36.600985
            ],
            [
              -118.897369,
              36.531208
            ],
            [
              -118.92834,
              36.46354
            ],
            [
              -118.96735,
              36.398627
            ],
            [
              -119.014007,
              36.337086
            ],
            [
              -119.067851,
              36.279501
            ],
            [
              -119.128359,
              36.226416
            ],
            [
              -119.194944,
              36.178335
            ],
            [
              -119.26697,
              36.135709
            ],
            [
              -119.343749,
              36.098941
            ],
            [
              -119.424554,
              36.068375
            ],
            [
              -119.508623,
              36.0443
            ],
            [
              -119.595164,
              36.02694
            ],
            [
              -119.683365,
              36.016459
            ],
            [
              -119.7724,
              36.012954
            ],
            [
              -119.861435,
              36.016459
            ],
            [
              -119.949636,
              36.02694
            ],
            [
              -120.036177,
              36.0443
            ],
            [
              -120.120246,
              36.068375
            ],
            [
              -120.201051,
              36.098941
            ],
            [
              -120.27783,
              36.135709
            ],
            [
              -120.349856,
              36.178335
            ],
            [
              -120.416441,
              36.226416
            ],
            [
              -120.476949,
              36.279501
            ],
            [
              -120.530793,
              36.337086
            ],
            [
              -120.57745,
              36.398627
            ],
            [
              -120.61646,
              36.46354
            ],
            [
              -120.647431,
              36.531208
            ],
            [
              -120.670047,
              36.600985
            ],
            [
              -120.684069,
              36.672204
            ],
            [
              -120.68934,
              36.744182
            ],
            [
              -120.685782,
              36.816229
            ],
            [
              -120.673407,
              36.887648
            ],
            [
              -120.652308,
              36.95775
            ],
            [
              -120.622668,
              37.025855
            ],
            [
              -120.58475,
              37.091301
            ],
            [
              -120.538905,
              37.15345
            ],
            [
              -120.48556,
              37.211695
            ],
            [
              -120.425222,
              37.265466
            ],
            [
              -120.358468,
              37.314234
            ],
            [
              -120.285943,
              37.357519
            ],
            [
              -120.208352,
              37.394896
            ],
            [
              -120.126455,
              37.425994
            ],
            [
              -120.041056,
              37.450507
            ],
            [
              -119.952997,
              37.468192
            ],
            [
              -119.863148,
              37.478873
            ],
            [
              -119.7724,
              37.482446
            ]
          ]
        ]
      },
      "properties": {
        "rank": 65,
        "city": "Fresno",
        "metro_name": "Fresno, CA",
        "country": "United States",
        "population": 1203383,
        "population_year": 2025,
        "lat": 36.7477,
        "lon": -119.7724,
        "radius_km": 81.7,
        "land_area_km2": 20966.7,
        "area_source": "US Census 2024 Gazetteer CBSA ALAND"
      }
    },
    {
      "type": "Feature",
      "geometry": {
        "type": "Polygon",
        "coordinates": [
          [
            [
              -86.8025,
              34.114252
            ],
            [
              -86.732233,
              34.111374
            ],
            [
              -86.662657,
              34.102769
            ],
            [
              -86.594456,
              34.08852
            ],
            [
              -86.528298,
              34.068769
            ],
            [
              -86.464832,
              34.043709
            ],
            [
              -86.404678,
              34.013586
            ],
            [
              -86.348421,
              33.978695
            ],
            [
              -86.296608,
              33.939378
            ],
            [
              -86.249738,
              33.896019
            ],
            [
              -86.20826,
              33.849043
            ],
            [
              -86.172571,
              33.798906
            ],
            [
              -86.143007,
              33.746096
            ],
            [
              -86.119844,
              33.691128
            ],
            [
              -86.103293,
              33.634533
            ],
            [
              -86.093501,
              33.576859
            ],
            [
              -86.09055,
              33.518664
            ],
            [
              -86.094454,
              33.460507
            ],
            [
              -86.105162,
              33.402949
            ],
            [
              -86.122558,
              33.346543
            ],
            [
              -86.146462,
              33.291827
            ],
            [
              -86.176634,
              33.239326
            ],
            [
              -86.212774,
              33.189542
            ],
            [
              -86.254529,
              33.142947
            ],
            [
              -86.301493,
              33.099986
            ],
            [
              -86.353213,
              33.061066
            ],
            [
              -86.409192,
              33.026557
            ],
            [
              -86.468895,
              32.996786
            ],
            [
              -86.531753,
              32.972034
            ],
            [
              -86.59717,
              32.952536
            ],
            [
              -86.664527,
              32.938476
            ],
            [
              -86.733187,
              32.929987
            ],
            [
              -86.8025,
              32.927148
            ],
            [
              -86.871813,
              32.929987
            ],
            [
              -86.940473,
              32.938476
            ],
            [
              -87.00783,
              32.952536
            ],
            [
              -87.073247,
              32.972034
            ],
            [
              -87.136105,
              32.996786
            ],
            [
              -87.195808,
              33.026557
            ],
            [
              -87.251787,
              33.061066
            ],
            [
              -87.303507,
              33.099986
            ],
            [
              -87.350471,
              33.142947
            ],
            [
              -87.392226,
              33.189542
            ],
            [
              -87.428366,
              33.239326
            ],
            [
              -87.458538,
              33.291827
            ],
            [
              -87.482442,
              33.346543
            ],
            [
              -87.499838,
              33.402949
            ],
            [
              -87.510546,
              33.460507
            ],
            [
              -87.51445,
              33.518664
            ],
            [
              -87.511499,
              33.576859
            ],
            [
              -87.501707,
              33.634533
            ],
            [
              -87.485156,
              33.691128
            ],
            [
              -87.461993,
              33.746096
            ],
            [
              -87.432429,
              33.798906
            ],
            [
              -87.39674,
              33.849043
            ],
            [
              -87.355262,
              33.896019
            ],
            [
              -87.308392,
              33.939378
            ],
            [
              -87.256579,
              33.978695
            ],
            [
              -87.200322,
              34.013586
            ],
            [
              -87.140168,
              34.043709
            ],
            [
              -87.076702,
              34.068769
            ],
            [
              -87.010544,
              34.08852
            ],
            [
              -86.942343,
              34.102769
            ],
            [
              -86.872767,
              34.111374
            ],
            [
              -86.8025,
              34.114252
            ]
          ]
        ]
      },
      "properties": {
        "rank": 66,
        "city": "Birmingham",
        "metro_name": "Birmingham, AL",
        "country": "United States",
        "population": 1197766,
        "population_year": 2025,
        "lat": 33.5207,
        "lon": -86.8025,
        "radius_km": 66.0,
        "land_area_km2": 13674.7,
        "area_source": "US Census 2024 Gazetteer CBSA ALAND"
      }
    },
    {
      "type": "Feature",
      "geometry": {
        "type": "Polygon",
        "coordinates": [
          [
            [
              -85.6681,
              43.428349
            ],
            [
              -85.605351,
              43.426093
            ],
            [
              -85.543219,
              43.419348
            ],
            [
              -85.482318,
              43.408179
            ],
            [
              -85.423245,
              43.392697
            ],
            [
              -85.36658,
              43.373055
            ],
            [
              -85.312878,
              43.349444
            ],
            [
              -85.262661,
              43.322098
            ],
            [
              -85.216419,
              43.291284
            ],
            [
              -85.174596,
              43.257304
            ],
            [
              -85.137594,
              43.22049
            ],
            [
              -85.105765,
              43.181202
            ],
            [
              -85.079409,
              43.139823
            ],
            [
              -85.058772,
              43.096754
            ],
            [
              -85.04404,
              43.052414
            ],
            [
              -85.035343,
              43.007231
            ],
            [
              -85.032753,
              42.961643
            ],
            [
              -85.03628,
              42.916089
            ],
            [
              -85.045877,
              42.871006
            ],
            [
              -85.061439,
              42.826828
            ],
            [
              -85.082805,
              42.783978
            ],
            [
              -85.109758,
              42.742865
            ],
            [
              -85.14203,
              42.70388
            ],
            [
              -85.179305,
              42.667396
            ],
            [
              -85.22122,
              42.633759
            ],
            [
              -85.267371,
              42.603288
            ],
            [
              -85.317314,
              42.576271
            ],
            [
              -85.370573,
              42.552965
            ],
            [
              -85.426641,
              42.533588
            ],
            [
              -85.484986,
              42.518325
            ],
            [
              -85.545057,
              42.507318
            ],
            [
              -85.606287,
              42.500673
            ],
            [
              -85.6681,
              42.498451
            ],
            [
              -85.729913,
              42.500673
            ],
            [
              -85.791143,
              42.507318
            ],
            [
              -85.851214,
              42.518325
            ],
            [
              -85.909559,
              42.533588
            ],
            [
              -85.965627,
              42.552965
            ],
            [
              -86.018886,
              42.576271
            ],
            [
              -86.068829,
              42.603288
            ],
            [
              -86.11498,
              42.633759
            ],
            [
              -86.156895,
              42.667396
            ],
            [
              -86.19417,
              42.70388
            ],
            [
              -86.226442,
              42.742865
            ],
            [
              -86.253395,
              42.783978
            ],
            [
              -86.274761,
              42.826828
            ],
            [
              -86.290323,
              42.871006
            ],
            [
              -86.29992,
              42.916089
            ],
            [
              -86.303447,
              42.961643
            ],
            [
              -86.300857,
              43.007231
            ],
            [
              -86.29216,
              43.052414
            ],
            [
              -86.277428,
              43.096754
            ],
            [
              -86.256791,
              43.139823
            ],
            [
              -86.230435,
              43.181202
            ],
            [
              -86.198606,
              43.22049
            ],
            [
              -86.161604,
              43.257304
            ],
            [
              -86.119781,
              43.291284
            ],
            [
              -86.073539,
              43.322098
            ],
            [
              -86.023322,
              43.349444
            ],
            [
              -85.96962,
              43.373055
            ],
            [
              -85.912955,
              43.392697
            ],
            [
              -85.853882,
              43.408179
            ],
            [
              -85.792981,
              43.419348
            ],
            [
              -85.730849,
              43.426093
            ],
            [
              -85.6681,
              43.428349
            ]
          ]
        ]
      },
      "properties": {
        "rank": 67,
        "city": "Grand Rapids",
        "metro_name": "Grand Rapids-Wyoming-Kentwood, MI",
        "country": "United States",
        "population": 1183645,
        "population_year": 2025,
        "lat": 42.9634,
        "lon": -85.6681,
        "radius_km": 51.7,
        "land_area_km2": 8397.3,
        "area_source": "US Census 2024 Gazetteer CBSA ALAND"
      }
    },
    {
      "type": "Feature",
      "geometry": {
        "type": "Polygon",
        "coordinates": [
          [
            [
              -72.6851,
              42.074865
            ],
            [
              -72.644012,
              42.07336
            ],
            [
              -72.603325,
              42.068857
            ],
            [
              -72.563437,
              42.061403
            ],
            [
              -72.524737,
              42.051068
            ],
            [
              -72.487602,
              42.037955
            ],
            [
              -72.452394,
              42.02219
            ],
            [
              -72.419454,
              42.003929
            ],
            [
              -72.389102,
              41.983348
            ],
            [
              -72.361629,
              41.960648
            ],
            [
              -72.337301,
              41.936051
            ],
            [
              -72.316349,
              41.909794
            ],
            [
              -72.298972,
              41.882132
            ],
            [
              -72.285334,
              41.853334
            ],
            [
              -72.275563,
              41.823679
            ],
            [
              -72.269746,
              41.793452
            ],
            [
              -72.267935,
              41.762945
            ],
            [
              -72.270141,
              41.732454
            ],
            [
              -72.276337,
              41.70227
            ],
            [
              -72.286458,
              41.672684
            ],
            [
              -72.300402,
              41.64398
            ],
            [
              -72.318031,
              41.616433
            ],
            [
              -72.33917,
              41.590306
            ],
            [
              -72.363614,
              41.56585
            ],
            [
              -72.391125,
              41.543297
            ],
            [
              -72.421439,
              41.522864
            ],
            [
              -72.454263,
              41.504744
            ],
            [
              -72.489284,
              41.48911
            ],
            [
              -72.526167,
              41.476111
            ],
            [
              -72.564561,
              41.46587
            ],
            [
              -72.604099,
              41.458485
            ],
            [
              -72.644406,
              41.454026
            ],
            [
              -72.6851,
              41.452535
            ],
            [
              -72.725794,
              41.454026
            ],
            [
              -72.766101,
              41.458485
            ],
            [
              -72.805639,
              41.46587
            ],
            [
              -72.844033,
              41.476111
            ],
            [
              -72.880916,
              41.48911
            ],
            [
              -72.915937,
              41.504744
            ],
            [
              -72.948761,
              41.522864
            ],
            [
              -72.979075,
              41.543297
            ],
            [
              -73.006586,
              41.56585
            ],
            [
              -73.03103,
              41.590306
            ],
            [
              -73.052169,
              41.616433
            ],
            [
              -73.069798,
              41.64398
            ],
            [
              -73.083742,
              41.672684
            ],
            [
              -73.093863,
              41.70227
            ],
            [
              -73.100059,
              41.732454
            ],
            [
              -73.102265,
              41.762945
            ],
            [
              -73.100454,
              41.793452
            ],
            [
              -73.094637,
              41.823679
            ],
            [
              -73.084866,
              41.853334
            ],
            [
              -73.071228,
              41.882132
            ],
            [
              -73.053851,
              41.909794
            ],
            [
              -73.032899,
              41.936051
            ],
            [
              -73.008571,
              41.960648
            ],
            [
              -72.981098,
              41.983348
            ],
            [
              -72.950746,
              42.003929
            ],
            [
              -72.917806,
              42.02219
            ],
            [
              -72.882598,
              42.037955
            ],
            [
              -72.845463,
              42.051068
            ],
            [
              -72.806763,
              42.061403
            ],
            [
              -72.766875,
              42.068857
            ],
            [
              -72.726188,
              42.07336
            ],
            [
              -72.6851,
              42.074865
            ]
          ]
        ]
      },
      "properties": {
        "rank": 68,
        "city": "Hartford",
        "metro_name": "Hartford-West Hartford-East Hartford, CT",
        "country": "United States",
        "population": 1171426,
        "population_year": 2025,
        "lat": 41.7637,
        "lon": -72.6851,
        "radius_km": 34.6,
        "land_area_km2": 3759.3,
        "area_source": "US Census 2024 Gazetteer CBSA ALAND"
      }
    },
    {
      "type": "Feature",
      "geometry": {
        "type": "Polygon",
        "coordinates": [
          [
            [
              -78.8784,
              43.209356
            ],
            [
              -78.834983,
              43.207794
            ],
            [
              -78.791992,
              43.20312
            ],
            [
              -78.749845,
              43.195383
            ],
            [
              -78.708955,
              43.184656
            ],
            [
              -78.66972,
              43.171045
            ],
            [
              -78.632524,
              43.154683
            ],
            [
              -78.597726,
              43.135729
            ],
            [
              -78.565665,
              43.114369
            ],
            [
              -78.536648,
              43.090811
            ],
            [
              -78.510956,
              43.065283
            ],
            [
              -78.488833,
              43.038034
            ],
            [
              -78.47049,
              43.009329
            ],
            [
              -78.456098,
              42.979445
            ],
            [
              -78.445791,
              42.948672
            ],
            [
              -78.439663,
              42.917308
            ],
            [
              -78.437767,
              42.885655
            ],
            [
              -78.440113,
              42.854018
            ],
            [
              -78.446674,
              42.822702
            ],
            [
              -78.457379,
              42.792008
            ],
            [
              -78.47212,
              42.762229
            ],
            [
              -78.490751,
              42.733652
            ],
            [
              -78.513087,
              42.706549
            ],
            [
              -78.53891,
              42.681179
            ],
            [
              -78.567971,
              42.657786
            ],
            [
              -78.599988,
              42.63659
            ],
            [
              -78.634655,
              42.617795
            ],
            [
              -78.671638,
              42.601579
            ],
            [
              -78.710586,
              42.588097
            ],
            [
              -78.751126,
              42.577475
            ],
            [
              -78.792874,
              42.569815
            ],
            [
              -78.835433,
              42.56519
            ],
            [
              -78.8784,
              42.563644
            ],
            [
              -78.921367,
              42.56519
            ],
            [
              -78.963926,
              42.569815
            ],
            [
              -79.005674,
              42.577475
            ],
            [
              -79.046214,
              42.588097
            ],
            [
              -79.085162,
              42.601579
            ],
            [
              -79.122145,
              42.617795
            ],
            [
              -79.156812,
              42.63659
            ],
            [
              -79.188829,
              42.657786
            ],
            [
              -79.21789,
              42.681179
            ],
            [
              -79.243713,
              42.706549
            ],
            [
              -79.266049,
              42.733652
            ],
            [
              -79.28468,
              42.762229
            ],
            [
              -79.299421,
              42.792008
            ],
            [
              -79.310126,
              42.822702
            ],
            [
              -79.316687,
              42.854018
            ],
            [
              -79.319033,
              42.885655
            ],
            [
              -79.317137,
              42.917308
            ],
            [
              -79.311009,
              42.948672
            ],
            [
              -79.300702,
              42.979445
            ],
            [
              -79.28631,
              43.009329
            ],
            [
              -79.267967,
              43.038034
            ],
            [
              -79.245844,
              43.065283
            ],
            [
              -79.220152,
              43.090811
            ],
            [
              -79.191135,
              43.114369
            ],
            [
              -79.159074,
              43.135729
            ],
            [
              -79.124276,
              43.154683
            ],
            [
              -79.08708,
              43.171045
            ],
            [
              -79.047845,
              43.184656
            ],
            [
              -79.006955,
              43.195383
            ],
            [
              -78.964808,
              43.20312
            ],
            [
              -78.921817,
              43.207794
            ],
            [
              -78.8784,
              43.209356
            ]
          ]
        ]
      },
      "properties": {
        "rank": 69,
        "city": "Buffalo",
        "metro_name": "Buffalo-Cheektowaga, NY",
        "country": "United States",
        "population": 1155653,
        "population_year": 2025,
        "lat": 42.8865,
        "lon": -78.8784,
        "radius_km": 35.9,
        "land_area_km2": 4053.6,
        "area_source": "US Census 2024 Gazetteer CBSA ALAND"
      }
    },
    {
      "type": "Feature",
      "geometry": {
        "type": "Polygon",
        "coordinates": [
          [
            [
              -102.2843,
              22.099337
            ],
            [
              -102.261372,
              22.098291
            ],
            [
              -102.238666,
              22.095166
            ],
            [
              -102.216401,
              22.08999
            ],
            [
              -102.194793,
              22.082814
            ],
            [
              -102.17405,
              22.073708
            ],
            [
              -102.154374,
              22.062759
            ],
            [
              -102.135953,
              22.050073
            ],
            [
              -102.118967,
              22.035773
            ],
            [
              -102.103577,
              22.019998
            ],
            [
              -102.089934,
              22.002898
            ],
            [
              -102.078166,
              21.984641
            ],
            [
              -102.068389,
              21.965401
            ],
            [
              -102.060694,
              21.945364
            ],
            [
              -102.055155,
              21.924725
            ],
            [
              -102.051825,
              21.903681
            ],
            [
              -102.050735,
              21.882435
            ],
            [
              -102.051894,
              21.861193
            ],
            [
              -102.055291,
              21.840159
            ],
            [
              -102.060891,
              21.819534
            ],
            [
              -102.068639,
              21.799518
            ],
            [
              -102.078461,
              21.780303
            ],
            [
              -102.090261,
              21.762074
            ],
            [
              -102.103925,
              21.745006
            ],
            [
              -102.119322,
              21.729262
            ],
            [
              -102.136301,
              21.714994
            ],
            [
              -102.154702,
              21.70234
            ],
            [
              -102.174345,
              21.691419
            ],
            [
              -102.195043,
              21.682338
            ],
            [
              -102.216598,
              21.675182
            ],
            [
              -102.238801,
              21.670022
            ],
            [
              -102.261441,
              21.666906
            ],
            [
              -102.2843,
              21.665863
            ],
            [
              -102.307159,
              21.666906
            ],
            [
              -102.329799,
              21.670022
            ],
            [
              -102.352002,
              21.675182
            ],
            [
              -102.373557,
              21.682338
            ],
            [
              -102.394255,
              21.691419
            ],
            [
              -102.413898,
              21.70234
            ],
            [
              -102.432299,
              21.714994
            ],
            [
              -102.449278,
              21.729262
            ],
            [
              -102.464675,
              21.745006
            ],
            [
              -102.478339,
              21.762074
            ],
            [
              -102.490139,
              21.780303
            ],
            [
              -102.499961,
              21.799518
            ],
            [
              -102.507709,
              21.819534
            ],
            [
              -102.513309,
              21.840159
            ],
            [
              -102.516706,
              21.861193
            ],
            [
              -102.517865,
              21.882435
            ],
            [
              -102.516775,
              21.903681
            ],
            [
              -102.513445,
              21.924725
            ],
            [
              -102.507906,
              21.945364
            ],
            [
              -102.500211,
              21.965401
            ],
            [
              -102.490434,
              21.984641
            ],
            [
              -102.478666,
              22.002898
            ],
            [
              -102.465023,
              22.019998
            ],
            [
              -102.449633,
              22.035773
            ],
            [
              -102.432647,
              22.050073
            ],
            [
              -102.414226,
              22.062759
            ],
            [
              -102.39455,
              22.073708
            ],
            [
              -102.373807,
              22.082814
            ],
            [
              -102.352199,
              22.08999
            ],
            [
              -102.329934,
              22.095166
            ],
            [
              -102.307228,
              22.098291
            ],
            [
              -102.2843,
              22.099337
            ]
          ]
        ]
      },
      "properties": {
        "rank": 70,
        "city": "Aguascalientes",
        "metro_name": "Aguascalientes",
        "country": "Mexico",
        "population": 1140916,
        "population_year": 2020,
        "lat": 21.8826,
        "lon": -102.2843,
        "radius_km": 24.1,
        "land_area_km2": 1822.3,
        "area_source": "SEDATU/CONAPO/INEGI superficie_km2 2020"
      }
    },
    {
      "type": "Feature",
      "geometry": {
        "type": "Polygon",
        "coordinates": [
          [
            [
              -99.2308,
              19.105065
            ],
            [
              -99.212236,
              19.104202
            ],
            [
              -99.193851,
              19.101623
            ],
            [
              -99.175824,
              19.097351
            ],
            [
              -99.158327,
              19.091428
            ],
            [
              -99.14153,
              19.083912
            ],
            [
              -99.125596,
              19.074874
            ],
            [
              -99.110677,
              19.064403
            ],
            [
              -99.096919,
              19.052599
            ],
            [
              -99.084452,
              19.039577
            ],
            [
              -99.073398,
              19.025461
            ],
            [
              -99.063862,
              19.010389
            ],
            [
              -99.055937,
              18.994505
            ],
            [
              -99.049697,
              18.977963
            ],
            [
              -99.045203,
              18.960922
            ],
            [
              -99.042498,
              18.943547
            ],
            [
              -99.041607,
              18.926004
            ],
            [
              -99.042538,
              18.908463
            ],
            [
              -99.045281,
              18.891094
            ],
            [
              -99.04981,
              18.874062
            ],
            [
              -99.05608,
              18.857531
            ],
            [
              -99.064031,
              18.841662
            ],
            [
              -99.073585,
              18.826606
            ],
            [
              -99.084651,
              18.812509
            ],
            [
              -99.097121,
              18.799505
            ],
            [
              -99.110876,
              18.78772
            ],
            [
              -99.125783,
              18.777267
            ],
            [
              -99.141699,
              18.768246
            ],
            [
              -99.15847,
              18.760744
            ],
            [
              -99.175936,
              18.754833
            ],
            [
              -99.193929,
              18.75057
            ],
            [
              -99.212276,
              18.747996
            ],
            [
              -99.2308,
              18.747135
            ],
            [
              -99.249324,
              18.747996
            ],
            [
              -99.267671,
              18.75057
            ],
            [
              -99.285664,
              18.754833
            ],
            [
              -99.30313,
              18.760744
            ],
            [
              -99.319901,
              18.768246
            ],
            [
              -99.335817,
              18.777267
            ],
            [
              -99.350724,
              18.78772
            ],
            [
              -99.364479,
              18.799505
            ],
            [
              -99.376949,
              18.812509
            ],
            [
              -99.388015,
              18.826606
            ],
            [
              -99.397569,
              18.841662
            ],
            [
              -99.40552,
              18.857531
            ],
            [
              -99.41179,
              18.874062
            ],
            [
              -99.416319,
              18.891094
            ],
            [
              -99.419062,
              18.908463
            ],
            [
              -99.419993,
              18.926004
            ],
            [
              -99.419102,
              18.943547
            ],
            [
              -99.416397,
              18.960922
            ],
            [
              -99.411903,
              18.977963
            ],
            [
              -99.405663,
              18.994505
            ],
            [
              -99.397738,
              19.010389
            ],
            [
              -99.388202,
              19.025461
            ],
            [
              -99.377148,
              19.039577
            ],
            [
              -99.364681,
              19.052599
            ],
            [
              -99.350923,
              19.064403
            ],
            [
              -99.336004,
              19.074874
            ],
            [
              -99.32007,
              19.083912
            ],
            [
              -99.303273,
              19.091428
            ],
            [
              -99.285776,
              19.097351
            ],
            [
              -99.267749,
              19.101623
            ],
            [
              -99.249364,
              19.104202
            ],
            [
              -99.2308,
              19.105065
            ]
          ]
        ]
      },
      "properties": {
        "rank": 71,
        "city": "Cuernavaca",
        "metro_name": "Cuernavaca",
        "country": "Mexico",
        "population": 1121122,
        "population_year": 2020,
        "lat": 18.9261,
        "lon": -99.2308,
        "radius_km": 19.9,
        "land_area_km2": 1244.2,
        "area_source": "SEDATU/CONAPO/INEGI superficie_km2 2020"
      }
    },
    {
      "type": "Feature",
      "geometry": {
        "type": "Polygon",
        "coordinates": [
          [
            [
              -110.9265,
              33.00411
            ],
            [
              -110.835061,
              33.000309
            ],
            [
              -110.744525,
              32.988946
            ],
            [
              -110.655788,
              32.970131
            ],
            [
              -110.569723,
              32.944052
            ],
            [
              -110.487178,
              32.910965
            ],
            [
              -110.408963,
              32.871197
            ],
            [
              -110.33584,
              32.825139
            ],
            [
              -110.26852,
              32.773245
            ],
            [
              -110.207654,
              32.716023
            ],
            [
              -110.153824,
              32.654035
            ],
            [
              -110.107543,
              32.587887
            ],
            [
              -110.069243,
              32.518224
            ],
            [
              -110.039279,
              32.445724
            ],
            [
              -110.017921,
              32.371092
            ],
            [
              -110.005355,
              32.29505
            ],
            [
              -110.001679,
              32.218333
            ],
            [
              -110.006907,
              32.141681
            ],
            [
              -110.020967,
              32.065831
            ],
            [
              -110.0437,
              31.991509
            ],
            [
              -110.074871,
              31.919428
            ],
            [
              -110.114161,
              31.850275
            ],
            [
              -110.161178,
              31.784709
            ],
            [
              -110.215461,
              31.723353
            ],
            [
              -110.27648,
              31.666788
            ],
            [
              -110.343647,
              31.61555
            ],
            [
              -110.416317,
              31.570124
            ],
            [
              -110.493797,
              31.530938
            ],
            [
              -110.575352,
              31.498362
            ],
            [
              -110.660211,
              31.472701
            ],
            [
              -110.747572,
              31.454198
            ],
            [
              -110.836614,
              31.443026
            ],
            [
              -110.9265,
              31.43929
            ],
            [
              -111.016386,
              31.443026
            ],
            [
              -111.105428,
              31.454198
            ],
            [
              -111.192789,
              31.472701
            ],
            [
              -111.277648,
              31.498362
            ],
            [
              -111.359203,
              31.530938
            ],
            [
              -111.436683,
              31.570124
            ],
            [
              -111.509353,
              31.61555
            ],
            [
              -111.57652,
              31.666788
            ],
            [
              -111.637539,
              31.723353
            ],
            [
              -111.691822,
              31.784709
            ],
            [
              -111.738839,
              31.850275
            ],
            [
              -111.778129,
              31.919428
            ],
            [
              -111.8093,
              31.991509
            ],
            [
              -111.832033,
              32.065831
            ],
            [
              -111.846093,
              32.141681
            ],
            [
              -111.851321,
              32.218333
            ],
            [
              -111.847645,
              32.29505
            ],
            [
              -111.835079,
              32.371092
            ],
            [
              -111.813721,
              32.445724
            ],
            [
              -111.783757,
              32.518224
            ],
            [
              -111.745457,
              32.587887
            ],
            [
              -111.699176,
              32.654035
            ],
            [
              -111.645346,
              32.716023
            ],
            [
              -111.58448,
              32.773245
            ],
            [
              -111.51716,
              32.825139
            ],
            [
              -111.444037,
              32.871197
            ],
            [
              -111.365822,
              32.910965
            ],
            [
              -111.283277,
              32.944052
            ],
            [
              -111.197212,
              32.970131
            ],
            [
              -111.108475,
              32.988946
            ],
            [
              -111.017939,
              33.000309
            ],
            [
              -110.9265,
              33.00411
            ]
          ]
        ]
      },
      "properties": {
        "rank": 72,
        "city": "Tucson",
        "metro_name": "Tucson, AZ",
        "country": "United States",
        "population": 1074685,
        "population_year": 2025,
        "lat": 32.2217,
        "lon": -110.9265,
        "radius_km": 87.0,
        "land_area_km2": 23798.6,
        "area_source": "US Census 2024 Gazetteer CBSA ALAND"
      }
    },
    {
      "type": "Feature",
      "geometry": {
        "type": "Polygon",
        "coordinates": [
          [
            [
              -95.9928,
              36.800612
            ],
            [
              -95.913653,
              36.797473
            ],
            [
              -95.835287,
              36.788085
            ],
            [
              -95.758476,
              36.772542
            ],
            [
              -95.683975,
              36.750997
            ],
            [
              -95.612518,
              36.723662
            ],
            [
              -95.544805,
              36.690806
            ],
            [
              -95.481496,
              36.652754
            ],
            [
              -95.423206,
              36.609878
            ],
            [
              -95.370498,
              36.5626
            ],
            [
              -95.323877,
              36.511382
            ],
            [
              -95.283787,
              36.456724
            ],
            [
              -95.250603,
              36.399161
            ],
            [
              -95.224634,
              36.339251
            ],
            [
              -95.206115,
              36.277577
            ],
            [
              -95.195206,
              36.214735
            ],
            [
              -95.191995,
              36.151334
            ],
            [
              -95.196494,
              36.087984
            ],
            [
              -95.208641,
              36.025295
            ],
            [
              -95.228303,
              35.963867
            ],
            [
              -95.255272,
              35.904288
            ],
            [
              -95.289277,
              35.847129
            ],
            [
              -95.329978,
              35.792932
            ],
            [
              -95.376974,
              35.742214
            ],
            [
              -95.429809,
              35.695456
            ],
            [
              -95.487973,
              35.6531
            ],
            [
              -95.550906,
              35.615548
            ],
            [
              -95.618009,
              35.583153
            ],
            [
              -95.688645,
              35.556223
            ],
            [
              -95.762145,
              35.535009
            ],
            [
              -95.837814,
              35.519712
            ],
            [
              -95.914941,
              35.510476
            ],
            [
              -95.9928,
              35.507388
            ],
            [
              -96.070659,
              35.510476
            ],
            [
              -96.147786,
              35.519712
            ],
            [
              -96.223455,
              35.535009
            ],
            [
              -96.296955,
              35.556223
            ],
            [
              -96.367591,
              35.583153
            ],
            [
              -96.434694,
              35.615548
            ],
            [
              -96.497627,
              35.6531
            ],
            [
              -96.555791,
              35.695456
            ],
            [
              -96.608626,
              35.742214
            ],
            [
              -96.655622,
              35.792932
            ],
            [
              -96.696323,
              35.847129
            ],
            [
              -96.730328,
              35.904288
            ],
            [
              -96.757297,
              35.963867
            ],
            [
              -96.776959,
              36.025295
            ],
            [
              -96.789106,
              36.087984
            ],
            [
              -96.793605,
              36.151334
            ],
            [
              -96.790394,
              36.214735
            ],
            [
              -96.779485,
              36.277577
            ],
            [
              -96.760966,
              36.339251
            ],
            [
              -96.734997,
              36.399161
            ],
            [
              -96.701813,
              36.456724
            ],
            [
              -96.661723,
              36.511382
            ],
            [
              -96.615102,
              36.5626
            ],
            [
              -96.562394,
              36.609878
            ],
            [
              -96.504104,
              36.652754
            ],
            [
              -96.440795,
              36.690806
            ],
            [
              -96.373082,
              36.723662
            ],
            [
              -96.301625,
              36.750997
            ],
            [
              -96.227124,
              36.772542
            ],
            [
              -96.150313,
              36.788085
            ],
            [
              -96.071947,
              36.797473
            ],
            [
              -95.9928,
              36.800612
            ]
          ]
        ]
      },
      "properties": {
        "rank": 73,
        "city": "Tulsa",
        "metro_name": "Tulsa, OK",
        "country": "United States",
        "population": 1069273,
        "population_year": 2025,
        "lat": 36.154,
        "lon": -95.9928,
        "radius_km": 71.9,
        "land_area_km2": 16239.9,
        "area_source": "US Census 2024 Gazetteer CBSA ALAND"
      }
    },
    {
      "type": "Feature",
      "geometry": {
        "type": "Polygon",
        "coordinates": [
          [
            [
              -77.6156,
              43.596367
            ],
            [
              -77.55584,
              43.594225
            ],
            [
              -77.496668,
              43.587821
            ],
            [
              -77.438666,
              43.577217
            ],
            [
              -77.382404,
              43.562519
            ],
            [
              -77.328433,
              43.54387
            ],
            [
              -77.277281,
              43.521453
            ],
            [
              -77.229447,
              43.495489
            ],
            [
              -77.185394,
              43.466232
            ],
            [
              -77.145548,
              43.433968
            ],
            [
              -77.110291,
              43.399012
            ],
            [
              -77.079959,
              43.361707
            ],
            [
              -77.054838,
              43.322413
            ],
            [
              -77.035161,
              43.281515
            ],
            [
              -77.021108,
              43.239408
            ],
            [
              -77.012804,
              43.1965
            ],
            [
              -77.010317,
              43.153205
            ],
            [
              -77.013657,
              43.10994
            ],
            [
              -77.022782,
              43.067123
            ],
            [
              -77.037591,
              43.025163
            ],
            [
              -77.05793,
              42.984463
            ],
            [
              -77.083595,
              42.945412
            ],
            [
              -77.114332,
              42.908382
            ],
            [
              -77.149838,
              42.873726
            ],
            [
              -77.189768,
              42.841773
            ],
            [
              -77.233737,
              42.812827
            ],
            [
              -77.281322,
              42.787162
            ],
            [
              -77.33207,
              42.765021
            ],
            [
              -77.385497,
              42.746614
            ],
            [
              -77.441096,
              42.732114
            ],
            [
              -77.498342,
              42.721658
            ],
            [
              -77.556693,
              42.715344
            ],
            [
              -77.6156,
              42.713233
            ],
            [
              -77.674507,
              42.715344
            ],
            [
              -77.732858,
              42.721658
            ],
            [
              -77.790104,
              42.732114
            ],
            [
              -77.845703,
              42.746614
            ],
            [
              -77.89913,
              42.765021
            ],
            [
              -77.949878,
              42.787162
            ],
            [
              -77.997463,
              42.812827
            ],
            [
              -78.041432,
              42.841773
            ],
            [
              -78.081362,
              42.873726
            ],
            [
              -78.116868,
              42.908382
            ],
            [
              -78.147605,
              42.945412
            ],
            [
              -78.17327,
              42.984463
            ],
            [
              -78.193609,
              43.025163
            ],
            [
              -78.208418,
              43.067123
            ],
            [
              -78.217543,
              43.10994
            ],
            [
              -78.220883,
              43.153205
            ],
            [
              -78.218396,
              43.1965
            ],
            [
              -78.210092,
              43.239408
            ],
            [
              -78.196039,
              43.281515
            ],
            [
              -78.176362,
              43.322413
            ],
            [
              -78.151241,
              43.361707
            ],
            [
              -78.120909,
              43.399012
            ],
            [
              -78.085652,
              43.433968
            ],
            [
              -78.045806,
              43.466232
            ],
            [
              -78.001753,
              43.495489
            ],
            [
              -77.953919,
              43.521453
            ],
            [
              -77.902767,
              43.54387
            ],
            [
              -77.848796,
              43.562519
            ],
            [
              -77.792534,
              43.577217
            ],
            [
              -77.734532,
              43.587821
            ],
            [
              -77.67536,
              43.594225
            ],
            [
              -77.6156,
              43.596367
            ]
          ]
        ]
      },
      "properties": {
        "rank": 74,
        "city": "Rochester",
        "metro_name": "Rochester, NY",
        "country": "United States",
        "population": 1056149,
        "population_year": 2025,
        "lat": 43.1548,
        "lon": -77.6156,
        "radius_km": 49.1,
        "land_area_km2": 7582.9,
        "area_source": "US Census 2024 Gazetteer CBSA ALAND"
      }
    },
    {
      "type": "Feature",
      "geometry": {
        "type": "Polygon",
        "coordinates": [
          [
            [
              -115.4545,
              33.242037
            ],
            [
              -115.382519,
              33.239058
            ],
            [
              -115.311245,
              33.230153
            ],
            [
              -115.241379,
              33.215408
            ],
            [
              -115.173607,
              33.194968
            ],
            [
              -115.108593,
              33.169035
            ],
            [
              -115.046971,
              33.137862
            ],
            [
              -114.989341,
              33.101755
            ],
            [
              -114.936264,
              33.061068
            ],
            [
              -114.88825,
              33.016198
            ],
            [
              -114.845761,
              32.967584
            ],
            [
              -114.809201,
              32.9157
            ],
            [
              -114.778916,
              32.86105
            ],
            [
              -114.755188,
              32.804166
            ],
            [
              -114.738233,
              32.745599
            ],
            [
              -114.728203,
              32.685916
            ],
            [
              -114.72518,
              32.625692
            ],
            [
              -114.729179,
              32.565509
            ],
            [
              -114.740148,
              32.505946
            ],
            [
              -114.757968,
              32.447573
            ],
            [
              -114.782455,
              32.390951
            ],
            [
              -114.813363,
              32.336621
            ],
            [
              -114.850386,
              32.285101
            ],
            [
              -114.893159,
              32.236883
            ],
            [
              -114.941269,
              32.192424
            ],
            [
              -114.994251,
              32.152148
            ],
            [
              -115.051595,
              32.116437
            ],
            [
              -115.112755,
              32.085628
            ],
            [
              -115.177147,
              32.060014
            ],
            [
              -115.24416,
              32.039837
            ],
            [
              -115.313161,
              32.025286
            ],
            [
              -115.383495,
              32.016501
            ],
            [
              -115.4545,
              32.013563
            ],
            [
              -115.525505,
              32.016501
            ],
            [
              -115.595839,
              32.025286
            ],
            [
              -115.66484,
              32.039837
            ],
            [
              -115.731853,
              32.060014
            ],
            [
              -115.796245,
              32.085628
            ],
            [
              -115.857405,
              32.116437
            ],
            [
              -115.914749,
              32.152148
            ],
            [
              -115.967731,
              32.192424
            ],
            [
              -116.015841,
              32.236883
            ],
            [
              -116.058614,
              32.285101
            ],
            [
              -116.095637,
              32.336621
            ],
            [
              -116.126545,
              32.390951
            ],
            [
              -116.151032,
              32.447573
            ],
            [
              -116.168852,
              32.505946
            ],
            [
              -116.179821,
              32.565509
            ],
            [
              -116.18382,
              32.625692
            ],
            [
              -116.180797,
              32.685916
            ],
            [
              -116.170767,
              32.745599
            ],
            [
              -116.153812,
              32.804166
            ],
            [
              -116.130084,
              32.86105
            ],
            [
              -116.099799,
              32.9157
            ],
            [
              -116.063239,
              32.967584
            ],
            [
              -116.02075,
              33.016198
            ],
            [
              -115.972736,
              33.061068
            ],
            [
              -115.919659,
              33.101755
            ],
            [
              -115.862029,
              33.137862
            ],
            [
              -115.800407,
              33.169035
            ],
            [
              -115.735393,
              33.194968
            ],
            [
              -115.667621,
              33.215408
            ],
            [
              -115.597755,
              33.230153
            ],
            [
              -115.526481,
              33.239058
            ],
            [
              -115.4545,
              33.242037
            ]
          ]
        ]
      },
      "properties": {
        "rank": 75,
        "city": "Mexicali",
        "metro_name": "Mexicali",
        "country": "Mexico",
        "population": 1049792,
        "population_year": 2020,
        "lat": 32.6278,
        "lon": -115.4545,
        "radius_km": 68.3,
        "land_area_km2": 14650.3,
        "area_source": "SEDATU/CONAPO/INEGI superficie_km2 2020"
      }
    },
    {
      "type": "Feature",
      "geometry": {
        "type": "Polygon",
        "coordinates": [
          [
            [
              -100.9796,
              26.026747
            ],
            [
              -100.914074,
              26.02384
            ],
            [
              -100.849189,
              26.015146
            ],
            [
              -100.785578,
              26.000751
            ],
            [
              -100.723863,
              25.980796
            ],
            [
              -100.664646,
              25.955475
            ],
            [
              -100.608502,
              25.925036
            ],
            [
              -100.555977,
              25.889775
            ],
            [
              -100.50758,
              25.850037
            ],
            [
              -100.463776,
              25.806208
            ],
            [
              -100.424988,
              25.758715
            ],
            [
              -100.391585,
              25.708019
            ],
            [
              -100.363885,
              25.654612
            ],
            [
              -100.342147,
              25.599012
            ],
            [
              -100.326575,
              25.541756
            ],
            [
              -100.317309,
              25.483399
            ],
            [
              -100.31443,
              25.424503
            ],
            [
              -100.317956,
              25.365636
            ],
            [
              -100.327844,
              25.307363
            ],
            [
              -100.343989,
              25.250246
            ],
            [
              -100.366229,
              25.194832
            ],
            [
              -100.394342,
              25.141652
            ],
            [
              -100.428051,
              25.091215
            ],
            [
              -100.467028,
              25.044003
            ],
            [
              -100.510895,
              25.000466
            ],
            [
              -100.559229,
              24.96102
            ],
            [
              -100.611565,
              24.92604
            ],
            [
              -100.667403,
              24.895859
            ],
            [
              -100.726208,
              24.870766
            ],
            [
              -100.78742,
              24.850996
            ],
            [
              -100.850458,
              24.83674
            ],
            [
              -100.914721,
              24.828132
            ],
            [
              -100.9796,
              24.825253
            ],
            [
              -101.044479,
              24.828132
            ],
            [
              -101.108742,
              24.83674
            ],
            [
              -101.17178,
              24.850996
            ],
            [
              -101.232992,
              24.870766
            ],
            [
              -101.291797,
              24.895859
            ],
            [
              -101.347635,
              24.92604
            ],
            [
              -101.399971,
              24.96102
            ],
            [
              -101.448305,
              25.000466
            ],
            [
              -101.492172,
              25.044003
            ],
            [
              -101.531149,
              25.091215
            ],
            [
              -101.564858,
              25.141652
            ],
            [
              -101.592971,
              25.194832
            ],
            [
              -101.615211,
              25.250246
            ],
            [
              -101.631356,
              25.307363
            ],
            [
              -101.641244,
              25.365636
            ],
            [
              -101.64477,
              25.424503
            ],
            [
              -101.641891,
              25.483399
            ],
            [
              -101.632625,
              25.541756
            ],
            [
              -101.617053,
              25.599012
            ],
            [
              -101.595315,
              25.654612
            ],
            [
              -101.567615,
              25.708019
            ],
            [
              -101.534212,
              25.758715
            ],
            [
              -101.495424,
              25.806208
            ],
            [
              -101.45162,
              25.850037
            ],
            [
              -101.403223,
              25.889775
            ],
            [
              -101.350698,
              25.925036
            ],
            [
              -101.294554,
              25.955475
            ],
            [
              -101.235337,
              25.980796
            ],
            [
              -101.173622,
              26.000751
            ],
            [
              -101.110011,
              26.015146
            ],
            [
              -101.045126,
              26.02384
            ],
            [
              -100.9796,
              26.026747
            ]
          ]
        ]
      },
      "properties": {
        "rank": 76,
        "city": "Saltillo",
        "metro_name": "Saltillo",
        "country": "Mexico",
        "population": 1031779,
        "population_year": 2020,
        "lat": 25.426,
        "lon": -100.9796,
        "radius_km": 66.8,
        "land_area_km2": 14009.3,
        "area_source": "SEDATU/CONAPO/INEGI superficie_km2 2020"
      }
    },
    {
      "type": "Feature",
      "geometry": {
        "type": "Polygon",
        "coordinates": [
          [
            [
              -77.3663,
              36.038079
            ],
            [
              -77.31474,
              36.03602
            ],
            [
              -77.263684,
              36.029862
            ],
            [
              -77.213632,
              36.019666
            ],
            [
              -77.165073,
              36.005532
            ],
            [
              -77.118481,
              35.987598
            ],
            [
              -77.07431,
              35.966038
            ],
            [
              -77.032988,
              35.941064
            ],
            [
              -76.994915,
              35.912919
            ],
            [
              -76.96046,
              35.881878
            ],
            [
              -76.929953,
              35.848242
            ],
            [
              -76.903686,
              35.812339
            ],
            [
              -76.881906,
              35.774517
            ],
            [
              -76.86482,
              35.735143
            ],
            [
              -76.852586,
              35.694598
            ],
            [
              -76.845313,
              35.653273
            ],
            [
              -76.843065,
              35.611569
            ],
            [
              -76.845856,
              35.569886
            ],
            [
              -76.85365,
              35.528627
            ],
            [
              -76.866366,
              35.488186
            ],
            [
              -76.883874,
              35.448952
            ],
            [
              -76.905999,
              35.411302
            ],
            [
              -76.932524,
              35.375594
            ],
            [
              -76.963189,
              35.34217
            ],
            [
              -76.997698,
              35.31135
            ],
            [
              -77.035717,
              35.283425
            ],
            [
              -77.07688,
              35.258664
            ],
            [
              -77.120795,
              35.2373
            ],
            [
              -77.167041,
              35.219537
            ],
            [
              -77.215178,
              35.205543
            ],
            [
              -77.264749,
              35.195452
            ],
            [
              -77.315283,
              35.189358
            ],
            [
              -77.3663,
              35.187321
            ],
            [
              -77.417317,
              35.189358
            ],
            [
              -77.467851,
              35.195452
            ],
            [
              -77.517422,
              35.205543
            ],
            [
              -77.565559,
              35.219537
            ],
            [
              -77.611805,
              35.2373
            ],
            [
              -77.65572,
              35.258664
            ],
            [
              -77.696883,
              35.283425
            ],
            [
              -77.734902,
              35.31135
            ],
            [
              -77.769411,
              35.34217
            ],
            [
              -77.800076,
              35.375594
            ],
            [
              -77.826601,
              35.411302
            ],
            [
              -77.848726,
              35.448952
            ],
            [
              -77.866234,
              35.488186
            ],
            [
              -77.87895,
              35.528627
            ],
            [
              -77.886744,
              35.569886
            ],
            [
              -77.889535,
              35.611569
            ],
            [
              -77.887287,
              35.653273
            ],
            [
              -77.880014,
              35.694598
            ],
            [
              -77.86778,
              35.735143
            ],
            [
              -77.850694,
              35.774517
            ],
            [
              -77.828914,
              35.812339
            ],
            [
              -77.802647,
              35.848242
            ],
            [
              -77.77214,
              35.881878
            ],
            [
              -77.737685,
              35.912919
            ],
            [
              -77.699612,
              35.941064
            ],
            [
              -77.65829,
              35.966038
            ],
            [
              -77.614119,
              35.987598
            ],
            [
              -77.567527,
              36.005532
            ],
            [
              -77.518968,
              36.019666
            ],
            [
              -77.468916,
              36.029862
            ],
            [
              -77.41786,
              36.03602
            ],
            [
              -77.3663,
              36.038079
            ]
          ]
        ]
      },
      "properties": {
        "rank": 77,
        "city": "Greenville",
        "metro_name": "Greenville-Anderson-Greer, SC",
        "country": "United States",
        "population": 1014101,
        "population_year": 2025,
        "lat": 35.6127,
        "lon": -77.3663,
        "radius_km": 47.3,
        "land_area_km2": 7017.8,
        "area_source": "US Census 2024 Gazetteer CBSA ALAND"
      }
    },
    {
      "type": "Feature",
      "geometry": {
        "type": "Polygon",
        "coordinates": [
          [
            [
              -95.9404,
              41.794994
            ],
            [
              -95.869581,
              41.792378
            ],
            [
              -95.79946,
              41.784557
            ],
            [
              -95.730731,
              41.771608
            ],
            [
              -95.664069,
              41.753659
            ],
            [
              -95.60013,
              41.730887
            ],
            [
              -95.539541,
              41.703515
            ],
            [
              -95.482893,
              41.671814
            ],
            [
              -95.430735,
              41.636094
            ],
            [
              -95.383572,
              41.596706
            ],
            [
              -95.341856,
              41.554036
            ],
            [
              -95.305983,
              41.508501
            ],
            [
              -95.27629,
              41.460545
            ],
            [
              -95.253053,
              41.410633
            ],
            [
              -95.236481,
              41.359252
            ],
            [
              -95.22672,
              41.306899
            ],
            [
              -95.223847,
              41.254079
            ],
            [
              -95.227873,
              41.201301
            ],
            [
              -95.238742,
              41.149074
            ],
            [
              -95.256336,
              41.097898
            ],
            [
              -95.280469,
              41.048263
            ],
            [
              -95.310896,
              41.000643
            ],
            [
              -95.347315,
              40.955492
            ],
            [
              -95.389368,
              40.913239
            ],
            [
              -95.436645,
              40.874285
            ],
            [
              -95.488689,
              40.838998
            ],
            [
              -95.545001,
              40.807714
            ],
            [
              -95.605045,
              40.780726
            ],
            [
              -95.668248,
              40.75829
            ],
            [
              -95.734014,
              40.740617
            ],
            [
              -95.801722,
              40.727874
            ],
            [
              -95.870734,
              40.720179
            ],
            [
              -95.9404,
              40.717606
            ],
            [
              -96.010066,
              40.720179
            ],
            [
              -96.079078,
              40.727874
            ],
            [
              -96.146786,
              40.740617
            ],
            [
              -96.212552,
              40.75829
            ],
            [
              -96.275755,
              40.780726
            ],
            [
              -96.335799,
              40.807714
            ],
            [
              -96.392111,
              40.838998
            ],
            [
              -96.444155,
              40.874285
            ],
            [
              -96.491432,
              40.913239
            ],
            [
              -96.533485,
              40.955492
            ],
            [
              -96.569904,
              41.000643
            ],
            [
              -96.600331,
              41.048263
            ],
            [
              -96.624464,
              41.097898
            ],
            [
              -96.642058,
              41.149074
            ],
            [
              -96.652927,
              41.201301
            ],
            [
              -96.656953,
              41.254079
            ],
            [
              -96.65408,
              41.306899
            ],
            [
              -96.644319,
              41.359252
            ],
            [
              -96.627747,
              41.410633
            ],
            [
              -96.60451,
              41.460545
            ],
            [
              -96.574817,
              41.508501
            ],
            [
              -96.538944,
              41.554036
            ],
            [
              -96.497228,
              41.596706
            ],
            [
              -96.450065,
              41.636094
            ],
            [
              -96.397907,
              41.671814
            ],
            [
              -96.341259,
              41.703515
            ],
            [
              -96.28067,
              41.730887
            ],
            [
              -96.216731,
              41.753659
            ],
            [
              -96.150069,
              41.771608
            ],
            [
              -96.08134,
              41.784557
            ],
            [
              -96.011219,
              41.792378
            ],
            [
              -95.9404,
              41.794994
            ]
          ]
        ]
      },
      "properties": {
        "rank": 78,
        "city": "Omaha",
        "metro_name": "Omaha, NE-IA",
        "country": "United States",
        "population": 1009836,
        "population_year": 2025,
        "lat": 41.2563,
        "lon": -95.9404,
        "radius_km": 59.9,
        "land_area_km2": 11255.2,
        "area_source": "US Census 2024 Gazetteer CBSA ALAND"
      }
    },
    {
      "type": "Feature",
      "geometry": {
        "type": "Polygon",
        "coordinates": [
          [
            [
              -107.3942,
              25.204996
            ],
            [
              -107.350555,
              25.20305
            ],
            [
              -107.307334,
              25.197229
            ],
            [
              -107.264958,
              25.187592
            ],
            [
              -107.223838,
              25.174231
            ],
            [
              -107.184374,
              25.157276
            ],
            [
              -107.146948,
              25.136892
            ],
            [
              -107.111923,
              25.113278
            ],
            [
              -107.079637,
              25.086661
            ],
            [
              -107.050401,
              25.057301
            ],
            [
              -107.024497,
              25.025482
            ],
            [
              -107.002172,
              24.991513
            ],
            [
              -106.98364,
              24.955721
            ],
            [
              -106.969077,
              24.918454
            ],
            [
              -106.958619,
              24.88007
            ],
            [
              -106.952363,
              24.840942
            ],
            [
              -106.950367,
              24.801445
            ],
            [
              -106.952645,
              24.761961
            ],
            [
              -106.959171,
              24.72287
            ],
            [
              -106.969878,
              24.684547
            ],
            [
              -106.98466,
              24.647361
            ],
            [
              -107.003371,
              24.611669
            ],
            [
              -107.025829,
              24.577812
            ],
            [
              -107.051816,
              24.546116
            ],
            [
              -107.081079,
              24.516884
            ],
            [
              -107.113338,
              24.490395
            ],
            [
              -107.148281,
              24.466903
            ],
            [
              -107.185573,
              24.446633
            ],
            [
              -107.224858,
              24.429777
            ],
            [
              -107.265759,
              24.416498
            ],
            [
              -107.307886,
              24.406921
            ],
            [
              -107.350836,
              24.401138
            ],
            [
              -107.3942,
              24.399204
            ],
            [
              -107.437564,
              24.401138
            ],
            [
              -107.480514,
              24.406921
            ],
            [
              -107.522641,
              24.416498
            ],
            [
              -107.563542,
              24.429777
            ],
            [
              -107.602827,
              24.446633
            ],
            [
              -107.640119,
              24.466903
            ],
            [
              -107.675062,
              24.490395
            ],
            [
              -107.707321,
              24.516884
            ],
            [
              -107.736584,
              24.546116
            ],
            [
              -107.762571,
              24.577812
            ],
            [
              -107.785029,
              24.611669
            ],
            [
              -107.80374,
              24.647361
            ],
            [
              -107.818522,
              24.684547
            ],
            [
              -107.829229,
              24.72287
            ],
            [
              -107.835755,
              24.761961
            ],
            [
              -107.838033,
              24.801445
            ],
            [
              -107.836037,
              24.840942
            ],
            [
              -107.829781,
              24.88007
            ],
            [
              -107.819323,
              24.918454
            ],
            [
              -107.80476,
              24.955721
            ],
            [
              -107.786228,
              24.991513
            ],
            [
              -107.763903,
              25.025482
            ],
            [
              -107.737999,
              25.057301
            ],
            [
              -107.708763,
              25.086661
            ],
            [
              -107.676477,
              25.113278
            ],
            [
              -107.641452,
              25.136892
            ],
            [
              -107.604026,
              25.157276
            ],
            [
              -107.564562,
              25.174231
            ],
            [
              -107.523442,
              25.187592
            ],
            [
              -107.481066,
              25.197229
            ],
            [
              -107.437845,
              25.20305
            ],
            [
              -107.3942,
              25.204996
            ]
          ]
        ]
      },
      "properties": {
        "rank": 79,
        "city": "Culiacán",
        "metro_name": "Culiacán",
        "country": "Mexico",
        "population": 1003530,
        "population_year": 2020,
        "lat": 24.8021,
        "lon": -107.3942,
        "radius_km": 44.8,
        "land_area_km2": 6305.0,
        "area_source": "SEDATU/CONAPO/INEGI superficie_km2 2020"
      }
    },
    {
      "type": "Feature",
      "geometry": {
        "type": "Polygon",
        "coordinates": [
          [
            [
              -101.1844,
              19.913939
            ],
            [
              -101.16218,
              19.912912
            ],
            [
              -101.140175,
              19.909838
            ],
            [
              -101.118598,
              19.90475
            ],
            [
              -101.097657,
              19.897694
            ],
            [
              -101.077554,
              19.88874
            ],
            [
              -101.058484,
              19.877975
            ],
            [
              -101.040631,
              19.865502
            ],
            [
              -101.024166,
              19.851441
            ],
            [
              -101.009249,
              19.835929
            ],
            [
              -100.996023,
              19.819115
            ],
            [
              -100.984616,
              19.801162
            ],
            [
              -100.975135,
              19.782243
            ],
            [
              -100.967674,
              19.762541
            ],
            [
              -100.962302,
              19.742245
            ],
            [
              -100.95907,
              19.721551
            ],
            [
              -100.958009,
              19.700658
            ],
            [
              -100.959129,
              19.679768
            ],
            [
              -100.962417,
              19.659082
            ],
            [
              -100.967841,
              19.638799
            ],
            [
              -100.975349,
              19.619114
            ],
            [
              -100.984866,
              19.600217
            ],
            [
              -100.996302,
              19.582288
            ],
            [
              -101.009545,
              19.565501
            ],
            [
              -101.024468,
              19.550017
            ],
            [
              -101.040927,
              19.535984
            ],
            [
              -101.058763,
              19.523538
            ],
            [
              -101.077805,
              19.512797
            ],
            [
              -101.09787,
              19.503864
            ],
            [
              -101.118766,
              19.496827
            ],
            [
              -101.140291,
              19.491751
            ],
            [
              -101.162239,
              19.488686
            ],
            [
              -101.1844,
              19.487661
            ],
            [
              -101.206561,
              19.488686
            ],
            [
              -101.228509,
              19.491751
            ],
            [
              -101.250034,
              19.496827
            ],
            [
              -101.27093,
              19.503864
            ],
            [
              -101.290995,
              19.512797
            ],
            [
              -101.310037,
              19.523538
            ],
            [
              -101.327873,
              19.535984
            ],
            [
              -101.344332,
              19.550017
            ],
            [
              -101.359255,
              19.565501
            ],
            [
              -101.372498,
              19.582288
            ],
            [
              -101.383934,
              19.600217
            ],
            [
              -101.393451,
              19.619114
            ],
            [
              -101.400959,
              19.638799
            ],
            [
              -101.406383,
              19.659082
            ],
            [
              -101.409671,
              19.679768
            ],
            [
              -101.410791,
              19.700658
            ],
            [
              -101.40973,
              19.721551
            ],
            [
              -101.406498,
              19.742245
            ],
            [
              -101.401126,
              19.762541
            ],
            [
              -101.393665,
              19.782243
            ],
            [
              -101.384184,
              19.801162
            ],
            [
              -101.372777,
              19.819115
            ],
            [
              -101.359551,
              19.835929
            ],
            [
              -101.344634,
              19.851441
            ],
            [
              -101.328169,
              19.865502
            ],
            [
              -101.310316,
              19.877975
            ],
            [
              -101.291246,
              19.88874
            ],
            [
              -101.271143,
              19.897694
            ],
            [
              -101.250202,
              19.90475
            ],
            [
              -101.228625,
              19.909838
            ],
            [
              -101.20662,
              19.912912
            ],
            [
              -101.1844,
              19.913939
            ]
          ]
        ]
      },
      "properties": {
        "rank": 80,
        "city": "Morelia",
        "metro_name": "Morelia",
        "country": "Mexico",
        "population": 988704,
        "population_year": 2020,
        "lat": 19.7008,
        "lon": -101.1844,
        "radius_km": 23.7,
        "land_area_km2": 1771.2,
        "area_source": "SEDATU/CONAPO/INEGI superficie_km2 2020"
      }
    },
    {
      "type": "Feature",
      "geometry": {
        "type": "Polygon",
        "coordinates": [
          [
            [
              -157.8583,
              21.507449
            ],
            [
              -157.837172,
              21.506482
            ],
            [
              -157.816248,
              21.50359
            ],
            [
              -157.795731,
              21.498802
            ],
            [
              -157.775818,
              21.492163
            ],
            [
              -157.756703,
              21.483738
            ],
            [
              -157.73857,
              21.473608
            ],
            [
              -157.721594,
              21.461871
            ],
            [
              -157.705939,
              21.448641
            ],
            [
              -157.691755,
              21.434045
            ],
            [
              -157.67918,
              21.418224
            ],
            [
              -157.668333,
              21.401331
            ],
            [
              -157.659319,
              21.38353
            ],
            [
              -157.652225,
              21.364991
            ],
            [
              -157.647118,
              21.345893
            ],
            [
              -157.644046,
              21.326422
            ],
            [
              -157.643038,
              21.306763
            ],
            [
              -157.644103,
              21.287107
            ],
            [
              -157.64723,
              21.267643
            ],
            [
              -157.652388,
              21.248559
            ],
            [
              -157.659527,
              21.230037
            ],
            [
              -157.668577,
              21.212256
            ],
            [
              -157.679451,
              21.195387
            ],
            [
              -157.692044,
              21.179592
            ],
            [
              -157.706233,
              21.165022
            ],
            [
              -157.721883,
              21.151819
            ],
            [
              -157.738842,
              21.140108
            ],
            [
              -157.756948,
              21.130002
            ],
            [
              -157.776026,
              21.121597
            ],
            [
              -157.795894,
              21.114975
            ],
            [
              -157.81636,
              21.1102
            ],
            [
              -157.837229,
              21.107316
            ],
            [
              -157.8583,
              21.106351
            ],
            [
              -157.879371,
              21.107316
            ],
            [
              -157.90024,
              21.1102
            ],
            [
              -157.920706,
              21.114975
            ],
            [
              -157.940574,
              21.121597
            ],
            [
              -157.959652,
              21.130002
            ],
            [
              -157.977758,
              21.140108
            ],
            [
              -157.994717,
              21.151819
            ],
            [
              -158.010367,
              21.165022
            ],
            [
              -158.024556,
              21.179592
            ],
            [
              -158.037149,
              21.195387
            ],
            [
              -158.048023,
              21.212256
            ],
            [
              -158.057073,
              21.230037
            ],
            [
              -158.064212,
              21.248559
            ],
            [
              -158.06937,
              21.267643
            ],
            [
              -158.072497,
              21.287107
            ],
            [
              -158.073562,
              21.306763
            ],
            [
              -158.072554,
              21.326422
            ],
            [
              -158.069482,
              21.345893
            ],
            [
              -158.064375,
              21.364991
            ],
            [
              -158.057281,
              21.38353
            ],
            [
              -158.048267,
              21.401331
            ],
            [
              -158.03742,
              21.418224
            ],
            [
              -158.024845,
              21.434045
            ],
            [
              -158.010661,
              21.448641
            ],
            [
              -157.995006,
              21.461871
            ],
            [
              -157.97803,
              21.473608
            ],
            [
              -157.959897,
              21.483738
            ],
            [
              -157.940782,
              21.492163
            ],
            [
              -157.920869,
              21.498802
            ],
            [
              -157.900352,
              21.50359
            ],
            [
              -157.879428,
              21.506482
            ],
            [
              -157.8583,
              21.507449
            ]
          ]
        ]
      },
      "properties": {
        "rank": 81,
        "city": "Honolulu",
        "metro_name": "Urban Honolulu, HI",
        "country": "United States",
        "population": 988703,
        "population_year": 2025,
        "lat": 21.3069,
        "lon": -157.8583,
        "radius_km": 22.3,
        "land_area_km2": 1556.0,
        "area_source": "US Census 2024 Gazetteer CBSA ALAND"
      }
    },
    {
      "type": "Feature",
      "geometry": {
        "type": "Polygon",
        "coordinates": [
          [
            [
              -106.0889,
              29.317885
            ],
            [
              -106.012171,
              29.314577
            ],
            [
              -105.936196,
              29.304684
            ],
            [
              -105.861719,
              29.288304
            ],
            [
              -105.789473,
              29.265597
            ],
            [
              -105.720163,
              29.236787
            ],
            [
              -105.654466,
              29.202156
            ],
            [
              -105.593023,
              29.162042
            ],
            [
              -105.536427,
              29.11684
            ],
            [
              -105.485226,
              29.066989
            ],
            [
              -105.439911,
              29.012977
            ],
            [
              -105.400913,
              28.95533
            ],
            [
              -105.368602,
              28.894609
            ],
            [
              -105.343278,
              28.831403
            ],
            [
              -105.325175,
              28.766324
            ],
            [
              -105.314453,
              28.700003
            ],
            [
              -105.311203,
              28.63308
            ],
            [
              -105.31544,
              28.566199
            ],
            [
              -105.327111,
              28.500004
            ],
            [
              -105.346089,
              28.435131
            ],
            [
              -105.372179,
              28.372201
            ],
            [
              -105.40512,
              28.311816
            ],
            [
              -105.444585,
              28.254553
            ],
            [
              -105.490188,
              28.200958
            ],
            [
              -105.541486,
              28.15154
            ],
            [
              -105.597984,
              28.106771
            ],
            [
              -105.659141,
              28.067074
            ],
            [
              -105.72437,
              28.032826
            ],
            [
              -105.793051,
              28.004353
            ],
            [
              -105.86453,
              27.981922
            ],
            [
              -105.938132,
              27.965747
            ],
            [
              -106.013158,
              27.955981
            ],
            [
              -106.0889,
              27.952715
            ],
            [
              -106.164642,
              27.955981
            ],
            [
              -106.239668,
              27.965747
            ],
            [
              -106.31327,
              27.981922
            ],
            [
              -106.384749,
              28.004353
            ],
            [
              -106.45343,
              28.032826
            ],
            [
              -106.518659,
              28.067074
            ],
            [
              -106.579816,
              28.106771
            ],
            [
              -106.636314,
              28.15154
            ],
            [
              -106.687612,
              28.200958
            ],
            [
              -106.733215,
              28.254553
            ],
            [
              -106.77268,
              28.311816
            ],
            [
              -106.805621,
              28.372201
            ],
            [
              -106.831711,
              28.435131
            ],
            [
              -106.850689,
              28.500004
            ],
            [
              -106.86236,
              28.566199
            ],
            [
              -106.866597,
              28.63308
            ],
            [
              -106.863347,
              28.700003
            ],
            [
              -106.852625,
              28.766324
            ],
            [
              -106.834522,
              28.831403
            ],
            [
              -106.809198,
              28.894609
            ],
            [
              -106.776887,
              28.95533
            ],
            [
              -106.737889,
              29.012977
            ],
            [
              -106.692574,
              29.066989
            ],
            [
              -106.641373,
              29.11684
            ],
            [
              -106.584777,
              29.162042
            ],
            [
              -106.523334,
              29.202156
            ],
            [
              -106.457637,
              29.236787
            ],
            [
              -106.388327,
              29.265597
            ],
            [
              -106.316081,
              29.288304
            ],
            [
              -106.241604,
              29.304684
            ],
            [
              -106.165629,
              29.314577
            ],
            [
              -106.0889,
              29.317885
            ]
          ]
        ]
      },
      "properties": {
        "rank": 82,
        "city": "Chihuahua",
        "metro_name": "Chihuahua",
        "country": "Mexico",
        "population": 988065,
        "population_year": 2020,
        "lat": 28.6353,
        "lon": -106.0889,
        "radius_km": 75.9,
        "land_area_km2": 18093.7,
        "area_source": "SEDATU/CONAPO/INEGI superficie_km2 2020"
      }
    },
    {
      "type": "Feature",
      "geometry": {
        "type": "Polygon",
        "coordinates": [
          [
            [
              -73.1894,
              41.390541
            ],
            [
              -73.161789,
              41.38952
            ],
            [
              -73.134446,
              41.386467
            ],
            [
              -73.107637,
              41.381411
            ],
            [
              -73.081623,
              41.374403
            ],
            [
              -73.056657,
              41.36551
            ],
            [
              -73.032979,
              41.354818
            ],
            [
              -73.010821,
              41.342431
            ],
            [
              -72.990395,
              41.328469
            ],
            [
              -72.971898,
              41.313069
            ],
            [
              -72.955509,
              41.296378
            ],
            [
              -72.941385,
              41.278559
            ],
            [
              -72.92966,
              41.259785
            ],
            [
              -72.920446,
              41.240236
            ],
            [
              -72.913829,
              41.220102
            ],
            [
              -72.909871,
              41.199577
            ],
            [
              -72.908607,
              41.178859
            ],
            [
              -72.910048,
              41.158147
            ],
            [
              -72.914176,
              41.137642
            ],
            [
              -72.920949,
              41.117539
            ],
            [
              -72.930301,
              41.098033
            ],
            [
              -72.942138,
              41.07931
            ],
            [
              -72.956347,
              41.06155
            ],
            [
              -72.972787,
              41.044924
            ],
            [
              -72.991301,
              41.02959
            ],
            [
              -73.011709,
              41.015695
            ],
            [
              -73.033816,
              41.003372
            ],
            [
              -73.05741,
              40.992739
            ],
            [
              -73.082264,
              40.983897
            ],
            [
              -73.10814,
              40.976931
            ],
            [
              -73.134792,
              40.971907
            ],
            [
              -73.161965,
              40.968874
            ],
            [
              -73.1894,
              40.967859
            ],
            [
              -73.216835,
              40.968874
            ],
            [
              -73.244008,
              40.971907
            ],
            [
              -73.27066,
              40.976931
            ],
            [
              -73.296536,
              40.983897
            ],
            [
              -73.32139,
              40.992739
            ],
            [
              -73.344984,
              41.003372
            ],
            [
              -73.367091,
              41.015695
            ],
            [
              -73.387499,
              41.02959
            ],
            [
              -73.406013,
              41.044924
            ],
            [
              -73.422453,
              41.06155
            ],
            [
              -73.436662,
              41.07931
            ],
            [
              -73.448499,
              41.098033
            ],
            [
              -73.457851,
              41.117539
            ],
            [
              -73.464624,
              41.137642
            ],
            [
              -73.468752,
              41.158147
            ],
            [
              -73.470193,
              41.178859
            ],
            [
              -73.468929,
              41.199577
            ],
            [
              -73.464971,
              41.220102
            ],
            [
              -73.458354,
              41.240236
            ],
            [
              -73.44914,
              41.259785
            ],
            [
              -73.437415,
              41.278559
            ],
            [
              -73.423291,
              41.296378
            ],
            [
              -73.406902,
              41.313069
            ],
            [
              -73.388405,
              41.328469
            ],
            [
              -73.367979,
              41.342431
            ],
            [
              -73.345821,
              41.354818
            ],
            [
              -73.322143,
              41.36551
            ],
            [
              -73.297177,
              41.374403
            ],
            [
              -73.271163,
              41.381411
            ],
            [
              -73.244354,
              41.386467
            ],
            [
              -73.217011,
              41.38952
            ],
            [
              -73.1894,
              41.390541
            ]
          ]
        ]
      },
      "properties": {
        "rank": 83,
        "city": "Bridgeport",
        "metro_name": "Bridgeport-Stamford-Danbury, CT",
        "country": "United States",
        "population": 978179,
        "population_year": 2025,
        "lat": 41.1792,
        "lon": -73.1894,
        "radius_km": 23.5,
        "land_area_km2": 1741.3,
        "area_source": "US Census 2024 Gazetteer CBSA ALAND"
      }
    },
    {
      "type": "Feature",
      "geometry": {
        "type": "Polygon",
        "coordinates": [
          [
            [
              -90.0751,
              30.351301
            ],
            [
              -90.030053,
              30.349383
            ],
            [
              -89.985446,
              30.34365
            ],
            [
              -89.941712,
              30.334156
            ],
            [
              -89.899278,
              30.320995
            ],
            [
              -89.858556,
              30.304294
            ],
            [
              -89.819941,
              30.284216
            ],
            [
              -89.783808,
              30.260956
            ],
            [
              -89.750507,
              30.234741
            ],
            [
              -89.720358,
              30.205826
            ],
            [
              -89.693652,
              30.17449
            ],
            [
              -89.670643,
              30.141039
            ],
            [
              -89.651552,
              30.105795
            ],
            [
              -89.636558,
              30.069101
            ],
            [
              -89.625801,
              30.031311
            ],
            [
              -89.619382,
              29.99279
            ],
            [
              -89.617356,
              29.953909
            ],
            [
              -89.619738,
              29.915043
            ],
            [
              -89.6265,
              29.876567
            ],
            [
              -89.637572,
              29.83885
            ],
            [
              -89.652843,
              29.802254
            ],
            [
              -89.672162,
              29.767131
            ],
            [
              -89.695339,
              29.733816
            ],
            [
              -89.722149,
              29.702629
            ],
            [
              -89.752333,
              29.673868
            ],
            [
              -89.785599,
              29.647807
            ],
            [
              -89.821628,
              29.624696
            ],
            [
              -89.860074,
              29.604755
            ],
            [
              -89.900569,
              29.588174
            ],
            [
              -89.942727,
              29.575111
            ],
            [
              -89.986145,
              29.56569
            ],
            [
              -90.03041,
              29.560001
            ],
            [
              -90.0751,
              29.558099
            ],
            [
              -90.11979,
              29.560001
            ],
            [
              -90.164055,
              29.56569
            ],
            [
              -90.207473,
              29.575111
            ],
            [
              -90.249631,
              29.588174
            ],
            [
              -90.290126,
              29.604755
            ],
            [
              -90.328572,
              29.624696
            ],
            [
              -90.364601,
              29.647807
            ],
            [
              -90.397867,
              29.673868
            ],
            [
              -90.428051,
              29.702629
            ],
            [
              -90.454861,
              29.733816
            ],
            [
              -90.478038,
              29.767131
            ],
            [
              -90.497357,
              29.802254
            ],
            [
              -90.512628,
              29.83885
            ],
            [
              -90.5237,
              29.876567
            ],
            [
              -90.530462,
              29.915043
            ],
            [
              -90.532844,
              29.953909
            ],
            [
              -90.530818,
              29.99279
            ],
            [
              -90.524399,
              30.031311
            ],
            [
              -90.513642,
              30.069101
            ],
            [
              -90.498648,
              30.105795
            ],
            [
              -90.479557,
              30.141039
            ],
            [
              -90.456548,
              30.17449
            ],
            [
              -90.429842,
              30.205826
            ],
            [
              -90.399693,
              30.234741
            ],
            [
              -90.366392,
              30.260956
            ],
            [
              -90.330259,
              30.284216
            ],
            [
              -90.291644,
              30.304294
            ],
            [
              -90.250922,
              30.320995
            ],
            [
              -90.208488,
              30.334156
            ],
            [
              -90.164754,
              30.34365
            ],
            [
              -90.120147,
              30.349383
            ],
            [
              -90.0751,
              30.351301
            ]
          ]
        ]
      },
      "properties": {
        "rank": 84,
        "city": "New Orleans",
        "metro_name": "New Orleans-Metairie, LA",
        "country": "United States",
        "population": 970849,
        "population_year": 2025,
        "lat": 29.9547,
        "lon": -90.0751,
        "radius_km": 44.1,
        "land_area_km2": 6108.6,
        "area_source": "US Census 2024 Gazetteer CBSA ALAND"
      }
    },
    {
      "type": "Feature",
      "geometry": {
        "type": "Polygon",
        "coordinates": [
          [
            [
              -83.9207,
              36.443536
            ],
            [
              -83.861859,
              36.441196
            ],
            [
              -83.803596,
              36.434199
            ],
            [
              -83.74648,
              36.422615
            ],
            [
              -83.691073,
              36.406556
            ],
            [
              -83.637915,
              36.38618
            ],
            [
              -83.587525,
              36.361687
            ],
            [
              -83.540392,
              36.333315
            ],
            [
              -83.496975,
              36.301344
            ],
            [
              -83.457691,
              36.266083
            ],
            [
              -83.422919,
              36.227878
            ],
            [
              -83.392989,
              36.1871
            ],
            [
              -83.368184,
              36.144146
            ],
            [
              -83.348738,
              36.099433
            ],
            [
              -83.334829,
              36.053393
            ],
            [
              -83.326581,
              36.006472
            ],
            [
              -83.324064,
              35.959123
            ],
            [
              -83.327292,
              35.911803
            ],
            [
              -83.336225,
              35.864966
            ],
            [
              -83.350765,
              35.819063
            ],
            [
              -83.370764,
              35.774533
            ],
            [
              -83.396022,
              35.731803
            ],
            [
              -83.426289,
              35.69128
            ],
            [
              -83.46127,
              35.653352
            ],
            [
              -83.500623,
              35.61838
            ],
            [
              -83.543971,
              35.586696
            ],
            [
              -83.590895,
              35.558602
            ],
            [
              -83.640949,
              35.534363
            ],
            [
              -83.693653,
              35.514211
            ],
            [
              -83.748508,
              35.498336
            ],
            [
              -83.804992,
              35.486888
            ],
            [
              -83.862571,
              35.479976
            ],
            [
              -83.9207,
              35.477664
            ],
            [
              -83.978829,
              35.479976
            ],
            [
              -84.036408,
              35.486888
            ],
            [
              -84.092892,
              35.498336
            ],
            [
              -84.147747,
              35.514211
            ],
            [
              -84.200451,
              35.534363
            ],
            [
              -84.250505,
              35.558602
            ],
            [
              -84.297429,
              35.586696
            ],
            [
              -84.340777,
              35.61838
            ],
            [
              -84.38013,
              35.653352
            ],
            [
              -84.415111,
              35.69128
            ],
            [
              -84.445378,
              35.731803
            ],
            [
              -84.470636,
              35.774533
            ],
            [
              -84.490635,
              35.819063
            ],
            [
              -84.505175,
              35.864966
            ],
            [
              -84.514108,
              35.911803
            ],
            [
              -84.517336,
              35.959123
            ],
            [
              -84.514819,
              36.006472
            ],
            [
              -84.506571,
              36.053393
            ],
            [
              -84.492662,
              36.099433
            ],
            [
              -84.473216,
              36.144146
            ],
            [
              -84.448411,
              36.1871
            ],
            [
              -84.418481,
              36.227878
            ],
            [
              -84.383709,
              36.266083
            ],
            [
              -84.344425,
              36.301344
            ],
            [
              -84.301008,
              36.333315
            ],
            [
              -84.253875,
              36.361687
            ],
            [
              -84.203485,
              36.38618
            ],
            [
              -84.150327,
              36.406556
            ],
            [
              -84.09492,
              36.422615
            ],
            [
              -84.037804,
              36.434199
            ],
            [
              -83.979541,
              36.441196
            ],
            [
              -83.9207,
              36.443536
            ]
          ]
        ]
      },
      "properties": {
        "rank": 85,
        "city": "Knoxville",
        "metro_name": "Knoxville, TN",
        "country": "United States",
        "population": 968137,
        "population_year": 2025,
        "lat": 35.9606,
        "lon": -83.9207,
        "radius_km": 53.7,
        "land_area_km2": 9067.4,
        "area_source": "US Census 2024 Gazetteer CBSA ALAND"
      }
    },
    {
      "type": "Feature",
      "geometry": {
        "type": "Polygon",
        "coordinates": [
          [
            [
              -97.147,
              50.253122
            ],
            [
              -97.090479,
              50.251333
            ],
            [
              -97.034515,
              50.245983
            ],
            [
              -96.979658,
              50.237125
            ],
            [
              -96.926449,
              50.224847
            ],
            [
              -96.87541,
              50.209268
            ],
            [
              -96.827039,
              50.190543
            ],
            [
              -96.781809,
              50.168855
            ],
            [
              -96.740159,
              50.144417
            ],
            [
              -96.70249,
              50.117468
            ],
            [
              -96.669164,
              50.088272
            ],
            [
              -96.640499,
              50.057114
            ],
            [
              -96.616764,
              50.024297
            ],
            [
              -96.598179,
              49.990141
            ],
            [
              -96.584914,
              49.954977
            ],
            [
              -96.577085,
              49.919145
            ],
            [
              -96.574757,
              49.882992
            ],
            [
              -96.577938,
              49.846866
            ],
            [
              -96.586586,
              49.811114
            ],
            [
              -96.600607,
              49.77608
            ],
            [
              -96.619854,
              49.742099
            ],
            [
              -96.644133,
              49.709495
            ],
            [
              -96.673203,
              49.678581
            ],
            [
              -96.706777,
              49.649649
            ],
            [
              -96.74453,
              49.622975
            ],
            [
              -96.786096,
              49.598812
            ],
            [
              -96.831078,
              49.577388
            ],
            [
              -96.879044,
              49.558906
            ],
            [
              -96.92954,
              49.543541
            ],
            [
              -96.982087,
              49.531438
            ],
            [
              -97.036187,
              49.52271
            ],
            [
              -97.091332,
              49.51744
            ],
            [
              -97.147,
              49.515678
            ],
            [
              -97.202668,
              49.51744
            ],
            [
              -97.257813,
              49.52271
            ],
            [
              -97.311913,
              49.531438
            ],
            [
              -97.36446,
              49.543541
            ],
            [
              -97.414956,
              49.558906
            ],
            [
              -97.462922,
              49.577388
            ],
            [
              -97.507904,
              49.598812
            ],
            [
              -97.54947,
              49.622975
            ],
            [
              -97.587223,
              49.649649
            ],
            [
              -97.620797,
              49.678581
            ],
            [
              -97.649867,
              49.709495
            ],
            [
              -97.674146,
              49.742099
            ],
            [
              -97.693393,
              49.77608
            ],
            [
              -97.707414,
              49.811114
            ],
            [
              -97.716062,
              49.846866
            ],
            [
              -97.719243,
              49.882992
            ],
            [
              -97.716915,
              49.919145
            ],
            [
              -97.709086,
              49.954977
            ],
            [
              -97.695821,
              49.990141
            ],
            [
              -97.677236,
              50.024297
            ],
            [
              -97.653501,
              50.057114
            ],
            [
              -97.624836,
              50.088272
            ],
            [
              -97.59151,
              50.117468
            ],
            [
              -97.553841,
              50.144417
            ],
            [
              -97.512191,
              50.168855
            ],
            [
              -97.466961,
              50.190543
            ],
            [
              -97.41859,
              50.209268
            ],
            [
              -97.367551,
              50.224847
            ],
            [
              -97.314342,
              50.237125
            ],
            [
              -97.259485,
              50.245983
            ],
            [
              -97.203521,
              50.251333
            ],
            [
              -97.147,
              50.253122
            ]
          ]
        ]
      },
      "properties": {
        "rank": 86,
        "city": "Winnipeg",
        "metro_name": "Winnipeg (CMA), Manitoba",
        "country": "Canada",
        "population": 951758,
        "population_year": 2025,
        "lat": 49.8844,
        "lon": -97.147,
        "radius_km": 41.0,
        "land_area_km2": 5285.5,
        "area_source": "StatCan 2021 CMA boundary LANDAREA (km2)"
      }
    },
    {
      "type": "Feature",
      "geometry": {
        "type": "Polygon",
        "coordinates": [
          [
            [
              -82.2359,
              27.338278
            ],
            [
              -82.203452,
              27.336858
            ],
            [
              -82.171318,
              27.332613
            ],
            [
              -82.139812,
              27.325583
            ],
            [
              -82.109237,
              27.315836
            ],
            [
              -82.079892,
              27.303468
            ],
            [
              -82.052059,
              27.288598
            ],
            [
              -82.026009,
              27.27137
            ],
            [
              -82.001992,
              27.251951
            ],
            [
              -81.980241,
              27.23053
            ],
            [
              -81.960964,
              27.207314
            ],
            [
              -81.944346,
              27.182527
            ],
            [
              -81.930546,
              27.156409
            ],
            [
              -81.919696,
              27.129213
            ],
            [
              -81.911898,
              27.101201
            ],
            [
              -81.907225,
              27.072643
            ],
            [
              -81.905719,
              27.043815
            ],
            [
              -81.907393,
              27.014994
            ],
            [
              -81.912229,
              26.986458
            ],
            [
              -81.920177,
              26.958481
            ],
            [
              -81.931158,
              26.931333
            ],
            [
              -81.945065,
              26.905274
            ],
            [
              -81.961763,
              26.880553
            ],
            [
              -81.981089,
              26.857409
            ],
            [
              -82.002857,
              26.836064
            ],
            [
              -82.026858,
              26.81672
            ],
            [
              -82.052859,
              26.799565
            ],
            [
              -82.080611,
              26.784761
            ],
            [
              -82.109849,
              26.772451
            ],
            [
              -82.140292,
              26.762752
            ],
            [
              -82.171649,
              26.755758
            ],
            [
              -82.20362,
              26.751534
            ],
            [
              -82.2359,
              26.750122
            ],
            [
              -82.26818,
              26.751534
            ],
            [
              -82.300151,
              26.755758
            ],
            [
              -82.331508,
              26.762752
            ],
            [
              -82.361951,
              26.772451
            ],
            [
              -82.391189,
              26.784761
            ],
            [
              -82.418941,
              26.799565
            ],
            [
              -82.444942,
              26.81672
            ],
            [
              -82.468943,
              26.836064
            ],
            [
              -82.490711,
              26.857409
            ],
            [
              -82.510037,
              26.880553
            ],
            [
              -82.526735,
              26.905274
            ],
            [
              -82.540642,
              26.931333
            ],
            [
              -82.551623,
              26.958481
            ],
            [
              -82.559571,
              26.986458
            ],
            [
              -82.564407,
              27.014994
            ],
            [
              -82.566081,
              27.043815
            ],
            [
              -82.564575,
              27.072643
            ],
            [
              -82.559902,
              27.101201
            ],
            [
              -82.552104,
              27.129213
            ],
            [
              -82.541254,
              27.156409
            ],
            [
              -82.527454,
              27.182527
            ],
            [
              -82.510836,
              27.207314
            ],
            [
              -82.491559,
              27.23053
            ],
            [
              -82.469808,
              27.251951
            ],
            [
              -82.445791,
              27.27137
            ],
            [
              -82.419741,
              27.288598
            ],
            [
              -82.391908,
              27.303468
            ],
            [
              -82.362563,
              27.315836
            ],
            [
              -82.331988,
              27.325583
            ],
            [
              -82.300482,
              27.332613
            ],
            [
              -82.268348,
              27.336858
            ],
            [
              -82.2359,
              27.338278
            ]
          ]
        ]
      },
      "properties": {
        "rank": 87,
        "city": "North Port",
        "metro_name": "North Port-Bradenton-Sarasota, FL",
        "country": "United States",
        "population": 948158,
        "population_year": 2025,
        "lat": 27.0442,
        "lon": -82.2359,
        "radius_km": 32.7,
        "land_area_km2": 3363.8,
        "area_source": "US Census 2024 Gazetteer CBSA ALAND"
      }
    },
    {
      "type": "Feature",
      "geometry": {
        "type": "Polygon",
        "coordinates": [
          [
            [
              -110.9668,
              29.749701
            ],
            [
              -110.892179,
              29.746498
            ],
            [
              -110.818291,
              29.736919
            ],
            [
              -110.74586,
              29.721058
            ],
            [
              -110.675598,
              29.699071
            ],
            [
              -110.60819,
              29.671174
            ],
            [
              -110.544296,
              29.637641
            ],
            [
              -110.484537,
              29.598798
            ],
            [
              -110.429492,
              29.555028
            ],
            [
              -110.379692,
              29.506757
            ],
            [
              -110.335616,
              29.454455
            ],
            [
              -110.297683,
              29.398634
            ],
            [
              -110.266253,
              29.339834
            ],
            [
              -110.241617,
              29.278629
            ],
            [
              -110.224004,
              29.215609
            ],
            [
              -110.21357,
              29.151386
            ],
            [
              -110.210402,
              29.086579
            ],
            [
              -110.214517,
              29.021812
            ],
            [
              -110.225862,
              28.95771
            ],
            [
              -110.244314,
              28.894886
            ],
            [
              -110.269685,
              28.833944
            ],
            [
              -110.30172,
              28.775467
            ],
            [
              -110.340101,
              28.720012
            ],
            [
              -110.384454,
              28.668108
            ],
            [
              -110.434347,
              28.620251
            ],
            [
              -110.489298,
              28.576894
            ],
            [
              -110.548782,
              28.53845
            ],
            [
              -110.612227,
              28.505283
            ],
            [
              -110.679031,
              28.477707
            ],
            [
              -110.748558,
              28.455985
            ],
            [
              -110.820149,
              28.44032
            ],
            [
              -110.893126,
              28.430861
            ],
            [
              -110.9668,
              28.427699
            ],
            [
              -111.040474,
              28.430861
            ],
            [
              -111.113451,
              28.44032
            ],
            [
              -111.185042,
              28.455985
            ],
            [
              -111.254569,
              28.477707
            ],
            [
              -111.321373,
              28.505283
            ],
            [
              -111.384818,
              28.53845
            ],
            [
              -111.444302,
              28.576894
            ],
            [
              -111.499253,
              28.620251
            ],
            [
              -111.549146,
              28.668108
            ],
            [
              -111.593499,
              28.720012
            ],
            [
              -111.63188,
              28.775467
            ],
            [
              -111.663915,
              28.833944
            ],
            [
              -111.689286,
              28.894886
            ],
            [
              -111.707738,
              28.95771
            ],
            [
              -111.719083,
              29.021812
            ],
            [
              -111.723198,
              29.086579
            ],
            [
              -111.72003,
              29.151386
            ],
            [
              -111.709596,
              29.215609
            ],
            [
              -111.691983,
              29.278629
            ],
            [
              -111.667347,
              29.339834
            ],
            [
              -111.635917,
              29.398634
            ],
            [
              -111.597984,
              29.454455
            ],
            [
              -111.553908,
              29.506757
            ],
            [
              -111.504108,
              29.555028
            ],
            [
              -111.449063,
              29.598798
            ],
            [
              -111.389304,
              29.637641
            ],
            [
              -111.32541,
              29.671174
            ],
            [
              -111.258002,
              29.699071
            ],
            [
              -111.18774,
              29.721058
            ],
            [
              -111.115309,
              29.736919
            ],
            [
              -111.041421,
              29.746498
            ],
            [
              -110.9668,
              29.749701
            ]
          ]
        ]
      },
      "properties": {
        "rank": 88,
        "city": "Hermosillo",
        "metro_name": "Hermosillo",
        "country": "Mexico",
        "population": 936263,
        "population_year": 2020,
        "lat": 29.0887,
        "lon": -110.9668,
        "radius_km": 73.5,
        "land_area_km2": 16955.2,
        "area_source": "SEDATU/CONAPO/INEGI superficie_km2 2020"
      }
    },
    {
      "type": "Feature",
      "geometry": {
        "type": "Polygon",
        "coordinates": [
          [
            [
              -86.8466,
              21.390137
            ],
            [
              -86.823879,
              21.389096
            ],
            [
              -86.801379,
              21.385984
            ],
            [
              -86.779315,
              21.38083
            ],
            [
              -86.757903,
              21.373684
            ],
            [
              -86.737348,
              21.364616
            ],
            [
              -86.717849,
              21.353713
            ],
            [
              -86.699594,
              21.341081
            ],
            [
              -86.682761,
              21.326841
            ],
            [
              -86.66751,
              21.311131
            ],
            [
              -86.653988,
              21.294104
            ],
            [
              -86.642326,
              21.275922
            ],
            [
              -86.632635,
              21.256763
            ],
            [
              -86.625009,
              21.23681
            ],
            [
              -86.619519,
              21.216256
            ],
            [
              -86.616217,
              21.1953
            ],
            [
              -86.615136,
              21.174143
            ],
            [
              -86.616283,
              21.152988
            ],
            [
              -86.619648,
              21.132041
            ],
            [
              -86.625196,
              21.111502
            ],
            [
              -86.632874,
              21.091569
            ],
            [
              -86.642607,
              21.072433
            ],
            [
              -86.6543,
              21.054279
            ],
            [
              -86.667841,
              21.037281
            ],
            [
              -86.683098,
              21.021602
            ],
            [
              -86.699926,
              21.007392
            ],
            [
              -86.718161,
              20.99479
            ],
            [
              -86.737628,
              20.983914
            ],
            [
              -86.758141,
              20.974869
            ],
            [
              -86.779503,
              20.967743
            ],
            [
              -86.801508,
              20.962604
            ],
            [
              -86.823945,
              20.959501
            ],
            [
              -86.8466,
              20.958463
            ],
            [
              -86.869255,
              20.959501
            ],
            [
              -86.891692,
              20.962604
            ],
            [
              -86.913697,
              20.967743
            ],
            [
              -86.935059,
              20.974869
            ],
            [
              -86.955572,
              20.983914
            ],
            [
              -86.975039,
              20.99479
            ],
            [
              -86.993274,
              21.007392
            ],
            [
              -87.010102,
              21.021602
            ],
            [
              -87.025359,
              21.037281
            ],
            [
              -87.0389,
              21.054279
            ],
            [
              -87.050593,
              21.072433
            ],
            [
              -87.060326,
              21.091569
            ],
            [
              -87.068004,
              21.111502
            ],
            [
              -87.073552,
              21.132041
            ],
            [
              -87.076917,
              21.152988
            ],
            [
              -87.078064,
              21.174143
            ],
            [
              -87.076983,
              21.1953
            ],
            [
              -87.073681,
              21.216256
            ],
            [
              -87.068191,
              21.23681
            ],
            [
              -87.060565,
              21.256763
            ],
            [
              -87.050874,
              21.275922
            ],
            [
              -87.039212,
              21.294104
            ],
            [
              -87.02569,
              21.311131
            ],
            [
              -87.010439,
              21.326841
            ],
            [
              -86.993606,
              21.341081
            ],
            [
              -86.975351,
              21.353713
            ],
            [
              -86.955852,
              21.364616
            ],
            [
              -86.935297,
              21.373684
            ],
            [
              -86.913885,
              21.38083
            ],
            [
              -86.891821,
              21.385984
            ],
            [
              -86.869321,
              21.389096
            ],
            [
              -86.8466,
              21.390137
            ]
          ]
        ]
      },
      "properties": {
        "rank": 89,
        "city": "Cancún",
        "metro_name": "Cancún",
        "country": "Mexico",
        "population": 934189,
        "population_year": 2020,
        "lat": 21.1743,
        "lon": -86.8466,
        "radius_km": 24.0,
        "land_area_km2": 1805.5,
        "area_source": "SEDATU/CONAPO/INEGI superficie_km2 2020"
      }
    },
    {
      "type": "Feature",
      "geometry": {
        "type": "Polygon",
        "coordinates": [
          [
            [
              -97.8778,
              22.653922
            ],
            [
              -97.838638,
              22.652142
            ],
            [
              -97.799857,
              22.646818
            ],
            [
              -97.761832,
              22.638004
            ],
            [
              -97.724932,
              22.625783
            ],
            [
              -97.689515,
              22.610275
            ],
            [
              -97.655925,
              22.59163
            ],
            [
              -97.624485,
              22.570029
            ],
            [
              -97.5955,
              22.545681
            ],
            [
              -97.569249,
              22.518823
            ],
            [
              -97.545984,
              22.489713
            ],
            [
              -97.525929,
              22.458635
            ],
            [
              -97.509275,
              22.425887
            ],
            [
              -97.496181,
              22.391788
            ],
            [
              -97.486771,
              22.356666
            ],
            [
              -97.481131,
              22.320859
            ],
            [
              -97.479315,
              22.284714
            ],
            [
              -97.481336,
              22.248578
            ],
            [
              -97.487173,
              22.212799
            ],
            [
              -97.496765,
              22.177721
            ],
            [
              -97.510018,
              22.143682
            ],
            [
              -97.526803,
              22.111009
            ],
            [
              -97.546955,
              22.080014
            ],
            [
              -97.57028,
              22.050996
            ],
            [
              -97.596551,
              22.024233
            ],
            [
              -97.625516,
              21.99998
            ],
            [
              -97.656896,
              21.97847
            ],
            [
              -97.690389,
              21.959909
            ],
            [
              -97.725675,
              21.944475
            ],
            [
              -97.762415,
              21.932315
            ],
            [
              -97.800259,
              21.923545
            ],
            [
              -97.838843,
              21.918249
            ],
            [
              -97.8778,
              21.916478
            ],
            [
              -97.916757,
              21.918249
            ],
            [
              -97.955341,
              21.923545
            ],
            [
              -97.993185,
              21.932315
            ],
            [
              -98.029925,
              21.944475
            ],
            [
              -98.065211,
              21.959909
            ],
            [
              -98.098704,
              21.97847
            ],
            [
              -98.130084,
              21.99998
            ],
            [
              -98.159049,
              22.024233
            ],
            [
              -98.18532,
              22.050996
            ],
            [
              -98.208645,
              22.080014
            ],
            [
              -98.228797,
              22.111009
            ],
            [
              -98.245582,
              22.143682
            ],
            [
              -98.258835,
              22.177721
            ],
            [
              -98.268427,
              22.212799
            ],
            [
              -98.274264,
              22.248578
            ],
            [
              -98.276285,
              22.284714
            ],
            [
              -98.274469,
              22.320859
            ],
            [
              -98.268829,
              22.356666
            ],
            [
              -98.259419,
              22.391788
            ],
            [
              -98.246325,
              22.425887
            ],
            [
              -98.229671,
              22.458635
            ],
            [
              -98.209616,
              22.489713
            ],
            [
              -98.186351,
              22.518823
            ],
            [
              -98.1601,
              22.545681
            ],
            [
              -98.131115,
              22.570029
            ],
            [
              -98.099675,
              22.59163
            ],
            [
              -98.066085,
              22.610275
            ],
            [
              -98.030668,
              22.625783
            ],
            [
              -97.993768,
              22.638004
            ],
            [
              -97.955743,
              22.646818
            ],
            [
              -97.916962,
              22.652142
            ],
            [
              -97.8778,
              22.653922
            ]
          ]
        ]
      },
      "properties": {
        "rank": 90,
        "city": "Tampico",
        "metro_name": "Tampico",
        "country": "Mexico",
        "population": 927379,
        "population_year": 2020,
        "lat": 22.2852,
        "lon": -97.8778,
        "radius_km": 41.0,
        "land_area_km2": 5281.7,
        "area_source": "SEDATU/CONAPO/INEGI superficie_km2 2020"
      }
    },
    {
      "type": "Feature",
      "geometry": {
        "type": "Polygon",
        "coordinates": [
          [
            [
              -119.0187,
              36.109844
            ],
            [
              -118.929345,
              36.106265
            ],
            [
              -118.840875,
              36.095562
            ],
            [
              -118.754164,
              36.077842
            ],
            [
              -118.67007,
              36.053279
            ],
            [
              -118.589419,
              36.022117
            ],
            [
              -118.513004,
              35.984664
            ],
            [
              -118.441572,
              35.941288
            ],
            [
              -118.375817,
              35.892417
            ],
            [
              -118.316374,
              35.838531
            ],
            [
              -118.263812,
              35.780159
            ],
            [
              -118.218631,
              35.717872
            ],
            [
              -118.181253,
              35.652278
            ],
            [
              -118.152023,
              35.584016
            ],
            [
              -118.131204,
              35.51375
            ],
            [
              -118.118974,
              35.44216
            ],
            [
              -118.11543,
              35.369939
            ],
            [
              -118.120582,
              35.297782
            ],
            [
              -118.134358,
              35.226384
            ],
            [
              -118.156603,
              35.156428
            ],
            [
              -118.187082,
              35.088584
            ],
            [
              -118.225485,
              35.0235
            ],
            [
              -118.271428,
              34.961794
            ],
            [
              -118.324459,
              34.904052
            ],
            [
              -118.384061,
              34.850822
            ],
            [
              -118.449658,
              34.802607
            ],
            [
              -118.520621,
              34.759861
            ],
            [
              -118.596274,
              34.722989
            ],
            [
              -118.6759,
              34.692336
            ],
            [
              -118.758745,
              34.668192
            ],
            [
              -118.84403,
              34.650782
            ],
            [
              -118.930954,
              34.64027
            ],
            [
              -119.0187,
              34.636756
            ],
            [
              -119.106446,
              34.64027
            ],
            [
              -119.19337,
              34.650782
            ],
            [
              -119.278655,
              34.668192
            ],
            [
              -119.3615,
              34.692336
            ],
            [
              -119.441126,
              34.722989
            ],
            [
              -119.516779,
              34.759861
            ],
            [
              -119.587742,
              34.802607
            ],
            [
              -119.653339,
              34.850822
            ],
            [
              -119.712941,
              34.904052
            ],
            [
              -119.765972,
              34.961794
            ],
            [
              -119.811915,
              35.0235
            ],
            [
              -119.850318,
              35.088584
            ],
            [
              -119.880797,
              35.156428
            ],
            [
              -119.903042,
              35.226384
            ],
            [
              -119.916818,
              35.297782
            ],
            [
              -119.92197,
              35.369939
            ],
            [
              -119.918426,
              35.44216
            ],
            [
              -119.906196,
              35.51375
            ],
            [
              -119.885377,
              35.584016
            ],
            [
              -119.856147,
              35.652278
            ],
            [
              -119.818769,
              35.717872
            ],
            [
              -119.773588,
              35.780159
            ],
            [
              -119.721026,
              35.838531
            ],
            [
              -119.661583,
              35.892417
            ],
            [
              -119.595828,
              35.941288
            ],
            [
              -119.524396,
              35.984664
            ],
            [
              -119.447981,
              36.022117
            ],
            [
              -119.36733,
              36.053279
            ],
            [
              -119.283236,
              36.077842
            ],
            [
              -119.196525,
              36.095562
            ],
            [
              -119.108055,
              36.106265
            ],
            [
              -119.0187,
              36.109844
            ]
          ]
        ]
      },
      "properties": {
        "rank": 91,
        "city": "Bakersfield",
        "metro_name": "Bakersfield-Delano, CA",
        "country": "United States",
        "population": 927068,
        "population_year": 2025,
        "lat": 35.3733,
        "lon": -119.0187,
        "radius_km": 81.9,
        "land_area_km2": 21068.7,
        "area_source": "US Census 2024 Gazetteer CBSA ALAND"
      }
    },
    {
      "type": "Feature",
      "geometry": {
        "type": "Polygon",
        "coordinates": [
          [
            [
              -106.6511,
              35.871406
            ],
            [
              -106.555924,
              35.86758
            ],
            [
              -106.461692,
              35.856139
            ],
            [
              -106.369337,
              35.837198
            ],
            [
              -106.279773,
              35.810942
            ],
            [
              -106.193882,
              35.777634
            ],
            [
              -106.112509,
              35.737601
            ],
            [
              -106.03645,
              35.69124
            ],
            [
              -105.966444,
              35.639007
            ],
            [
              -105.903168,
              35.581417
            ],
            [
              -105.847228,
              35.519034
            ],
            [
              -105.799153,
              35.45247
            ],
            [
              -105.759394,
              35.382376
            ],
            [
              -105.728315,
              35.309435
            ],
            [
              -105.706196,
              35.234355
            ],
            [
              -105.693224,
              35.157865
            ],
            [
              -105.6895,
              35.080705
            ],
            [
              -105.695034,
              35.003617
            ],
            [
              -105.709745,
              34.927343
            ],
            [
              -105.733469,
              34.852614
            ],
            [
              -105.765953,
              34.780144
            ],
            [
              -105.806866,
              34.710625
            ],
            [
              -105.855798,
              34.644718
            ],
            [
              -105.912267,
              34.583047
            ],
            [
              -105.975721,
              34.526197
            ],
            [
              -106.045549,
              34.474704
            ],
            [
              -106.121081,
              34.429055
            ],
            [
              -106.201596,
              34.389679
            ],
            [
              -106.286333,
              34.356946
            ],
            [
              -106.374492,
              34.331163
            ],
            [
              -106.465243,
              34.312572
            ],
            [
              -106.557734,
              34.301347
            ],
            [
              -106.6511,
              34.297594
            ],
            [
              -106.744466,
              34.301347
            ],
            [
              -106.836957,
              34.312572
            ],
            [
              -106.927708,
              34.331163
            ],
            [
              -107.015867,
              34.356946
            ],
            [
              -107.100604,
              34.389679
            ],
            [
              -107.181119,
              34.429055
            ],
            [
              -107.256651,
              34.474704
            ],
            [
              -107.326479,
              34.526197
            ],
            [
              -107.389933,
              34.583047
            ],
            [
              -107.446402,
              34.644718
            ],
            [
              -107.495334,
              34.710625
            ],
            [
              -107.536247,
              34.780144
            ],
            [
              -107.568731,
              34.852614
            ],
            [
              -107.592455,
              34.927343
            ],
            [
              -107.607166,
              35.003617
            ],
            [
              -107.6127,
              35.080705
            ],
            [
              -107.608976,
              35.157865
            ],
            [
              -107.596004,
              35.234355
            ],
            [
              -107.573885,
              35.309435
            ],
            [
              -107.542806,
              35.382376
            ],
            [
              -107.503047,
              35.45247
            ],
            [
              -107.454972,
              35.519034
            ],
            [
              -107.399032,
              35.581417
            ],
            [
              -107.335756,
              35.639007
            ],
            [
              -107.26575,
              35.69124
            ],
            [
              -107.189691,
              35.737601
            ],
            [
              -107.108318,
              35.777634
            ],
            [
              -107.022427,
              35.810942
            ],
            [
              -106.932863,
              35.837198
            ],
            [
              -106.840508,
              35.856139
            ],
            [
              -106.746276,
              35.86758
            ],
            [
              -106.6511,
              35.871406
            ]
          ]
        ]
      },
      "properties": {
        "rank": 92,
        "city": "Albuquerque",
        "metro_name": "Albuquerque, NM",
        "country": "United States",
        "population": 925279,
        "population_year": 2025,
        "lat": 35.0845,
        "lon": -106.6511,
        "radius_km": 87.5,
        "land_area_km2": 24043.8,
        "area_source": "US Census 2024 Gazetteer CBSA ALAND"
      }
    },
    {
      "type": "Feature",
      "geometry": {
        "type": "Polygon",
        "coordinates": [
          [
            [
              -98.23,
              26.527156
            ],
            [
              -98.194533,
              26.525592
            ],
            [
              -98.159411,
              26.520918
            ],
            [
              -98.124974,
              26.513177
            ],
            [
              -98.091556,
              26.502445
            ],
            [
              -98.059482,
              26.488826
            ],
            [
              -98.029063,
              26.472453
            ],
            [
              -98.000592,
              26.453485
            ],
            [
              -97.974345,
              26.432104
            ],
            [
              -97.950574,
              26.408518
            ],
            [
              -97.929509,
              26.382957
            ],
            [
              -97.911351,
              26.355666
            ],
            [
              -97.896274,
              26.326911
            ],
            [
              -97.884421,
              26.296968
            ],
            [
              -97.875904,
              26.266128
            ],
            [
              -97.870802,
              26.234687
            ],
            [
              -97.869163,
              26.20295
            ],
            [
              -97.870998,
              26.171221
            ],
            [
              -97.876288,
              26.139806
            ],
            [
              -97.884978,
              26.109007
            ],
            [
              -97.896983,
              26.079121
            ],
            [
              -97.912185,
              26.050434
            ],
            [
              -97.930436,
              26.023221
            ],
            [
              -97.951559,
              25.997744
            ],
            [
              -97.975348,
              25.974246
            ],
            [
              -98.001576,
              25.952953
            ],
            [
              -98.02999,
              25.934069
            ],
            [
              -98.060317,
              25.917773
            ],
            [
              -98.092266,
              25.904223
            ],
            [
              -98.125531,
              25.893547
            ],
            [
              -98.159795,
              25.885848
            ],
            [
              -98.194729,
              25.881199
            ],
            [
              -98.23,
              25.879644
            ],
            [
              -98.265271,
              25.881199
            ],
            [
              -98.300205,
              25.885848
            ],
            [
              -98.334469,
              25.893547
            ],
            [
              -98.367734,
              25.904223
            ],
            [
              -98.399683,
              25.917773
            ],
            [
              -98.43001,
              25.934069
            ],
            [
              -98.458424,
              25.952953
            ],
            [
              -98.484652,
              25.974246
            ],
            [
              -98.508441,
              25.997744
            ],
            [
              -98.529564,
              26.023221
            ],
            [
              -98.547815,
              26.050434
            ],
            [
              -98.563017,
              26.079121
            ],
            [
              -98.575022,
              26.109007
            ],
            [
              -98.583712,
              26.139806
            ],
            [
              -98.589002,
              26.171221
            ],
            [
              -98.590837,
              26.20295
            ],
            [
              -98.589198,
              26.234687
            ],
            [
              -98.584096,
              26.266128
            ],
            [
              -98.575579,
              26.296968
            ],
            [
              -98.563726,
              26.326911
            ],
            [
              -98.548649,
              26.355666
            ],
            [
              -98.530491,
              26.382957
            ],
            [
              -98.509426,
              26.408518
            ],
            [
              -98.485655,
              26.432104
            ],
            [
              -98.459408,
              26.453485
            ],
            [
              -98.430937,
              26.472453
            ],
            [
              -98.400518,
              26.488826
            ],
            [
              -98.368444,
              26.502445
            ],
            [
              -98.335026,
              26.513177
            ],
            [
              -98.300589,
              26.520918
            ],
            [
              -98.265467,
              26.525592
            ],
            [
              -98.23,
              26.527156
            ]
          ]
        ]
      },
      "properties": {
        "rank": 93,
        "city": "McAllen",
        "metro_name": "McAllen-Edinburg-Mission, TX",
        "country": "United States",
        "population": 921549,
        "population_year": 2025,
        "lat": 26.2034,
        "lon": -98.23,
        "radius_km": 36.0,
        "land_area_km2": 4069.5,
        "area_source": "US Census 2024 Gazetteer CBSA ALAND"
      }
    },
    {
      "type": "Feature",
      "geometry": {
        "type": "Polygon",
        "coordinates": [
          [
            [
              -73.7562,
              43.085174
            ],
            [
              -73.698148,
              43.083076
            ],
            [
              -73.640666,
              43.076804
            ],
            [
              -73.584321,
              43.066419
            ],
            [
              -73.529664,
              43.052024
            ],
            [
              -73.477231,
              43.033759
            ],
            [
              -73.427535,
              43.011804
            ],
            [
              -73.38106,
              42.986374
            ],
            [
              -73.338255,
              42.957718
            ],
            [
              -73.299536,
              42.926117
            ],
            [
              -73.265272,
              42.891879
            ],
            [
              -73.235792,
              42.855338
            ],
            [
              -73.211371,
              42.81685
            ],
            [
              -73.192239,
              42.776788
            ],
            [
              -73.178571,
              42.735541
            ],
            [
              -73.170487,
              42.693508
            ],
            [
              -73.168054,
              42.651096
            ],
            [
              -73.171285,
              42.608712
            ],
            [
              -73.180136,
              42.566765
            ],
            [
              -73.194512,
              42.525657
            ],
            [
              -73.214264,
              42.485782
            ],
            [
              -73.239193,
              42.447521
            ],
            [
              -73.269052,
              42.411241
            ],
            [
              -73.303548,
              42.377285
            ],
            [
              -73.342346,
              42.345977
            ],
            [
              -73.385072,
              42.317615
            ],
            [
              -73.431315,
              42.292468
            ],
            [
              -73.480633,
              42.270773
            ],
            [
              -73.532557,
              42.252736
            ],
            [
              -73.586594,
              42.238527
            ],
            [
              -73.642232,
              42.228281
            ],
            [
              -73.698946,
              42.222095
            ],
            [
              -73.7562,
              42.220026
            ],
            [
              -73.813454,
              42.222095
            ],
            [
              -73.870168,
              42.228281
            ],
            [
              -73.925806,
              42.238527
            ],
            [
              -73.979843,
              42.252736
            ],
            [
              -74.031767,
              42.270773
            ],
            [
              -74.081085,
              42.292468
            ],
            [
              -74.127328,
              42.317615
            ],
            [
              -74.170054,
              42.345977
            ],
            [
              -74.208852,
              42.377285
            ],
            [
              -74.243348,
              42.411241
            ],
            [
              -74.273207,
              42.447521
            ],
            [
              -74.298136,
              42.485782
            ],
            [
              -74.317888,
              42.525657
            ],
            [
              -74.332264,
              42.566765
            ],
            [
              -74.341115,
              42.608712
            ],
            [
              -74.344346,
              42.651096
            ],
            [
              -74.341913,
              42.693508
            ],
            [
              -74.333829,
              42.735541
            ],
            [
              -74.320161,
              42.776788
            ],
            [
              -74.301029,
              42.81685
            ],
            [
              -74.276608,
              42.855338
            ],
            [
              -74.247128,
              42.891879
            ],
            [
              -74.212864,
              42.926117
            ],
            [
              -74.174145,
              42.957718
            ],
            [
              -74.13134,
              42.986374
            ],
            [
              -74.084865,
              43.011804
            ],
            [
              -74.035169,
              43.033759
            ],
            [
              -73.982736,
              43.052024
            ],
            [
              -73.928079,
              43.066419
            ],
            [
              -73.871734,
              43.076804
            ],
            [
              -73.814252,
              43.083076
            ],
            [
              -73.7562,
              43.085174
            ]
          ]
        ]
      },
      "properties": {
        "rank": 94,
        "city": "Albany",
        "metro_name": "Albany-Schenectady-Troy, NY",
        "country": "United States",
        "population": 915835,
        "population_year": 2025,
        "lat": 42.6526,
        "lon": -73.7562,
        "radius_km": 48.1,
        "land_area_km2": 7282.5,
        "area_source": "US Census 2024 Gazetteer CBSA ALAND"
      }
    },
    {
      "type": "Feature",
      "geometry": {
        "type": "Polygon",
        "coordinates": [
          [
            [
              -71.2145,
              47.112673
            ],
            [
              -71.17124,
              47.111219
            ],
            [
              -71.128404,
              47.10687
            ],
            [
              -71.086411,
              47.099668
            ],
            [
              -71.045671,
              47.089685
            ],
            [
              -71.006583,
              47.077018
            ],
            [
              -70.969526,
              47.061791
            ],
            [
              -70.934862,
              47.044152
            ],
            [
              -70.902926,
              47.024275
            ],
            [
              -70.874027,
              47.002351
            ],
            [
              -70.848441,
              46.978596
            ],
            [
              -70.826413,
              46.95324
            ],
            [
              -70.808151,
              46.92653
            ],
            [
              -70.793828,
              46.898724
            ],
            [
              -70.783576,
              46.870092
            ],
            [
              -70.777487,
              46.84091
            ],
            [
              -70.775613,
              46.811461
            ],
            [
              -70.777965,
              46.782028
            ],
            [
              -70.784514,
              46.752894
            ],
            [
              -70.79519,
              46.72434
            ],
            [
              -70.809885,
              46.696638
            ],
            [
              -70.828451,
              46.670055
            ],
            [
              -70.850705,
              46.644844
            ],
            [
              -70.876431,
              46.621246
            ],
            [
              -70.905378,
              46.599487
            ],
            [
              -70.937267,
              46.579773
            ],
            [
              -70.971791,
              46.562291
            ],
            [
              -71.008621,
              46.547209
            ],
            [
              -71.047405,
              46.534669
            ],
            [
              -71.087773,
              46.52479
            ],
            [
              -71.129342,
              46.517666
            ],
            [
              -71.171718,
              46.513365
            ],
            [
              -71.2145,
              46.511927
            ],
            [
              -71.257282,
              46.513365
            ],
            [
              -71.299658,
              46.517666
            ],
            [
              -71.341227,
              46.52479
            ],
            [
              -71.381595,
              46.534669
            ],
            [
              -71.420379,
              46.547209
            ],
            [
              -71.457209,
              46.562291
            ],
            [
              -71.491733,
              46.579773
            ],
            [
              -71.523622,
              46.599487
            ],
            [
              -71.552569,
              46.621246
            ],
            [
              -71.578295,
              46.644844
            ],
            [
              -71.600549,
              46.670055
            ],
            [
              -71.619115,
              46.696638
            ],
            [
              -71.63381,
              46.72434
            ],
            [
              -71.644486,
              46.752894
            ],
            [
              -71.651035,
              46.782028
            ],
            [
              -71.653387,
              46.811461
            ],
            [
              -71.651513,
              46.84091
            ],
            [
              -71.645424,
              46.870092
            ],
            [
              -71.635172,
              46.898724
            ],
            [
              -71.620849,
              46.92653
            ],
            [
              -71.602587,
              46.95324
            ],
            [
              -71.580559,
              46.978596
            ],
            [
              -71.554973,
              47.002351
            ],
            [
              -71.526074,
              47.024275
            ],
            [
              -71.494138,
              47.044152
            ],
            [
              -71.459474,
              47.061791
            ],
            [
              -71.422417,
              47.077018
            ],
            [
              -71.383329,
              47.089685
            ],
            [
              -71.342589,
              47.099668
            ],
            [
              -71.300596,
              47.10687
            ],
            [
              -71.25776,
              47.111219
            ],
            [
              -71.2145,
              47.112673
            ]
          ]
        ]
      },
      "properties": {
        "rank": 95,
        "city": "Québec",
        "metro_name": "Québec (CMA), Quebec",
        "country": "Canada",
        "population": 903607,
        "population_year": 2025,
        "lat": 46.8123,
        "lon": -71.2145,
        "radius_km": 33.4,
        "land_area_km2": 3499.5,
        "area_source": "StatCan 2021 CMA boundary LANDAREA (km2)"
      }
    },
    {
      "type": "Feature",
      "geometry": {
        "type": "Polygon",
        "coordinates": [
          [
            [
              -79.9327,
              33.191787
            ],
            [
              -79.884037,
              33.189777
            ],
            [
              -79.835849,
              33.183766
            ],
            [
              -79.788606,
              33.173813
            ],
            [
              -79.742771,
              33.160016
            ],
            [
              -79.698788,
              33.142509
            ],
            [
              -79.657086,
              33.121463
            ],
            [
              -79.618069,
              33.097083
            ],
            [
              -79.582116,
              33.069605
            ],
            [
              -79.549572,
              33.039299
            ],
            [
              -79.520751,
              33.006458
            ],
            [
              -79.495928,
              32.971402
            ],
            [
              -79.475339,
              32.934469
            ],
            [
              -79.459177,
              32.896019
            ],
            [
              -79.447595,
              32.856423
            ],
            [
              -79.440696,
              32.816063
            ],
            [
              -79.438542,
              32.77533
            ],
            [
              -79.441146,
              32.734615
            ],
            [
              -79.448478,
              32.694311
            ],
            [
              -79.460459,
              32.654805
            ],
            [
              -79.47697,
              32.616475
            ],
            [
              -79.497846,
              32.57969
            ],
            [
              -79.522882,
              32.544801
            ],
            [
              -79.551835,
              32.512142
            ],
            [
              -79.584423,
              32.482025
            ],
            [
              -79.620332,
              32.454737
            ],
            [
              -79.659217,
              32.430538
            ],
            [
              -79.700706,
              32.40966
            ],
            [
              -79.744402,
              32.3923
            ],
            [
              -79.789888,
              32.378623
            ],
            [
              -79.836732,
              32.36876
            ],
            [
              -79.884487,
              32.362805
            ],
            [
              -79.9327,
              32.360813
            ],
            [
              -79.980913,
              32.362805
            ],
            [
              -80.028668,
              32.36876
            ],
            [
              -80.075512,
              32.378623
            ],
            [
              -80.120998,
              32.3923
            ],
            [
              -80.164694,
              32.40966
            ],
            [
              -80.206183,
              32.430538
            ],
            [
              -80.245068,
              32.454737
            ],
            [
              -80.280977,
              32.482025
            ],
            [
              -80.313565,
              32.512142
            ],
            [
              -80.342518,
              32.544801
            ],
            [
              -80.367554,
              32.57969
            ],
            [
              -80.38843,
              32.616475
            ],
            [
              -80.404941,
              32.654805
            ],
            [
              -80.416922,
              32.694311
            ],
            [
              -80.424254,
              32.734615
            ],
            [
              -80.426858,
              32.77533
            ],
            [
              -80.424704,
              32.816063
            ],
            [
              -80.417805,
              32.856423
            ],
            [
              -80.406223,
              32.896019
            ],
            [
              -80.390061,
              32.934469
            ],
            [
              -80.369472,
              32.971402
            ],
            [
              -80.344649,
              33.006458
            ],
            [
              -80.315828,
              33.039299
            ],
            [
              -80.283284,
              33.069605
            ],
            [
              -80.247331,
              33.097083
            ],
            [
              -80.208314,
              33.121463
            ],
            [
              -80.166612,
              33.142509
            ],
            [
              -80.122629,
              33.160016
            ],
            [
              -80.076794,
              33.173813
            ],
            [
              -80.029551,
              33.183766
            ],
            [
              -79.981363,
              33.189777
            ],
            [
              -79.9327,
              33.191787
            ]
          ]
        ]
      },
      "properties": {
        "rank": 96,
        "city": "Charleston",
        "metro_name": "Charleston-North Charleston, SC",
        "country": "United States",
        "population": 889263,
        "population_year": 2025,
        "lat": 32.7763,
        "lon": -79.9327,
        "radius_km": 46.2,
        "land_area_km2": 6708.5,
        "area_source": "US Census 2024 Gazetteer CBSA ALAND"
      }
    },
    {
      "type": "Feature",
      "geometry": {
        "type": "Polygon",
        "coordinates": [
          [
            [
              -91.1875,
              30.982893
            ],
            [
              -91.125811,
              30.98028
            ],
            [
              -91.064726,
              30.972467
            ],
            [
              -91.004844,
              30.959531
            ],
            [
              -90.946748,
              30.941598
            ],
            [
              -90.891007,
              30.918843
            ],
            [
              -90.838164,
              30.89149
            ],
            [
              -90.788733,
              30.859805
            ],
            [
              -90.743191,
              30.824097
            ],
            [
              -90.701978,
              30.784716
            ],
            [
              -90.665491,
              30.742043
            ],
            [
              -90.634078,
              30.696495
            ],
            [
              -90.608035,
              30.648513
            ],
            [
              -90.587608,
              30.598564
            ],
            [
              -90.572985,
              30.54713
            ],
            [
              -90.564299,
              30.494709
            ],
            [
              -90.561624,
              30.441807
            ],
            [
              -90.564975,
              30.388933
            ],
            [
              -90.574311,
              30.336597
            ],
            [
              -90.589532,
              30.285301
            ],
            [
              -90.610484,
              30.235537
            ],
            [
              -90.636958,
              30.187782
            ],
            [
              -90.668692,
              30.142492
            ],
            [
              -90.705376,
              30.1001
            ],
            [
              -90.746655,
              30.061009
            ],
            [
              -90.79213,
              30.025593
            ],
            [
              -90.841365,
              29.994188
            ],
            [
              -90.893888,
              29.967093
            ],
            [
              -90.949198,
              29.944565
            ],
            [
              -91.006768,
              29.926817
            ],
            [
              -91.066052,
              29.914019
            ],
            [
              -91.126487,
              29.906291
            ],
            [
              -91.1875,
              29.903707
            ],
            [
              -91.248513,
              29.906291
            ],
            [
              -91.308948,
              29.914019
            ],
            [
              -91.368232,
              29.926817
            ],
            [
              -91.425802,
              29.944565
            ],
            [
              -91.481112,
              29.967093
            ],
            [
              -91.533635,
              29.994188
            ],
            [
              -91.58287,
              30.025593
            ],
            [
              -91.628345,
              30.061009
            ],
            [
              -91.669624,
              30.1001
            ],
            [
              -91.706308,
              30.142492
            ],
            [
              -91.738042,
              30.187782
            ],
            [
              -91.764516,
              30.235537
            ],
            [
              -91.785468,
              30.285301
            ],
            [
              -91.800689,
              30.336597
            ],
            [
              -91.810025,
              30.388933
            ],
            [
              -91.813376,
              30.441807
            ],
            [
              -91.810701,
              30.494709
            ],
            [
              -91.802015,
              30.54713
            ],
            [
              -91.787392,
              30.598564
            ],
            [
              -91.766965,
              30.648513
            ],
            [
              -91.740922,
              30.696495
            ],
            [
              -91.709509,
              30.742043
            ],
            [
              -91.673022,
              30.784716
            ],
            [
              -91.631809,
              30.824097
            ],
            [
              -91.586267,
              30.859805
            ],
            [
              -91.536836,
              30.89149
            ],
            [
              -91.483993,
              30.918843
            ],
            [
              -91.428252,
              30.941598
            ],
            [
              -91.370156,
              30.959531
            ],
            [
              -91.310274,
              30.972467
            ],
            [
              -91.249189,
              30.98028
            ],
            [
              -91.1875,
              30.982893
            ]
          ]
        ]
      },
      "properties": {
        "rank": 97,
        "city": "Baton Rouge",
        "metro_name": "Baton Rouge, LA",
        "country": "United States",
        "population": 888699,
        "population_year": 2025,
        "lat": 30.4433,
        "lon": -91.1875,
        "radius_km": 60.0,
        "land_area_km2": 11312.6,
        "area_source": "US Census 2024 Gazetteer CBSA ALAND"
      }
    },
    {
      "type": "Feature",
      "geometry": {
        "type": "Polygon",
        "coordinates": [
          [
            [
              -71.8023,
              42.580061
            ],
            [
              -71.760042,
              42.578524
            ],
            [
              -71.718198,
              42.57393
            ],
            [
              -71.677176,
              42.566323
            ],
            [
              -71.637376,
              42.555777
            ],
            [
              -71.599186,
              42.542396
            ],
            [
              -71.56298,
              42.526311
            ],
            [
              -71.529107,
              42.507677
            ],
            [
              -71.497895,
              42.486677
            ],
            [
              -71.469647,
              42.463515
            ],
            [
              -71.444633,
              42.438417
            ],
            [
              -71.423093,
              42.411626
            ],
            [
              -71.40523,
              42.383403
            ],
            [
              -71.391213,
              42.354021
            ],
            [
              -71.381172,
              42.323764
            ],
            [
              -71.375198,
              42.292924
            ],
            [
              -71.373344,
              42.261801
            ],
            [
              -71.37562,
              42.230692
            ],
            [
              -71.381998,
              42.199899
            ],
            [
              -71.392413,
              42.169716
            ],
            [
              -71.406757,
              42.140433
            ],
            [
              -71.424888,
              42.112331
            ],
            [
              -71.446629,
              42.085678
            ],
            [
              -71.471766,
              42.06073
            ],
            [
              -71.500055,
              42.037724
            ],
            [
              -71.531225,
              42.01688
            ],
            [
              -71.564975,
              41.998396
            ],
            [
              -71.600982,
              41.982448
            ],
            [
              -71.638903,
              41.969188
            ],
            [
              -71.678376,
              41.958742
            ],
            [
              -71.719025,
              41.951209
            ],
            [
              -71.760464,
              41.946661
            ],
            [
              -71.8023,
              41.945139
            ],
            [
              -71.844136,
              41.946661
            ],
            [
              -71.885575,
              41.951209
            ],
            [
              -71.926224,
              41.958742
            ],
            [
              -71.965697,
              41.969188
            ],
            [
              -72.003618,
              41.982448
            ],
            [
              -72.039625,
              41.998396
            ],
            [
              -72.073375,
              42.01688
            ],
            [
              -72.104545,
              42.037724
            ],
            [
              -72.132834,
              42.06073
            ],
            [
              -72.157971,
              42.085678
            ],
            [
              -72.179712,
              42.112331
            ],
            [
              -72.197843,
              42.140433
            ],
            [
              -72.212187,
              42.169716
            ],
            [
              -72.222602,
              42.199899
            ],
            [
              -72.22898,
              42.230692
            ],
            [
              -72.231256,
              42.261801
            ],
            [
              -72.229402,
              42.292924
            ],
            [
              -72.223428,
              42.323764
            ],
            [
              -72.213387,
              42.354021
            ],
            [
              -72.19937,
              42.383403
            ],
            [
              -72.181507,
              42.411626
            ],
            [
              -72.159967,
              42.438417
            ],
            [
              -72.134953,
              42.463515
            ],
            [
              -72.106705,
              42.486677
            ],
            [
              -72.075493,
              42.507677
            ],
            [
              -72.04162,
              42.526311
            ],
            [
              -72.005414,
              42.542396
            ],
            [
              -71.967224,
              42.555777
            ],
            [
              -71.927424,
              42.566323
            ],
            [
              -71.886402,
              42.57393
            ],
            [
              -71.844558,
              42.578524
            ],
            [
              -71.8023,
              42.580061
            ]
          ]
        ]
      },
      "properties": {
        "rank": 98,
        "city": "Worcester",
        "metro_name": "Worcester, MA",
        "country": "United States",
        "population": 888502,
        "population_year": 2025,
        "lat": 42.2626,
        "lon": -71.8023,
        "radius_km": 35.3,
        "land_area_km2": 3912.6,
        "area_source": "US Census 2024 Gazetteer CBSA ALAND"
      }
    },
    {
      "type": "Feature",
      "geometry": {
        "type": "Polygon",
        "coordinates": [
          [
            [
              -75.4902,
              40.919565
            ],
            [
              -75.449838,
              40.91806
            ],
            [
              -75.40987,
              40.913559
            ],
            [
              -75.370687,
              40.906105
            ],
            [
              -75.33267,
              40.895772
            ],
            [
              -75.29619,
              40.882661
            ],
            [
              -75.261601,
              40.8669
            ],
            [
              -75.22924,
              40.848641
            ],
            [
              -75.199419,
              40.828063
            ],
            [
              -75.172426,
              40.805366
            ],
            [
              -75.14852,
              40.780771
            ],
            [
              -75.127931,
              40.754517
            ],
            [
              -75.110853,
              40.726858
            ],
            [
              -75.097448,
              40.698062
            ],
            [
              -75.08784,
              40.668408
            ],
            [
              -75.082118,
              40.638182
            ],
            [
              -75.080331,
              40.607676
            ],
            [
              -75.08249,
              40.577183
            ],
            [
              -75.088571,
              40.546999
            ],
            [
              -75.098508,
              40.517411
            ],
            [
              -75.112203,
              40.488705
            ],
            [
              -75.129518,
              40.461156
            ],
            [
              -75.150283,
              40.435027
            ],
            [
              -75.174298,
              40.410568
            ],
            [
              -75.201327,
              40.388012
            ],
            [
              -75.231111,
              40.367576
            ],
            [
              -75.263364,
              40.349453
            ],
            [
              -75.297776,
              40.333817
            ],
            [
              -75.334019,
              40.320815
            ],
            [
              -75.371747,
              40.310573
            ],
            [
              -75.410601,
              40.303186
            ],
            [
              -75.45021,
              40.298726
            ],
            [
              -75.4902,
              40.297235
            ],
            [
              -75.53019,
              40.298726
            ],
            [
              -75.569799,
              40.303186
            ],
            [
              -75.608653,
              40.310573
            ],
            [
              -75.646381,
              40.320815
            ],
            [
              -75.682624,
              40.333817
            ],
            [
              -75.717036,
              40.349453
            ],
            [
              -75.749289,
              40.367576
            ],
            [
              -75.779073,
              40.388012
            ],
            [
              -75.806102,
              40.410568
            ],
            [
              -75.830117,
              40.435027
            ],
            [
              -75.850882,
              40.461156
            ],
            [
              -75.868197,
              40.488705
            ],
            [
              -75.881892,
              40.517411
            ],
            [
              -75.891829,
              40.546999
            ],
            [
              -75.89791,
              40.577183
            ],
            [
              -75.900069,
              40.607676
            ],
            [
              -75.898282,
              40.638182
            ],
            [
              -75.89256,
              40.668408
            ],
            [
              -75.882952,
              40.698062
            ],
            [
              -75.869547,
              40.726858
            ],
            [
              -75.852469,
              40.754517
            ],
            [
              -75.83188,
              40.780771
            ],
            [
              -75.807974,
              40.805366
            ],
            [
              -75.780981,
              40.828063
            ],
            [
              -75.75116,
              40.848641
            ],
            [
              -75.718799,
              40.8669
            ],
            [
              -75.68421,
              40.882661
            ],
            [
              -75.64773,
              40.895772
            ],
            [
              -75.609713,
              40.906105
            ],
            [
              -75.57053,
              40.913559
            ],
            [
              -75.530562,
              40.91806
            ],
            [
              -75.4902,
              40.919565
            ]
          ]
        ]
      },
      "properties": {
        "rank": 99,
        "city": "Allentown",
        "metro_name": "Allentown-Bethlehem-Easton, PA-NJ",
        "country": "United States",
        "population": 887615,
        "population_year": 2025,
        "lat": 40.6084,
        "lon": -75.4902,
        "radius_km": 34.6,
        "land_area_km2": 3763.3,
        "area_source": "US Census 2024 Gazetteer CBSA ALAND"
      }
    },
    {
      "type": "Feature",
      "geometry": {
        "type": "Polygon",
        "coordinates": [
          [
            [
              -96.1429,
              19.346375
            ],
            [
              -96.12571,
              19.345578
            ],
            [
              -96.108686,
              19.343192
            ],
            [
              -96.091993,
              19.339243
            ],
            [
              -96.075791,
              19.333767
            ],
            [
              -96.060237,
              19.326818
            ],
            [
              -96.045482,
              19.318462
            ],
            [
              -96.031667,
              19.30878
            ],
            [
              -96.018926,
              19.297867
            ],
            [
              -96.007381,
              19.285827
            ],
            [
              -95.997144,
              19.272775
            ],
            [
              -95.988313,
              19.25884
            ],
            [
              -95.980973,
              19.244154
            ],
            [
              -95.975194,
              19.228859
            ],
            [
              -95.971031,
              19.213103
            ],
            [
              -95.968525,
              19.197037
            ],
            [
              -95.967699,
              19.180817
            ],
            [
              -95.96856,
              19.164598
            ],
            [
              -95.971099,
              19.148537
            ],
            [
              -95.975292,
              19.132789
            ],
            [
              -95.981097,
              19.117505
            ],
            [
              -95.988459,
              19.102831
            ],
            [
              -95.997307,
              19.08891
            ],
            [
              -96.007554,
              19.075874
            ],
            [
              -96.019102,
              19.06385
            ],
            [
              -96.03184,
              19.052953
            ],
            [
              -96.045644,
              19.043287
            ],
            [
              -96.060384,
              19.034946
            ],
            [
              -96.075915,
              19.028009
            ],
            [
              -96.09209,
              19.022543
            ],
            [
              -96.108753,
              19.018601
            ],
            [
              -96.125744,
              19.016221
            ],
            [
              -96.1429,
              19.015425
            ],
            [
              -96.160056,
              19.016221
            ],
            [
              -96.177047,
              19.018601
            ],
            [
              -96.19371,
              19.022543
            ],
            [
              -96.209885,
              19.028009
            ],
            [
              -96.225416,
              19.034946
            ],
            [
              -96.240156,
              19.043287
            ],
            [
              -96.25396,
              19.052953
            ],
            [
              -96.266698,
              19.06385
            ],
            [
              -96.278246,
              19.075874
            ],
            [
              -96.288493,
              19.08891
            ],
            [
              -96.297341,
              19.102831
            ],
            [
              -96.304703,
              19.117505
            ],
            [
              -96.310508,
              19.132789
            ],
            [
              -96.314701,
              19.148537
            ],
            [
              -96.31724,
              19.164598
            ],
            [
              -96.318101,
              19.180817
            ],
            [
              -96.317275,
              19.197037
            ],
            [
              -96.314769,
              19.213103
            ],
            [
              -96.310606,
              19.228859
            ],
            [
              -96.304827,
              19.244154
            ],
            [
              -96.297487,
              19.25884
            ],
            [
              -96.288656,
              19.272775
            ],
            [
              -96.278419,
              19.285827
            ],
            [
              -96.266874,
              19.297867
            ],
            [
              -96.254133,
              19.30878
            ],
            [
              -96.240318,
              19.318462
            ],
            [
              -96.225563,
              19.326818
            ],
            [
              -96.210009,
              19.333767
            ],
            [
              -96.193807,
              19.339243
            ],
            [
              -96.177114,
              19.343192
            ],
            [
              -96.16009,
              19.345578
            ],
            [
              -96.1429,
              19.346375
            ]
          ]
        ]
      },
      "properties": {
        "rank": 100,
        "city": "Veracruz",
        "metro_name": "Veracruz",
        "country": "Mexico",
        "population": 882011,
        "population_year": 2020,
        "lat": 19.1809,
        "lon": -96.1429,
        "radius_km": 18.4,
        "land_area_km2": 1061.9,
        "area_source": "SEDATU/CONAPO/INEGI superficie_km2 2020"
      }
    },
    {
      "type": "Feature",
      "geometry": {
        "type": "Polygon",
        "coordinates": [
          [
            [
              -106.6689,
              52.520907
            ],
            [
              -106.60632,
              52.51902
            ],
            [
              -106.544358,
              52.513377
            ],
            [
              -106.483627,
              52.504034
            ],
            [
              -106.424725,
              52.491083
            ],
            [
              -106.368232,
              52.474653
            ],
            [
              -106.314703,
              52.454904
            ],
            [
              -106.264659,
              52.432033
            ],
            [
              -106.218588,
              52.406263
            ],
            [
              -106.176934,
              52.377847
            ],
            [
              -106.140097,
              52.347065
            ],
            [
              -106.108425,
              52.314217
            ],
            [
              -106.082218,
              52.279623
            ],
            [
              -106.061716,
              52.243622
            ],
            [
              -106.047105,
              52.206561
            ],
            [
              -106.038511,
              52.168801
            ],
            [
              -106.036003,
              52.130706
            ],
            [
              -106.039588,
              52.092644
            ],
            [
              -106.049217,
              52.05498
            ],
            [
              -106.064782,
              52.018076
            ],
            [
              -106.08612,
              51.982285
            ],
            [
              -106.113014,
              51.947948
            ],
            [
              -106.145196,
              51.915393
            ],
            [
              -106.182347,
              51.884928
            ],
            [
              -106.224107,
              51.856843
            ],
            [
              -106.270073,
              51.831404
            ],
            [
              -106.319802,
              51.80885
            ],
            [
              -106.372822,
              51.789394
            ],
            [
              -106.428628,
              51.773221
            ],
            [
              -106.486693,
              51.760481
            ],
            [
              -106.54647,
              51.751294
            ],
            [
              -106.607396,
              51.745748
            ],
            [
              -106.6689,
              51.743893
            ],
            [
              -106.730404,
              51.745748
            ],
            [
              -106.79133,
              51.751294
            ],
            [
              -106.851107,
              51.760481
            ],
            [
              -106.909172,
              51.773221
            ],
            [
              -106.964978,
              51.789394
            ],
            [
              -107.017998,
              51.80885
            ],
            [
              -107.067727,
              51.831404
            ],
            [
              -107.113693,
              51.856843
            ],
            [
              -107.155453,
              51.884928
            ],
            [
              -107.192604,
              51.915393
            ],
            [
              -107.224786,
              51.947948
            ],
            [
              -107.25168,
              51.982285
            ],
            [
              -107.273018,
              52.018076
            ],
            [
              -107.288583,
              52.05498
            ],
            [
              -107.298212,
              52.092644
            ],
            [
              -107.301797,
              52.130706
            ],
            [
              -107.299289,
              52.168801
            ],
            [
              -107.290695,
              52.206561
            ],
            [
              -107.276084,
              52.243622
            ],
            [
              -107.255582,
              52.279623
            ],
            [
              -107.229375,
              52.314217
            ],
            [
              -107.197703,
              52.347065
            ],
            [
              -107.160866,
              52.377847
            ],
            [
              -107.119212,
              52.406263
            ],
            [
              -107.073141,
              52.432033
            ],
            [
              -107.023097,
              52.454904
            ],
            [
              -106.969568,
              52.474653
            ],
            [
              -106.913075,
              52.491083
            ],
            [
              -106.854173,
              52.504034
            ],
            [
              -106.793442,
              52.513377
            ],
            [
              -106.73148,
              52.51902
            ],
            [
              -106.6689,
              52.520907
            ]
          ]
        ]
      },
      "properties": {
        "rank": 101,
        "city": "Saskatoon",
        "metro_name": "Saskatoon (CMA), Saskatchewan",
        "country": "Canada",
        "population": 378475,
        "population_year": 2025,
        "lat": 52.1324,
        "lon": -106.6689,
        "radius_km": 43.2,
        "land_area_km2": 5864.5,
        "area_source": "StatCan 2021 CMA boundary LANDAREA (km2)"
      }
    },
    {
      "type": "Feature",
      "geometry": {
        "type": "Polygon",
        "coordinates": [
          [
            [
              -104.6178,
              50.783748
            ],
            [
              -104.566077,
              50.78213
            ],
            [
              -104.514862,
              50.777292
            ],
            [
              -104.46466,
              50.769282
            ],
            [
              -104.415963,
              50.758177
            ],
            [
              -104.369248,
              50.744088
            ],
            [
              -104.324971,
              50.727153
            ],
            [
              -104.283565,
              50.707537
            ],
            [
              -104.24543,
              50.685433
            ],
            [
              -104.210935,
              50.661057
            ],
            [
              -104.180411,
              50.634648
            ],
            [
              -104.154149,
              50.606462
            ],
            [
              -104.132396,
              50.576774
            ],
            [
              -104.115355,
              50.545873
            ],
            [
              -104.103182,
              50.514058
            ],
            [
              -104.095985,
              50.481637
            ],
            [
              -104.093822,
              50.448924
            ],
            [
              -104.096705,
              50.416233
            ],
            [
              -104.104596,
              50.383879
            ],
            [
              -104.117408,
              50.352172
            ],
            [
              -104.135009,
              50.321418
            ],
            [
              -104.157221,
              50.291908
            ],
            [
              -104.183825,
              50.263926
            ],
            [
              -104.214559,
              50.237737
            ],
            [
              -104.249125,
              50.21359
            ],
            [
              -104.287189,
              50.191716
            ],
            [
              -104.328385,
              50.172321
            ],
            [
              -104.37232,
              50.155589
            ],
            [
              -104.418576,
              50.141678
            ],
            [
              -104.466713,
              50.13072
            ],
            [
              -104.516276,
              50.122818
            ],
            [
              -104.566798,
              50.118047
            ],
            [
              -104.6178,
              50.116452
            ],
            [
              -104.668802,
              50.118047
            ],
            [
              -104.719324,
              50.122818
            ],
            [
              -104.768887,
              50.13072
            ],
            [
              -104.817024,
              50.141678
            ],
            [
              -104.86328,
              50.155589
            ],
            [
              -104.907215,
              50.172321
            ],
            [
              -104.948411,
              50.191716
            ],
            [
              -104.986475,
              50.21359
            ],
            [
              -105.021041,
              50.237737
            ],
            [
              -105.051775,
              50.263926
            ],
            [
              -105.078379,
              50.291908
            ],
            [
              -105.100591,
              50.321418
            ],
            [
              -105.118192,
              50.352172
            ],
            [
              -105.131004,
              50.383879
            ],
            [
              -105.138895,
              50.416233
            ],
            [
              -105.141778,
              50.448924
            ],
            [
              -105.139615,
              50.481637
            ],
            [
              -105.132418,
              50.514058
            ],
            [
              -105.120245,
              50.545873
            ],
            [
              -105.103204,
              50.576774
            ],
            [
              -105.081451,
              50.606462
            ],
            [
              -105.055189,
              50.634648
            ],
            [
              -105.024665,
              50.661057
            ],
            [
              -104.99017,
              50.685433
            ],
            [
              -104.952035,
              50.707537
            ],
            [
              -104.910629,
              50.727153
            ],
            [
              -104.866352,
              50.744088
            ],
            [
              -104.819637,
              50.758177
            ],
            [
              -104.77094,
              50.769282
            ],
            [
              -104.720738,
              50.777292
            ],
            [
              -104.669523,
              50.78213
            ],
            [
              -104.6178,
              50.783748
            ]
          ]
        ]
      },
      "properties": {
        "rank": 102,
        "city": "Regina",
        "metro_name": "Regina (CMA), Saskatchewan",
        "country": "Canada",
        "population": 291187,
        "population_year": 2025,
        "lat": 50.4501,
        "lon": -104.6178,
        "radius_km": 37.1,
        "land_area_km2": 4323.7,
        "area_source": "StatCan 2021 CMA boundary LANDAREA (km2)"
      }
    },
    {
      "type": "Feature",
      "geometry": {
        "type": "Polygon",
        "coordinates": [
          [
            [
              -81.233,
              43.245103
            ],
            [
              -81.197786,
              43.243837
            ],
            [
              -81.162916,
              43.240053
            ],
            [
              -81.128729,
              43.233787
            ],
            [
              -81.095559,
              43.2251
            ],
            [
              -81.063728,
              43.214077
            ],
            [
              -81.033546,
              43.200825
            ],
            [
              -81.005305,
              43.185474
            ],
            [
              -80.979278,
              43.168172
            ],
            [
              -80.955717,
              43.149088
            ],
            [
              -80.934848,
              43.128408
            ],
            [
              -80.916871,
              43.106331
            ],
            [
              -80.901957,
              43.083073
            ],
            [
              -80.890246,
              43.058857
            ],
            [
              -80.881848,
              43.033919
            ],
            [
              -80.87684,
              43.008499
            ],
            [
              -80.875266,
              42.982843
            ],
            [
              -80.877137,
              42.957197
            ],
            [
              -80.88243,
              42.931809
            ],
            [
              -80.891092,
              42.906923
            ],
            [
              -80.903033,
              42.882776
            ],
            [
              -80.918137,
              42.859602
            ],
            [
              -80.936255,
              42.837622
            ],
            [
              -80.957211,
              42.817046
            ],
            [
              -80.980801,
              42.798071
            ],
            [
              -81.006798,
              42.780878
            ],
            [
              -81.034953,
              42.765631
            ],
            [
              -81.064994,
              42.752476
            ],
            [
              -81.096636,
              42.741537
            ],
            [
              -81.129575,
              42.73292
            ],
            [
              -81.163499,
              42.726705
            ],
            [
              -81.198083,
              42.722952
            ],
            [
              -81.233,
              42.721697
            ],
            [
              -81.267917,
              42.722952
            ],
            [
              -81.302501,
              42.726705
            ],
            [
              -81.336425,
              42.73292
            ],
            [
              -81.369364,
              42.741537
            ],
            [
              -81.401006,
              42.752476
            ],
            [
              -81.431047,
              42.765631
            ],
            [
              -81.459202,
              42.780878
            ],
            [
              -81.485199,
              42.798071
            ],
            [
              -81.508789,
              42.817046
            ],
            [
              -81.529745,
              42.837622
            ],
            [
              -81.547863,
              42.859602
            ],
            [
              -81.562967,
              42.882776
            ],
            [
              -81.574908,
              42.906923
            ],
            [
              -81.58357,
              42.931809
            ],
            [
              -81.588863,
              42.957197
            ],
            [
              -81.590734,
              42.982843
            ],
            [
              -81.58916,
              43.008499
            ],
            [
              -81.584152,
              43.033919
            ],
            [
              -81.575754,
              43.058857
            ],
            [
              -81.564043,
              43.083073
            ],
            [
              -81.549129,
              43.106331
            ],
            [
              -81.531152,
              43.128408
            ],
            [
              -81.510283,
              43.149088
            ],
            [
              -81.486722,
              43.168172
            ],
            [
              -81.460695,
              43.185474
            ],
            [
              -81.432454,
              43.200825
            ],
            [
              -81.402272,
              43.214077
            ],
            [
              -81.370441,
              43.2251
            ],
            [
              -81.337271,
              43.233787
            ],
            [
              -81.303084,
              43.240053
            ],
            [
              -81.268214,
              43.243837
            ],
            [
              -81.233,
              43.245103
            ]
          ]
        ]
      },
      "properties": {
        "rank": 103,
        "city": "London",
        "metro_name": "London (CMA), Ontario",
        "country": "Canada",
        "population": 633002,
        "population_year": 2025,
        "lat": 42.9834,
        "lon": -81.233,
        "radius_km": 29.1,
        "land_area_km2": 2661.5,
        "area_source": "StatCan 2021 CMA boundary LANDAREA (km2)"
      }
    }
  ]
}