{
  "type": "FeatureCollection",
  "features": [
    {
      "type": "Feature",
      "geometry": {
        "type": "Polygon",
        "coordinates": [
          [
            [
              -99.1277,
              20.102991
            ],
            [
              -99.057302,
              20.09973
            ],
            [
              -98.987591,
              20.089977
            ],
            [
              -98.919246,
              20.073828
            ],
            [
              -98.852933,
              20.051441
            ],
            [
              -98.789298,
              20.023033
            ],
            [
              -98.728958,
              19.988881
            ],
            [
              -98.672498,
              19.949319
            ],
            [
              -98.620465,
              19.90473
            ],
            [
              -98.573361,
              19.855548
            ],
            [
              -98.531637,
              19.802251
            ],
            [
              -98.495694,
              19.745356
            ],
            [
              -98.465872,
              19.685414
            ],
            [
              -98.442454,
              19.623006
            ],
            [
              -98.425659,
              19.558736
            ],
            [
              -98.41564,
              19.493223
            ],
            [
              -98.412486,
              19.4271
            ],
            [
              -98.41622,
              19.361004
            ],
            [
              -98.426795,
              19.29557
            ],
            [
              -98.444104,
              19.231429
            ],
            [
              -98.467972,
              19.169195
            ],
            [
              -98.498163,
              19.109466
            ],
            [
              -98.534381,
              19.052813
            ],
            [
              -98.576273,
              18.999779
            ],
            [
              -98.623435,
              18.95087
            ],
            [
              -98.675411,
              18.906554
            ],
            [
              -98.731702,
              18.867254
            ],
            [
              -98.791767,
              18.833345
            ],
            [
              -98.855034,
              18.805149
            ],
            [
              -98.920896,
              18.782936
            ],
            [
              -98.988728,
              18.766916
            ],
            [
              -99.057882,
              18.757243
            ],
            [
              -99.1277,
              18.754009
            ],
            [
              -99.197518,
              18.757243
            ],
            [
              -99.266672,
              18.766916
            ],
            [
              -99.334504,
              18.782936
            ],
            [
              -99.400366,
              18.805149
            ],
            [
              -99.463633,
              18.833345
            ],
            [
              -99.523698,
              18.867254
            ],
            [
              -99.579989,
              18.906554
            ],
            [
              -99.631965,
              18.95087
            ],
            [
              -99.679127,
              18.999779
            ],
            [
              -99.721019,
              19.052813
            ],
            [
              -99.757237,
              19.109466
            ],
            [
              -99.787428,
              19.169195
            ],
            [
              -99.811296,
              19.231429
            ],
            [
              -99.828605,
              19.29557
            ],
            [
              -99.83918,
              19.361004
            ],
            [
              -99.842914,
              19.4271
            ],
            [
              -99.83976,
              19.493223
            ],
            [
              -99.829741,
              19.558736
            ],
            [
              -99.812946,
              19.623006
            ],
            [
              -99.789528,
              19.685414
            ],
            [
              -99.759706,
              19.745356
            ],
            [
              -99.723763,
              19.802251
            ],
            [
              -99.682039,
              19.855548
            ],
            [
              -99.634935,
              19.90473
            ],
            [
              -99.582902,
              19.949319
            ],
            [
              -99.526442,
              19.988881
            ],
            [
              -99.466102,
              20.023033
            ],
            [
              -99.402467,
              20.051441
            ],
            [
              -99.336154,
              20.073828
            ],
            [
              -99.267809,
              20.089977
            ],
            [
              -99.198098,
              20.09973
            ],
            [
              -99.1277,
              20.102991
            ]
          ]
        ]
      },
      "properties": {
        "rank": 1,
        "city": "Ciudad de México",
        "metro_name": "Ciudad de México",
        "country": "Mexico",
        "population": 21436911,
        "population_year": 2020,
        "lat": 19.4285,
        "lon": -99.1277,
        "radius_km": 75.0
      }
    },
    {
      "type": "Feature",
      "geometry": {
        "type": "Polygon",
        "coordinates": [
          [
            [
              -74.006,
              41.388791
            ],
            [
              -73.917886,
              41.38551
            ],
            [
              -73.830646,
              41.375699
            ],
            [
              -73.745147,
              41.359456
            ],
            [
              -73.662235,
              41.336941
            ],
            [
              -73.582728,
              41.308379
            ],
            [
              -73.507408,
              41.274051
            ],
            [
              -73.437013,
              41.234298
            ],
            [
              -73.372228,
              41.189511
            ],
            [
              -73.313678,
              41.140132
            ],
            [
              -73.261925,
              41.086646
            ],
            [
              -73.217458,
              41.029577
            ],
            [
              -73.180692,
              40.969484
            ],
            [
              -73.151966,
              40.906953
            ],
            [
              -73.131534,
              40.842591
            ],
            [
              -73.119571,
              40.777023
            ],
            [
              -73.116167,
              40.710884
            ],
            [
              -73.121329,
              40.64481
            ],
            [
              -73.134983,
              40.579436
            ],
            [
              -73.156974,
              40.51539
            ],
            [
              -73.187066,
              40.453284
            ],
            [
              -73.224953,
              40.393708
            ],
            [
              -73.270253,
              40.33723
            ],
            [
              -73.32252,
              40.284385
            ],
            [
              -73.381243,
              40.235672
            ],
            [
              -73.445855,
              40.191552
            ],
            [
              -73.515737,
              40.152439
            ],
            [
              -73.590224,
              40.118702
            ],
            [
              -73.66861,
              40.090658
            ],
            [
              -73.750156,
              40.068568
            ],
            [
              -73.834097,
              40.052641
            ],
            [
              -73.919645,
              40.043024
            ],
            [
              -74.006,
              40.039809
            ],
            [
              -74.092355,
              40.043024
            ],
            [
              -74.177903,
              40.052641
            ],
            [
              -74.261844,
              40.068568
            ],
            [
              -74.34339,
              40.090658
            ],
            [
              -74.421776,
              40.118702
            ],
            [
              -74.496263,
              40.152439
            ],
            [
              -74.566145,
              40.191552
            ],
            [
              -74.630757,
              40.235672
            ],
            [
              -74.68948,
              40.284385
            ],
            [
              -74.741747,
              40.33723
            ],
            [
              -74.787047,
              40.393708
            ],
            [
              -74.824934,
              40.453284
            ],
            [
              -74.855026,
              40.51539
            ],
            [
              -74.877017,
              40.579436
            ],
            [
              -74.890671,
              40.64481
            ],
            [
              -74.895833,
              40.710884
            ],
            [
              -74.892429,
              40.777023
            ],
            [
              -74.880466,
              40.842591
            ],
            [
              -74.860034,
              40.906953
            ],
            [
              -74.831308,
              40.969484
            ],
            [
              -74.794542,
              41.029577
            ],
            [
              -74.750075,
              41.086646
            ],
            [
              -74.698322,
              41.140132
            ],
            [
              -74.639772,
              41.189511
            ],
            [
              -74.574987,
              41.234298
            ],
            [
              -74.504592,
              41.274051
            ],
            [
              -74.429272,
              41.308379
            ],
            [
              -74.349765,
              41.336941
            ],
            [
              -74.266853,
              41.359456
            ],
            [
              -74.181354,
              41.375699
            ],
            [
              -74.094114,
              41.38551
            ],
            [
              -74.006,
              41.388791
            ]
          ]
        ]
      },
      "properties": {
        "rank": 2,
        "city": "New York",
        "metro_name": "New York-Newark-Jersey City, NY-NJ",
        "country": "United States",
        "population": 20112448,
        "population_year": 2025,
        "lat": 40.7143,
        "lon": -74.006,
        "radius_km": 75.0
      }
    },
    {
      "type": "Feature",
      "geometry": {
        "type": "Polygon",
        "coordinates": [
          [
            [
              -118.2437,
              34.726691
            ],
            [
              -118.163265,
              34.723417
            ],
            [
              -118.083624,
              34.713628
            ],
            [
              -118.005561,
              34.697419
            ],
            [
              -117.929845,
              34.674951
            ],
            [
              -117.85722,
              34.646445
            ],
            [
              -117.788396,
              34.612181
            ],
            [
              -117.724045,
              34.572497
            ],
            [
              -117.664792,
              34.527783
            ],
            [
              -117.611209,
              34.478475
            ],
            [
              -117.563809,
              34.425058
            ],
            [
              -117.523044,
              34.368052
            ],
            [
              -117.489296,
              34.308014
            ],
            [
              -117.462879,
              34.245528
            ],
            [
              -117.444032,
              34.181199
            ],
            [
              -117.43292,
              34.115651
            ],
            [
              -117.429633,
              34.049517
            ],
            [
              -117.434184,
              33.983435
            ],
            [
              -117.44651,
              33.918039
            ],
            [
              -117.466477,
              33.853958
            ],
            [
              -117.493876,
              33.791805
            ],
            [
              -117.528429,
              33.732174
            ],
            [
              -117.569793,
              33.675632
            ],
            [
              -117.617561,
              33.622718
            ],
            [
              -117.671269,
              33.573934
            ],
            [
              -117.730398,
              33.529743
            ],
            [
              -117.79438,
              33.490562
            ],
            [
              -117.862605,
              33.456763
            ],
            [
              -117.934426,
              33.428663
            ],
            [
              -118.00916,
              33.406529
            ],
            [
              -118.086103,
              33.390568
            ],
            [
              -118.164529,
              33.380931
            ],
            [
              -118.2437,
              33.377709
            ],
            [
              -118.322871,
              33.380931
            ],
            [
              -118.401297,
              33.390568
            ],
            [
              -118.47824,
              33.406529
            ],
            [
              -118.552974,
              33.428663
            ],
            [
              -118.624795,
              33.456763
            ],
            [
              -118.69302,
              33.490562
            ],
            [
              -118.757002,
              33.529743
            ],
            [
              -118.816131,
              33.573934
            ],
            [
              -118.869839,
              33.622718
            ],
            [
              -118.917607,
              33.675632
            ],
            [
              -118.958971,
              33.732174
            ],
            [
              -118.993524,
              33.791805
            ],
            [
              -119.020923,
              33.853958
            ],
            [
              -119.04089,
              33.918039
            ],
            [
              -119.053216,
              33.983435
            ],
            [
              -119.057767,
              34.049517
            ],
            [
              -119.05448,
              34.115651
            ],
            [
              -119.043368,
              34.181199
            ],
            [
              -119.024521,
              34.245528
            ],
            [
              -118.998104,
              34.308014
            ],
            [
              -118.964356,
              34.368052
            ],
            [
              -118.923591,
              34.425058
            ],
            [
              -118.876191,
              34.478475
            ],
            [
              -118.822608,
              34.527783
            ],
            [
              -118.763355,
              34.572497
            ],
            [
              -118.699004,
              34.612181
            ],
            [
              -118.63018,
              34.646445
            ],
            [
              -118.557555,
              34.674951
            ],
            [
              -118.481839,
              34.697419
            ],
            [
              -118.403776,
              34.713628
            ],
            [
              -118.324135,
              34.723417
            ],
            [
              -118.2437,
              34.726691
            ]
          ]
        ]
      },
      "properties": {
        "rank": 3,
        "city": "Los Angeles",
        "metro_name": "Los Angeles-Long Beach-Anaheim, CA",
        "country": "United States",
        "population": 12844441,
        "population_year": 2025,
        "lat": 34.0522,
        "lon": -118.2437,
        "radius_km": 75.0
      }
    },
    {
      "type": "Feature",
      "geometry": {
        "type": "Polygon",
        "coordinates": [
          [
            [
              -87.65,
              42.524491
            ],
            [
              -87.560302,
              42.521209
            ],
            [
              -87.471495,
              42.511394
            ],
            [
              -87.384462,
              42.495144
            ],
            [
              -87.300065,
              42.472621
            ],
            [
              -87.219138,
              42.444047
            ],
            [
              -87.142479,
              42.409708
            ],
            [
              -87.070838,
              42.369941
            ],
            [
              -87.004912,
              42.32514
            ],
            [
              -86.945339,
              42.275748
            ],
            [
              -86.892688,
              42.222248
            ],
            [
              -86.847459,
              42.165168
            ],
            [
              -86.810072,
              42.105064
            ],
            [
              -86.78087,
              42.042524
            ],
            [
              -86.760112,
              41.978156
            ],
            [
              -86.747975,
              41.912585
            ],
            [
              -86.744547,
              41.846444
            ],
            [
              -86.749837,
              41.780372
            ],
            [
              -86.763765,
              41.715003
            ],
            [
              -86.786174,
              41.650963
            ],
            [
              -86.816822,
              41.588866
            ],
            [
              -86.855397,
              41.529301
            ],
            [
              -86.901509,
              41.472835
            ],
            [
              -86.954703,
              41.420002
            ],
            [
              -87.01446,
              41.371303
            ],
            [
              -87.080203,
              41.327197
            ],
            [
              -87.151301,
              41.288097
            ],
            [
              -87.227078,
              41.254372
            ],
            [
              -87.306817,
              41.226338
            ],
            [
              -87.389767,
              41.204257
            ],
            [
              -87.475149,
              41.188336
            ],
            [
              -87.562165,
              41.178723
            ],
            [
              -87.65,
              41.175509
            ],
            [
              -87.737835,
              41.178723
            ],
            [
              -87.824851,
              41.188336
            ],
            [
              -87.910233,
              41.204257
            ],
            [
              -87.993183,
              41.226338
            ],
            [
              -88.072922,
              41.254372
            ],
            [
              -88.148699,
              41.288097
            ],
            [
              -88.219797,
              41.327197
            ],
            [
              -88.28554,
              41.371303
            ],
            [
              -88.345297,
              41.420002
            ],
            [
              -88.398491,
              41.472835
            ],
            [
              -88.444603,
              41.529301
            ],
            [
              -88.483178,
              41.588866
            ],
            [
              -88.513826,
              41.650963
            ],
            [
              -88.536235,
              41.715003
            ],
            [
              -88.550163,
              41.780372
            ],
            [
              -88.555453,
              41.846444
            ],
            [
              -88.552025,
              41.912585
            ],
            [
              -88.539888,
              41.978156
            ],
            [
              -88.51913,
              42.042524
            ],
            [
              -88.489928,
              42.105064
            ],
            [
              -88.452541,
              42.165168
            ],
            [
              -88.407312,
              42.222248
            ],
            [
              -88.354661,
              42.275748
            ],
            [
              -88.295088,
              42.32514
            ],
            [
              -88.229162,
              42.369941
            ],
            [
              -88.157521,
              42.409708
            ],
            [
              -88.080862,
              42.444047
            ],
            [
              -87.999935,
              42.472621
            ],
            [
              -87.915538,
              42.495144
            ],
            [
              -87.828505,
              42.511394
            ],
            [
              -87.739698,
              42.521209
            ],
            [
              -87.65,
              42.524491
            ]
          ]
        ]
      },
      "properties": {
        "rank": 4,
        "city": "Chicago",
        "metro_name": "Chicago-Naperville-Elgin, IL-IN",
        "country": "United States",
        "population": 9434123,
        "population_year": 2025,
        "lat": 41.85,
        "lon": -87.65,
        "radius_km": 75.0
      }
    },
    {
      "type": "Feature",
      "geometry": {
        "type": "Polygon",
        "coordinates": [
          [
            [
              -96.8067,
              33.457591
            ],
            [
              -96.727462,
              33.454318
            ],
            [
              -96.649005,
              33.444532
            ],
            [
              -96.572101,
              33.42833
            ],
            [
              -96.497507,
              33.405869
            ],
            [
              -96.425954,
              33.377373
            ],
            [
              -96.358142,
              33.343121
            ],
            [
              -96.294733,
              33.303449
            ],
            [
              -96.236343,
              33.258746
            ],
            [
              -96.183534,
              33.209452
            ],
            [
              -96.136813,
              33.156046
            ],
            [
              -96.096625,
              33.099051
            ],
            [
              -96.063348,
              33.039023
            ],
            [
              -96.037291,
              32.976544
            ],
            [
              -96.018691,
              32.912221
            ],
            [
              -96.007712,
              32.846676
            ],
            [
              -96.004443,
              32.780543
            ],
            [
              -96.008899,
              32.714459
            ],
            [
              -96.021019,
              32.64906
            ],
            [
              -96.04067,
              32.584973
            ],
            [
              -96.067649,
              32.522812
            ],
            [
              -96.101682,
              32.463171
            ],
            [
              -96.142432,
              32.406618
            ],
            [
              -96.189499,
              32.353693
            ],
            [
              -96.242425,
              32.304897
            ],
            [
              -96.300699,
              32.260693
            ],
            [
              -96.363762,
              32.221501
            ],
            [
              -96.431012,
              32.18769
            ],
            [
              -96.501808,
              32.159582
            ],
            [
              -96.575481,
              32.137439
            ],
            [
              -96.651333,
              32.121473
            ],
            [
              -96.728649,
              32.111832
            ],
            [
              -96.8067,
              32.108609
            ],
            [
              -96.884751,
              32.111832
            ],
            [
              -96.962067,
              32.121473
            ],
            [
              -97.037919,
              32.137439
            ],
            [
              -97.111592,
              32.159582
            ],
            [
              -97.182388,
              32.18769
            ],
            [
              -97.249638,
              32.221501
            ],
            [
              -97.312701,
              32.260693
            ],
            [
              -97.370975,
              32.304897
            ],
            [
              -97.423901,
              32.353693
            ],
            [
              -97.470968,
              32.406618
            ],
            [
              -97.511718,
              32.463171
            ],
            [
              -97.545751,
              32.522812
            ],
            [
              -97.57273,
              32.584973
            ],
            [
              -97.592381,
              32.64906
            ],
            [
              -97.604501,
              32.714459
            ],
            [
              -97.608957,
              32.780543
            ],
            [
              -97.605688,
              32.846676
            ],
            [
              -97.594709,
              32.912221
            ],
            [
              -97.576109,
              32.976544
            ],
            [
              -97.550052,
              33.039023
            ],
            [
              -97.516775,
              33.099051
            ],
            [
              -97.476587,
              33.156046
            ],
            [
              -97.429866,
              33.209452
            ],
            [
              -97.377057,
              33.258746
            ],
            [
              -97.318667,
              33.303449
            ],
            [
              -97.255258,
              33.343121
            ],
            [
              -97.187446,
              33.377373
            ],
            [
              -97.115893,
              33.405869
            ],
            [
              -97.041299,
              33.42833
            ],
            [
              -96.964395,
              33.444532
            ],
            [
              -96.885938,
              33.454318
            ],
            [
              -96.8067,
              33.457591
            ]
          ]
        ]
      },
      "properties": {
        "rank": 5,
        "city": "Dallas",
        "metro_name": "Dallas-Fort Worth-Arlington, TX",
        "country": "United States",
        "population": 8477157,
        "population_year": 2025,
        "lat": 32.7831,
        "lon": -96.8067,
        "radius_km": 75.0
      }
    },
    {
      "type": "Feature",
      "geometry": {
        "type": "Polygon",
        "coordinates": [
          [
            [
              -95.3633,
              30.437791
            ],
            [
              -95.286625,
              30.434521
            ],
            [
              -95.210703,
              30.424743
            ],
            [
              -95.13628,
              30.408554
            ],
            [
              -95.064087,
              30.386112
            ],
            [
              -94.99483,
              30.357638
            ],
            [
              -94.929186,
              30.32341
            ],
            [
              -94.867794,
              30.283765
            ],
            [
              -94.81125,
              30.239091
            ],
            [
              -94.760098,
              30.189824
            ],
            [
              -94.71483,
              30.136446
            ],
            [
              -94.675877,
              30.079476
            ],
            [
              -94.643606,
              30.019469
            ],
            [
              -94.61832,
              29.957007
            ],
            [
              -94.600249,
              29.892697
            ],
            [
              -94.589553,
              29.82716
            ],
            [
              -94.586323,
              29.76103
            ],
            [
              -94.590574,
              29.694943
            ],
            [
              -94.60225,
              29.629535
            ],
            [
              -94.621226,
              29.565435
            ],
            [
              -94.647305,
              29.503256
            ],
            [
              -94.680226,
              29.443593
            ],
            [
              -94.719662,
              29.387015
            ],
            [
              -94.765228,
              29.334062
            ],
            [
              -94.81648,
              29.285238
            ],
            [
              -94.872925,
              29.241007
            ],
            [
              -94.934019,
              29.201788
            ],
            [
              -94.99918,
              29.167953
            ],
            [
              -95.067786,
              29.139823
            ],
            [
              -95.139187,
              29.117663
            ],
            [
              -95.212705,
              29.101684
            ],
            [
              -95.287645,
              29.092035
            ],
            [
              -95.3633,
              29.088809
            ],
            [
              -95.438955,
              29.092035
            ],
            [
              -95.513895,
              29.101684
            ],
            [
              -95.587413,
              29.117663
            ],
            [
              -95.658814,
              29.139823
            ],
            [
              -95.72742,
              29.167953
            ],
            [
              -95.792581,
              29.201788
            ],
            [
              -95.853675,
              29.241007
            ],
            [
              -95.91012,
              29.285238
            ],
            [
              -95.961372,
              29.334062
            ],
            [
              -96.006938,
              29.387015
            ],
            [
              -96.046374,
              29.443593
            ],
            [
              -96.079295,
              29.503256
            ],
            [
              -96.105374,
              29.565435
            ],
            [
              -96.12435,
              29.629535
            ],
            [
              -96.136026,
              29.694943
            ],
            [
              -96.140277,
              29.76103
            ],
            [
              -96.137047,
              29.82716
            ],
            [
              -96.126351,
              29.892697
            ],
            [
              -96.10828,
              29.957007
            ],
            [
              -96.082994,
              30.019469
            ],
            [
              -96.050723,
              30.079476
            ],
            [
              -96.01177,
              30.136446
            ],
            [
              -95.966502,
              30.189824
            ],
            [
              -95.91535,
              30.239091
            ],
            [
              -95.858806,
              30.283765
            ],
            [
              -95.797414,
              30.32341
            ],
            [
              -95.73177,
              30.357638
            ],
            [
              -95.662513,
              30.386112
            ],
            [
              -95.59032,
              30.408554
            ],
            [
              -95.515897,
              30.424743
            ],
            [
              -95.439975,
              30.434521
            ],
            [
              -95.3633,
              30.437791
            ]
          ]
        ]
      },
      "properties": {
        "rank": 6,
        "city": "Houston",
        "metro_name": "Houston-Pasadena-The Woodlands, TX",
        "country": "United States",
        "population": 7904627,
        "population_year": 2025,
        "lat": 29.7633,
        "lon": -95.3633,
        "radius_km": 75.0
      }
    },
    {
      "type": "Feature",
      "geometry": {
        "type": "Polygon",
        "coordinates": [
          [
            [
              -79.3986,
              44.380891
            ],
            [
              -79.306105,
              44.377606
            ],
            [
              -79.214532,
              44.367784
            ],
            [
              -79.124792,
              44.351523
            ],
            [
              -79.037775,
              44.328985
            ],
            [
              -78.954344,
              44.300393
            ],
            [
              -78.875321,
              44.266033
            ],
            [
              -78.801481,
              44.226243
            ],
            [
              -78.733543,
              44.181419
            ],
            [
              -78.672164,
              44.132003
            ],
            [
              -78.61793,
              44.078481
            ],
            [
              -78.571356,
              44.02138
            ],
            [
              -78.532874,
              43.961259
            ],
            [
              -78.502834,
              43.898704
            ],
            [
              -78.481503,
              43.834326
            ],
            [
              -78.469058,
              43.768748
            ],
            [
              -78.465591,
              43.702605
            ],
            [
              -78.471106,
              43.636536
            ],
            [
              -78.48552,
              43.571174
            ],
            [
              -78.508666,
              43.507146
            ],
            [
              -78.540297,
              43.445063
            ],
            [
              -78.580085,
              43.385517
            ],
            [
              -78.62763,
              43.329072
            ],
            [
              -78.68246,
              43.276262
            ],
            [
              -78.744042,
              43.227586
            ],
            [
              -78.811778,
              43.183502
            ],
            [
              -78.885021,
              43.144425
            ],
            [
              -78.963074,
              43.11072
            ],
            [
              -79.0452,
              43.082703
            ],
            [
              -79.130625,
              43.060637
            ],
            [
              -79.218551,
              43.044727
            ],
            [
              -79.308154,
              43.035121
            ],
            [
              -79.3986,
              43.031909
            ],
            [
              -79.489046,
              43.035121
            ],
            [
              -79.578649,
              43.044727
            ],
            [
              -79.666575,
              43.060637
            ],
            [
              -79.752,
              43.082703
            ],
            [
              -79.834126,
              43.11072
            ],
            [
              -79.912179,
              43.144425
            ],
            [
              -79.985422,
              43.183502
            ],
            [
              -80.053158,
              43.227586
            ],
            [
              -80.11474,
              43.276262
            ],
            [
              -80.16957,
              43.329072
            ],
            [
              -80.217115,
              43.385517
            ],
            [
              -80.256903,
              43.445063
            ],
            [
              -80.288534,
              43.507146
            ],
            [
              -80.31168,
              43.571174
            ],
            [
              -80.326094,
              43.636536
            ],
            [
              -80.331609,
              43.702605
            ],
            [
              -80.328142,
              43.768748
            ],
            [
              -80.315697,
              43.834326
            ],
            [
              -80.294366,
              43.898704
            ],
            [
              -80.264326,
              43.961259
            ],
            [
              -80.225844,
              44.02138
            ],
            [
              -80.17927,
              44.078481
            ],
            [
              -80.125036,
              44.132003
            ],
            [
              -80.063657,
              44.181419
            ],
            [
              -79.995719,
              44.226243
            ],
            [
              -79.921879,
              44.266033
            ],
            [
              -79.842856,
              44.300393
            ],
            [
              -79.759425,
              44.328985
            ],
            [
              -79.672408,
              44.351523
            ],
            [
              -79.582668,
              44.367784
            ],
            [
              -79.491095,
              44.377606
            ],
            [
              -79.3986,
              44.380891
            ]
          ]
        ]
      },
      "properties": {
        "rank": 7,
        "city": "Toronto",
        "metro_name": "Toronto (CMA), Ontario",
        "country": "Canada",
        "population": 7108874,
        "population_year": 2025,
        "lat": 43.7064,
        "lon": -79.3986,
        "radius_km": 75.0
      }
    },
    {
      "type": "Feature",
      "geometry": {
        "type": "Polygon",
        "coordinates": [
          [
            [
              -84.388,
              34.423491
            ],
            [
              -84.307858,
              34.420218
            ],
            [
              -84.228506,
              34.410429
            ],
            [
              -84.150727,
              34.394221
            ],
            [
              -84.075286,
              34.371755
            ],
            [
              -84.002922,
              34.343251
            ],
            [
              -83.934346,
              34.308991
            ],
            [
              -83.870226,
              34.26931
            ],
            [
              -83.811184,
              34.224598
            ],
            [
              -83.75779,
              34.175294
            ],
            [
              -83.710556,
              34.121879
            ],
            [
              -83.669932,
              34.064876
            ],
            [
              -83.6363,
              34.004841
            ],
            [
              -83.609971,
              33.942356
            ],
            [
              -83.591184,
              33.878028
            ],
            [
              -83.580105,
              33.812481
            ],
            [
              -83.576823,
              33.746347
            ],
            [
              -83.58135,
              33.680265
            ],
            [
              -83.593626,
              33.614869
            ],
            [
              -83.613515,
              33.550786
            ],
            [
              -83.640811,
              33.488631
            ],
            [
              -83.675237,
              33.428997
            ],
            [
              -83.716451,
              33.372453
            ],
            [
              -83.764048,
              33.319536
            ],
            [
              -83.817564,
              33.270749
            ],
            [
              -83.876484,
              33.226555
            ],
            [
              -83.940241,
              33.187372
            ],
            [
              -84.008228,
              33.153569
            ],
            [
              -84.079798,
              33.125468
            ],
            [
              -84.154272,
              33.103332
            ],
            [
              -84.230949,
              33.087369
            ],
            [
              -84.309103,
              33.077732
            ],
            [
              -84.388,
              33.074509
            ],
            [
              -84.466897,
              33.077732
            ],
            [
              -84.545051,
              33.087369
            ],
            [
              -84.621728,
              33.103332
            ],
            [
              -84.696202,
              33.125468
            ],
            [
              -84.767772,
              33.153569
            ],
            [
              -84.835759,
              33.187372
            ],
            [
              -84.899516,
              33.226555
            ],
            [
              -84.958436,
              33.270749
            ],
            [
              -85.011952,
              33.319536
            ],
            [
              -85.059549,
              33.372453
            ],
            [
              -85.100763,
              33.428997
            ],
            [
              -85.135189,
              33.488631
            ],
            [
              -85.162485,
              33.550786
            ],
            [
              -85.182374,
              33.614869
            ],
            [
              -85.19465,
              33.680265
            ],
            [
              -85.199177,
              33.746347
            ],
            [
              -85.195895,
              33.812481
            ],
            [
              -85.184816,
              33.878028
            ],
            [
              -85.166029,
              33.942356
            ],
            [
              -85.1397,
              34.004841
            ],
            [
              -85.106068,
              34.064876
            ],
            [
              -85.065444,
              34.121879
            ],
            [
              -85.01821,
              34.175294
            ],
            [
              -84.964816,
              34.224598
            ],
            [
              -84.905774,
              34.26931
            ],
            [
              -84.841654,
              34.308991
            ],
            [
              -84.773078,
              34.343251
            ],
            [
              -84.700714,
              34.371755
            ],
            [
              -84.625273,
              34.394221
            ],
            [
              -84.547494,
              34.410429
            ],
            [
              -84.468142,
              34.420218
            ],
            [
              -84.388,
              34.423491
            ]
          ]
        ]
      },
      "properties": {
        "rank": 8,
        "city": "Atlanta",
        "metro_name": "Atlanta-Sandy Springs-Roswell, GA",
        "country": "United States",
        "population": 6482182,
        "population_year": 2025,
        "lat": 33.749,
        "lon": -84.388,
        "radius_km": 75.0
      }
    },
    {
      "type": "Feature",
      "geometry": {
        "type": "Polygon",
        "coordinates": [
          [
            [
              -77.0364,
              39.569591
            ],
            [
              -76.950641,
              39.566312
            ],
            [
              -76.865733,
              39.556507
            ],
            [
              -76.782515,
              39.540274
            ],
            [
              -76.70181,
              39.517773
            ],
            [
              -76.624413,
              39.489227
            ],
            [
              -76.551086,
              39.454918
            ],
            [
              -76.482545,
              39.415185
            ],
            [
              -76.419456,
              39.370419
            ],
            [
              -76.362429,
              39.321061
            ],
            [
              -76.312011,
              39.267595
            ],
            [
              -76.268679,
              39.210545
            ],
            [
              -76.232838,
              39.150468
            ],
            [
              -76.204819,
              39.087949
            ],
            [
              -76.184873,
              39.023597
            ],
            [
              -76.17317,
              38.958035
            ],
            [
              -76.169801,
              38.891897
            ],
            [
              -76.174776,
              38.825821
            ],
            [
              -76.188022,
              38.760441
            ],
            [
              -76.209391,
              38.696385
            ],
            [
              -76.238657,
              38.634265
            ],
            [
              -76.275522,
              38.574673
            ],
            [
              -76.319614,
              38.518176
            ],
            [
              -76.370502,
              38.465311
            ],
            [
              -76.427687,
              38.416577
            ],
            [
              -76.490617,
              38.372436
            ],
            [
              -76.558691,
              38.333304
            ],
            [
              -76.631257,
              38.299549
            ],
            [
              -76.70763,
              38.271488
            ],
            [
              -76.787088,
              38.249386
            ],
            [
              -76.868883,
              38.233449
            ],
            [
              -76.952247,
              38.223826
            ],
            [
              -77.0364,
              38.220609
            ],
            [
              -77.120553,
              38.223826
            ],
            [
              -77.203917,
              38.233449
            ],
            [
              -77.285712,
              38.249386
            ],
            [
              -77.36517,
              38.271488
            ],
            [
              -77.441543,
              38.299549
            ],
            [
              -77.514109,
              38.333304
            ],
            [
              -77.582183,
              38.372436
            ],
            [
              -77.645113,
              38.416577
            ],
            [
              -77.702298,
              38.465311
            ],
            [
              -77.753186,
              38.518176
            ],
            [
              -77.797278,
              38.574673
            ],
            [
              -77.834143,
              38.634265
            ],
            [
              -77.863409,
              38.696385
            ],
            [
              -77.884778,
              38.760441
            ],
            [
              -77.898024,
              38.825821
            ],
            [
              -77.902999,
              38.891897
            ],
            [
              -77.89963,
              38.958035
            ],
            [
              -77.887927,
              39.023597
            ],
            [
              -77.867981,
              39.087949
            ],
            [
              -77.839962,
              39.150468
            ],
            [
              -77.804121,
              39.210545
            ],
            [
              -77.760789,
              39.267595
            ],
            [
              -77.710371,
              39.321061
            ],
            [
              -77.653344,
              39.370419
            ],
            [
              -77.590255,
              39.415185
            ],
            [
              -77.521714,
              39.454918
            ],
            [
              -77.448387,
              39.489227
            ],
            [
              -77.37099,
              39.517773
            ],
            [
              -77.290285,
              39.540274
            ],
            [
              -77.207067,
              39.556507
            ],
            [
              -77.122159,
              39.566312
            ],
            [
              -77.0364,
              39.569591
            ]
          ]
        ]
      },
      "properties": {
        "rank": 9,
        "city": "Washington",
        "metro_name": "Washington-Arlington-Alexandria, DC-VA-MD-WV",
        "country": "United States",
        "population": 6465724,
        "population_year": 2025,
        "lat": 38.8951,
        "lon": -77.0364,
        "radius_km": 75.0
      }
    },
    {
      "type": "Feature",
      "geometry": {
        "type": "Polygon",
        "coordinates": [
          [
            [
              -80.1937,
              26.448791
            ],
            [
              -80.119863,
              26.445525
            ],
            [
              -80.04675,
              26.435757
            ],
            [
              -79.975076,
              26.419584
            ],
            [
              -79.905543,
              26.397164
            ],
            [
              -79.83883,
              26.368717
            ],
            [
              -79.775586,
              26.33452
            ],
            [
              -79.716427,
              26.294909
            ],
            [
              -79.661925,
              26.250269
            ],
            [
              -79.612607,
              26.201037
            ],
            [
              -79.568946,
              26.147692
            ],
            [
              -79.531359,
              26.090752
            ],
            [
              -79.500201,
              26.030772
            ],
            [
              -79.475765,
              25.968332
            ],
            [
              -79.458276,
              25.904038
            ],
            [
              -79.447892,
              25.838511
            ],
            [
              -79.444701,
              25.772383
            ],
            [
              -79.448722,
              25.706292
            ],
            [
              -79.459905,
              25.640874
            ],
            [
              -79.47813,
              25.576757
            ],
            [
              -79.503211,
              25.514556
            ],
            [
              -79.534899,
              25.454866
            ],
            [
              -79.57288,
              25.398258
            ],
            [
              -79.616783,
              25.345272
            ],
            [
              -79.666183,
              25.296413
            ],
            [
              -79.720603,
              25.252148
            ],
            [
              -79.77952,
              25.212896
            ],
            [
              -79.84237,
              25.179031
            ],
            [
              -79.908554,
              25.150874
            ],
            [
              -79.977442,
              25.128693
            ],
            [
              -80.04838,
              25.112697
            ],
            [
              -80.120694,
              25.103038
            ],
            [
              -80.1937,
              25.099809
            ],
            [
              -80.266706,
              25.103038
            ],
            [
              -80.33902,
              25.112697
            ],
            [
              -80.409958,
              25.128693
            ],
            [
              -80.478846,
              25.150874
            ],
            [
              -80.54503,
              25.179031
            ],
            [
              -80.60788,
              25.212896
            ],
            [
              -80.666797,
              25.252148
            ],
            [
              -80.721217,
              25.296413
            ],
            [
              -80.770617,
              25.345272
            ],
            [
              -80.81452,
              25.398258
            ],
            [
              -80.852501,
              25.454866
            ],
            [
              -80.884189,
              25.514556
            ],
            [
              -80.90927,
              25.576757
            ],
            [
              -80.927495,
              25.640874
            ],
            [
              -80.938678,
              25.706292
            ],
            [
              -80.942699,
              25.772383
            ],
            [
              -80.939508,
              25.838511
            ],
            [
              -80.929124,
              25.904038
            ],
            [
              -80.911635,
              25.968332
            ],
            [
              -80.887199,
              26.030772
            ],
            [
              -80.856041,
              26.090752
            ],
            [
              -80.818454,
              26.147692
            ],
            [
              -80.774793,
              26.201037
            ],
            [
              -80.725475,
              26.250269
            ],
            [
              -80.670973,
              26.294909
            ],
            [
              -80.611814,
              26.33452
            ],
            [
              -80.54857,
              26.368717
            ],
            [
              -80.481857,
              26.397164
            ],
            [
              -80.412324,
              26.419584
            ],
            [
              -80.34065,
              26.435757
            ],
            [
              -80.267537,
              26.445525
            ],
            [
              -80.1937,
              26.448791
            ]
          ]
        ]
      },
      "properties": {
        "rank": 10,
        "city": "Miami",
        "metro_name": "Miami-Fort Lauderdale-West Palm Beach, FL",
        "country": "United States",
        "population": 6391072,
        "population_year": 2025,
        "lat": 25.7743,
        "lon": -80.1937,
        "radius_km": 75.0
      }
    },
    {
      "type": "Feature",
      "geometry": {
        "type": "Polygon",
        "coordinates": [
          [
            [
              -75.1636,
              40.626891
            ],
            [
              -75.076499,
              40.623611
            ],
            [
              -74.990261,
              40.613803
            ],
            [
              -74.905743,
              40.597564
            ],
            [
              -74.82378,
              40.575055
            ],
            [
              -74.74518,
              40.5465
            ],
            [
              -74.670717,
              40.51218
            ],
            [
              -74.601119,
              40.472435
            ],
            [
              -74.537063,
              40.427657
            ],
            [
              -74.479168,
              40.378287
            ],
            [
              -74.427989,
              40.324809
            ],
            [
              -74.384009,
              40.267749
            ],
            [
              -74.347642,
              40.207662
            ],
            [
              -74.319219,
              40.145136
            ],
            [
              -74.298996,
              40.080779
            ],
            [
              -74.287145,
              40.015213
            ],
            [
              -74.283756,
              39.949074
            ],
            [
              -74.288837,
              39.882999
            ],
            [
              -74.302316,
              39.817623
            ],
            [
              -74.324039,
              39.753573
            ],
            [
              -74.353776,
              39.691461
            ],
            [
              -74.391223,
              39.631878
            ],
            [
              -74.436005,
              39.575392
            ],
            [
              -74.487678,
              39.522538
            ],
            [
              -74.54574,
              39.473817
            ],
            [
              -74.609629,
              39.429688
            ],
            [
              -74.678734,
              39.390567
            ],
            [
              -74.752395,
              39.356822
            ],
            [
              -74.829916,
              39.328771
            ],
            [
              -74.910564,
              39.306676
            ],
            [
              -74.993582,
              39.290744
            ],
            [
              -75.078192,
              39.281125
            ],
            [
              -75.1636,
              39.277909
            ],
            [
              -75.249008,
              39.281125
            ],
            [
              -75.333618,
              39.290744
            ],
            [
              -75.416636,
              39.306676
            ],
            [
              -75.497284,
              39.328771
            ],
            [
              -75.574805,
              39.356822
            ],
            [
              -75.648466,
              39.390567
            ],
            [
              -75.717571,
              39.429688
            ],
            [
              -75.78146,
              39.473817
            ],
            [
              -75.839522,
              39.522538
            ],
            [
              -75.891195,
              39.575392
            ],
            [
              -75.935977,
              39.631878
            ],
            [
              -75.973424,
              39.691461
            ],
            [
              -76.003161,
              39.753573
            ],
            [
              -76.024884,
              39.817623
            ],
            [
              -76.038363,
              39.882999
            ],
            [
              -76.043444,
              39.949074
            ],
            [
              -76.040055,
              40.015213
            ],
            [
              -76.028204,
              40.080779
            ],
            [
              -76.007981,
              40.145136
            ],
            [
              -75.979558,
              40.207662
            ],
            [
              -75.943191,
              40.267749
            ],
            [
              -75.899211,
              40.324809
            ],
            [
              -75.848032,
              40.378287
            ],
            [
              -75.790137,
              40.427657
            ],
            [
              -75.726081,
              40.472435
            ],
            [
              -75.656483,
              40.51218
            ],
            [
              -75.58202,
              40.5465
            ],
            [
              -75.50342,
              40.575055
            ],
            [
              -75.421457,
              40.597564
            ],
            [
              -75.336939,
              40.613803
            ],
            [
              -75.250701,
              40.623611
            ],
            [
              -75.1636,
              40.626891
            ]
          ]
        ]
      },
      "properties": {
        "rank": 11,
        "city": "Philadelphia",
        "metro_name": "Philadelphia-Camden-Wilmington, PA-NJ-DE-MD",
        "country": "United States",
        "population": 6329118,
        "population_year": 2025,
        "lat": 39.9524,
        "lon": -75.1636,
        "radius_km": 75.0
      }
    },
    {
      "type": "Feature",
      "geometry": {
        "type": "Polygon",
        "coordinates": [
          [
            [
              -100.3172,
              26.358791
            ],
            [
              -100.243421,
              26.355525
            ],
            [
              -100.170365,
              26.345757
            ],
            [
              -100.098747,
              26.329585
            ],
            [
              -100.029267,
              26.307165
            ],
            [
              -99.962605,
              26.278719
            ],
            [
              -99.89941,
              26.244523
            ],
            [
              -99.840296,
              26.204912
            ],
            [
              -99.785836,
              26.160273
            ],
            [
              -99.736555,
              26.111042
            ],
            [
              -99.692927,
              26.057697
            ],
            [
              -99.655367,
              26.000758
            ],
            [
              -99.624232,
              25.940778
            ],
            [
              -99.599813,
              25.878339
            ],
            [
              -99.582335,
              25.814045
            ],
            [
              -99.571958,
              25.748518
            ],
            [
              -99.568768,
              25.682391
            ],
            [
              -99.572784,
              25.6163
            ],
            [
              -99.583957,
              25.550882
            ],
            [
              -99.602167,
              25.486764
            ],
            [
              -99.627228,
              25.424562
            ],
            [
              -99.65889,
              25.364872
            ],
            [
              -99.696842,
              25.308263
            ],
            [
              -99.740711,
              25.255276
            ],
            [
              -99.790074,
              25.206417
            ],
            [
              -99.844452,
              25.162151
            ],
            [
              -99.903325,
              25.122898
            ],
            [
              -99.966129,
              25.089033
            ],
            [
              -100.032264,
              25.060875
            ],
            [
              -100.101101,
              25.038693
            ],
            [
              -100.171986,
              25.022697
            ],
            [
              -100.244248,
              25.013039
            ],
            [
              -100.3172,
              25.009809
            ],
            [
              -100.390152,
              25.013039
            ],
            [
              -100.462414,
              25.022697
            ],
            [
              -100.533299,
              25.038693
            ],
            [
              -100.602136,
              25.060875
            ],
            [
              -100.668271,
              25.089033
            ],
            [
              -100.731075,
              25.122898
            ],
            [
              -100.789948,
              25.162151
            ],
            [
              -100.844326,
              25.206417
            ],
            [
              -100.893689,
              25.255276
            ],
            [
              -100.937558,
              25.308263
            ],
            [
              -100.97551,
              25.364872
            ],
            [
              -101.007172,
              25.424562
            ],
            [
              -101.032233,
              25.486764
            ],
            [
              -101.050443,
              25.550882
            ],
            [
              -101.061616,
              25.6163
            ],
            [
              -101.065632,
              25.682391
            ],
            [
              -101.062442,
              25.748518
            ],
            [
              -101.052065,
              25.814045
            ],
            [
              -101.034587,
              25.878339
            ],
            [
              -101.010168,
              25.940778
            ],
            [
              -100.979033,
              26.000758
            ],
            [
              -100.941473,
              26.057697
            ],
            [
              -100.897845,
              26.111042
            ],
            [
              -100.848564,
              26.160273
            ],
            [
              -100.794104,
              26.204912
            ],
            [
              -100.73499,
              26.244523
            ],
            [
              -100.671795,
              26.278719
            ],
            [
              -100.605133,
              26.307165
            ],
            [
              -100.535653,
              26.329585
            ],
            [
              -100.464035,
              26.345757
            ],
            [
              -100.390979,
              26.355525
            ],
            [
              -100.3172,
              26.358791
            ]
          ]
        ]
      },
      "properties": {
        "rank": 12,
        "city": "Monterrey",
        "metro_name": "Monterrey",
        "country": "Mexico",
        "population": 5322117,
        "population_year": 2020,
        "lat": 25.6843,
        "lon": -100.3172,
        "radius_km": 75.0
      }
    },
    {
      "type": "Feature",
      "geometry": {
        "type": "Polygon",
        "coordinates": [
          [
            [
              -112.074,
              34.122891
            ],
            [
              -111.994144,
              34.119618
            ],
            [
              -111.915075,
              34.10983
            ],
            [
              -111.837573,
              34.093624
            ],
            [
              -111.762399,
              34.07116
            ],
            [
              -111.690293,
              34.042658
            ],
            [
              -111.621958,
              34.0084
            ],
            [
              -111.558063,
              33.968722
            ],
            [
              -111.499227,
              33.924013
            ],
            [
              -111.446018,
              33.874712
            ],
            [
              -111.398947,
              33.8213
            ],
            [
              -111.358461,
              33.7643
            ],
            [
              -111.324941,
              33.704266
            ],
            [
              -111.298698,
              33.641783
            ],
            [
              -111.27997,
              33.577457
            ],
            [
              -111.268923,
              33.511911
            ],
            [
              -111.265645,
              33.445777
            ],
            [
              -111.270149,
              33.379694
            ],
            [
              -111.282376,
              33.314297
            ],
            [
              -111.30219,
              33.250214
            ],
            [
              -111.329386,
              33.188057
            ],
            [
              -111.363687,
              33.12842
            ],
            [
              -111.404755,
              33.071873
            ],
            [
              -111.452184,
              33.018954
            ],
            [
              -111.505513,
              32.970164
            ],
            [
              -111.564229,
              32.925967
            ],
            [
              -111.627767,
              32.886781
            ],
            [
              -111.69552,
              32.852976
            ],
            [
              -111.766845,
              32.824872
            ],
            [
              -111.841066,
              32.802734
            ],
            [
              -111.917481,
              32.78677
            ],
            [
              -111.995371,
              32.777132
            ],
            [
              -112.074,
              32.773909
            ],
            [
              -112.152629,
              32.777132
            ],
            [
              -112.230519,
              32.78677
            ],
            [
              -112.306934,
              32.802734
            ],
            [
              -112.381155,
              32.824872
            ],
            [
              -112.45248,
              32.852976
            ],
            [
              -112.520233,
              32.886781
            ],
            [
              -112.583771,
              32.925967
            ],
            [
              -112.642487,
              32.970164
            ],
            [
              -112.695816,
              33.018954
            ],
            [
              -112.743245,
              33.071873
            ],
            [
              -112.784313,
              33.12842
            ],
            [
              -112.818614,
              33.188057
            ],
            [
              -112.84581,
              33.250214
            ],
            [
              -112.865624,
              33.314297
            ],
            [
              -112.877851,
              33.379694
            ],
            [
              -112.882355,
              33.445777
            ],
            [
              -112.879077,
              33.511911
            ],
            [
              -112.86803,
              33.577457
            ],
            [
              -112.849302,
              33.641783
            ],
            [
              -112.823059,
              33.704266
            ],
            [
              -112.789539,
              33.7643
            ],
            [
              -112.749053,
              33.8213
            ],
            [
              -112.701982,
              33.874712
            ],
            [
              -112.648773,
              33.924013
            ],
            [
              -112.589937,
              33.968722
            ],
            [
              -112.526042,
              34.0084
            ],
            [
              -112.457707,
              34.042658
            ],
            [
              -112.385601,
              34.07116
            ],
            [
              -112.310427,
              34.093624
            ],
            [
              -112.232925,
              34.10983
            ],
            [
              -112.153856,
              34.119618
            ],
            [
              -112.074,
              34.122891
            ]
          ]
        ]
      },
      "properties": {
        "rank": 13,
        "city": "Phoenix",
        "metro_name": "Phoenix-Mesa-Chandler, AZ",
        "country": "United States",
        "population": 5228938,
        "population_year": 2025,
        "lat": 33.4484,
        "lon": -112.074,
        "radius_km": 75.0
      }
    },
    {
      "type": "Feature",
      "geometry": {
        "type": "Polygon",
        "coordinates": [
          [
            [
              -103.3475,
              21.351891
            ],
            [
              -103.276519,
              21.348629
            ],
            [
              -103.206231,
              21.338873
            ],
            [
              -103.137322,
              21.32272
            ],
            [
              -103.070464,
              21.300326
            ],
            [
              -103.006307,
              21.271911
            ],
            [
              -102.945475,
              21.237751
            ],
            [
              -102.888558,
              21.198179
            ],
            [
              -102.836108,
              21.15358
            ],
            [
              -102.788629,
              21.104389
            ],
            [
              -102.746579,
              21.051083
            ],
            [
              -102.710358,
              20.994179
            ],
            [
              -102.680311,
              20.93423
            ],
            [
              -102.656723,
              20.871816
            ],
            [
              -102.639811,
              20.807541
            ],
            [
              -102.629732,
              20.742026
            ],
            [
              -102.626574,
              20.675902
            ],
            [
              -102.630357,
              20.609806
            ],
            [
              -102.641037,
              20.544376
            ],
            [
              -102.658502,
              20.480239
            ],
            [
              -102.682576,
              20.418012
            ],
            [
              -102.713021,
              20.35829
            ],
            [
              -102.749538,
              20.301645
            ],
            [
              -102.791771,
              20.24862
            ],
            [
              -102.839311,
              20.199721
            ],
            [
              -102.8917,
              20.155415
            ],
            [
              -102.948434,
              20.116124
            ],
            [
              -103.00897,
              20.082223
            ],
            [
              -103.072729,
              20.054035
            ],
            [
              -103.139102,
              20.031828
            ],
            [
              -103.207457,
              20.015813
            ],
            [
              -103.277144,
              20.006142
            ],
            [
              -103.3475,
              20.002909
            ],
            [
              -103.417856,
              20.006142
            ],
            [
              -103.487543,
              20.015813
            ],
            [
              -103.555898,
              20.031828
            ],
            [
              -103.622271,
              20.054035
            ],
            [
              -103.68603,
              20.082223
            ],
            [
              -103.746566,
              20.116124
            ],
            [
              -103.8033,
              20.155415
            ],
            [
              -103.855689,
              20.199721
            ],
            [
              -103.903229,
              20.24862
            ],
            [
              -103.945462,
              20.301645
            ],
            [
              -103.981979,
              20.35829
            ],
            [
              -104.012424,
              20.418012
            ],
            [
              -104.036498,
              20.480239
            ],
            [
              -104.053963,
              20.544376
            ],
            [
              -104.064643,
              20.609806
            ],
            [
              -104.068426,
              20.675902
            ],
            [
              -104.065268,
              20.742026
            ],
            [
              -104.055189,
              20.807541
            ],
            [
              -104.038277,
              20.871816
            ],
            [
              -104.014689,
              20.93423
            ],
            [
              -103.984642,
              20.994179
            ],
            [
              -103.948421,
              21.051083
            ],
            [
              -103.906371,
              21.104389
            ],
            [
              -103.858892,
              21.15358
            ],
            [
              -103.806442,
              21.198179
            ],
            [
              -103.749525,
              21.237751
            ],
            [
              -103.688693,
              21.271911
            ],
            [
              -103.624536,
              21.300326
            ],
            [
              -103.557678,
              21.32272
            ],
            [
              -103.488769,
              21.338873
            ],
            [
              -103.418481,
              21.348629
            ],
            [
              -103.3475,
              21.351891
            ]
          ]
        ]
      },
      "properties": {
        "rank": 14,
        "city": "Guadalajara",
        "metro_name": "Guadalajara",
        "country": "Mexico",
        "population": 5110617,
        "population_year": 2020,
        "lat": 20.6774,
        "lon": -103.3475,
        "radius_km": 75.0
      }
    },
    {
      "type": "Feature",
      "geometry": {
        "type": "Polygon",
        "coordinates": [
          [
            [
              -71.0598,
              43.032891
            ],
            [
              -70.969362,
              43.029608
            ],
            [
              -70.879824,
              43.019791
            ],
            [
              -70.792075,
              43.003538
            ],
            [
              -70.706985,
              42.981011
            ],
            [
              -70.625396,
              42.952433
            ],
            [
              -70.548112,
              42.918088
            ],
            [
              -70.475889,
              42.878315
            ],
            [
              -70.409431,
              42.833508
            ],
            [
              -70.34938,
              42.784109
            ],
            [
              -70.296311,
              42.730604
            ],
            [
              -70.250726,
              42.673517
            ],
            [
              -70.213049,
              42.613409
            ],
            [
              -70.183625,
              42.550865
            ],
            [
              -70.162716,
              42.486494
            ],
            [
              -70.150497,
              42.420921
            ],
            [
              -70.147059,
              42.35478
            ],
            [
              -70.152408,
              42.288709
            ],
            [
              -70.166464,
              42.223341
            ],
            [
              -70.189068,
              42.159305
            ],
            [
              -70.219976,
              42.097211
            ],
            [
              -70.258871,
              42.037651
            ],
            [
              -70.305362,
              41.981191
            ],
            [
              -70.358989,
              41.928365
            ],
            [
              -70.419229,
              41.879672
            ],
            [
              -70.485499,
              41.835571
            ],
            [
              -70.557164,
              41.796478
            ],
            [
              -70.633544,
              41.762758
            ],
            [
              -70.713914,
              41.734729
            ],
            [
              -70.797519,
              41.712651
            ],
            [
              -70.883574,
              41.696733
            ],
            [
              -70.971274,
              41.687122
            ],
            [
              -71.0598,
              41.683909
            ],
            [
              -71.148326,
              41.687122
            ],
            [
              -71.236026,
              41.696733
            ],
            [
              -71.322081,
              41.712651
            ],
            [
              -71.405686,
              41.734729
            ],
            [
              -71.486056,
              41.762758
            ],
            [
              -71.562436,
              41.796478
            ],
            [
              -71.634101,
              41.835571
            ],
            [
              -71.700371,
              41.879672
            ],
            [
              -71.760611,
              41.928365
            ],
            [
              -71.814238,
              41.981191
            ],
            [
              -71.860729,
              42.037651
            ],
            [
              -71.899624,
              42.097211
            ],
            [
              -71.930532,
              42.159305
            ],
            [
              -71.953136,
              42.223341
            ],
            [
              -71.967192,
              42.288709
            ],
            [
              -71.972541,
              42.35478
            ],
            [
              -71.969103,
              42.420921
            ],
            [
              -71.956884,
              42.486494
            ],
            [
              -71.935975,
              42.550865
            ],
            [
              -71.906551,
              42.613409
            ],
            [
              -71.868874,
              42.673517
            ],
            [
              -71.823289,
              42.730604
            ],
            [
              -71.77022,
              42.784109
            ],
            [
              -71.710169,
              42.833508
            ],
            [
              -71.643711,
              42.878315
            ],
            [
              -71.571488,
              42.918088
            ],
            [
              -71.494204,
              42.952433
            ],
            [
              -71.412615,
              42.981011
            ],
            [
              -71.327525,
              43.003538
            ],
            [
              -71.239776,
              43.019791
            ],
            [
              -71.150238,
              43.029608
            ],
            [
              -71.0598,
              43.032891
            ]
          ]
        ]
      },
      "properties": {
        "rank": 15,
        "city": "Boston",
        "metro_name": "Boston-Cambridge-Newton, MA-NH",
        "country": "United States",
        "population": 5034221,
        "population_year": 2025,
        "lat": 42.3584,
        "lon": -71.0598,
        "radius_km": 75.0
      }
    },
    {
      "type": "Feature",
      "geometry": {
        "type": "Polygon",
        "coordinates": [
          [
            [
              -117.3962,
              34.627891
            ],
            [
              -117.315861,
              34.624617
            ],
            [
              -117.236315,
              34.614828
            ],
            [
              -117.158345,
              34.59862
            ],
            [
              -117.082719,
              34.576152
            ],
            [
              -117.010179,
              34.547647
            ],
            [
              -116.941436,
              34.513384
            ],
            [
              -116.877161,
              34.473701
            ],
            [
              -116.817977,
              34.428988
            ],
            [
              -116.764456,
              34.379681
            ],
            [
              -116.717111,
              34.326265
            ],
            [
              -116.676392,
              34.26926
            ],
            [
              -116.642682,
              34.209223
            ],
            [
              -116.616293,
              34.146737
            ],
            [
              -116.597466,
              34.082408
            ],
            [
              -116.586365,
              34.016861
            ],
            [
              -116.583079,
              33.950727
            ],
            [
              -116.587622,
              33.884644
            ],
            [
              -116.599933,
              33.819249
            ],
            [
              -116.619874,
              33.755167
            ],
            [
              -116.647239,
              33.693014
            ],
            [
              -116.68175,
              33.633381
            ],
            [
              -116.723065,
              33.576839
            ],
            [
              -116.770777,
              33.523924
            ],
            [
              -116.824422,
              33.475139
            ],
            [
              -116.883483,
              33.430947
            ],
            [
              -116.947391,
              33.391765
            ],
            [
              -117.015539,
              33.357965
            ],
            [
              -117.087277,
              33.329865
            ],
            [
              -117.161926,
              33.30773
            ],
            [
              -117.238782,
              33.291769
            ],
            [
              -117.317119,
              33.282131
            ],
            [
              -117.3962,
              33.278909
            ],
            [
              -117.475281,
              33.282131
            ],
            [
              -117.553618,
              33.291769
            ],
            [
              -117.630474,
              33.30773
            ],
            [
              -117.705123,
              33.329865
            ],
            [
              -117.776861,
              33.357965
            ],
            [
              -117.845009,
              33.391765
            ],
            [
              -117.908917,
              33.430947
            ],
            [
              -117.967978,
              33.475139
            ],
            [
              -118.021623,
              33.523924
            ],
            [
              -118.069335,
              33.576839
            ],
            [
              -118.11065,
              33.633381
            ],
            [
              -118.145161,
              33.693014
            ],
            [
              -118.172526,
              33.755167
            ],
            [
              -118.192467,
              33.819249
            ],
            [
              -118.204778,
              33.884644
            ],
            [
              -118.209321,
              33.950727
            ],
            [
              -118.206035,
              34.016861
            ],
            [
              -118.194934,
              34.082408
            ],
            [
              -118.176107,
              34.146737
            ],
            [
              -118.149718,
              34.209223
            ],
            [
              -118.116008,
              34.26926
            ],
            [
              -118.075289,
              34.326265
            ],
            [
              -118.027944,
              34.379681
            ],
            [
              -117.974423,
              34.428988
            ],
            [
              -117.915239,
              34.473701
            ],
            [
              -117.850964,
              34.513384
            ],
            [
              -117.782221,
              34.547647
            ],
            [
              -117.709681,
              34.576152
            ],
            [
              -117.634055,
              34.59862
            ],
            [
              -117.556085,
              34.614828
            ],
            [
              -117.476539,
              34.624617
            ],
            [
              -117.3962,
              34.627891
            ]
          ]
        ]
      },
      "properties": {
        "rank": 16,
        "city": "Riverside",
        "metro_name": "Riverside-San Bernardino-Ontario, CA",
        "country": "United States",
        "population": 4769007,
        "population_year": 2025,
        "lat": 33.9534,
        "lon": -117.3962,
        "radius_km": 75.0
      }
    },
    {
      "type": "Feature",
      "geometry": {
        "type": "Polygon",
        "coordinates": [
          [
            [
              -122.4194,
              38.449391
            ],
            [
              -122.334989,
              38.446113
            ],
            [
              -122.251413,
              38.436312
            ],
            [
              -122.1695,
              38.420085
            ],
            [
              -122.090058,
              38.397592
            ],
            [
              -122.013869,
              38.369056
            ],
            [
              -121.941681,
              38.334758
            ],
            [
              -121.8742,
              38.295037
            ],
            [
              -121.812082,
              38.250283
            ],
            [
              -121.755927,
              38.200938
            ],
            [
              -121.706272,
              38.147483
            ],
            [
              -121.663589,
              38.090444
            ],
            [
              -121.628278,
              38.030376
            ],
            [
              -121.600665,
              37.967865
            ],
            [
              -121.580996,
              37.903519
            ],
            [
              -121.569443,
              37.83796
            ],
            [
              -121.566095,
              37.771823
            ],
            [
              -121.570962,
              37.705745
            ],
            [
              -121.583975,
              37.640362
            ],
            [
              -121.604989,
              37.5763
            ],
            [
              -121.633783,
              37.514171
            ],
            [
              -121.670062,
              37.45457
            ],
            [
              -121.713464,
              37.398062
            ],
            [
              -121.763562,
              37.345185
            ],
            [
              -121.819867,
              37.29644
            ],
            [
              -121.881836,
              37.252286
            ],
            [
              -121.948874,
              37.213142
            ],
            [
              -122.020342,
              37.179377
            ],
            [
              -122.095563,
              37.151307
            ],
            [
              -122.173826,
              37.129196
            ],
            [
              -122.254393,
              37.113253
            ],
            [
              -122.336508,
              37.103628
            ],
            [
              -122.4194,
              37.100409
            ],
            [
              -122.502292,
              37.103628
            ],
            [
              -122.584407,
              37.113253
            ],
            [
              -122.664974,
              37.129196
            ],
            [
              -122.743237,
              37.151307
            ],
            [
              -122.818458,
              37.179377
            ],
            [
              -122.889926,
              37.213142
            ],
            [
              -122.956964,
              37.252286
            ],
            [
              -123.018933,
              37.29644
            ],
            [
              -123.075238,
              37.345185
            ],
            [
              -123.125336,
              37.398062
            ],
            [
              -123.168738,
              37.45457
            ],
            [
              -123.205017,
              37.514171
            ],
            [
              -123.233811,
              37.5763
            ],
            [
              -123.254825,
              37.640362
            ],
            [
              -123.267838,
              37.705745
            ],
            [
              -123.272705,
              37.771823
            ],
            [
              -123.269357,
              37.83796
            ],
            [
              -123.257804,
              37.903519
            ],
            [
              -123.238135,
              37.967865
            ],
            [
              -123.210522,
              38.030376
            ],
            [
              -123.175211,
              38.090444
            ],
            [
              -123.132528,
              38.147483
            ],
            [
              -123.082873,
              38.200938
            ],
            [
              -123.026718,
              38.250283
            ],
            [
              -122.9646,
              38.295037
            ],
            [
              -122.897119,
              38.334758
            ],
            [
              -122.824931,
              38.369056
            ],
            [
              -122.748742,
              38.397592
            ],
            [
              -122.6693,
              38.420085
            ],
            [
              -122.587387,
              38.436312
            ],
            [
              -122.503811,
              38.446113
            ],
            [
              -122.4194,
              38.449391
            ]
          ]
        ]
      },
      "properties": {
        "rank": 17,
        "city": "San Francisco",
        "metro_name": "San Francisco-Oakland-Fremont, CA",
        "country": "United States",
        "population": 4630041,
        "population_year": 2025,
        "lat": 37.7749,
        "lon": -122.4194,
        "radius_km": 75.0
      }
    },
    {
      "type": "Feature",
      "geometry": {
        "type": "Polygon",
        "coordinates": [
          [
            [
              -73.5878,
              46.183291
            ],
            [
              -73.49232,
              46.180004
            ],
            [
              -73.397792,
              46.170175
            ],
            [
              -73.305161,
              46.153902
            ],
            [
              -73.215347,
              46.131348
            ],
            [
              -73.129242,
              46.102737
            ],
            [
              -73.047696,
              46.068355
            ],
            [
              -72.971509,
              46.028542
            ],
            [
              -72.901423,
              45.983694
            ],
            [
              -72.838118,
              45.934253
            ],
            [
              -72.782197,
              45.880709
            ],
            [
              -72.734188,
              45.823586
            ],
            [
              -72.694538,
              45.763446
            ],
            [
              -72.663606,
              45.700877
            ],
            [
              -72.641664,
              45.636487
            ],
            [
              -72.628894,
              45.570903
            ],
            [
              -72.625387,
              45.504759
            ],
            [
              -72.631144,
              45.438692
            ],
            [
              -72.646077,
              45.373338
            ],
            [
              -72.670013,
              45.309322
            ],
            [
              -72.702692,
              45.247255
            ],
            [
              -72.743777,
              45.187727
            ],
            [
              -72.792851,
              45.131303
            ],
            [
              -72.849429,
              45.078517
            ],
            [
              -72.912957,
              45.029865
            ],
            [
              -72.982821,
              44.985805
            ],
            [
              -73.058352,
              44.94675
            ],
            [
              -73.138833,
              44.913066
            ],
            [
              -73.223504,
              44.885068
            ],
            [
              -73.31157,
              44.863017
            ],
            [
              -73.402207,
              44.847117
            ],
            [
              -73.49457,
              44.837518
            ],
            [
              -73.5878,
              44.834309
            ],
            [
              -73.68103,
              44.837518
            ],
            [
              -73.773393,
              44.847117
            ],
            [
              -73.86403,
              44.863017
            ],
            [
              -73.952096,
              44.885068
            ],
            [
              -74.036767,
              44.913066
            ],
            [
              -74.117248,
              44.94675
            ],
            [
              -74.192779,
              44.985805
            ],
            [
              -74.262643,
              45.029865
            ],
            [
              -74.326171,
              45.078517
            ],
            [
              -74.382749,
              45.131303
            ],
            [
              -74.431823,
              45.187727
            ],
            [
              -74.472908,
              45.247255
            ],
            [
              -74.505587,
              45.309322
            ],
            [
              -74.529523,
              45.373338
            ],
            [
              -74.544456,
              45.438692
            ],
            [
              -74.550213,
              45.504759
            ],
            [
              -74.546706,
              45.570903
            ],
            [
              -74.533936,
              45.636487
            ],
            [
              -74.511994,
              45.700877
            ],
            [
              -74.481062,
              45.763446
            ],
            [
              -74.441412,
              45.823586
            ],
            [
              -74.393403,
              45.880709
            ],
            [
              -74.337482,
              45.934253
            ],
            [
              -74.274177,
              45.983694
            ],
            [
              -74.204091,
              46.028542
            ],
            [
              -74.127904,
              46.068355
            ],
            [
              -74.046358,
              46.102737
            ],
            [
              -73.960253,
              46.131348
            ],
            [
              -73.870439,
              46.153902
            ],
            [
              -73.777808,
              46.170175
            ],
            [
              -73.68328,
              46.180004
            ],
            [
              -73.5878,
              46.183291
            ]
          ]
        ]
      },
      "properties": {
        "rank": 18,
        "city": "Montréal",
        "metro_name": "Montréal (CMA), Quebec",
        "country": "Canada",
        "population": 4597837,
        "population_year": 2025,
        "lat": 45.5088,
        "lon": -73.5878,
        "radius_km": 75.0
      }
    },
    {
      "type": "Feature",
      "geometry": {
        "type": "Polygon",
        "coordinates": [
          [
            [
              -83.0457,
              43.005891
            ],
            [
              -82.955302,
              43.002608
            ],
            [
              -82.865803,
              42.992791
            ],
            [
              -82.778092,
              42.976539
            ],
            [
              -82.69304,
              42.954012
            ],
            [
              -82.611487,
              42.925434
            ],
            [
              -82.534236,
              42.891089
            ],
            [
              -82.462044,
              42.851316
            ],
            [
              -82.395615,
              42.80651
            ],
            [
              -82.33559,
              42.757111
            ],
            [
              -82.282543,
              42.703606
            ],
            [
              -82.236977,
              42.64652
            ],
            [
              -82.199316,
              42.586412
            ],
            [
              -82.169904,
              42.523868
            ],
            [
              -82.149003,
              42.459498
            ],
            [
              -82.136788,
              42.393925
            ],
            [
              -82.133351,
              42.327784
            ],
            [
              -82.138696,
              42.261712
            ],
            [
              -82.152746,
              42.196345
            ],
            [
              -82.175339,
              42.132308
            ],
            [
              -82.206233,
              42.070214
            ],
            [
              -82.245111,
              42.010654
            ],
            [
              -82.291582,
              41.954193
            ],
            [
              -82.345186,
              41.901367
            ],
            [
              -82.405399,
              41.852674
            ],
            [
              -82.471641,
              41.808573
            ],
            [
              -82.543276,
              41.769479
            ],
            [
              -82.619623,
              41.735759
            ],
            [
              -82.699959,
              41.707729
            ],
            [
              -82.783529,
              41.685652
            ],
            [
              -82.869548,
              41.669733
            ],
            [
              -82.957211,
              41.660122
            ],
            [
              -83.0457,
              41.656909
            ],
            [
              -83.134189,
              41.660122
            ],
            [
              -83.221852,
              41.669733
            ],
            [
              -83.307871,
              41.685652
            ],
            [
              -83.391441,
              41.707729
            ],
            [
              -83.471777,
              41.735759
            ],
            [
              -83.548124,
              41.769479
            ],
            [
              -83.619759,
              41.808573
            ],
            [
              -83.686001,
              41.852674
            ],
            [
              -83.746214,
              41.901367
            ],
            [
              -83.799818,
              41.954193
            ],
            [
              -83.846289,
              42.010654
            ],
            [
              -83.885167,
              42.070214
            ],
            [
              -83.916061,
              42.132308
            ],
            [
              -83.938654,
              42.196345
            ],
            [
              -83.952704,
              42.261712
            ],
            [
              -83.958049,
              42.327784
            ],
            [
              -83.954612,
              42.393925
            ],
            [
              -83.942397,
              42.459498
            ],
            [
              -83.921496,
              42.523868
            ],
            [
              -83.892084,
              42.586412
            ],
            [
              -83.854423,
              42.64652
            ],
            [
              -83.808857,
              42.703606
            ],
            [
              -83.75581,
              42.757111
            ],
            [
              -83.695785,
              42.80651
            ],
            [
              -83.629356,
              42.851316
            ],
            [
              -83.557164,
              42.891089
            ],
            [
              -83.479913,
              42.925434
            ],
            [
              -83.39836,
              42.954012
            ],
            [
              -83.313308,
              42.976539
            ],
            [
              -83.225597,
              42.992791
            ],
            [
              -83.136098,
              43.002608
            ],
            [
              -83.0457,
              43.005891
            ]
          ]
        ]
      },
      "properties": {
        "rank": 19,
        "city": "Detroit",
        "metro_name": "Detroit-Warren-Dearborn, MI",
        "country": "United States",
        "population": 4390913,
        "population_year": 2025,
        "lat": 42.3314,
        "lon": -83.0457,
        "radius_km": 75.0
      }
    },
    {
      "type": "Feature",
      "geometry": {
        "type": "Polygon",
        "coordinates": [
          [
            [
              -122.3321,
              48.280691
            ],
            [
              -122.232765,
              48.277401
            ],
            [
              -122.134424,
              48.267563
            ],
            [
              -122.03806,
              48.251276
            ],
            [
              -121.944636,
              48.228702
            ],
            [
              -121.855079,
              48.200068
            ],
            [
              -121.770276,
              48.165658
            ],
            [
              -121.691061,
              48.125816
            ],
            [
              -121.618206,
              48.080937
            ],
            [
              -121.552415,
              48.031467
            ],
            [
              -121.494318,
              47.977893
            ],
            [
              -121.444461,
              47.920744
            ],
            [
              -121.403307,
              47.860581
            ],
            [
              -121.371227,
              47.797993
            ],
            [
              -121.3485,
              47.73359
            ],
            [
              -121.335313,
              47.667998
            ],
            [
              -121.331757,
              47.601851
            ],
            [
              -121.337829,
              47.535789
            ],
            [
              -121.353436,
              47.470444
            ],
            [
              -121.378393,
              47.406442
            ],
            [
              -121.412427,
              47.344395
            ],
            [
              -121.455186,
              47.284891
            ],
            [
              -121.506235,
              47.228494
            ],
            [
              -121.565067,
              47.175736
            ],
            [
              -121.631106,
              47.127113
            ],
            [
              -121.703714,
              47.083083
            ],
            [
              -121.782196,
              47.044057
            ],
            [
              -121.865807,
              47.010399
            ],
            [
              -121.953759,
              46.982424
            ],
            [
              -122.045229,
              46.960391
            ],
            [
              -122.139361,
              46.944506
            ],
            [
              -122.235282,
              46.934916
            ],
            [
              -122.3321,
              46.931709
            ],
            [
              -122.428918,
              46.934916
            ],
            [
              -122.524839,
              46.944506
            ],
            [
              -122.618971,
              46.960391
            ],
            [
              -122.710441,
              46.982424
            ],
            [
              -122.798393,
              47.010399
            ],
            [
              -122.882004,
              47.044057
            ],
            [
              -122.960486,
              47.083083
            ],
            [
              -123.033094,
              47.127113
            ],
            [
              -123.099133,
              47.175736
            ],
            [
              -123.157965,
              47.228494
            ],
            [
              -123.209014,
              47.284891
            ],
            [
              -123.251773,
              47.344395
            ],
            [
              -123.285807,
              47.406442
            ],
            [
              -123.310764,
              47.470444
            ],
            [
              -123.326371,
              47.535789
            ],
            [
              -123.332443,
              47.601851
            ],
            [
              -123.328887,
              47.667998
            ],
            [
              -123.3157,
              47.73359
            ],
            [
              -123.292973,
              47.797993
            ],
            [
              -123.260893,
              47.860581
            ],
            [
              -123.219739,
              47.920744
            ],
            [
              -123.169882,
              47.977893
            ],
            [
              -123.111785,
              48.031467
            ],
            [
              -123.045994,
              48.080937
            ],
            [
              -122.973139,
              48.125816
            ],
            [
              -122.893924,
              48.165658
            ],
            [
              -122.809121,
              48.200068
            ],
            [
              -122.719564,
              48.228702
            ],
            [
              -122.62614,
              48.251276
            ],
            [
              -122.529776,
              48.267563
            ],
            [
              -122.431435,
              48.277401
            ],
            [
              -122.3321,
              48.280691
            ]
          ]
        ]
      },
      "properties": {
        "rank": 20,
        "city": "Seattle",
        "metro_name": "Seattle-Tacoma-Bellevue, WA",
        "country": "United States",
        "population": 4161883,
        "population_year": 2025,
        "lat": 47.6062,
        "lon": -122.3321,
        "radius_km": 75.0
      }
    },
    {
      "type": "Feature",
      "geometry": {
        "type": "Polygon",
        "coordinates": [
          [
            [
              -93.2638,
              45.654491
            ],
            [
              -93.169225,
              45.651205
            ],
            [
              -93.075594,
              45.641378
            ],
            [
              -92.983839,
              45.625108
            ],
            [
              -92.894874,
              45.602559
            ],
            [
              -92.809579,
              45.573954
            ],
            [
              -92.728798,
              45.539578
            ],
            [
              -92.653323,
              45.499773
            ],
            [
              -92.583889,
              45.454931
            ],
            [
              -92.521167,
              45.405498
            ],
            [
              -92.465758,
              45.35196
            ],
            [
              -92.418184,
              45.294844
            ],
            [
              -92.378888,
              45.23471
            ],
            [
              -92.348226,
              45.172145
            ],
            [
              -92.326469,
              45.107759
            ],
            [
              -92.313797,
              45.042177
            ],
            [
              -92.310302,
              44.976033
            ],
            [
              -92.315985,
              44.909965
            ],
            [
              -92.330761,
              44.844609
            ],
            [
              -92.354457,
              44.780589
            ],
            [
              -92.386819,
              44.718517
            ],
            [
              -92.42751,
              44.658984
            ],
            [
              -92.476121,
              44.602554
            ],
            [
              -92.532169,
              44.54976
            ],
            [
              -92.595106,
              44.501101
            ],
            [
              -92.664325,
              44.457034
            ],
            [
              -92.739163,
              44.417972
            ],
            [
              -92.818908,
              44.384282
            ],
            [
              -92.902807,
              44.356279
            ],
            [
              -92.990072,
              44.334223
            ],
            [
              -93.079887,
              44.31832
            ],
            [
              -93.171414,
              44.308719
            ],
            [
              -93.2638,
              44.305509
            ],
            [
              -93.356186,
              44.308719
            ],
            [
              -93.447713,
              44.31832
            ],
            [
              -93.537528,
              44.334223
            ],
            [
              -93.624793,
              44.356279
            ],
            [
              -93.708692,
              44.384282
            ],
            [
              -93.788437,
              44.417972
            ],
            [
              -93.863275,
              44.457034
            ],
            [
              -93.932494,
              44.501101
            ],
            [
              -93.995431,
              44.54976
            ],
            [
              -94.051479,
              44.602554
            ],
            [
              -94.10009,
              44.658984
            ],
            [
              -94.140781,
              44.718517
            ],
            [
              -94.173143,
              44.780589
            ],
            [
              -94.196839,
              44.844609
            ],
            [
              -94.211615,
              44.909965
            ],
            [
              -94.217298,
              44.976033
            ],
            [
              -94.213803,
              45.042177
            ],
            [
              -94.201131,
              45.107759
            ],
            [
              -94.179374,
              45.172145
            ],
            [
              -94.148712,
              45.23471
            ],
            [
              -94.109416,
              45.294844
            ],
            [
              -94.061842,
              45.35196
            ],
            [
              -94.006433,
              45.405498
            ],
            [
              -93.943711,
              45.454931
            ],
            [
              -93.874277,
              45.499773
            ],
            [
              -93.798802,
              45.539578
            ],
            [
              -93.718021,
              45.573954
            ],
            [
              -93.632726,
              45.602559
            ],
            [
              -93.543761,
              45.625108
            ],
            [
              -93.452006,
              45.641378
            ],
            [
              -93.358375,
              45.651205
            ],
            [
              -93.2638,
              45.654491
            ]
          ]
        ]
      },
      "properties": {
        "rank": 21,
        "city": "Minneapolis",
        "metro_name": "Minneapolis-St. Paul-Bloomington, MN-WI",
        "country": "United States",
        "population": 3790295,
        "population_year": 2025,
        "lat": 44.98,
        "lon": -93.2638,
        "radius_km": 75.0
      }
    },
    {
      "type": "Feature",
      "geometry": {
        "type": "Polygon",
        "coordinates": [
          [
            [
              -82.4584,
              28.621991
            ],
            [
              -82.383089,
              28.618723
            ],
            [
              -82.308517,
              28.60895
            ],
            [
              -82.235415,
              28.592768
            ],
            [
              -82.1645,
              28.570336
            ],
            [
              -82.096466,
              28.541874
            ],
            [
              -82.031975,
              28.507661
            ],
            [
              -81.971657,
              28.468032
            ],
            [
              -81.916094,
              28.423374
            ],
            [
              -81.865824,
              28.374123
            ],
            [
              -81.821329,
              28.32076
            ],
            [
              -81.783032,
              28.263804
            ],
            [
              -81.751297,
              28.203809
            ],
            [
              -81.72642,
              28.141358
            ],
            [
              -81.708629,
              28.077055
            ],
            [
              -81.698084,
              28.011523
            ],
            [
              -81.694873,
              27.945394
            ],
            [
              -81.699014,
              27.879305
            ],
            [
              -81.710454,
              27.813893
            ],
            [
              -81.729069,
              27.749784
            ],
            [
              -81.754669,
              27.687595
            ],
            [
              -81.786997,
              27.627919
            ],
            [
              -81.825734,
              27.571328
            ],
            [
              -81.870501,
              27.51836
            ],
            [
              -81.920863,
              27.46952
            ],
            [
              -81.976334,
              27.425272
            ],
            [
              -82.036381,
              27.386038
            ],
            [
              -82.100431,
              27.352189
            ],
            [
              -82.167873,
              27.324047
            ],
            [
              -82.238065,
              27.301877
            ],
            [
              -82.310342,
              27.28589
            ],
            [
              -82.384019,
              27.276237
            ],
            [
              -82.4584,
              27.273009
            ],
            [
              -82.532781,
              27.276237
            ],
            [
              -82.606458,
              27.28589
            ],
            [
              -82.678735,
              27.301877
            ],
            [
              -82.748927,
              27.324047
            ],
            [
              -82.816369,
              27.352189
            ],
            [
              -82.880419,
              27.386038
            ],
            [
              -82.940466,
              27.425272
            ],
            [
              -82.995937,
              27.46952
            ],
            [
              -83.046299,
              27.51836
            ],
            [
              -83.091066,
              27.571328
            ],
            [
              -83.129803,
              27.627919
            ],
            [
              -83.162131,
              27.687595
            ],
            [
              -83.187731,
              27.749784
            ],
            [
              -83.206346,
              27.813893
            ],
            [
              -83.217786,
              27.879305
            ],
            [
              -83.221927,
              27.945394
            ],
            [
              -83.218716,
              28.011523
            ],
            [
              -83.208171,
              28.077055
            ],
            [
              -83.19038,
              28.141358
            ],
            [
              -83.165503,
              28.203809
            ],
            [
              -83.133768,
              28.263804
            ],
            [
              -83.095471,
              28.32076
            ],
            [
              -83.050976,
              28.374123
            ],
            [
              -83.000706,
              28.423374
            ],
            [
              -82.945143,
              28.468032
            ],
            [
              -82.884825,
              28.507661
            ],
            [
              -82.820334,
              28.541874
            ],
            [
              -82.7523,
              28.570336
            ],
            [
              -82.681385,
              28.592768
            ],
            [
              -82.608283,
              28.60895
            ],
            [
              -82.533711,
              28.618723
            ],
            [
              -82.4584,
              28.621991
            ]
          ]
        ]
      },
      "properties": {
        "rank": 22,
        "city": "Tampa",
        "metro_name": "Tampa-St. Petersburg-Clearwater, FL",
        "country": "United States",
        "population": 3418895,
        "population_year": 2025,
        "lat": 27.9475,
        "lon": -82.4584,
        "radius_km": 75.0
      }
    },
    {
      "type": "Feature",
      "geometry": {
        "type": "Polygon",
        "coordinates": [
          [
            [
              -117.1647,
              33.390191
            ],
            [
              -117.085524,
              33.386919
            ],
            [
              -117.007127,
              33.377133
            ],
            [
              -116.930283,
              33.36093
            ],
            [
              -116.855746,
              33.33847
            ],
            [
              -116.784248,
              33.309975
            ],
            [
              -116.716489,
              33.275723
            ],
            [
              -116.653128,
              33.236051
            ],
            [
              -116.594782,
              33.19135
            ],
            [
              -116.542013,
              33.142055
            ],
            [
              -116.495327,
              33.088651
            ],
            [
              -116.455168,
              33.031657
            ],
            [
              -116.421916,
              32.971628
            ],
            [
              -116.395877,
              32.90915
            ],
            [
              -116.37729,
              32.844827
            ],
            [
              -116.366318,
              32.779283
            ],
            [
              -116.36305,
              32.71315
            ],
            [
              -116.367501,
              32.647066
            ],
            [
              -116.37961,
              32.581667
            ],
            [
              -116.399245,
              32.517579
            ],
            [
              -116.426202,
              32.455418
            ],
            [
              -116.460209,
              32.395776
            ],
            [
              -116.500928,
              32.339223
            ],
            [
              -116.547959,
              32.286297
            ],
            [
              -116.600844,
              32.2375
            ],
            [
              -116.659075,
              32.193296
            ],
            [
              -116.72209,
              32.154103
            ],
            [
              -116.789289,
              32.120292
            ],
            [
              -116.860033,
              32.092183
            ],
            [
              -116.933651,
              32.07004
            ],
            [
              -117.009448,
              32.054073
            ],
            [
              -117.086706,
              32.044432
            ],
            [
              -117.1647,
              32.041209
            ],
            [
              -117.242694,
              32.044432
            ],
            [
              -117.319952,
              32.054073
            ],
            [
              -117.395749,
              32.07004
            ],
            [
              -117.469367,
              32.092183
            ],
            [
              -117.540111,
              32.120292
            ],
            [
              -117.60731,
              32.154103
            ],
            [
              -117.670325,
              32.193296
            ],
            [
              -117.728556,
              32.2375
            ],
            [
              -117.781441,
              32.286297
            ],
            [
              -117.828472,
              32.339223
            ],
            [
              -117.869191,
              32.395776
            ],
            [
              -117.903198,
              32.455418
            ],
            [
              -117.930155,
              32.517579
            ],
            [
              -117.94979,
              32.581667
            ],
            [
              -117.961899,
              32.647066
            ],
            [
              -117.96635,
              32.71315
            ],
            [
              -117.963082,
              32.779283
            ],
            [
              -117.95211,
              32.844827
            ],
            [
              -117.933523,
              32.90915
            ],
            [
              -117.907484,
              32.971628
            ],
            [
              -117.874232,
              33.031657
            ],
            [
              -117.834073,
              33.088651
            ],
            [
              -117.787387,
              33.142055
            ],
            [
              -117.734618,
              33.19135
            ],
            [
              -117.676272,
              33.236051
            ],
            [
              -117.612911,
              33.275723
            ],
            [
              -117.545152,
              33.309975
            ],
            [
              -117.473654,
              33.33847
            ],
            [
              -117.399117,
              33.36093
            ],
            [
              -117.322273,
              33.377133
            ],
            [
              -117.243876,
              33.386919
            ],
            [
              -117.1647,
              33.390191
            ]
          ]
        ]
      },
      "properties": {
        "rank": 23,
        "city": "San Diego",
        "metro_name": "San Diego-Chula Vista-Carlsbad, CA",
        "country": "United States",
        "population": 3282248,
        "population_year": 2025,
        "lat": 32.7157,
        "lon": -117.1647,
        "radius_km": 75.0
      }
    },
    {
      "type": "Feature",
      "geometry": {
        "type": "Polygon",
        "coordinates": [
          [
            [
              -104.9847,
              40.413691
            ],
            [
              -104.897875,
              40.410411
            ],
            [
              -104.811912,
              40.400604
            ],
            [
              -104.727661,
              40.384366
            ],
            [
              -104.645957,
              40.361859
            ],
            [
              -104.567605,
              40.333305
            ],
            [
              -104.493376,
              40.298988
            ],
            [
              -104.423995,
              40.259245
            ],
            [
              -104.360139,
              40.21447
            ],
            [
              -104.302422,
              40.165102
            ],
            [
              -104.2514,
              40.111627
            ],
            [
              -104.207554,
              40.054568
            ],
            [
              -104.171294,
              39.994484
            ],
            [
              -104.142955,
              39.931959
            ],
            [
              -104.122789,
              39.867603
            ],
            [
              -104.110968,
              39.802038
            ],
            [
              -104.107583,
              39.735899
            ],
            [
              -104.112643,
              39.669824
            ],
            [
              -104.126074,
              39.604447
            ],
            [
              -104.147724,
              39.540396
            ],
            [
              -104.177364,
              39.478282
            ],
            [
              -104.214691,
              39.418697
            ],
            [
              -104.25933,
              39.362209
            ],
            [
              -104.310842,
              39.309353
            ],
            [
              -104.368723,
              39.260629
            ],
            [
              -104.432415,
              39.216498
            ],
            [
              -104.501307,
              39.177374
            ],
            [
              -104.574743,
              39.143628
            ],
            [
              -104.652028,
              39.115574
            ],
            [
              -104.732431,
              39.093478
            ],
            [
              -104.815197,
              39.077545
            ],
            [
              -104.89955,
              39.067925
            ],
            [
              -104.9847,
              39.064709
            ],
            [
              -105.06985,
              39.067925
            ],
            [
              -105.154203,
              39.077545
            ],
            [
              -105.236969,
              39.093478
            ],
            [
              -105.317372,
              39.115574
            ],
            [
              -105.394657,
              39.143628
            ],
            [
              -105.468093,
              39.177374
            ],
            [
              -105.536985,
              39.216498
            ],
            [
              -105.600677,
              39.260629
            ],
            [
              -105.658558,
              39.309353
            ],
            [
              -105.71007,
              39.362209
            ],
            [
              -105.754709,
              39.418697
            ],
            [
              -105.792036,
              39.478282
            ],
            [
              -105.821676,
              39.540396
            ],
            [
              -105.843326,
              39.604447
            ],
            [
              -105.856757,
              39.669824
            ],
            [
              -105.861817,
              39.735899
            ],
            [
              -105.858432,
              39.802038
            ],
            [
              -105.846611,
              39.867603
            ],
            [
              -105.826445,
              39.931959
            ],
            [
              -105.798106,
              39.994484
            ],
            [
              -105.761846,
              40.054568
            ],
            [
              -105.718,
              40.111627
            ],
            [
              -105.666978,
              40.165102
            ],
            [
              -105.609261,
              40.21447
            ],
            [
              -105.545405,
              40.259245
            ],
            [
              -105.476024,
              40.298988
            ],
            [
              -105.401795,
              40.333305
            ],
            [
              -105.323443,
              40.361859
            ],
            [
              -105.241739,
              40.384366
            ],
            [
              -105.157488,
              40.400604
            ],
            [
              -105.071525,
              40.410411
            ],
            [
              -104.9847,
              40.413691
            ]
          ]
        ]
      },
      "properties": {
        "rank": 24,
        "city": "Denver",
        "metro_name": "Denver-Aurora-Centennial, CO",
        "country": "United States",
        "population": 3092037,
        "population_year": 2025,
        "lat": 39.7392,
        "lon": -104.9847,
        "radius_km": 75.0
      }
    },
    {
      "type": "Feature",
      "geometry": {
        "type": "Polygon",
        "coordinates": [
          [
            [
              -123.1193,
              49.924191
            ],
            [
              -123.01662,
              49.920898
            ],
            [
              -122.91497,
              49.911053
            ],
            [
              -122.815368,
              49.894753
            ],
            [
              -122.718812,
              49.872163
            ],
            [
              -122.626261,
              49.843509
            ],
            [
              -122.538634,
              49.809076
            ],
            [
              -122.456793,
              49.76921
            ],
            [
              -122.381536,
              49.724306
            ],
            [
              -122.313592,
              49.67481
            ],
            [
              -122.253609,
              49.621212
            ],
            [
              -122.202152,
              49.56404
            ],
            [
              -122.159697,
              49.503858
            ],
            [
              -122.126624,
              49.441255
            ],
            [
              -122.10322,
              49.37684
            ],
            [
              -122.089675,
              49.311241
            ],
            [
              -122.086079,
              49.245093
            ],
            [
              -122.092428,
              49.179033
            ],
            [
              -122.108621,
              49.113696
            ],
            [
              -122.134465,
              49.049707
            ],
            [
              -122.169677,
              48.987676
            ],
            [
              -122.213889,
              48.928192
            ],
            [
              -122.26665,
              48.871817
            ],
            [
              -122.327437,
              48.819084
            ],
            [
              -122.395653,
              48.770486
            ],
            [
              -122.470639,
              48.726481
            ],
            [
              -122.551678,
              48.687479
            ],
            [
              -122.638001,
              48.653843
            ],
            [
              -122.728796,
              48.625887
            ],
            [
              -122.823213,
              48.60387
            ],
            [
              -122.920373,
              48.587996
            ],
            [
              -123.019374,
              48.578413
            ],
            [
              -123.1193,
              48.575209
            ],
            [
              -123.219226,
              48.578413
            ],
            [
              -123.318227,
              48.587996
            ],
            [
              -123.415387,
              48.60387
            ],
            [
              -123.509804,
              48.625887
            ],
            [
              -123.600599,
              48.653843
            ],
            [
              -123.686922,
              48.687479
            ],
            [
              -123.767961,
              48.726481
            ],
            [
              -123.842947,
              48.770486
            ],
            [
              -123.911163,
              48.819084
            ],
            [
              -123.97195,
              48.871817
            ],
            [
              -124.024711,
              48.928192
            ],
            [
              -124.068923,
              48.987676
            ],
            [
              -124.104135,
              49.049707
            ],
            [
              -124.129979,
              49.113696
            ],
            [
              -124.146172,
              49.179033
            ],
            [
              -124.152521,
              49.245093
            ],
            [
              -124.148925,
              49.311241
            ],
            [
              -124.13538,
              49.37684
            ],
            [
              -124.111976,
              49.441255
            ],
            [
              -124.078903,
              49.503858
            ],
            [
              -124.036448,
              49.56404
            ],
            [
              -123.984991,
              49.621212
            ],
            [
              -123.925008,
              49.67481
            ],
            [
              -123.857064,
              49.724306
            ],
            [
              -123.781807,
              49.76921
            ],
            [
              -123.699966,
              49.809076
            ],
            [
              -123.612339,
              49.843509
            ],
            [
              -123.519788,
              49.872163
            ],
            [
              -123.423232,
              49.894753
            ],
            [
              -123.32363,
              49.911053
            ],
            [
              -123.22198,
              49.920898
            ],
            [
              -123.1193,
              49.924191
            ]
          ]
        ]
      },
      "properties": {
        "rank": 25,
        "city": "Vancouver",
        "metro_name": "Vancouver (CMA), British Columbia",
        "country": "Canada",
        "population": 3088036,
        "population_year": 2025,
        "lat": 49.2497,
        "lon": -123.1193,
        "radius_km": 75.0
      }
    },
    {
      "type": "Feature",
      "geometry": {
        "type": "Polygon",
        "coordinates": [
          [
            [
              -81.3792,
              29.212791
            ],
            [
              -81.303459,
              29.209522
            ],
            [
              -81.228461,
              29.199748
            ],
            [
              -81.154943,
              29.183564
            ],
            [
              -81.083625,
              29.161128
            ],
            [
              -81.015205,
              29.132663
            ],
            [
              -80.950351,
              29.098445
            ],
            [
              -80.889694,
              29.058811
            ],
            [
              -80.833821,
              29.014147
            ],
            [
              -80.783273,
              28.964891
            ],
            [
              -80.738534,
              28.911523
            ],
            [
              -80.700031,
              28.854563
            ],
            [
              -80.668127,
              28.794564
            ],
            [
              -80.643121,
              28.73211
            ],
            [
              -80.625242,
              28.667804
            ],
            [
              -80.61465,
              28.602271
            ],
            [
              -80.611433,
              28.536141
            ],
            [
              -80.615608,
              28.470053
            ],
            [
              -80.627123,
              28.404642
            ],
            [
              -80.645852,
              28.340536
            ],
            [
              -80.671603,
              28.27835
            ],
            [
              -80.704118,
              28.218679
            ],
            [
              -80.743075,
              28.162091
            ],
            [
              -80.788094,
              28.109128
            ],
            [
              -80.838737,
              28.060294
            ],
            [
              -80.894515,
              28.016051
            ],
            [
              -80.954892,
              27.976822
            ],
            [
              -81.019292,
              27.942978
            ],
            [
              -81.087101,
              27.914839
            ],
            [
              -81.157674,
              27.892673
            ],
            [
              -81.230342,
              27.876688
            ],
            [
              -81.304418,
              27.867036
            ],
            [
              -81.3792,
              27.863809
            ],
            [
              -81.453982,
              27.867036
            ],
            [
              -81.528058,
              27.876688
            ],
            [
              -81.600726,
              27.892673
            ],
            [
              -81.671299,
              27.914839
            ],
            [
              -81.739108,
              27.942978
            ],
            [
              -81.803508,
              27.976822
            ],
            [
              -81.863885,
              28.016051
            ],
            [
              -81.919663,
              28.060294
            ],
            [
              -81.970306,
              28.109128
            ],
            [
              -82.015325,
              28.162091
            ],
            [
              -82.054282,
              28.218679
            ],
            [
              -82.086797,
              28.27835
            ],
            [
              -82.112548,
              28.340536
            ],
            [
              -82.131277,
              28.404642
            ],
            [
              -82.142792,
              28.470053
            ],
            [
              -82.146967,
              28.536141
            ],
            [
              -82.14375,
              28.602271
            ],
            [
              -82.133158,
              28.667804
            ],
            [
              -82.115279,
              28.73211
            ],
            [
              -82.090273,
              28.794564
            ],
            [
              -82.058369,
              28.854563
            ],
            [
              -82.019866,
              28.911523
            ],
            [
              -81.975127,
              28.964891
            ],
            [
              -81.924579,
              29.014147
            ],
            [
              -81.868706,
              29.058811
            ],
            [
              -81.808049,
              29.098445
            ],
            [
              -81.743195,
              29.132663
            ],
            [
              -81.674775,
              29.161128
            ],
            [
              -81.603457,
              29.183564
            ],
            [
              -81.529939,
              29.199748
            ],
            [
              -81.454941,
              29.209522
            ],
            [
              -81.3792,
              29.212791
            ]
          ]
        ]
      },
      "properties": {
        "rank": 26,
        "city": "Orlando",
        "metro_name": "Orlando-Kissimmee-Sanford, FL",
        "country": "United States",
        "population": 2957672,
        "population_year": 2025,
        "lat": 28.5383,
        "lon": -81.3792,
        "radius_km": 75.0
      }
    },
    {
      "type": "Feature",
      "geometry": {
        "type": "Polygon",
        "coordinates": [
          [
            [
              -80.8431,
              35.901591
            ],
            [
              -80.761488,
              35.898316
            ],
            [
              -80.680683,
              35.888523
            ],
            [
              -80.60148,
              35.872308
            ],
            [
              -80.524661,
              35.849833
            ],
            [
              -80.450981,
              35.821317
            ],
            [
              -80.381162,
              35.787044
            ],
            [
              -80.315884,
              35.747348
            ],
            [
              -80.255783,
              35.702622
            ],
            [
              -80.201439,
              35.653303
            ],
            [
              -80.153372,
              35.599874
            ],
            [
              -80.112039,
              35.542858
            ],
            [
              -80.077828,
              35.482811
            ],
            [
              -80.051057,
              35.420317
            ],
            [
              -80.031967,
              35.355983
            ],
            [
              -80.020725,
              35.290432
            ],
            [
              -80.017419,
              35.224297
            ],
            [
              -80.022063,
              35.158216
            ],
            [
              -80.034593,
              35.092824
            ],
            [
              -80.05487,
              35.028749
            ],
            [
              -80.082681,
              34.966603
            ],
            [
              -80.117745,
              34.906981
            ],
            [
              -80.159713,
              34.85045
            ],
            [
              -80.20817,
              34.797547
            ],
            [
              -80.262647,
              34.748775
            ],
            [
              -80.322616,
              34.704595
            ],
            [
              -80.387503,
              34.665426
            ],
            [
              -80.456689,
              34.631636
            ],
            [
              -80.529515,
              34.603546
            ],
            [
              -80.605294,
              34.581419
            ],
            [
              -80.68331,
              34.565464
            ],
            [
              -80.762828,
              34.55583
            ],
            [
              -80.8431,
              34.552609
            ],
            [
              -80.923372,
              34.55583
            ],
            [
              -81.00289,
              34.565464
            ],
            [
              -81.080906,
              34.581419
            ],
            [
              -81.156685,
              34.603546
            ],
            [
              -81.229511,
              34.631636
            ],
            [
              -81.298697,
              34.665426
            ],
            [
              -81.363584,
              34.704595
            ],
            [
              -81.423553,
              34.748775
            ],
            [
              -81.47803,
              34.797547
            ],
            [
              -81.526487,
              34.85045
            ],
            [
              -81.568455,
              34.906981
            ],
            [
              -81.603519,
              34.966603
            ],
            [
              -81.63133,
              35.028749
            ],
            [
              -81.651607,
              35.092824
            ],
            [
              -81.664137,
              35.158216
            ],
            [
              -81.668781,
              35.224297
            ],
            [
              -81.665475,
              35.290432
            ],
            [
              -81.654233,
              35.355983
            ],
            [
              -81.635143,
              35.420317
            ],
            [
              -81.608372,
              35.482811
            ],
            [
              -81.574161,
              35.542858
            ],
            [
              -81.532828,
              35.599874
            ],
            [
              -81.484761,
              35.653303
            ],
            [
              -81.430417,
              35.702622
            ],
            [
              -81.370316,
              35.747348
            ],
            [
              -81.305038,
              35.787044
            ],
            [
              -81.235219,
              35.821317
            ],
            [
              -81.161539,
              35.849833
            ],
            [
              -81.08472,
              35.872308
            ],
            [
              -81.005517,
              35.888523
            ],
            [
              -80.924712,
              35.898316
            ],
            [
              -80.8431,
              35.901591
            ]
          ]
        ]
      },
      "properties": {
        "rank": 27,
        "city": "Charlotte",
        "metro_name": "Charlotte-Concord-Gastonia, NC-SC",
        "country": "United States",
        "population": 2938830,
        "population_year": 2025,
        "lat": 35.2271,
        "lon": -80.8431,
        "radius_km": 75.0
      }
    },
    {
      "type": "Feature",
      "geometry": {
        "type": "Polygon",
        "coordinates": [
          [
            [
              -76.6122,
              39.964891
            ],
            [
              -76.525948,
              39.961612
            ],
            [
              -76.440551,
              39.951806
            ],
            [
              -76.356854,
              39.93557
            ],
            [
              -76.275687,
              39.913066
            ],
            [
              -76.197848,
              39.884517
            ],
            [
              -76.124103,
              39.850204
            ],
            [
              -76.055173,
              39.810467
            ],
            [
              -75.991729,
              39.765696
            ],
            [
              -75.934383,
              39.716334
            ],
            [
              -75.883684,
              39.662863
            ],
            [
              -75.840114,
              39.605809
            ],
            [
              -75.80408,
              39.545729
            ],
            [
              -75.775913,
              39.483207
            ],
            [
              -75.755864,
              39.418853
            ],
            [
              -75.744107,
              39.35329
            ],
            [
              -75.740731,
              39.287152
            ],
            [
              -75.745745,
              39.221076
            ],
            [
              -75.759076,
              39.155697
            ],
            [
              -75.780576,
              39.091643
            ],
            [
              -75.810015,
              39.029526
            ],
            [
              -75.847093,
              38.969938
            ],
            [
              -75.891439,
              38.913445
            ],
            [
              -75.942616,
              38.860584
            ],
            [
              -76.000123,
              38.811855
            ],
            [
              -76.063406,
              38.767718
            ],
            [
              -76.131859,
              38.72859
            ],
            [
              -76.204828,
              38.694839
            ],
            [
              -76.281623,
              38.666782
            ],
            [
              -76.361519,
              38.644682
            ],
            [
              -76.443763,
              38.628747
            ],
            [
              -76.527586,
              38.619126
            ],
            [
              -76.6122,
              38.615909
            ],
            [
              -76.696814,
              38.619126
            ],
            [
              -76.780637,
              38.628747
            ],
            [
              -76.862881,
              38.644682
            ],
            [
              -76.942777,
              38.666782
            ],
            [
              -77.019572,
              38.694839
            ],
            [
              -77.092541,
              38.72859
            ],
            [
              -77.160994,
              38.767718
            ],
            [
              -77.224277,
              38.811855
            ],
            [
              -77.281784,
              38.860584
            ],
            [
              -77.332961,
              38.913445
            ],
            [
              -77.377307,
              38.969938
            ],
            [
              -77.414385,
              39.029526
            ],
            [
              -77.443824,
              39.091643
            ],
            [
              -77.465324,
              39.155697
            ],
            [
              -77.478655,
              39.221076
            ],
            [
              -77.483669,
              39.287152
            ],
            [
              -77.480293,
              39.35329
            ],
            [
              -77.468536,
              39.418853
            ],
            [
              -77.448487,
              39.483207
            ],
            [
              -77.42032,
              39.545729
            ],
            [
              -77.384286,
              39.605809
            ],
            [
              -77.340716,
              39.662863
            ],
            [
              -77.290017,
              39.716334
            ],
            [
              -77.232671,
              39.765696
            ],
            [
              -77.169227,
              39.810467
            ],
            [
              -77.100297,
              39.850204
            ],
            [
              -77.026552,
              39.884517
            ],
            [
              -76.948713,
              39.913066
            ],
            [
              -76.867546,
              39.93557
            ],
            [
              -76.783849,
              39.951806
            ],
            [
              -76.698452,
              39.961612
            ],
            [
              -76.6122,
              39.964891
            ]
          ]
        ]
      },
      "properties": {
        "rank": 28,
        "city": "Baltimore",
        "metro_name": "Baltimore-Columbia-Towson, MD",
        "country": "United States",
        "population": 2857781,
        "population_year": 2025,
        "lat": 39.2904,
        "lon": -76.6122,
        "radius_km": 75.0
      }
    },
    {
      "type": "Feature",
      "geometry": {
        "type": "Polygon",
        "coordinates": [
          [
            [
              -90.1979,
              39.301791
            ],
            [
              -90.11247,
              39.298512
            ],
            [
              -90.027887,
              39.288709
            ],
            [
              -89.944988,
              39.272477
            ],
            [
              -89.864591,
              39.249978
            ],
            [
              -89.787489,
              39.221434
            ],
            [
              -89.71444,
              39.187128
            ],
            [
              -89.646158,
              39.147398
            ],
            [
              -89.583306,
              39.102635
            ],
            [
              -89.526492,
              39.05328
            ],
            [
              -89.47626,
              38.999817
            ],
            [
              -89.433087,
              38.942769
            ],
            [
              -89.397376,
              38.882694
            ],
            [
              -89.369455,
              38.820177
            ],
            [
              -89.349577,
              38.755827
            ],
            [
              -89.337911,
              38.690265
            ],
            [
              -89.334547,
              38.624128
            ],
            [
              -89.339495,
              38.558051
            ],
            [
              -89.352685,
              38.49267
            ],
            [
              -89.373967,
              38.428613
            ],
            [
              -89.403118,
              38.36649
            ],
            [
              -89.439839,
              38.306896
            ],
            [
              -89.483763,
              38.250397
            ],
            [
              -89.534458,
              38.197529
            ],
            [
              -89.591428,
              38.148792
            ],
            [
              -89.654124,
              38.104649
            ],
            [
              -89.721944,
              38.065513
            ],
            [
              -89.794243,
              38.031756
            ],
            [
              -89.870335,
              38.003693
            ],
            [
              -89.949501,
              37.981588
            ],
            [
              -90.030996,
              37.96565
            ],
            [
              -90.114055,
              37.956027
            ],
            [
              -90.1979,
              37.952809
            ],
            [
              -90.281745,
              37.956027
            ],
            [
              -90.364804,
              37.96565
            ],
            [
              -90.446299,
              37.981588
            ],
            [
              -90.525465,
              38.003693
            ],
            [
              -90.601557,
              38.031756
            ],
            [
              -90.673856,
              38.065513
            ],
            [
              -90.741676,
              38.104649
            ],
            [
              -90.804372,
              38.148792
            ],
            [
              -90.861342,
              38.197529
            ],
            [
              -90.912037,
              38.250397
            ],
            [
              -90.955961,
              38.306896
            ],
            [
              -90.992682,
              38.36649
            ],
            [
              -91.021833,
              38.428613
            ],
            [
              -91.043115,
              38.49267
            ],
            [
              -91.056305,
              38.558051
            ],
            [
              -91.061253,
              38.624128
            ],
            [
              -91.057889,
              38.690265
            ],
            [
              -91.046223,
              38.755827
            ],
            [
              -91.026345,
              38.820177
            ],
            [
              -90.998424,
              38.882694
            ],
            [
              -90.962713,
              38.942769
            ],
            [
              -90.91954,
              38.999817
            ],
            [
              -90.869308,
              39.05328
            ],
            [
              -90.812494,
              39.102635
            ],
            [
              -90.749642,
              39.147398
            ],
            [
              -90.68136,
              39.187128
            ],
            [
              -90.608311,
              39.221434
            ],
            [
              -90.531209,
              39.249978
            ],
            [
              -90.450812,
              39.272477
            ],
            [
              -90.367913,
              39.288709
            ],
            [
              -90.28333,
              39.298512
            ],
            [
              -90.1979,
              39.301791
            ]
          ]
        ]
      },
      "properties": {
        "rank": 29,
        "city": "St. Louis",
        "metro_name": "St. Louis, MO-IL",
        "country": "United States",
        "population": 2814421,
        "population_year": 2025,
        "lat": 38.6273,
        "lon": -90.1979,
        "radius_km": 75.0
      }
    },
    {
      "type": "Feature",
      "geometry": {
        "type": "Polygon",
        "coordinates": [
          [
            [
              -98.4936,
              30.098591
            ],
            [
              -98.417189,
              30.095322
            ],
            [
              -98.341529,
              30.085545
            ],
            [
              -98.267362,
              30.069357
            ],
            [
              -98.195417,
              30.046917
            ],
            [
              -98.126397,
              30.018445
            ],
            [
              -98.060977,
              29.98422
            ],
            [
              -97.999793,
              29.944578
            ],
            [
              -97.943439,
              29.899907
            ],
            [
              -97.892458,
              29.850643
            ],
            [
              -97.847339,
              29.797267
            ],
            [
              -97.808514,
              29.7403
            ],
            [
              -97.776347,
              29.680295
            ],
            [
              -97.75114,
              29.617836
            ],
            [
              -97.733123,
              29.553527
            ],
            [
              -97.722457,
              29.487991
            ],
            [
              -97.719231,
              29.421861
            ],
            [
              -97.72346,
              29.355774
            ],
            [
              -97.735091,
              29.290365
            ],
            [
              -97.753996,
              29.226263
            ],
            [
              -97.779983,
              29.164082
            ],
            [
              -97.812789,
              29.104417
            ],
            [
              -97.85209,
              29.047836
            ],
            [
              -97.897501,
              28.994881
            ],
            [
              -97.94858,
              28.946054
            ],
            [
              -98.004836,
              28.901819
            ],
            [
              -98.065728,
              28.862598
            ],
            [
              -98.130673,
              28.82876
            ],
            [
              -98.199053,
              28.800628
            ],
            [
              -98.270219,
              28.778466
            ],
            [
              -98.343497,
              28.762485
            ],
            [
              -98.418192,
              28.752835
            ],
            [
              -98.4936,
              28.749609
            ],
            [
              -98.569008,
              28.752835
            ],
            [
              -98.643703,
              28.762485
            ],
            [
              -98.716981,
              28.778466
            ],
            [
              -98.788147,
              28.800628
            ],
            [
              -98.856527,
              28.82876
            ],
            [
              -98.921472,
              28.862598
            ],
            [
              -98.982364,
              28.901819
            ],
            [
              -99.03862,
              28.946054
            ],
            [
              -99.089699,
              28.994881
            ],
            [
              -99.13511,
              29.047836
            ],
            [
              -99.174411,
              29.104417
            ],
            [
              -99.207217,
              29.164082
            ],
            [
              -99.233204,
              29.226263
            ],
            [
              -99.252109,
              29.290365
            ],
            [
              -99.26374,
              29.355774
            ],
            [
              -99.267969,
              29.421861
            ],
            [
              -99.264743,
              29.487991
            ],
            [
              -99.254077,
              29.553527
            ],
            [
              -99.23606,
              29.617836
            ],
            [
              -99.210853,
              29.680295
            ],
            [
              -99.178686,
              29.7403
            ],
            [
              -99.139861,
              29.797267
            ],
            [
              -99.094742,
              29.850643
            ],
            [
              -99.043761,
              29.899907
            ],
            [
              -98.987407,
              29.944578
            ],
            [
              -98.926223,
              29.98422
            ],
            [
              -98.860803,
              30.018445
            ],
            [
              -98.791783,
              30.046917
            ],
            [
              -98.719838,
              30.069357
            ],
            [
              -98.645671,
              30.085545
            ],
            [
              -98.570011,
              30.095322
            ],
            [
              -98.4936,
              30.098591
            ]
          ]
        ]
      },
      "properties": {
        "rank": 30,
        "city": "San Antonio",
        "metro_name": "San Antonio-New Braunfels, TX",
        "country": "United States",
        "population": 2813140,
        "population_year": 2025,
        "lat": 29.4241,
        "lon": -98.4936,
        "radius_km": 75.0
      }
    },
    {
      "type": "Feature",
      "geometry": {
        "type": "Polygon",
        "coordinates": [
          [
            [
              -98.2072,
              19.722291
            ],
            [
              -98.136972,
              19.71903
            ],
            [
              -98.067428,
              19.709278
            ],
            [
              -97.999247,
              19.693131
            ],
            [
              -97.933092,
              19.670745
            ],
            [
              -97.869608,
              19.642339
            ],
            [
              -97.80941,
              19.60819
            ],
            [
              -97.753083,
              19.56863
            ],
            [
              -97.701172,
              19.524044
            ],
            [
              -97.654175,
              19.474866
            ],
            [
              -97.612547,
              19.421571
            ],
            [
              -97.576684,
              19.364679
            ],
            [
              -97.546927,
              19.30474
            ],
            [
              -97.523559,
              19.242334
            ],
            [
              -97.506797,
              19.178064
            ],
            [
              -97.496795,
              19.112552
            ],
            [
              -97.493643,
              19.046429
            ],
            [
              -97.497361,
              18.980333
            ],
            [
              -97.507907,
              18.914899
            ],
            [
              -97.52517,
              18.850756
            ],
            [
              -97.548978,
              18.78852
            ],
            [
              -97.579095,
              18.728789
            ],
            [
              -97.615226,
              18.672133
            ],
            [
              -97.65702,
              18.619096
            ],
            [
              -97.704072,
              18.570185
            ],
            [
              -97.755928,
              18.525866
            ],
            [
              -97.81209,
              18.486563
            ],
            [
              -97.872019,
              18.452651
            ],
            [
              -97.935143,
              18.424453
            ],
            [
              -98.000858,
              18.402238
            ],
            [
              -98.068538,
              18.386218
            ],
            [
              -98.137537,
              18.376544
            ],
            [
              -98.2072,
              18.373309
            ],
            [
              -98.276863,
              18.376544
            ],
            [
              -98.345862,
              18.386218
            ],
            [
              -98.413542,
              18.402238
            ],
            [
              -98.479257,
              18.424453
            ],
            [
              -98.542381,
              18.452651
            ],
            [
              -98.60231,
              18.486563
            ],
            [
              -98.658472,
              18.525866
            ],
            [
              -98.710328,
              18.570185
            ],
            [
              -98.75738,
              18.619096
            ],
            [
              -98.799174,
              18.672133
            ],
            [
              -98.835305,
              18.728789
            ],
            [
              -98.865422,
              18.78852
            ],
            [
              -98.88923,
              18.850756
            ],
            [
              -98.906493,
              18.914899
            ],
            [
              -98.917039,
              18.980333
            ],
            [
              -98.920757,
              19.046429
            ],
            [
              -98.917605,
              19.112552
            ],
            [
              -98.907603,
              19.178064
            ],
            [
              -98.890841,
              19.242334
            ],
            [
              -98.867473,
              19.30474
            ],
            [
              -98.837716,
              19.364679
            ],
            [
              -98.801853,
              19.421571
            ],
            [
              -98.760225,
              19.474866
            ],
            [
              -98.713228,
              19.524044
            ],
            [
              -98.661317,
              19.56863
            ],
            [
              -98.60499,
              19.60819
            ],
            [
              -98.544792,
              19.642339
            ],
            [
              -98.481308,
              19.670745
            ],
            [
              -98.415153,
              19.693131
            ],
            [
              -98.346972,
              19.709278
            ],
            [
              -98.277428,
              19.71903
            ],
            [
              -98.2072,
              19.722291
            ]
          ]
        ]
      },
      "properties": {
        "rank": 31,
        "city": "Puebla",
        "metro_name": "Puebla-Tlaxcala",
        "country": "Mexico",
        "population": 2776893,
        "population_year": 2020,
        "lat": 19.0478,
        "lon": -98.2072,
        "radius_km": 75.0
      }
    },
    {
      "type": "Feature",
      "geometry": {
        "type": "Polygon",
        "coordinates": [
          [
            [
              -97.7431,
              30.941691
            ],
            [
              -97.666023,
              30.938421
            ],
            [
              -97.589705,
              30.928642
            ],
            [
              -97.514894,
              30.91245
            ],
            [
              -97.442325,
              30.890005
            ],
            [
              -97.372708,
              30.861527
            ],
            [
              -97.306725,
              30.827296
            ],
            [
              -97.245017,
              30.787646
            ],
            [
              -97.188183,
              30.742968
            ],
            [
              -97.136772,
              30.693696
            ],
            [
              -97.091277,
              30.640313
            ],
            [
              -97.05213,
              30.583339
            ],
            [
              -97.019703,
              30.523329
            ],
            [
              -96.994295,
              30.460864
            ],
            [
              -96.976142,
              30.396552
            ],
            [
              -96.965402,
              30.331014
            ],
            [
              -96.962166,
              30.264883
            ],
            [
              -96.966449,
              30.198797
            ],
            [
              -96.978194,
              30.133391
            ],
            [
              -96.997276,
              30.069292
            ],
            [
              -97.023496,
              30.007116
            ],
            [
              -97.056591,
              29.947457
            ],
            [
              -97.096233,
              29.890883
            ],
            [
              -97.142034,
              29.837935
            ],
            [
              -97.193549,
              29.789115
            ],
            [
              -97.250279,
              29.744889
            ],
            [
              -97.311682,
              29.705674
            ],
            [
              -97.37717,
              29.671843
            ],
            [
              -97.446119,
              29.643716
            ],
            [
              -97.517875,
              29.621559
            ],
            [
              -97.591758,
              29.605582
            ],
            [
              -97.66707,
              29.595935
            ],
            [
              -97.7431,
              29.592709
            ],
            [
              -97.81913,
              29.595935
            ],
            [
              -97.894442,
              29.605582
            ],
            [
              -97.968325,
              29.621559
            ],
            [
              -98.040081,
              29.643716
            ],
            [
              -98.10903,
              29.671843
            ],
            [
              -98.174518,
              29.705674
            ],
            [
              -98.235921,
              29.744889
            ],
            [
              -98.292651,
              29.789115
            ],
            [
              -98.344166,
              29.837935
            ],
            [
              -98.389967,
              29.890883
            ],
            [
              -98.429609,
              29.947457
            ],
            [
              -98.462704,
              30.007116
            ],
            [
              -98.488924,
              30.069292
            ],
            [
              -98.508006,
              30.133391
            ],
            [
              -98.519751,
              30.198797
            ],
            [
              -98.524034,
              30.264883
            ],
            [
              -98.520798,
              30.331014
            ],
            [
              -98.510058,
              30.396552
            ],
            [
              -98.491905,
              30.460864
            ],
            [
              -98.466497,
              30.523329
            ],
            [
              -98.43407,
              30.583339
            ],
            [
              -98.394923,
              30.640313
            ],
            [
              -98.349428,
              30.693696
            ],
            [
              -98.298017,
              30.742968
            ],
            [
              -98.241183,
              30.787646
            ],
            [
              -98.179475,
              30.827296
            ],
            [
              -98.113492,
              30.861527
            ],
            [
              -98.043875,
              30.890005
            ],
            [
              -97.971306,
              30.91245
            ],
            [
              -97.896495,
              30.928642
            ],
            [
              -97.820177,
              30.938421
            ],
            [
              -97.7431,
              30.941691
            ]
          ]
        ]
      },
      "properties": {
        "rank": 32,
        "city": "Austin",
        "metro_name": "Austin-Round Rock-San Marcos, TX",
        "country": "United States",
        "population": 2620945,
        "population_year": 2025,
        "lat": 30.2672,
        "lon": -97.7431,
        "radius_km": 75.0
      }
    },
    {
      "type": "Feature",
      "geometry": {
        "type": "Polygon",
        "coordinates": [
          [
            [
              -122.6762,
              46.197891
            ],
            [
              -122.580694,
              46.194604
            ],
            [
              -122.486142,
              46.184775
            ],
            [
              -122.393486,
              46.168502
            ],
            [
              -122.303649,
              46.145948
            ],
            [
              -122.217521,
              46.117337
            ],
            [
              -122.135953,
              46.082954
            ],
            [
              -122.059746,
              46.043141
            ],
            [
              -121.989642,
              45.998293
            ],
            [
              -121.92632,
              45.948852
            ],
            [
              -121.870385,
              45.895307
            ],
            [
              -121.822364,
              45.838185
            ],
            [
              -121.782704,
              45.778045
            ],
            [
              -121.751765,
              45.715475
            ],
            [
              -121.729818,
              45.651085
            ],
            [
              -121.717045,
              45.585501
            ],
            [
              -121.713537,
              45.519357
            ],
            [
              -121.719296,
              45.45329
            ],
            [
              -121.734234,
              45.387936
            ],
            [
              -121.758176,
              45.32392
            ],
            [
              -121.790865,
              45.261853
            ],
            [
              -121.83196,
              45.202326
            ],
            [
              -121.881048,
              45.145902
            ],
            [
              -121.93764,
              45.093115
            ],
            [
              -122.001185,
              45.044464
            ],
            [
              -122.071067,
              45.000404
            ],
            [
              -122.146617,
              44.961349
            ],
            [
              -122.227119,
              44.927666
            ],
            [
              -122.311811,
              44.899668
            ],
            [
              -122.3999,
              44.877617
            ],
            [
              -122.49056,
              44.861717
            ],
            [
              -122.582946,
              44.852118
            ],
            [
              -122.6762,
              44.848909
            ],
            [
              -122.769454,
              44.852118
            ],
            [
              -122.86184,
              44.861717
            ],
            [
              -122.9525,
              44.877617
            ],
            [
              -123.040589,
              44.899668
            ],
            [
              -123.125281,
              44.927666
            ],
            [
              -123.205783,
              44.961349
            ],
            [
              -123.281333,
              45.000404
            ],
            [
              -123.351215,
              45.044464
            ],
            [
              -123.41476,
              45.093115
            ],
            [
              -123.471352,
              45.145902
            ],
            [
              -123.52044,
              45.202326
            ],
            [
              -123.561535,
              45.261853
            ],
            [
              -123.594224,
              45.32392
            ],
            [
              -123.618166,
              45.387936
            ],
            [
              -123.633104,
              45.45329
            ],
            [
              -123.638863,
              45.519357
            ],
            [
              -123.635355,
              45.585501
            ],
            [
              -123.622582,
              45.651085
            ],
            [
              -123.600635,
              45.715475
            ],
            [
              -123.569696,
              45.778045
            ],
            [
              -123.530036,
              45.838185
            ],
            [
              -123.482015,
              45.895307
            ],
            [
              -123.42608,
              45.948852
            ],
            [
              -123.362758,
              45.998293
            ],
            [
              -123.292654,
              46.043141
            ],
            [
              -123.216447,
              46.082954
            ],
            [
              -123.134879,
              46.117337
            ],
            [
              -123.048751,
              46.145948
            ],
            [
              -122.958914,
              46.168502
            ],
            [
              -122.866258,
              46.184775
            ],
            [
              -122.771706,
              46.194604
            ],
            [
              -122.6762,
              46.197891
            ]
          ]
        ]
      },
      "properties": {
        "rank": 33,
        "city": "Portland",
        "metro_name": "Portland-Vancouver-Hillsboro, OR-WA",
        "country": "United States",
        "population": 2542282,
        "population_year": 2025,
        "lat": 45.5234,
        "lon": -122.6762,
        "radius_km": 75.0
      }
    },
    {
      "type": "Feature",
      "geometry": {
        "type": "Polygon",
        "coordinates": [
          [
            [
              -121.4944,
              39.256091
            ],
            [
              -121.409026,
              39.252812
            ],
            [
              -121.324498,
              39.243009
            ],
            [
              -121.241653,
              39.226777
            ],
            [
              -121.161308,
              39.204279
            ],
            [
              -121.084256,
              39.175735
            ],
            [
              -121.011254,
              39.14143
            ],
            [
              -120.943016,
              39.1017
            ],
            [
              -120.880204,
              39.056938
            ],
            [
              -120.823426,
              39.007583
            ],
            [
              -120.773226,
              38.95412
            ],
            [
              -120.730079,
              38.897073
            ],
            [
              -120.69439,
              38.836998
            ],
            [
              -120.666487,
              38.774482
            ],
            [
              -120.64662,
              38.710132
            ],
            [
              -120.63496,
              38.644571
            ],
            [
              -120.631597,
              38.578433
            ],
            [
              -120.63654,
              38.512356
            ],
            [
              -120.64972,
              38.446975
            ],
            [
              -120.670988,
              38.382917
            ],
            [
              -120.700119,
              38.320795
            ],
            [
              -120.736816,
              38.2612
            ],
            [
              -120.780712,
              38.2047
            ],
            [
              -120.831374,
              38.151832
            ],
            [
              -120.888308,
              38.103095
            ],
            [
              -120.950964,
              38.058951
            ],
            [
              -121.018741,
              38.019815
            ],
            [
              -121.090995,
              37.986057
            ],
            [
              -121.167039,
              37.957994
            ],
            [
              -121.246155,
              37.935889
            ],
            [
              -121.3276,
              37.91995
            ],
            [
              -121.410607,
              37.910327
            ],
            [
              -121.4944,
              37.907109
            ],
            [
              -121.578193,
              37.910327
            ],
            [
              -121.6612,
              37.91995
            ],
            [
              -121.742645,
              37.935889
            ],
            [
              -121.821761,
              37.957994
            ],
            [
              -121.897805,
              37.986057
            ],
            [
              -121.970059,
              38.019815
            ],
            [
              -122.037836,
              38.058951
            ],
            [
              -122.100492,
              38.103095
            ],
            [
              -122.157426,
              38.151832
            ],
            [
              -122.208088,
              38.2047
            ],
            [
              -122.251984,
              38.2612
            ],
            [
              -122.288681,
              38.320795
            ],
            [
              -122.317812,
              38.382917
            ],
            [
              -122.33908,
              38.446975
            ],
            [
              -122.35226,
              38.512356
            ],
            [
              -122.357203,
              38.578433
            ],
            [
              -122.35384,
              38.644571
            ],
            [
              -122.34218,
              38.710132
            ],
            [
              -122.322313,
              38.774482
            ],
            [
              -122.29441,
              38.836998
            ],
            [
              -122.258721,
              38.897073
            ],
            [
              -122.215574,
              38.95412
            ],
            [
              -122.165374,
              39.007583
            ],
            [
              -122.108596,
              39.056938
            ],
            [
              -122.045784,
              39.1017
            ],
            [
              -121.977546,
              39.14143
            ],
            [
              -121.904544,
              39.175735
            ],
            [
              -121.827492,
              39.204279
            ],
            [
              -121.747147,
              39.226777
            ],
            [
              -121.664302,
              39.243009
            ],
            [
              -121.579774,
              39.252812
            ],
            [
              -121.4944,
              39.256091
            ]
          ]
        ]
      },
      "properties": {
        "rank": 34,
        "city": "Sacramento",
        "metro_name": "Sacramento-Roseville-Folsom, CA",
        "country": "United States",
        "population": 2477274,
        "population_year": 2025,
        "lat": 38.5816,
        "lon": -121.4944,
        "radius_km": 75.0
      }
    },
    {
      "type": "Feature",
      "geometry": {
        "type": "Polygon",
        "coordinates": [
          [
            [
              -79.9959,
              41.115091
            ],
            [
              -79.908154,
              41.11181
            ],
            [
              -79.821279,
              41.102
            ],
            [
              -79.736137,
              41.085759
            ],
            [
              -79.653569,
              41.063246
            ],
            [
              -79.574392,
              41.034686
            ],
            [
              -79.499384,
              41.000362
            ],
            [
              -79.429279,
              40.960611
            ],
            [
              -79.364759,
              40.915828
            ],
            [
              -79.306447,
              40.866452
            ],
            [
              -79.254903,
              40.812969
            ],
            [
              -79.210613,
              40.755903
            ],
            [
              -79.173992,
              40.695812
            ],
            [
              -79.145376,
              40.633283
            ],
            [
              -79.12502,
              40.568923
            ],
            [
              -79.113098,
              40.503356
            ],
            [
              -79.109699,
              40.437216
            ],
            [
              -79.114832,
              40.371142
            ],
            [
              -79.128423,
              40.305768
            ],
            [
              -79.150316,
              40.24172
            ],
            [
              -79.180279,
              40.179611
            ],
            [
              -79.218006,
              40.120033
            ],
            [
              -79.263117,
              40.063552
            ],
            [
              -79.315168,
              40.010704
            ],
            [
              -79.373651,
              39.961988
            ],
            [
              -79.438,
              39.917865
            ],
            [
              -79.5076,
              39.878749
            ],
            [
              -79.581786,
              39.84501
            ],
            [
              -79.659858,
              39.816962
            ],
            [
              -79.741077,
              39.794871
            ],
            [
              -79.824682,
              39.778942
            ],
            [
              -79.909889,
              39.769325
            ],
            [
              -79.9959,
              39.766109
            ],
            [
              -80.081911,
              39.769325
            ],
            [
              -80.167118,
              39.778942
            ],
            [
              -80.250723,
              39.794871
            ],
            [
              -80.331942,
              39.816962
            ],
            [
              -80.410014,
              39.84501
            ],
            [
              -80.4842,
              39.878749
            ],
            [
              -80.5538,
              39.917865
            ],
            [
              -80.618149,
              39.961988
            ],
            [
              -80.676632,
              40.010704
            ],
            [
              -80.728683,
              40.063552
            ],
            [
              -80.773794,
              40.120033
            ],
            [
              -80.811521,
              40.179611
            ],
            [
              -80.841484,
              40.24172
            ],
            [
              -80.863377,
              40.305768
            ],
            [
              -80.876968,
              40.371142
            ],
            [
              -80.882101,
              40.437216
            ],
            [
              -80.878702,
              40.503356
            ],
            [
              -80.86678,
              40.568923
            ],
            [
              -80.846424,
              40.633283
            ],
            [
              -80.817808,
              40.695812
            ],
            [
              -80.781187,
              40.755903
            ],
            [
              -80.736897,
              40.812969
            ],
            [
              -80.685353,
              40.866452
            ],
            [
              -80.627041,
              40.915828
            ],
            [
              -80.562521,
              40.960611
            ],
            [
              -80.492416,
              41.000362
            ],
            [
              -80.417408,
              41.034686
            ],
            [
              -80.338231,
              41.063246
            ],
            [
              -80.255663,
              41.085759
            ],
            [
              -80.170521,
              41.102
            ],
            [
              -80.083646,
              41.11181
            ],
            [
              -79.9959,
              41.115091
            ]
          ]
        ]
      },
      "properties": {
        "rank": 35,
        "city": "Pittsburgh",
        "metro_name": "Pittsburgh, PA",
        "country": "United States",
        "population": 2421992,
        "population_year": 2025,
        "lat": 40.4406,
        "lon": -79.9959,
        "radius_km": 75.0
      }
    },
    {
      "type": "Feature",
      "geometry": {
        "type": "Polygon",
        "coordinates": [
          [
            [
              -115.1372,
              36.849491
            ],
            [
              -115.054588,
              36.846215
            ],
            [
              -114.972792,
              36.836419
            ],
            [
              -114.892621,
              36.8202
            ],
            [
              -114.814864,
              36.797718
            ],
            [
              -114.740287,
              36.769195
            ],
            [
              -114.669621,
              36.734912
            ],
            [
              -114.603557,
              36.695208
            ],
            [
              -114.542735,
              36.650471
            ],
            [
              -114.487743,
              36.601143
            ],
            [
              -114.439108,
              36.547705
            ],
            [
              -114.397293,
              36.49068
            ],
            [
              -114.362689,
              36.430625
            ],
            [
              -114.335617,
              36.368125
            ],
            [
              -114.31632,
              36.303787
            ],
            [
              -114.304966,
              36.238233
            ],
            [
              -114.301646,
              36.172097
            ],
            [
              -114.306369,
              36.106017
            ],
            [
              -114.319072,
              36.040628
            ],
            [
              -114.339612,
              35.976558
            ],
            [
              -114.367775,
              35.914419
            ],
            [
              -114.403273,
              35.854804
            ],
            [
              -114.445753,
              35.798281
            ],
            [
              -114.494797,
              35.745388
            ],
            [
              -114.549927,
              35.696625
            ],
            [
              -114.610611,
              35.652455
            ],
            [
              -114.676267,
              35.613295
            ],
            [
              -114.746268,
              35.579515
            ],
            [
              -114.819951,
              35.551432
            ],
            [
              -114.896617,
              35.529311
            ],
            [
              -114.975545,
              35.51336
            ],
            [
              -115.055991,
              35.503729
            ],
            [
              -115.1372,
              35.500509
            ],
            [
              -115.218409,
              35.503729
            ],
            [
              -115.298855,
              35.51336
            ],
            [
              -115.377783,
              35.529311
            ],
            [
              -115.454449,
              35.551432
            ],
            [
              -115.528132,
              35.579515
            ],
            [
              -115.598133,
              35.613295
            ],
            [
              -115.663789,
              35.652455
            ],
            [
              -115.724473,
              35.696625
            ],
            [
              -115.779603,
              35.745388
            ],
            [
              -115.828647,
              35.798281
            ],
            [
              -115.871127,
              35.854804
            ],
            [
              -115.906625,
              35.914419
            ],
            [
              -115.934788,
              35.976558
            ],
            [
              -115.955328,
              36.040628
            ],
            [
              -115.968031,
              36.106017
            ],
            [
              -115.972754,
              36.172097
            ],
            [
              -115.969434,
              36.238233
            ],
            [
              -115.95808,
              36.303787
            ],
            [
              -115.938783,
              36.368125
            ],
            [
              -115.911711,
              36.430625
            ],
            [
              -115.877107,
              36.49068
            ],
            [
              -115.835292,
              36.547705
            ],
            [
              -115.786657,
              36.601143
            ],
            [
              -115.731665,
              36.650471
            ],
            [
              -115.670843,
              36.695208
            ],
            [
              -115.604779,
              36.734912
            ],
            [
              -115.534113,
              36.769195
            ],
            [
              -115.459536,
              36.797718
            ],
            [
              -115.381779,
              36.8202
            ],
            [
              -115.301608,
              36.836419
            ],
            [
              -115.219812,
              36.846215
            ],
            [
              -115.1372,
              36.849491
            ]
          ]
        ]
      },
      "properties": {
        "rank": 36,
        "city": "Las Vegas",
        "metro_name": "Las Vegas-Henderson-North Las Vegas, NV",
        "country": "United States",
        "population": 2407226,
        "population_year": 2025,
        "lat": 36.175,
        "lon": -115.1372,
        "radius_km": 75.0
      }
    },
    {
      "type": "Feature",
      "geometry": {
        "type": "Polygon",
        "coordinates": [
          [
            [
              -99.6532,
              19.962391
            ],
            [
              -99.582865,
              19.95913
            ],
            [
              -99.513216,
              19.949377
            ],
            [
              -99.444932,
              19.933229
            ],
            [
              -99.378678,
              19.910842
            ],
            [
              -99.315099,
              19.882435
            ],
            [
              -99.254812,
              19.848285
            ],
            [
              -99.198402,
              19.808723
            ],
            [
              -99.146414,
              19.764135
            ],
            [
              -99.09935,
              19.714954
            ],
            [
              -99.057662,
              19.661659
            ],
            [
              -99.021748,
              19.604765
            ],
            [
              -98.991951,
              19.544824
            ],
            [
              -98.968551,
              19.482417
            ],
            [
              -98.951768,
              19.418146
            ],
            [
              -98.941756,
              19.352634
            ],
            [
              -98.938603,
              19.286511
            ],
            [
              -98.94233,
              19.220414
            ],
            [
              -98.952895,
              19.154981
            ],
            [
              -98.970187,
              19.090839
            ],
            [
              -98.994032,
              19.028604
            ],
            [
              -99.024196,
              18.968874
            ],
            [
              -99.060381,
              18.91222
            ],
            [
              -99.102237,
              18.859185
            ],
            [
              -99.149358,
              18.810276
            ],
            [
              -99.201289,
              18.765959
            ],
            [
              -99.257532,
              18.726658
            ],
            [
              -99.317547,
              18.692747
            ],
            [
              -99.38076,
              18.664551
            ],
            [
              -99.446568,
              18.642337
            ],
            [
              -99.514343,
              18.626317
            ],
            [
              -99.58344,
              18.616644
            ],
            [
              -99.6532,
              18.613409
            ],
            [
              -99.72296,
              18.616644
            ],
            [
              -99.792057,
              18.626317
            ],
            [
              -99.859832,
              18.642337
            ],
            [
              -99.92564,
              18.664551
            ],
            [
              -99.988853,
              18.692747
            ],
            [
              -100.048868,
              18.726658
            ],
            [
              -100.105111,
              18.765959
            ],
            [
              -100.157042,
              18.810276
            ],
            [
              -100.204163,
              18.859185
            ],
            [
              -100.246019,
              18.91222
            ],
            [
              -100.282204,
              18.968874
            ],
            [
              -100.312368,
              19.028604
            ],
            [
              -100.336213,
              19.090839
            ],
            [
              -100.353505,
              19.154981
            ],
            [
              -100.36407,
              19.220414
            ],
            [
              -100.367797,
              19.286511
            ],
            [
              -100.364644,
              19.352634
            ],
            [
              -100.354632,
              19.418146
            ],
            [
              -100.337849,
              19.482417
            ],
            [
              -100.314449,
              19.544824
            ],
            [
              -100.284652,
              19.604765
            ],
            [
              -100.248738,
              19.661659
            ],
            [
              -100.20705,
              19.714954
            ],
            [
              -100.159986,
              19.764135
            ],
            [
              -100.107998,
              19.808723
            ],
            [
              -100.051588,
              19.848285
            ],
            [
              -99.991301,
              19.882435
            ],
            [
              -99.927722,
              19.910842
            ],
            [
              -99.861468,
              19.933229
            ],
            [
              -99.793184,
              19.949377
            ],
            [
              -99.723535,
              19.95913
            ],
            [
              -99.6532,
              19.962391
            ]
          ]
        ]
      },
      "properties": {
        "rank": 37,
        "city": "Toluca",
        "metro_name": "Toluca",
        "country": "Mexico",
        "population": 2353924,
        "population_year": 2020,
        "lat": 19.2879,
        "lon": -99.6532,
        "radius_km": 75.0
      }
    },
    {
      "type": "Feature",
      "geometry": {
        "type": "Polygon",
        "coordinates": [
          [
            [
              -84.5144,
              39.801591
            ],
            [
              -84.428353,
              39.798312
            ],
            [
              -84.343159,
              39.788506
            ],
            [
              -84.259661,
              39.772272
            ],
            [
              -84.178686,
              39.749769
            ],
            [
              -84.101031,
              39.721221
            ],
            [
              -84.027459,
              39.68691
            ],
            [
              -83.958691,
              39.647174
            ],
            [
              -83.895394,
              39.602406
            ],
            [
              -83.838181,
              39.553045
            ],
            [
              -83.787599,
              39.499577
            ],
            [
              -83.744128,
              39.442524
            ],
            [
              -83.708174,
              39.382445
            ],
            [
              -83.680068,
              39.319925
            ],
            [
              -83.660062,
              39.255571
            ],
            [
              -83.648328,
              39.190009
            ],
            [
              -83.644955,
              39.123871
            ],
            [
              -83.649952,
              39.057794
            ],
            [
              -83.663248,
              38.992415
            ],
            [
              -83.684693,
              38.928361
            ],
            [
              -83.714061,
              38.866242
            ],
            [
              -83.75105,
              38.806652
            ],
            [
              -83.795291,
              38.750158
            ],
            [
              -83.846347,
              38.697295
            ],
            [
              -83.903721,
              38.648564
            ],
            [
              -83.966857,
              38.604426
            ],
            [
              -84.035152,
              38.565296
            ],
            [
              -84.107954,
              38.531543
            ],
            [
              -84.184574,
              38.503485
            ],
            [
              -84.264288,
              38.481384
            ],
            [
              -84.346346,
              38.465448
            ],
            [
              -84.429978,
              38.455826
            ],
            [
              -84.5144,
              38.452609
            ],
            [
              -84.598822,
              38.455826
            ],
            [
              -84.682454,
              38.465448
            ],
            [
              -84.764512,
              38.481384
            ],
            [
              -84.844226,
              38.503485
            ],
            [
              -84.920846,
              38.531543
            ],
            [
              -84.993648,
              38.565296
            ],
            [
              -85.061943,
              38.604426
            ],
            [
              -85.125079,
              38.648564
            ],
            [
              -85.182453,
              38.697295
            ],
            [
              -85.233509,
              38.750158
            ],
            [
              -85.27775,
              38.806652
            ],
            [
              -85.314739,
              38.866242
            ],
            [
              -85.344107,
              38.928361
            ],
            [
              -85.365552,
              38.992415
            ],
            [
              -85.378848,
              39.057794
            ],
            [
              -85.383845,
              39.123871
            ],
            [
              -85.380472,
              39.190009
            ],
            [
              -85.368738,
              39.255571
            ],
            [
              -85.348732,
              39.319925
            ],
            [
              -85.320626,
              39.382445
            ],
            [
              -85.284672,
              39.442524
            ],
            [
              -85.241201,
              39.499577
            ],
            [
              -85.190619,
              39.553045
            ],
            [
              -85.133406,
              39.602406
            ],
            [
              -85.070109,
              39.647174
            ],
            [
              -85.001341,
              39.68691
            ],
            [
              -84.927769,
              39.721221
            ],
            [
              -84.850114,
              39.749769
            ],
            [
              -84.769139,
              39.772272
            ],
            [
              -84.685641,
              39.788506
            ],
            [
              -84.600447,
              39.798312
            ],
            [
              -84.5144,
              39.801591
            ]
          ]
        ]
      },
      "properties": {
        "rank": 38,
        "city": "Cincinnati",
        "metro_name": "Cincinnati, OH-KY-IN",
        "country": "United States",
        "population": 2312858,
        "population_year": 2025,
        "lat": 39.1271,
        "lon": -84.5144,
        "radius_km": 75.0
      }
    },
    {
      "type": "Feature",
      "geometry": {
        "type": "Polygon",
        "coordinates": [
          [
            [
              -94.5786,
              39.774191
            ],
            [
              -94.492587,
              39.770912
            ],
            [
              -94.407427,
              39.761106
            ],
            [
              -94.323962,
              39.744872
            ],
            [
              -94.243019,
              39.72237
            ],
            [
              -94.165395,
              39.693822
            ],
            [
              -94.091852,
              39.659511
            ],
            [
              -94.023111,
              39.619776
            ],
            [
              -93.959839,
              39.575008
            ],
            [
              -93.902648,
              39.525647
            ],
            [
              -93.852085,
              39.472179
            ],
            [
              -93.80863,
              39.415126
            ],
            [
              -93.77269,
              39.355048
            ],
            [
              -93.744595,
              39.292528
            ],
            [
              -93.724596,
              39.228175
            ],
            [
              -93.712865,
              39.162612
            ],
            [
              -93.709492,
              39.096474
            ],
            [
              -93.714487,
              39.030398
            ],
            [
              -93.727777,
              38.965019
            ],
            [
              -93.749214,
              38.900963
            ],
            [
              -93.778569,
              38.838845
            ],
            [
              -93.815544,
              38.779255
            ],
            [
              -93.859767,
              38.72276
            ],
            [
              -93.910803,
              38.669897
            ],
            [
              -93.968154,
              38.621166
            ],
            [
              -94.031266,
              38.577027
            ],
            [
              -94.099535,
              38.537897
            ],
            [
              -94.172309,
              38.504144
            ],
            [
              -94.248899,
              38.476085
            ],
            [
              -94.328583,
              38.453984
            ],
            [
              -94.410609,
              38.438048
            ],
            [
              -94.49421,
              38.428426
            ],
            [
              -94.5786,
              38.425209
            ],
            [
              -94.66299,
              38.428426
            ],
            [
              -94.746591,
              38.438048
            ],
            [
              -94.828617,
              38.453984
            ],
            [
              -94.908301,
              38.476085
            ],
            [
              -94.984891,
              38.504144
            ],
            [
              -95.057665,
              38.537897
            ],
            [
              -95.125934,
              38.577027
            ],
            [
              -95.189046,
              38.621166
            ],
            [
              -95.246397,
              38.669897
            ],
            [
              -95.297433,
              38.72276
            ],
            [
              -95.341656,
              38.779255
            ],
            [
              -95.378631,
              38.838845
            ],
            [
              -95.407986,
              38.900963
            ],
            [
              -95.429423,
              38.965019
            ],
            [
              -95.442713,
              39.030398
            ],
            [
              -95.447708,
              39.096474
            ],
            [
              -95.444335,
              39.162612
            ],
            [
              -95.432604,
              39.228175
            ],
            [
              -95.412605,
              39.292528
            ],
            [
              -95.38451,
              39.355048
            ],
            [
              -95.34857,
              39.415126
            ],
            [
              -95.305115,
              39.472179
            ],
            [
              -95.254552,
              39.525647
            ],
            [
              -95.197361,
              39.575008
            ],
            [
              -95.134089,
              39.619776
            ],
            [
              -95.065348,
              39.659511
            ],
            [
              -94.991805,
              39.693822
            ],
            [
              -94.914181,
              39.72237
            ],
            [
              -94.833238,
              39.744872
            ],
            [
              -94.749773,
              39.761106
            ],
            [
              -94.664613,
              39.770912
            ],
            [
              -94.5786,
              39.774191
            ]
          ]
        ]
      },
      "properties": {
        "rank": 39,
        "city": "Kansas City",
        "metro_name": "Kansas City, MO-KS",
        "country": "United States",
        "population": 2270682,
        "population_year": 2025,
        "lat": 39.0997,
        "lon": -94.5786,
        "radius_km": 75.0
      }
    },
    {
      "type": "Feature",
      "geometry": {
        "type": "Polygon",
        "coordinates": [
          [
            [
              -82.9988,
              40.635691
            ],
            [
              -82.911687,
              40.632411
            ],
            [
              -82.825439,
              40.622603
            ],
            [
              -82.740909,
              40.606364
            ],
            [
              -82.658935,
              40.583855
            ],
            [
              -82.580325,
              40.555299
            ],
            [
              -82.505852,
              40.52098
            ],
            [
              -82.436245,
              40.481235
            ],
            [
              -82.372181,
              40.436457
            ],
            [
              -82.314279,
              40.387086
            ],
            [
              -82.263093,
              40.333609
            ],
            [
              -82.219108,
              40.276548
            ],
            [
              -82.182736,
              40.216461
            ],
            [
              -82.15431,
              40.153935
            ],
            [
              -82.134084,
              40.089578
            ],
            [
              -82.122232,
              40.024012
            ],
            [
              -82.118843,
              39.957873
            ],
            [
              -82.123925,
              39.891798
            ],
            [
              -82.137406,
              39.826422
            ],
            [
              -82.159132,
              39.762372
            ],
            [
              -82.188873,
              39.70026
            ],
            [
              -82.226325,
              39.640677
            ],
            [
              -82.271112,
              39.584191
            ],
            [
              -82.322792,
              39.531338
            ],
            [
              -82.380862,
              39.482616
            ],
            [
              -82.444759,
              39.438487
            ],
            [
              -82.513873,
              39.399367
            ],
            [
              -82.587543,
              39.365622
            ],
            [
              -82.665074,
              39.337571
            ],
            [
              -82.745732,
              39.315476
            ],
            [
              -82.828761,
              39.299544
            ],
            [
              -82.913381,
              39.289925
            ],
            [
              -82.9988,
              39.286709
            ],
            [
              -83.084219,
              39.289925
            ],
            [
              -83.168839,
              39.299544
            ],
            [
              -83.251868,
              39.315476
            ],
            [
              -83.332526,
              39.337571
            ],
            [
              -83.410057,
              39.365622
            ],
            [
              -83.483727,
              39.399367
            ],
            [
              -83.552841,
              39.438487
            ],
            [
              -83.616738,
              39.482616
            ],
            [
              -83.674808,
              39.531338
            ],
            [
              -83.726488,
              39.584191
            ],
            [
              -83.771275,
              39.640677
            ],
            [
              -83.808727,
              39.70026
            ],
            [
              -83.838468,
              39.762372
            ],
            [
              -83.860194,
              39.826422
            ],
            [
              -83.873675,
              39.891798
            ],
            [
              -83.878757,
              39.957873
            ],
            [
              -83.875368,
              40.024012
            ],
            [
              -83.863516,
              40.089578
            ],
            [
              -83.84329,
              40.153935
            ],
            [
              -83.814864,
              40.216461
            ],
            [
              -83.778492,
              40.276548
            ],
            [
              -83.734507,
              40.333609
            ],
            [
              -83.683321,
              40.387086
            ],
            [
              -83.625419,
              40.436457
            ],
            [
              -83.561355,
              40.481235
            ],
            [
              -83.491748,
              40.52098
            ],
            [
              -83.417275,
              40.555299
            ],
            [
              -83.338665,
              40.583855
            ],
            [
              -83.256691,
              40.606364
            ],
            [
              -83.172161,
              40.622603
            ],
            [
              -83.085913,
              40.632411
            ],
            [
              -82.9988,
              40.635691
            ]
          ]
        ]
      },
      "properties": {
        "rank": 40,
        "city": "Columbus",
        "metro_name": "Columbus, OH",
        "country": "United States",
        "population": 2242028,
        "population_year": 2025,
        "lat": 39.9612,
        "lon": -82.9988,
        "radius_km": 75.0
      }
    },
    {
      "type": "Feature",
      "geometry": {
        "type": "Polygon",
        "coordinates": [
          [
            [
              -86.158,
              40.442891
            ],
            [
              -86.071137,
              40.439611
            ],
            [
              -85.985137,
              40.429803
            ],
            [
              -85.900849,
              40.413566
            ],
            [
              -85.81911,
              40.391058
            ],
            [
              -85.740724,
              40.362504
            ],
            [
              -85.666463,
              40.328187
            ],
            [
              -85.597053,
              40.288444
            ],
            [
              -85.533169,
              40.243668
            ],
            [
              -85.475429,
              40.1943
            ],
            [
              -85.424385,
              40.140825
            ],
            [
              -85.38052,
              40.083766
            ],
            [
              -85.344246,
              40.023681
            ],
            [
              -85.315896,
              39.961156
            ],
            [
              -85.295722,
              39.8968
            ],
            [
              -85.283897,
              39.831235
            ],
            [
              -85.280512,
              39.765096
            ],
            [
              -85.285574,
              39.699021
            ],
            [
              -85.299011,
              39.633644
            ],
            [
              -85.320671,
              39.569593
            ],
            [
              -85.350325,
              39.507479
            ],
            [
              -85.387668,
              39.447895
            ],
            [
              -85.432327,
              39.391407
            ],
            [
              -85.483861,
              39.338551
            ],
            [
              -85.541767,
              39.289828
            ],
            [
              -85.605485,
              39.245696
            ],
            [
              -85.674407,
              39.206573
            ],
            [
              -85.747873,
              39.172827
            ],
            [
              -85.82519,
              39.144774
            ],
            [
              -85.905626,
              39.122678
            ],
            [
              -85.988427,
              39.106745
            ],
            [
              -86.072815,
              39.097125
            ],
            [
              -86.158,
              39.093909
            ],
            [
              -86.243185,
              39.097125
            ],
            [
              -86.327573,
              39.106745
            ],
            [
              -86.410374,
              39.122678
            ],
            [
              -86.49081,
              39.144774
            ],
            [
              -86.568127,
              39.172827
            ],
            [
              -86.641593,
              39.206573
            ],
            [
              -86.710515,
              39.245696
            ],
            [
              -86.774233,
              39.289828
            ],
            [
              -86.832139,
              39.338551
            ],
            [
              -86.883673,
              39.391407
            ],
            [
              -86.928332,
              39.447895
            ],
            [
              -86.965675,
              39.507479
            ],
            [
              -86.995329,
              39.569593
            ],
            [
              -87.016989,
              39.633644
            ],
            [
              -87.030426,
              39.699021
            ],
            [
              -87.035488,
              39.765096
            ],
            [
              -87.032103,
              39.831235
            ],
            [
              -87.020278,
              39.8968
            ],
            [
              -87.000104,
              39.961156
            ],
            [
              -86.971754,
              40.023681
            ],
            [
              -86.93548,
              40.083766
            ],
            [
              -86.891615,
              40.140825
            ],
            [
              -86.840571,
              40.1943
            ],
            [
              -86.782831,
              40.243668
            ],
            [
              -86.718947,
              40.288444
            ],
            [
              -86.649537,
              40.328187
            ],
            [
              -86.575276,
              40.362504
            ],
            [
              -86.49689,
              40.391058
            ],
            [
              -86.415151,
              40.413566
            ],
            [
              -86.330863,
              40.429803
            ],
            [
              -86.244863,
              40.439611
            ],
            [
              -86.158,
              40.442891
            ]
          ]
        ]
      },
      "properties": {
        "rank": 41,
        "city": "Indianapolis",
        "metro_name": "Indianapolis-Carmel-Greenwood, IN",
        "country": "United States",
        "population": 2205695,
        "population_year": 2025,
        "lat": 39.7684,
        "lon": -86.158,
        "radius_km": 75.0
      }
    },
    {
      "type": "Feature",
      "geometry": {
        "type": "Polygon",
        "coordinates": [
          [
            [
              -86.7844,
              36.840391
            ],
            [
              -86.701798,
              36.837115
            ],
            [
              -86.620012,
              36.827319
            ],
            [
              -86.53985,
              36.8111
            ],
            [
              -86.462103,
              36.788618
            ],
            [
              -86.387535,
              36.760095
            ],
            [
              -86.316877,
              36.725813
            ],
            [
              -86.25082,
              36.686108
            ],
            [
              -86.190005,
              36.641372
            ],
            [
              -86.135019,
              36.592043
            ],
            [
              -86.08639,
              36.538605
            ],
            [
              -86.04458,
              36.481581
            ],
            [
              -86.00998,
              36.421526
            ],
            [
              -85.98291,
              36.359026
            ],
            [
              -85.963616,
              36.294688
            ],
            [
              -85.952263,
              36.229134
            ],
            [
              -85.948943,
              36.162998
            ],
            [
              -85.953666,
              36.096918
            ],
            [
              -85.966367,
              36.031529
            ],
            [
              -85.986904,
              35.967459
            ],
            [
              -86.015063,
              35.90532
            ],
            [
              -86.050557,
              35.845705
            ],
            [
              -86.093032,
              35.789182
            ],
            [
              -86.142071,
              35.736288
            ],
            [
              -86.197194,
              35.687526
            ],
            [
              -86.257871,
              35.643356
            ],
            [
              -86.32352,
              35.604196
            ],
            [
              -86.393513,
              35.570415
            ],
            [
              -86.467187,
              35.542332
            ],
            [
              -86.543845,
              35.520211
            ],
            [
              -86.622763,
              35.50426
            ],
            [
              -86.7032,
              35.494629
            ],
            [
              -86.7844,
              35.491409
            ],
            [
              -86.8656,
              35.494629
            ],
            [
              -86.946037,
              35.50426
            ],
            [
              -87.024955,
              35.520211
            ],
            [
              -87.101613,
              35.542332
            ],
            [
              -87.175287,
              35.570415
            ],
            [
              -87.24528,
              35.604196
            ],
            [
              -87.310929,
              35.643356
            ],
            [
              -87.371606,
              35.687526
            ],
            [
              -87.426729,
              35.736288
            ],
            [
              -87.475768,
              35.789182
            ],
            [
              -87.518243,
              35.845705
            ],
            [
              -87.553737,
              35.90532
            ],
            [
              -87.581896,
              35.967459
            ],
            [
              -87.602433,
              36.031529
            ],
            [
              -87.615134,
              36.096918
            ],
            [
              -87.619857,
              36.162998
            ],
            [
              -87.616537,
              36.229134
            ],
            [
              -87.605184,
              36.294688
            ],
            [
              -87.58589,
              36.359026
            ],
            [
              -87.55882,
              36.421526
            ],
            [
              -87.52422,
              36.481581
            ],
            [
              -87.48241,
              36.538605
            ],
            [
              -87.433781,
              36.592043
            ],
            [
              -87.378795,
              36.641372
            ],
            [
              -87.31798,
              36.686108
            ],
            [
              -87.251923,
              36.725813
            ],
            [
              -87.181265,
              36.760095
            ],
            [
              -87.106697,
              36.788618
            ],
            [
              -87.02895,
              36.8111
            ],
            [
              -86.948788,
              36.827319
            ],
            [
              -86.867002,
              36.837115
            ],
            [
              -86.7844,
              36.840391
            ]
          ]
        ]
      },
      "properties": {
        "rank": 42,
        "city": "Nashville",
        "metro_name": "Nashville-Davidson--Murfreesboro--Franklin, TN",
        "country": "United States",
        "population": 2197416,
        "population_year": 2025,
        "lat": 36.1659,
        "lon": -86.7844,
        "radius_km": 75.0
      }
    },
    {
      "type": "Feature",
      "geometry": {
        "type": "Polygon",
        "coordinates": [
          [
            [
              -81.6954,
              42.173991
            ],
            [
              -81.6062,
              42.170709
            ],
            [
              -81.517887,
              42.160895
            ],
            [
              -81.431337,
              42.144648
            ],
            [
              -81.347407,
              42.122127
            ],
            [
              -81.266927,
              42.093557
            ],
            [
              -81.19069,
              42.059221
            ],
            [
              -81.119441,
              42.019459
            ],
            [
              -81.053874,
              41.974663
            ],
            [
              -80.994623,
              41.925274
            ],
            [
              -80.942255,
              41.871779
            ],
            [
              -80.897265,
              41.814702
            ],
            [
              -80.860074,
              41.754602
            ],
            [
              -80.831022,
              41.692064
            ],
            [
              -80.810367,
              41.627698
            ],
            [
              -80.798284,
              41.562128
            ],
            [
              -80.794864,
              41.495988
            ],
            [
              -80.800113,
              41.429915
            ],
            [
              -80.813956,
              41.364544
            ],
            [
              -80.836232,
              41.300503
            ],
            [
              -80.866706,
              41.238402
            ],
            [
              -80.905063,
              41.178834
            ],
            [
              -80.95092,
              41.122364
            ],
            [
              -81.003822,
              41.069528
            ],
            [
              -81.063254,
              41.020825
            ],
            [
              -81.128641,
              40.976714
            ],
            [
              -81.199356,
              40.93761
            ],
            [
              -81.274727,
              40.903881
            ],
            [
              -81.35404,
              40.875844
            ],
            [
              -81.436548,
              40.85376
            ],
            [
              -81.521477,
              40.837837
            ],
            [
              -81.60803,
              40.828223
            ],
            [
              -81.6954,
              40.825009
            ],
            [
              -81.78277,
              40.828223
            ],
            [
              -81.869323,
              40.837837
            ],
            [
              -81.954252,
              40.85376
            ],
            [
              -82.03676,
              40.875844
            ],
            [
              -82.116073,
              40.903881
            ],
            [
              -82.191444,
              40.93761
            ],
            [
              -82.262159,
              40.976714
            ],
            [
              -82.327546,
              41.020825
            ],
            [
              -82.386978,
              41.069528
            ],
            [
              -82.43988,
              41.122364
            ],
            [
              -82.485737,
              41.178834
            ],
            [
              -82.524094,
              41.238402
            ],
            [
              -82.554568,
              41.300503
            ],
            [
              -82.576844,
              41.364544
            ],
            [
              -82.590687,
              41.429915
            ],
            [
              -82.595936,
              41.495988
            ],
            [
              -82.592516,
              41.562128
            ],
            [
              -82.580433,
              41.627698
            ],
            [
              -82.559778,
              41.692064
            ],
            [
              -82.530726,
              41.754602
            ],
            [
              -82.493535,
              41.814702
            ],
            [
              -82.448545,
              41.871779
            ],
            [
              -82.396177,
              41.925274
            ],
            [
              -82.336926,
              41.974663
            ],
            [
              -82.271359,
              42.019459
            ],
            [
              -82.20011,
              42.059221
            ],
            [
              -82.123873,
              42.093557
            ],
            [
              -82.043393,
              42.122127
            ],
            [
              -81.959463,
              42.144648
            ],
            [
              -81.872913,
              42.160895
            ],
            [
              -81.7846,
              42.170709
            ],
            [
              -81.6954,
              42.173991
            ]
          ]
        ]
      },
      "properties": {
        "rank": 43,
        "city": "Cleveland",
        "metro_name": "Cleveland, OH",
        "country": "United States",
        "population": 2165775,
        "population_year": 2025,
        "lat": 41.4995,
        "lon": -81.6954,
        "radius_km": 75.0
      }
    },
    {
      "type": "Feature",
      "geometry": {
        "type": "Polygon",
        "coordinates": [
          [
            [
              -117.0037,
              33.177191
            ],
            [
              -116.924717,
              33.173919
            ],
            [
              -116.846511,
              33.164133
            ],
            [
              -116.769854,
              33.147932
            ],
            [
              -116.695498,
              33.125473
            ],
            [
              -116.624173,
              33.096979
            ],
            [
              -116.556577,
              33.062729
            ],
            [
              -116.493368,
              33.02306
            ],
            [
              -116.435161,
              32.97836
            ],
            [
              -116.382516,
              32.929068
            ],
            [
              -116.33594,
              32.875665
            ],
            [
              -116.295874,
              32.818673
            ],
            [
              -116.262697,
              32.758646
            ],
            [
              -116.236717,
              32.696169
            ],
            [
              -116.21817,
              32.631847
            ],
            [
              -116.207219,
              32.566303
            ],
            [
              -116.203954,
              32.500171
            ],
            [
              -116.208389,
              32.434087
            ],
            [
              -116.220465,
              32.368687
            ],
            [
              -116.240049,
              32.304598
            ],
            [
              -116.266939,
              32.242436
            ],
            [
              -116.300862,
              32.182792
            ],
            [
              -116.341482,
              32.126237
            ],
            [
              -116.3884,
              32.073309
            ],
            [
              -116.441159,
              32.02451
            ],
            [
              -116.499252,
              31.980304
            ],
            [
              -116.562119,
              31.941109
            ],
            [
              -116.629161,
              31.907296
            ],
            [
              -116.69974,
              31.879186
            ],
            [
              -116.773187,
              31.857042
            ],
            [
              -116.848807,
              31.841074
            ],
            [
              -116.925887,
              31.831433
            ],
            [
              -117.0037,
              31.828209
            ],
            [
              -117.081513,
              31.831433
            ],
            [
              -117.158593,
              31.841074
            ],
            [
              -117.234213,
              31.857042
            ],
            [
              -117.30766,
              31.879186
            ],
            [
              -117.378239,
              31.907296
            ],
            [
              -117.445281,
              31.941109
            ],
            [
              -117.508148,
              31.980304
            ],
            [
              -117.566241,
              32.02451
            ],
            [
              -117.619,
              32.073309
            ],
            [
              -117.665918,
              32.126237
            ],
            [
              -117.706538,
              32.182792
            ],
            [
              -117.740461,
              32.242436
            ],
            [
              -117.767351,
              32.304598
            ],
            [
              -117.786935,
              32.368687
            ],
            [
              -117.799011,
              32.434087
            ],
            [
              -117.803446,
              32.500171
            ],
            [
              -117.800181,
              32.566303
            ],
            [
              -117.78923,
              32.631847
            ],
            [
              -117.770683,
              32.696169
            ],
            [
              -117.744703,
              32.758646
            ],
            [
              -117.711526,
              32.818673
            ],
            [
              -117.67146,
              32.875665
            ],
            [
              -117.624884,
              32.929068
            ],
            [
              -117.572239,
              32.97836
            ],
            [
              -117.514032,
              33.02306
            ],
            [
              -117.450823,
              33.062729
            ],
            [
              -117.383227,
              33.096979
            ],
            [
              -117.311902,
              33.125473
            ],
            [
              -117.237546,
              33.147932
            ],
            [
              -117.160889,
              33.164133
            ],
            [
              -117.082683,
              33.173919
            ],
            [
              -117.0037,
              33.177191
            ]
          ]
        ]
      },
      "properties": {
        "rank": 44,
        "city": "Tijuana",
        "metro_name": "Tijuana",
        "country": "Mexico",
        "population": 2049413,
        "population_year": 2020,
        "lat": 32.5027,
        "lon": -117.0037,
        "radius_km": 75.0
      }
    },
    {
      "type": "Feature",
      "geometry": {
        "type": "Polygon",
        "coordinates": [
          [
            [
              -121.895,
              38.013891
            ],
            [
              -121.811093,
              38.010614
            ],
            [
              -121.728016,
              38.000814
            ],
            [
              -121.64659,
              37.984589
            ],
            [
              -121.56762,
              37.962099
            ],
            [
              -121.491883,
              37.933567
            ],
            [
              -121.420121,
              37.899273
            ],
            [
              -121.353037,
              37.859556
            ],
            [
              -121.291282,
              37.814808
            ],
            [
              -121.235453,
              37.765467
            ],
            [
              -121.186084,
              37.712017
            ],
            [
              -121.143644,
              37.654982
            ],
            [
              -121.108531,
              37.594917
            ],
            [
              -121.081069,
              37.53241
            ],
            [
              -121.061505,
              37.468065
            ],
            [
              -121.050007,
              37.402508
            ],
            [
              -121.046667,
              37.336371
            ],
            [
              -121.051493,
              37.270293
            ],
            [
              -121.06442,
              37.204908
            ],
            [
              -121.085301,
              37.140843
            ],
            [
              -121.113918,
              37.078712
            ],
            [
              -121.149978,
              37.019107
            ],
            [
              -121.193122,
              36.962595
            ],
            [
              -121.242925,
              36.909714
            ],
            [
              -121.298901,
              36.860963
            ],
            [
              -121.36051,
              36.816806
            ],
            [
              -121.427161,
              36.777657
            ],
            [
              -121.498218,
              36.743887
            ],
            [
              -121.573008,
              36.715814
            ],
            [
              -121.650824,
              36.6937
            ],
            [
              -121.730932,
              36.677755
            ],
            [
              -121.812579,
              36.668128
            ],
            [
              -121.895,
              36.664909
            ],
            [
              -121.977421,
              36.668128
            ],
            [
              -122.059068,
              36.677755
            ],
            [
              -122.139176,
              36.6937
            ],
            [
              -122.216992,
              36.715814
            ],
            [
              -122.291782,
              36.743887
            ],
            [
              -122.362839,
              36.777657
            ],
            [
              -122.42949,
              36.816806
            ],
            [
              -122.491099,
              36.860963
            ],
            [
              -122.547075,
              36.909714
            ],
            [
              -122.596878,
              36.962595
            ],
            [
              -122.640022,
              37.019107
            ],
            [
              -122.676082,
              37.078712
            ],
            [
              -122.704699,
              37.140843
            ],
            [
              -122.72558,
              37.204908
            ],
            [
              -122.738507,
              37.270293
            ],
            [
              -122.743333,
              37.336371
            ],
            [
              -122.739993,
              37.402508
            ],
            [
              -122.728495,
              37.468065
            ],
            [
              -122.708931,
              37.53241
            ],
            [
              -122.681469,
              37.594917
            ],
            [
              -122.646356,
              37.654982
            ],
            [
              -122.603916,
              37.712017
            ],
            [
              -122.554547,
              37.765467
            ],
            [
              -122.498718,
              37.814808
            ],
            [
              -122.436963,
              37.859556
            ],
            [
              -122.369879,
              37.899273
            ],
            [
              -122.298117,
              37.933567
            ],
            [
              -122.22238,
              37.962099
            ],
            [
              -122.14341,
              37.984589
            ],
            [
              -122.061984,
              38.000814
            ],
            [
              -121.978907,
              38.010614
            ],
            [
              -121.895,
              38.013891
            ]
          ]
        ]
      },
      "properties": {
        "rank": 45,
        "city": "San Jose",
        "metro_name": "San Jose-Sunnyvale-Santa Clara, CA",
        "country": "United States",
        "population": 1984473,
        "population_year": 2025,
        "lat": 37.3394,
        "lon": -121.895,
        "radius_km": 75.0
      }
    },
    {
      "type": "Feature",
      "geometry": {
        "type": "Polygon",
        "coordinates": [
          [
            [
              -101.6737,
              21.803591
            ],
            [
              -101.602498,
              21.800328
            ],
            [
              -101.531991,
              21.790572
            ],
            [
              -101.462867,
              21.774417
            ],
            [
              -101.395801,
              21.752021
            ],
            [
              -101.331446,
              21.723603
            ],
            [
              -101.270427,
              21.68944
            ],
            [
              -101.213337,
              21.649864
            ],
            [
              -101.160727,
              21.605262
            ],
            [
              -101.113106,
              21.556067
            ],
            [
              -101.070931,
              21.502758
            ],
            [
              -101.034605,
              21.445851
            ],
            [
              -101.004472,
              21.3859
            ],
            [
              -100.980818,
              21.323484
            ],
            [
              -100.963863,
              21.259207
            ],
            [
              -100.95376,
              21.19369
            ],
            [
              -100.9506,
              21.127566
            ],
            [
              -100.954402,
              21.061471
            ],
            [
              -100.965121,
              20.996042
            ],
            [
              -100.982646,
              20.931907
            ],
            [
              -101.006798,
              20.869681
            ],
            [
              -101.03734,
              20.809962
            ],
            [
              -101.07397,
              20.753321
            ],
            [
              -101.116333,
              20.700299
            ],
            [
              -101.164017,
              20.651404
            ],
            [
              -101.216563,
              20.607101
            ],
            [
              -101.273466,
              20.567813
            ],
            [
              -101.334181,
              20.533915
            ],
            [
              -101.398127,
              20.50573
            ],
            [
              -101.464695,
              20.483525
            ],
            [
              -101.53325,
              20.467511
            ],
            [
              -101.60314,
              20.457842
            ],
            [
              -101.6737,
              20.454609
            ],
            [
              -101.74426,
              20.457842
            ],
            [
              -101.81415,
              20.467511
            ],
            [
              -101.882705,
              20.483525
            ],
            [
              -101.949273,
              20.50573
            ],
            [
              -102.013219,
              20.533915
            ],
            [
              -102.073934,
              20.567813
            ],
            [
              -102.130837,
              20.607101
            ],
            [
              -102.183383,
              20.651404
            ],
            [
              -102.231067,
              20.700299
            ],
            [
              -102.27343,
              20.753321
            ],
            [
              -102.31006,
              20.809962
            ],
            [
              -102.340602,
              20.869681
            ],
            [
              -102.364754,
              20.931907
            ],
            [
              -102.382279,
              20.996042
            ],
            [
              -102.392998,
              21.061471
            ],
            [
              -102.3968,
              21.127566
            ],
            [
              -102.39364,
              21.19369
            ],
            [
              -102.383537,
              21.259207
            ],
            [
              -102.366582,
              21.323484
            ],
            [
              -102.342928,
              21.3859
            ],
            [
              -102.312795,
              21.445851
            ],
            [
              -102.276469,
              21.502758
            ],
            [
              -102.234294,
              21.556067
            ],
            [
              -102.186673,
              21.605262
            ],
            [
              -102.134063,
              21.649864
            ],
            [
              -102.076973,
              21.68944
            ],
            [
              -102.015954,
              21.723603
            ],
            [
              -101.951599,
              21.752021
            ],
            [
              -101.884533,
              21.774417
            ],
            [
              -101.815409,
              21.790572
            ],
            [
              -101.744902,
              21.800328
            ],
            [
              -101.6737,
              21.803591
            ]
          ]
        ]
      },
      "properties": {
        "rank": 46,
        "city": "León",
        "metro_name": "León",
        "country": "Mexico",
        "population": 1935928,
        "population_year": 2020,
        "lat": 21.1291,
        "lon": -101.6737,
        "radius_km": 75.0
      }
    },
    {
      "type": "Feature",
      "geometry": {
        "type": "Polygon",
        "coordinates": [
          [
            [
              -114.0853,
              51.724591
            ],
            [
              -113.978582,
              51.721295
            ],
            [
              -113.872938,
              51.711441
            ],
            [
              -113.76943,
              51.695127
            ],
            [
              -113.669093,
              51.672517
            ],
            [
              -113.572931,
              51.643839
            ],
            [
              -113.481896,
              51.60938
            ],
            [
              -113.396888,
              51.569485
            ],
            [
              -113.318736,
              51.524551
            ],
            [
              -113.248196,
              51.475025
            ],
            [
              -113.185941,
              51.421398
            ],
            [
              -113.132557,
              51.364201
            ],
            [
              -113.088535,
              51.303996
            ],
            [
              -113.054269,
              51.241374
            ],
            [
              -113.030052,
              51.176946
            ],
            [
              -113.016079,
              51.111339
            ],
            [
              -113.01244,
              51.045189
            ],
            [
              -113.019126,
              50.979133
            ],
            [
              -113.03603,
              50.913805
            ],
            [
              -113.062948,
              50.849831
            ],
            [
              -113.099582,
              50.78782
            ],
            [
              -113.145548,
              50.728359
            ],
            [
              -113.200376,
              50.672011
            ],
            [
              -113.26352,
              50.619305
            ],
            [
              -113.334361,
              50.570737
            ],
            [
              -113.412214,
              50.526761
            ],
            [
              -113.496334,
              50.487787
            ],
            [
              -113.585925,
              50.454177
            ],
            [
              -113.680145,
              50.426244
            ],
            [
              -113.778113,
              50.404245
            ],
            [
              -113.87892,
              50.388385
            ],
            [
              -113.981632,
              50.37881
            ],
            [
              -114.0853,
              50.375609
            ],
            [
              -114.188968,
              50.37881
            ],
            [
              -114.29168,
              50.388385
            ],
            [
              -114.392487,
              50.404245
            ],
            [
              -114.490455,
              50.426244
            ],
            [
              -114.584675,
              50.454177
            ],
            [
              -114.674266,
              50.487787
            ],
            [
              -114.758386,
              50.526761
            ],
            [
              -114.836239,
              50.570737
            ],
            [
              -114.90708,
              50.619305
            ],
            [
              -114.970224,
              50.672011
            ],
            [
              -115.025052,
              50.728359
            ],
            [
              -115.071018,
              50.78782
            ],
            [
              -115.107652,
              50.849831
            ],
            [
              -115.13457,
              50.913805
            ],
            [
              -115.151474,
              50.979133
            ],
            [
              -115.15816,
              51.045189
            ],
            [
              -115.154521,
              51.111339
            ],
            [
              -115.140548,
              51.176946
            ],
            [
              -115.116331,
              51.241374
            ],
            [
              -115.082065,
              51.303996
            ],
            [
              -115.038043,
              51.364201
            ],
            [
              -114.984659,
              51.421398
            ],
            [
              -114.922404,
              51.475025
            ],
            [
              -114.851864,
              51.524551
            ],
            [
              -114.773712,
              51.569485
            ],
            [
              -114.688704,
              51.60938
            ],
            [
              -114.597669,
              51.643839
            ],
            [
              -114.501507,
              51.672517
            ],
            [
              -114.40117,
              51.695127
            ],
            [
              -114.297662,
              51.711441
            ],
            [
              -114.192018,
              51.721295
            ],
            [
              -114.0853,
              51.724591
            ]
          ]
        ]
      },
      "properties": {
        "rank": 47,
        "city": "Calgary",
        "metro_name": "Calgary (CMA), Alberta",
        "country": "Canada",
        "population": 1836012,
        "population_year": 2025,
        "lat": 51.0501,
        "lon": -114.0853,
        "radius_km": 75.0
      }
    },
    {
      "type": "Feature",
      "geometry": {
        "type": "Polygon",
        "coordinates": [
          [
            [
              -75.978,
              37.527391
            ],
            [
              -75.894643,
              37.524114
            ],
            [
              -75.81211,
              37.514316
            ],
            [
              -75.731218,
              37.498094
            ],
            [
              -75.652763,
              37.475607
            ],
            [
              -75.577519,
              37.447079
            ],
            [
              -75.506223,
              37.41279
            ],
            [
              -75.439571,
              37.373078
            ],
            [
              -75.378213,
              37.328335
            ],
            [
              -75.322739,
              37.278999
            ],
            [
              -75.273682,
              37.225554
            ],
            [
              -75.231508,
              37.168523
            ],
            [
              -75.196611,
              37.108463
            ],
            [
              -75.169315,
              37.045958
            ],
            [
              -75.149864,
              36.981616
            ],
            [
              -75.138428,
              36.916061
            ],
            [
              -75.135095,
              36.849924
            ],
            [
              -75.139878,
              36.783845
            ],
            [
              -75.15271,
              36.718459
            ],
            [
              -75.173446,
              36.654392
            ],
            [
              -75.20187,
              36.592257
            ],
            [
              -75.237692,
              36.532648
            ],
            [
              -75.280554,
              36.476132
            ],
            [
              -75.330034,
              36.423245
            ],
            [
              -75.385651,
              36.37449
            ],
            [
              -75.446867,
              36.330327
            ],
            [
              -75.513095,
              36.291173
            ],
            [
              -75.583704,
              36.257399
            ],
            [
              -75.658023,
              36.229321
            ],
            [
              -75.73535,
              36.207205
            ],
            [
              -75.814957,
              36.191257
            ],
            [
              -75.896094,
              36.181628
            ],
            [
              -75.978,
              36.178409
            ],
            [
              -76.059906,
              36.181628
            ],
            [
              -76.141043,
              36.191257
            ],
            [
              -76.22065,
              36.207205
            ],
            [
              -76.297977,
              36.229321
            ],
            [
              -76.372296,
              36.257399
            ],
            [
              -76.442905,
              36.291173
            ],
            [
              -76.509133,
              36.330327
            ],
            [
              -76.570349,
              36.37449
            ],
            [
              -76.625966,
              36.423245
            ],
            [
              -76.675446,
              36.476132
            ],
            [
              -76.718308,
              36.532648
            ],
            [
              -76.75413,
              36.592257
            ],
            [
              -76.782554,
              36.654392
            ],
            [
              -76.80329,
              36.718459
            ],
            [
              -76.816122,
              36.783845
            ],
            [
              -76.820905,
              36.849924
            ],
            [
              -76.817572,
              36.916061
            ],
            [
              -76.806136,
              36.981616
            ],
            [
              -76.786685,
              37.045958
            ],
            [
              -76.759389,
              37.108463
            ],
            [
              -76.724492,
              37.168523
            ],
            [
              -76.682318,
              37.225554
            ],
            [
              -76.633261,
              37.278999
            ],
            [
              -76.577787,
              37.328335
            ],
            [
              -76.516429,
              37.373078
            ],
            [
              -76.449777,
              37.41279
            ],
            [
              -76.378481,
              37.447079
            ],
            [
              -76.303237,
              37.475607
            ],
            [
              -76.224782,
              37.498094
            ],
            [
              -76.14389,
              37.514316
            ],
            [
              -76.061357,
              37.524114
            ],
            [
              -75.978,
              37.527391
            ]
          ]
        ]
      },
      "properties": {
        "rank": 48,
        "city": "Virginia Beach",
        "metro_name": "Virginia Beach-Chesapeake-Norfolk, VA-NC",
        "country": "United States",
        "population": 1797213,
        "population_year": 2025,
        "lat": 36.8529,
        "lon": -75.978,
        "radius_km": 75.0
      }
    },
    {
      "type": "Feature",
      "geometry": {
        "type": "Polygon",
        "coordinates": [
          [
            [
              -81.6556,
              31.006691
            ],
            [
              -81.578471,
              31.003421
            ],
            [
              -81.5021,
              30.993641
            ],
            [
              -81.427238,
              30.97745
            ],
            [
              -81.35462,
              30.955004
            ],
            [
              -81.284957,
              30.926526
            ],
            [
              -81.218929,
              30.892294
            ],
            [
              -81.15718,
              30.852644
            ],
            [
              -81.100308,
              30.807965
            ],
            [
              -81.048863,
              30.758693
            ],
            [
              -81.003338,
              30.705309
            ],
            [
              -80.964166,
              30.648335
            ],
            [
              -80.931718,
              30.588324
            ],
            [
              -80.906295,
              30.525859
            ],
            [
              -80.88813,
              30.461546
            ],
            [
              -80.877385,
              30.396008
            ],
            [
              -80.874148,
              30.329877
            ],
            [
              -80.878435,
              30.263791
            ],
            [
              -80.89019,
              30.198385
            ],
            [
              -80.909285,
              30.134287
            ],
            [
              -80.935524,
              30.072111
            ],
            [
              -80.968642,
              30.012452
            ],
            [
              -81.008311,
              29.955879
            ],
            [
              -81.054142,
              29.902931
            ],
            [
              -81.105691,
              29.854112
            ],
            [
              -81.162459,
              29.809886
            ],
            [
              -81.223902,
              29.770672
            ],
            [
              -81.289433,
              29.736842
            ],
            [
              -81.358427,
              29.708715
            ],
            [
              -81.430229,
              29.686559
            ],
            [
              -81.50416,
              29.670582
            ],
            [
              -81.579521,
              29.660935
            ],
            [
              -81.6556,
              29.657709
            ],
            [
              -81.731679,
              29.660935
            ],
            [
              -81.80704,
              29.670582
            ],
            [
              -81.880971,
              29.686559
            ],
            [
              -81.952773,
              29.708715
            ],
            [
              -82.021767,
              29.736842
            ],
            [
              -82.087298,
              29.770672
            ],
            [
              -82.148741,
              29.809886
            ],
            [
              -82.205509,
              29.854112
            ],
            [
              -82.257058,
              29.902931
            ],
            [
              -82.302889,
              29.955879
            ],
            [
              -82.342558,
              30.012452
            ],
            [
              -82.375676,
              30.072111
            ],
            [
              -82.401915,
              30.134287
            ],
            [
              -82.42101,
              30.198385
            ],
            [
              -82.432765,
              30.263791
            ],
            [
              -82.437052,
              30.329877
            ],
            [
              -82.433815,
              30.396008
            ],
            [
              -82.42307,
              30.461546
            ],
            [
              -82.404905,
              30.525859
            ],
            [
              -82.379482,
              30.588324
            ],
            [
              -82.347034,
              30.648335
            ],
            [
              -82.307862,
              30.705309
            ],
            [
              -82.262337,
              30.758693
            ],
            [
              -82.210892,
              30.807965
            ],
            [
              -82.15402,
              30.852644
            ],
            [
              -82.092271,
              30.892294
            ],
            [
              -82.026243,
              30.926526
            ],
            [
              -81.95658,
              30.955004
            ],
            [
              -81.883962,
              30.97745
            ],
            [
              -81.8091,
              30.993641
            ],
            [
              -81.732729,
              31.003421
            ],
            [
              -81.6556,
              31.006691
            ]
          ]
        ]
      },
      "properties": {
        "rank": 49,
        "city": "Jacksonville",
        "metro_name": "Jacksonville, FL",
        "country": "United States",
        "population": 1785500,
        "population_year": 2025,
        "lat": 30.3322,
        "lon": -81.6556,
        "radius_km": 75.0
      }
    },
    {
      "type": "Feature",
      "geometry": {
        "type": "Polygon",
        "coordinates": [
          [
            [
              -71.4128,
              42.498491
            ],
            [
              -71.323139,
              42.495209
            ],
            [
              -71.234369,
              42.485394
            ],
            [
              -71.147372,
              42.469144
            ],
            [
              -71.06301,
              42.446621
            ],
            [
              -70.982117,
              42.418048
            ],
            [
              -70.905489,
              42.383709
            ],
            [
              -70.833878,
              42.343942
            ],
            [
              -70.767979,
              42.299142
            ],
            [
              -70.70843,
              42.24975
            ],
            [
              -70.6558,
              42.196251
            ],
            [
              -70.610588,
              42.13917
            ],
            [
              -70.573216,
              42.079067
            ],
            [
              -70.544025,
              42.016527
            ],
            [
              -70.523275,
              41.952159
            ],
            [
              -70.511142,
              41.886588
            ],
            [
              -70.507715,
              41.820447
            ],
            [
              -70.513002,
              41.754375
            ],
            [
              -70.526924,
              41.689006
            ],
            [
              -70.549322,
              41.624966
            ],
            [
              -70.579958,
              41.562868
            ],
            [
              -70.618516,
              41.503303
            ],
            [
              -70.664609,
              41.446837
            ],
            [
              -70.717781,
              41.394004
            ],
            [
              -70.777514,
              41.345305
            ],
            [
              -70.84323,
              41.301198
            ],
            [
              -70.914299,
              41.262098
            ],
            [
              -70.990046,
              41.228373
            ],
            [
              -71.069753,
              41.200338
            ],
            [
              -71.15267,
              41.178257
            ],
            [
              -71.238018,
              41.162336
            ],
            [
              -71.324999,
              41.152723
            ],
            [
              -71.4128,
              41.149509
            ],
            [
              -71.500601,
              41.152723
            ],
            [
              -71.587582,
              41.162336
            ],
            [
              -71.67293,
              41.178257
            ],
            [
              -71.755847,
              41.200338
            ],
            [
              -71.835554,
              41.228373
            ],
            [
              -71.911301,
              41.262098
            ],
            [
              -71.98237,
              41.301198
            ],
            [
              -72.048086,
              41.345305
            ],
            [
              -72.107819,
              41.394004
            ],
            [
              -72.160991,
              41.446837
            ],
            [
              -72.207084,
              41.503303
            ],
            [
              -72.245642,
              41.562868
            ],
            [
              -72.276278,
              41.624966
            ],
            [
              -72.298676,
              41.689006
            ],
            [
              -72.312598,
              41.754375
            ],
            [
              -72.317885,
              41.820447
            ],
            [
              -72.314458,
              41.886588
            ],
            [
              -72.302325,
              41.952159
            ],
            [
              -72.281575,
              42.016527
            ],
            [
              -72.252384,
              42.079067
            ],
            [
              -72.215012,
              42.13917
            ],
            [
              -72.1698,
              42.196251
            ],
            [
              -72.11717,
              42.24975
            ],
            [
              -72.057621,
              42.299142
            ],
            [
              -71.991722,
              42.343942
            ],
            [
              -71.920111,
              42.383709
            ],
            [
              -71.843483,
              42.418048
            ],
            [
              -71.76259,
              42.446621
            ],
            [
              -71.678228,
              42.469144
            ],
            [
              -71.591231,
              42.485394
            ],
            [
              -71.502461,
              42.495209
            ],
            [
              -71.4128,
              42.498491
            ]
          ]
        ]
      },
      "properties": {
        "rank": 50,
        "city": "Providence",
        "metro_name": "Providence-Warwick, RI-MA",
        "country": "United States",
        "population": 1708161,
        "population_year": 2025,
        "lat": 41.824,
        "lon": -71.4128,
        "radius_km": 75.0
      }
    },
    {
      "type": "Feature",
      "geometry": {
        "type": "Polygon",
        "coordinates": [
          [
            [
              -75.6981,
              46.085691
            ],
            [
              -75.602789,
              46.082404
            ],
            [
              -75.508429,
              46.072575
            ],
            [
              -75.415961,
              46.056303
            ],
            [
              -75.326306,
              46.03375
            ],
            [
              -75.240352,
              46.005141
            ],
            [
              -75.158948,
              45.970759
            ],
            [
              -75.082894,
              45.930948
            ],
            [
              -75.01293,
              45.886101
            ],
            [
              -74.949734,
              45.836662
            ],
            [
              -74.893908,
              45.783118
            ],
            [
              -74.845981,
              45.725997
            ],
            [
              -74.806397,
              45.665858
            ],
            [
              -74.775515,
              45.60329
            ],
            [
              -74.753608,
              45.538901
            ],
            [
              -74.740856,
              45.473317
            ],
            [
              -74.737351,
              45.407173
            ],
            [
              -74.743094,
              45.341106
            ],
            [
              -74.757998,
              45.275751
            ],
            [
              -74.781889,
              45.211734
            ],
            [
              -74.814509,
              45.149667
            ],
            [
              -74.85552,
              45.090138
            ],
            [
              -74.904508,
              45.033713
            ],
            [
              -74.960987,
              44.980925
            ],
            [
              -75.024405,
              44.932271
            ],
            [
              -75.094148,
              44.88821
            ],
            [
              -75.16955,
              44.849154
            ],
            [
              -75.249894,
              44.815469
            ],
            [
              -75.33442,
              44.78747
            ],
            [
              -75.422337,
              44.765418
            ],
            [
              -75.51282,
              44.749518
            ],
            [
              -75.605028,
              44.739919
            ],
            [
              -75.6981,
              44.736709
            ],
            [
              -75.791172,
              44.739919
            ],
            [
              -75.88338,
              44.749518
            ],
            [
              -75.973863,
              44.765418
            ],
            [
              -76.06178,
              44.78747
            ],
            [
              -76.146306,
              44.815469
            ],
            [
              -76.22665,
              44.849154
            ],
            [
              -76.302052,
              44.88821
            ],
            [
              -76.371795,
              44.932271
            ],
            [
              -76.435213,
              44.980925
            ],
            [
              -76.491692,
              45.033713
            ],
            [
              -76.54068,
              45.090138
            ],
            [
              -76.581691,
              45.149667
            ],
            [
              -76.614311,
              45.211734
            ],
            [
              -76.638202,
              45.275751
            ],
            [
              -76.653106,
              45.341106
            ],
            [
              -76.658849,
              45.407173
            ],
            [
              -76.655344,
              45.473317
            ],
            [
              -76.642592,
              45.538901
            ],
            [
              -76.620685,
              45.60329
            ],
            [
              -76.589803,
              45.665858
            ],
            [
              -76.550219,
              45.725997
            ],
            [
              -76.502292,
              45.783118
            ],
            [
              -76.446466,
              45.836662
            ],
            [
              -76.38327,
              45.886101
            ],
            [
              -76.313306,
              45.930948
            ],
            [
              -76.237252,
              45.970759
            ],
            [
              -76.155848,
              46.005141
            ],
            [
              -76.069894,
              46.03375
            ],
            [
              -75.980239,
              46.056303
            ],
            [
              -75.887771,
              46.072575
            ],
            [
              -75.793411,
              46.082404
            ],
            [
              -75.6981,
              46.085691
            ]
          ]
        ]
      },
      "properties": {
        "rank": 51,
        "city": "Ottawa",
        "metro_name": "Ottawa - Gatineau (CMA), Ontario/Quebec",
        "country": "Canada",
        "population": 1700014,
        "population_year": 2025,
        "lat": 45.4112,
        "lon": -75.6981,
        "radius_km": 75.0
      }
    },
    {
      "type": "Feature",
      "geometry": {
        "type": "Polygon",
        "coordinates": [
          [
            [
              -113.4687,
              54.224591
            ],
            [
              -113.355625,
              54.221291
            ],
            [
              -113.243692,
              54.211423
            ],
            [
              -113.13403,
              54.195087
            ],
            [
              -113.027743,
              54.172448
            ],
            [
              -112.925895,
              54.143734
            ],
            [
              -112.829499,
              54.109234
            ],
            [
              -112.739508,
              54.069294
            ],
            [
              -112.656803,
              54.024314
            ],
            [
              -112.582183,
              53.974742
            ],
            [
              -112.516361,
              53.921072
            ],
            [
              -112.459952,
              53.863835
            ],
            [
              -112.413473,
              53.803596
            ],
            [
              -112.377338,
              53.740946
            ],
            [
              -112.351852,
              53.676498
            ],
            [
              -112.337215,
              53.610879
            ],
            [
              -112.333518,
              53.544725
            ],
            [
              -112.340744,
              53.478675
            ],
            [
              -112.358775,
              53.413362
            ],
            [
              -112.387388,
              53.34941
            ],
            [
              -112.426265,
              53.287429
            ],
            [
              -112.474994,
              53.228003
            ],
            [
              -112.533076,
              53.171695
            ],
            [
              -112.599929,
              53.119034
            ],
            [
              -112.674898,
              53.070511
            ],
            [
              -112.757256,
              53.026579
            ],
            [
              -112.846218,
              52.987648
            ],
            [
              -112.940943,
              52.954077
            ],
            [
              -113.040541,
              52.926178
            ],
            [
              -113.144086,
              52.904207
            ],
            [
              -113.250618,
              52.888368
            ],
            [
              -113.359156,
              52.878806
            ],
            [
              -113.4687,
              52.875609
            ],
            [
              -113.578244,
              52.878806
            ],
            [
              -113.686782,
              52.888368
            ],
            [
              -113.793314,
              52.904207
            ],
            [
              -113.896859,
              52.926178
            ],
            [
              -113.996457,
              52.954077
            ],
            [
              -114.091182,
              52.987648
            ],
            [
              -114.180144,
              53.026579
            ],
            [
              -114.262502,
              53.070511
            ],
            [
              -114.337471,
              53.119034
            ],
            [
              -114.404324,
              53.171695
            ],
            [
              -114.462406,
              53.228003
            ],
            [
              -114.511135,
              53.287429
            ],
            [
              -114.550012,
              53.34941
            ],
            [
              -114.578625,
              53.413362
            ],
            [
              -114.596656,
              53.478675
            ],
            [
              -114.603882,
              53.544725
            ],
            [
              -114.600185,
              53.610879
            ],
            [
              -114.585548,
              53.676498
            ],
            [
              -114.560062,
              53.740946
            ],
            [
              -114.523927,
              53.803596
            ],
            [
              -114.477448,
              53.863835
            ],
            [
              -114.421039,
              53.921072
            ],
            [
              -114.355217,
              53.974742
            ],
            [
              -114.280597,
              54.024314
            ],
            [
              -114.197892,
              54.069294
            ],
            [
              -114.107901,
              54.109234
            ],
            [
              -114.011505,
              54.143734
            ],
            [
              -113.909657,
              54.172448
            ],
            [
              -113.80337,
              54.195087
            ],
            [
              -113.693708,
              54.211423
            ],
            [
              -113.581775,
              54.221291
            ],
            [
              -113.4687,
              54.224591
            ]
          ]
        ]
      },
      "properties": {
        "rank": 52,
        "city": "Edmonton",
        "metro_name": "Edmonton (CMA), Alberta",
        "country": "Canada",
        "population": 1692385,
        "population_year": 2025,
        "lat": 53.5501,
        "lon": -113.4687,
        "radius_km": 75.0
      }
    },
    {
      "type": "Feature",
      "geometry": {
        "type": "Polygon",
        "coordinates": [
          [
            [
              -78.6386,
              36.446591
            ],
            [
              -78.556419,
              36.443315
            ],
            [
              -78.47505,
              36.433521
            ],
            [
              -78.395296,
              36.417304
            ],
            [
              -78.317943,
              36.394824
            ],
            [
              -78.243752,
              36.366305
            ],
            [
              -78.173451,
              36.332026
            ],
            [
              -78.107725,
              36.292325
            ],
            [
              -78.047214,
              36.247593
            ],
            [
              -77.992501,
              36.198268
            ],
            [
              -77.944111,
              36.144834
            ],
            [
              -77.902503,
              36.087814
            ],
            [
              -77.868069,
              36.027762
            ],
            [
              -77.841126,
              35.965265
            ],
            [
              -77.821919,
              35.900928
            ],
            [
              -77.810613,
              35.835375
            ],
            [
              -77.807299,
              35.76924
            ],
            [
              -77.811988,
              35.703159
            ],
            [
              -77.824617,
              35.637769
            ],
            [
              -77.845043,
              35.573697
            ],
            [
              -77.873055,
              35.511555
            ],
            [
              -77.908366,
              35.451937
            ],
            [
              -77.950625,
              35.395411
            ],
            [
              -77.999416,
              35.342513
            ],
            [
              -78.054265,
              35.293746
            ],
            [
              -78.114641,
              35.249572
            ],
            [
              -78.179966,
              35.210408
            ],
            [
              -78.249616,
              35.176624
            ],
            [
              -78.322929,
              35.148538
            ],
            [
              -78.399214,
              35.126414
            ],
            [
              -78.477748,
              35.110462
            ],
            [
              -78.557795,
              35.10083
            ],
            [
              -78.6386,
              35.097609
            ],
            [
              -78.719405,
              35.10083
            ],
            [
              -78.799452,
              35.110462
            ],
            [
              -78.877986,
              35.126414
            ],
            [
              -78.954271,
              35.148538
            ],
            [
              -79.027584,
              35.176624
            ],
            [
              -79.097234,
              35.210408
            ],
            [
              -79.162559,
              35.249572
            ],
            [
              -79.222935,
              35.293746
            ],
            [
              -79.277784,
              35.342513
            ],
            [
              -79.326575,
              35.395411
            ],
            [
              -79.368834,
              35.451937
            ],
            [
              -79.404145,
              35.511555
            ],
            [
              -79.432157,
              35.573697
            ],
            [
              -79.452583,
              35.637769
            ],
            [
              -79.465212,
              35.703159
            ],
            [
              -79.469901,
              35.76924
            ],
            [
              -79.466587,
              35.835375
            ],
            [
              -79.455281,
              35.900928
            ],
            [
              -79.436074,
              35.965265
            ],
            [
              -79.409131,
              36.027762
            ],
            [
              -79.374697,
              36.087814
            ],
            [
              -79.333089,
              36.144834
            ],
            [
              -79.284699,
              36.198268
            ],
            [
              -79.229986,
              36.247593
            ],
            [
              -79.169475,
              36.292325
            ],
            [
              -79.103749,
              36.332026
            ],
            [
              -79.033448,
              36.366305
            ],
            [
              -78.959257,
              36.394824
            ],
            [
              -78.881904,
              36.417304
            ],
            [
              -78.80215,
              36.433521
            ],
            [
              -78.720781,
              36.443315
            ],
            [
              -78.6386,
              36.446591
            ]
          ]
        ]
      },
      "properties": {
        "rank": 53,
        "city": "Raleigh",
        "metro_name": "Raleigh-Cary, NC",
        "country": "United States",
        "population": 1595720,
        "population_year": 2025,
        "lat": 35.7721,
        "lon": -78.6386,
        "radius_km": 75.0
      }
    },
    {
      "type": "Feature",
      "geometry": {
        "type": "Polygon",
        "coordinates": [
          [
            [
              -87.9065,
              43.713391
            ],
            [
              -87.815042,
              43.710107
            ],
            [
              -87.724494,
              43.700288
            ],
            [
              -87.635757,
              43.684031
            ],
            [
              -87.549711,
              43.661498
            ],
            [
              -87.467208,
              43.632913
            ],
            [
              -87.389061,
              43.59856
            ],
            [
              -87.316036,
              43.558779
            ],
            [
              -87.248844,
              43.513964
            ],
            [
              -87.188134,
              43.464556
            ],
            [
              -87.134487,
              43.411043
            ],
            [
              -87.088411,
              43.353949
            ],
            [
              -87.050334,
              43.293834
            ],
            [
              -87.020605,
              43.231285
            ],
            [
              -86.999486,
              43.16691
            ],
            [
              -86.987155,
              43.101335
            ],
            [
              -86.983702,
              43.035193
            ],
            [
              -86.989133,
              42.969122
            ],
            [
              -87.003367,
              42.903758
            ],
            [
              -87.02624,
              42.839726
            ],
            [
              -87.057506,
              42.777638
            ],
            [
              -87.096845,
              42.718084
            ],
            [
              -87.143859,
              42.661631
            ],
            [
              -87.198083,
              42.608813
            ],
            [
              -87.258988,
              42.560129
            ],
            [
              -87.325986,
              42.516037
            ],
            [
              -87.398434,
              42.476951
            ],
            [
              -87.475644,
              42.443239
            ],
            [
              -87.556885,
              42.415216
            ],
            [
              -87.641394,
              42.393144
            ],
            [
              -87.728377,
              42.37723
            ],
            [
              -87.817021,
              42.367622
            ],
            [
              -87.9065,
              42.364409
            ],
            [
              -87.995979,
              42.367622
            ],
            [
              -88.084623,
              42.37723
            ],
            [
              -88.171606,
              42.393144
            ],
            [
              -88.256115,
              42.415216
            ],
            [
              -88.337356,
              42.443239
            ],
            [
              -88.414566,
              42.476951
            ],
            [
              -88.487014,
              42.516037
            ],
            [
              -88.554012,
              42.560129
            ],
            [
              -88.614917,
              42.608813
            ],
            [
              -88.669141,
              42.661631
            ],
            [
              -88.716155,
              42.718084
            ],
            [
              -88.755494,
              42.777638
            ],
            [
              -88.78676,
              42.839726
            ],
            [
              -88.809633,
              42.903758
            ],
            [
              -88.823867,
              42.969122
            ],
            [
              -88.829298,
              43.035193
            ],
            [
              -88.825845,
              43.101335
            ],
            [
              -88.813514,
              43.16691
            ],
            [
              -88.792395,
              43.231285
            ],
            [
              -88.762666,
              43.293834
            ],
            [
              -88.724589,
              43.353949
            ],
            [
              -88.678513,
              43.411043
            ],
            [
              -88.624866,
              43.464556
            ],
            [
              -88.564156,
              43.513964
            ],
            [
              -88.496964,
              43.558779
            ],
            [
              -88.423939,
              43.59856
            ],
            [
              -88.345792,
              43.632913
            ],
            [
              -88.263289,
              43.661498
            ],
            [
              -88.177243,
              43.684031
            ],
            [
              -88.088506,
              43.700288
            ],
            [
              -87.997958,
              43.710107
            ],
            [
              -87.9065,
              43.713391
            ]
          ]
        ]
      },
      "properties": {
        "rank": 54,
        "city": "Milwaukee",
        "metro_name": "Milwaukee-Waukesha, WI",
        "country": "United States",
        "population": 1575010,
        "population_year": 2025,
        "lat": 43.0389,
        "lon": -87.9065,
        "radius_km": 75.0
      }
    },
    {
      "type": "Feature",
      "geometry": {
        "type": "Polygon",
        "coordinates": [
          [
            [
              -92.7577,
              16.511991
            ],
            [
              -92.688747,
              16.508732
            ],
            [
              -92.620466,
              16.498987
            ],
            [
              -92.553519,
              16.482851
            ],
            [
              -92.488558,
              16.460481
            ],
            [
              -92.426213,
              16.432094
            ],
            [
              -92.36709,
              16.397966
            ],
            [
              -92.311761,
              16.358429
            ],
            [
              -92.26076,
              16.313867
            ],
            [
              -92.214579,
              16.264712
            ],
            [
              -92.173662,
              16.211441
            ],
            [
              -92.138401,
              16.15457
            ],
            [
              -92.109132,
              16.094649
            ],
            [
              -92.086133,
              16.032258
            ],
            [
              -92.069619,
              15.968
            ],
            [
              -92.059744,
              15.902494
            ],
            [
              -92.056597,
              15.836374
            ],
            [
              -92.060201,
              15.770275
            ],
            [
              -92.070515,
              15.704834
            ],
            [
              -92.087433,
              15.640679
            ],
            [
              -92.110787,
              15.578428
            ],
            [
              -92.140347,
              15.518678
            ],
            [
              -92.175825,
              15.462002
            ],
            [
              -92.216875,
              15.408942
            ],
            [
              -92.263101,
              15.360006
            ],
            [
              -92.314057,
              15.315664
            ],
            [
              -92.369253,
              15.276338
            ],
            [
              -92.42816,
              15.242405
            ],
            [
              -92.490213,
              15.214189
            ],
            [
              -92.55482,
              15.191959
            ],
            [
              -92.621362,
              15.175927
            ],
            [
              -92.689204,
              15.166246
            ],
            [
              -92.7577,
              15.163009
            ],
            [
              -92.826196,
              15.166246
            ],
            [
              -92.894038,
              15.175927
            ],
            [
              -92.96058,
              15.191959
            ],
            [
              -93.025187,
              15.214189
            ],
            [
              -93.08724,
              15.242405
            ],
            [
              -93.146147,
              15.276338
            ],
            [
              -93.201343,
              15.315664
            ],
            [
              -93.252299,
              15.360006
            ],
            [
              -93.298525,
              15.408942
            ],
            [
              -93.339575,
              15.462002
            ],
            [
              -93.375053,
              15.518678
            ],
            [
              -93.404613,
              15.578428
            ],
            [
              -93.427967,
              15.640679
            ],
            [
              -93.444885,
              15.704834
            ],
            [
              -93.455199,
              15.770275
            ],
            [
              -93.458803,
              15.836374
            ],
            [
              -93.455656,
              15.902494
            ],
            [
              -93.445781,
              15.968
            ],
            [
              -93.429267,
              16.032258
            ],
            [
              -93.406268,
              16.094649
            ],
            [
              -93.376999,
              16.15457
            ],
            [
              -93.341738,
              16.211441
            ],
            [
              -93.300821,
              16.264712
            ],
            [
              -93.25464,
              16.313867
            ],
            [
              -93.203639,
              16.358429
            ],
            [
              -93.14831,
              16.397966
            ],
            [
              -93.089187,
              16.432094
            ],
            [
              -93.026842,
              16.460481
            ],
            [
              -92.961881,
              16.482851
            ],
            [
              -92.894934,
              16.498987
            ],
            [
              -92.826653,
              16.508732
            ],
            [
              -92.7577,
              16.511991
            ]
          ]
        ]
      },
      "properties": {
        "rank": 55,
        "city": "Querétaro",
        "metro_name": "Querétaro",
        "country": "Mexico",
        "population": 1530820,
        "population_year": 2020,
        "lat": 15.8375,
        "lon": -92.7577,
        "radius_km": 75.0
      }
    },
    {
      "type": "Feature",
      "geometry": {
        "type": "Polygon",
        "coordinates": [
          [
            [
              -97.5164,
              36.142091
            ],
            [
              -97.434539,
              36.138816
            ],
            [
              -97.353486,
              36.129022
            ],
            [
              -97.274042,
              36.112806
            ],
            [
              -97.19699,
              36.090329
            ],
            [
              -97.123086,
              36.061812
            ],
            [
              -97.053055,
              36.027536
            ],
            [
              -96.987582,
              35.987838
            ],
            [
              -96.927301,
              35.943109
            ],
            [
              -96.872795,
              35.893788
            ],
            [
              -96.824587,
              35.840357
            ],
            [
              -96.783133,
              35.783339
            ],
            [
              -96.748825,
              35.72329
            ],
            [
              -96.721979,
              35.660794
            ],
            [
              -96.702837,
              35.596459
            ],
            [
              -96.691567,
              35.530907
            ],
            [
              -96.688258,
              35.464772
            ],
            [
              -96.692922,
              35.398691
            ],
            [
              -96.705495,
              35.3333
            ],
            [
              -96.725837,
              35.269226
            ],
            [
              -96.753736,
              35.207082
            ],
            [
              -96.788908,
              35.147462
            ],
            [
              -96.831003,
              35.090932
            ],
            [
              -96.879607,
              35.038032
            ],
            [
              -96.934247,
              34.989262
            ],
            [
              -96.994394,
              34.945085
            ],
            [
              -97.059473,
              34.905918
            ],
            [
              -97.128862,
              34.872131
            ],
            [
              -97.201902,
              34.844042
            ],
            [
              -97.277902,
              34.821917
            ],
            [
              -97.356145,
              34.805963
            ],
            [
              -97.435894,
              34.79633
            ],
            [
              -97.5164,
              34.793109
            ],
            [
              -97.596906,
              34.79633
            ],
            [
              -97.676655,
              34.805963
            ],
            [
              -97.754898,
              34.821917
            ],
            [
              -97.830898,
              34.844042
            ],
            [
              -97.903938,
              34.872131
            ],
            [
              -97.973327,
              34.905918
            ],
            [
              -98.038406,
              34.945085
            ],
            [
              -98.098553,
              34.989262
            ],
            [
              -98.153193,
              35.038032
            ],
            [
              -98.201797,
              35.090932
            ],
            [
              -98.243892,
              35.147462
            ],
            [
              -98.279064,
              35.207082
            ],
            [
              -98.306963,
              35.269226
            ],
            [
              -98.327305,
              35.3333
            ],
            [
              -98.339878,
              35.398691
            ],
            [
              -98.344542,
              35.464772
            ],
            [
              -98.341233,
              35.530907
            ],
            [
              -98.329963,
              35.596459
            ],
            [
              -98.310821,
              35.660794
            ],
            [
              -98.283975,
              35.72329
            ],
            [
              -98.249667,
              35.783339
            ],
            [
              -98.208213,
              35.840357
            ],
            [
              -98.160005,
              35.893788
            ],
            [
              -98.105499,
              35.943109
            ],
            [
              -98.045218,
              35.987838
            ],
            [
              -97.979745,
              36.027536
            ],
            [
              -97.909714,
              36.061812
            ],
            [
              -97.83581,
              36.090329
            ],
            [
              -97.758758,
              36.112806
            ],
            [
              -97.679314,
              36.129022
            ],
            [
              -97.598261,
              36.138816
            ],
            [
              -97.5164,
              36.142091
            ]
          ]
        ]
      },
      "properties": {
        "rank": 56,
        "city": "Oklahoma City",
        "metro_name": "Oklahoma City, OK",
        "country": "United States",
        "population": 1512813,
        "population_year": 2025,
        "lat": 35.4676,
        "lon": -97.5164,
        "radius_km": 75.0
      }
    },
    {
      "type": "Feature",
      "geometry": {
        "type": "Polygon",
        "coordinates": [
          [
            [
              -106.4608,
              32.394691
            ],
            [
              -106.382508,
              32.391419
            ],
            [
              -106.304987,
              32.381636
            ],
            [
              -106.229,
              32.365438
            ],
            [
              -106.155292,
              32.342985
            ],
            [
              -106.084587,
              32.314496
            ],
            [
              -106.017576,
              32.280253
            ],
            [
              -105.954911,
              32.240591
            ],
            [
              -105.897202,
              32.195898
            ],
            [
              -105.845005,
              32.146614
            ],
            [
              -105.798821,
              32.093218
            ],
            [
              -105.759089,
              32.036232
            ],
            [
              -105.726184,
              31.976211
            ],
            [
              -105.700412,
              31.913738
            ],
            [
              -105.682007,
              31.84942
            ],
            [
              -105.671133,
              31.783878
            ],
            [
              -105.667879,
              31.717746
            ],
            [
              -105.672259,
              31.651661
            ],
            [
              -105.684215,
              31.586259
            ],
            [
              -105.703617,
              31.522167
            ],
            [
              -105.730263,
              31.46
            ],
            [
              -105.763886,
              31.400351
            ],
            [
              -105.804151,
              31.343789
            ],
            [
              -105.850664,
              31.290854
            ],
            [
              -105.902972,
              31.242047
            ],
            [
              -105.96057,
              31.197834
            ],
            [
              -106.022906,
              31.158632
            ],
            [
              -106.089384,
              31.124813
            ],
            [
              -106.159372,
              31.096696
            ],
            [
              -106.232205,
              31.074548
            ],
            [
              -106.307195,
              31.058577
            ],
            [
              -106.383634,
              31.048933
            ],
            [
              -106.4608,
              31.045709
            ],
            [
              -106.537966,
              31.048933
            ],
            [
              -106.614405,
              31.058577
            ],
            [
              -106.689395,
              31.074548
            ],
            [
              -106.762228,
              31.096696
            ],
            [
              -106.832216,
              31.124813
            ],
            [
              -106.898694,
              31.158632
            ],
            [
              -106.96103,
              31.197834
            ],
            [
              -107.018628,
              31.242047
            ],
            [
              -107.070936,
              31.290854
            ],
            [
              -107.117449,
              31.343789
            ],
            [
              -107.157714,
              31.400351
            ],
            [
              -107.191337,
              31.46
            ],
            [
              -107.217983,
              31.522167
            ],
            [
              -107.237385,
              31.586259
            ],
            [
              -107.249341,
              31.651661
            ],
            [
              -107.253721,
              31.717746
            ],
            [
              -107.250467,
              31.783878
            ],
            [
              -107.239593,
              31.84942
            ],
            [
              -107.221188,
              31.913738
            ],
            [
              -107.195416,
              31.976211
            ],
            [
              -107.162511,
              32.036232
            ],
            [
              -107.122779,
              32.093218
            ],
            [
              -107.076595,
              32.146614
            ],
            [
              -107.024398,
              32.195898
            ],
            [
              -106.966689,
              32.240591
            ],
            [
              -106.904024,
              32.280253
            ],
            [
              -106.837013,
              32.314496
            ],
            [
              -106.766308,
              32.342985
            ],
            [
              -106.6926,
              32.365438
            ],
            [
              -106.616613,
              32.381636
            ],
            [
              -106.539092,
              32.391419
            ],
            [
              -106.4608,
              32.394691
            ]
          ]
        ]
      },
      "properties": {
        "rank": 57,
        "city": "Juárez",
        "metro_name": "Juárez",
        "country": "Mexico",
        "population": 1512450,
        "population_year": 2020,
        "lat": 31.7202,
        "lon": -106.4608,
        "radius_km": 75.0
      }
    },
    {
      "type": "Feature",
      "geometry": {
        "type": "Polygon",
        "coordinates": [
          [
            [
              -85.7594,
              38.928691
            ],
            [
              -85.674422,
              38.925413
            ],
            [
              -85.590285,
              38.91561
            ],
            [
              -85.507822,
              38.89938
            ],
            [
              -85.427848,
              38.876884
            ],
            [
              -85.351151,
              38.848344
            ],
            [
              -85.278483,
              38.814041
            ],
            [
              -85.210556,
              38.774315
            ],
            [
              -85.148029,
              38.729556
            ],
            [
              -85.091507,
              38.680205
            ],
            [
              -85.04153,
              38.626746
            ],
            [
              -84.998574,
              38.569702
            ],
            [
              -84.96304,
              38.50963
            ],
            [
              -84.935256,
              38.447116
            ],
            [
              -84.91547,
              38.382767
            ],
            [
              -84.903854,
              38.317207
            ],
            [
              -84.900497,
              38.25107
            ],
            [
              -84.905409,
              38.184993
            ],
            [
              -84.918521,
              38.119611
            ],
            [
              -84.939685,
              38.055551
            ],
            [
              -84.968677,
              37.993426
            ],
            [
              -85.005203,
              37.933829
            ],
            [
              -85.048896,
              37.877326
            ],
            [
              -85.099326,
              37.824454
            ],
            [
              -85.156001,
              37.775713
            ],
            [
              -85.218375,
              37.731565
            ],
            [
              -85.285849,
              37.692426
            ],
            [
              -85.35778,
              37.658665
            ],
            [
              -85.433486,
              37.630599
            ],
            [
              -85.512252,
              37.608492
            ],
            [
              -85.593336,
              37.592551
            ],
            [
              -85.675977,
              37.582927
            ],
            [
              -85.7594,
              37.579709
            ],
            [
              -85.842823,
              37.582927
            ],
            [
              -85.925464,
              37.592551
            ],
            [
              -86.006548,
              37.608492
            ],
            [
              -86.085314,
              37.630599
            ],
            [
              -86.16102,
              37.658665
            ],
            [
              -86.232951,
              37.692426
            ],
            [
              -86.300425,
              37.731565
            ],
            [
              -86.362799,
              37.775713
            ],
            [
              -86.419474,
              37.824454
            ],
            [
              -86.469904,
              37.877326
            ],
            [
              -86.513597,
              37.933829
            ],
            [
              -86.550123,
              37.993426
            ],
            [
              -86.579115,
              38.055551
            ],
            [
              -86.600279,
              38.119611
            ],
            [
              -86.613391,
              38.184993
            ],
            [
              -86.618303,
              38.25107
            ],
            [
              -86.614946,
              38.317207
            ],
            [
              -86.60333,
              38.382767
            ],
            [
              -86.583544,
              38.447116
            ],
            [
              -86.55576,
              38.50963
            ],
            [
              -86.520226,
              38.569702
            ],
            [
              -86.47727,
              38.626746
            ],
            [
              -86.427293,
              38.680205
            ],
            [
              -86.370771,
              38.729556
            ],
            [
              -86.308244,
              38.774315
            ],
            [
              -86.240317,
              38.814041
            ],
            [
              -86.167649,
              38.848344
            ],
            [
              -86.090952,
              38.876884
            ],
            [
              -86.010978,
              38.89938
            ],
            [
              -85.928515,
              38.91561
            ],
            [
              -85.844378,
              38.925413
            ],
            [
              -85.7594,
              38.928691
            ]
          ]
        ]
      },
      "properties": {
        "rank": 58,
        "city": "Louisville",
        "metro_name": "Louisville/Jefferson County, KY-IN",
        "country": "United States",
        "population": 1402509,
        "population_year": 2025,
        "lat": 38.2542,
        "lon": -85.7594,
        "radius_km": 75.0
      }
    },
    {
      "type": "Feature",
      "geometry": {
        "type": "Polygon",
        "coordinates": [
          [
            [
              -77.4603,
              38.228291
            ],
            [
              -77.376146,
              38.225014
            ],
            [
              -77.292825,
              38.215213
            ],
            [
              -77.211161,
              38.198987
            ],
            [
              -77.131959,
              38.176496
            ],
            [
              -77.056001,
              38.147961
            ],
            [
              -76.984031,
              38.113666
            ],
            [
              -76.916752,
              38.073947
            ],
            [
              -76.854819,
              38.029196
            ],
            [
              -76.79883,
              37.979852
            ],
            [
              -76.749322,
              37.9264
            ],
            [
              -76.706763,
              37.869363
            ],
            [
              -76.671553,
              37.809297
            ],
            [
              -76.644017,
              37.746788
            ],
            [
              -76.624401,
              37.682443
            ],
            [
              -76.612877,
              37.616885
            ],
            [
              -76.609532,
              37.550748
            ],
            [
              -76.614379,
              37.48467
            ],
            [
              -76.627348,
              37.419285
            ],
            [
              -76.648294,
              37.355222
            ],
            [
              -76.676997,
              37.293092
            ],
            [
              -76.713165,
              37.233489
            ],
            [
              -76.756435,
              37.176979
            ],
            [
              -76.806383,
              37.1241
            ],
            [
              -76.86252,
              37.075352
            ],
            [
              -76.924305,
              37.031196
            ],
            [
              -76.991145,
              36.99205
            ],
            [
              -77.062404,
              36.958282
            ],
            [
              -77.137405,
              36.93021
            ],
            [
              -77.215439,
              36.908098
            ],
            [
              -77.295772,
              36.892154
            ],
            [
              -77.377649,
              36.882528
            ],
            [
              -77.4603,
              36.879309
            ],
            [
              -77.542951,
              36.882528
            ],
            [
              -77.624828,
              36.892154
            ],
            [
              -77.705161,
              36.908098
            ],
            [
              -77.783195,
              36.93021
            ],
            [
              -77.858196,
              36.958282
            ],
            [
              -77.929455,
              36.99205
            ],
            [
              -77.996295,
              37.031196
            ],
            [
              -78.05808,
              37.075352
            ],
            [
              -78.114217,
              37.1241
            ],
            [
              -78.164165,
              37.176979
            ],
            [
              -78.207435,
              37.233489
            ],
            [
              -78.243603,
              37.293092
            ],
            [
              -78.272306,
              37.355222
            ],
            [
              -78.293252,
              37.419285
            ],
            [
              -78.306221,
              37.48467
            ],
            [
              -78.311068,
              37.550748
            ],
            [
              -78.307723,
              37.616885
            ],
            [
              -78.296199,
              37.682443
            ],
            [
              -78.276583,
              37.746788
            ],
            [
              -78.249047,
              37.809297
            ],
            [
              -78.213837,
              37.869363
            ],
            [
              -78.171278,
              37.9264
            ],
            [
              -78.12177,
              37.979852
            ],
            [
              -78.065781,
              38.029196
            ],
            [
              -78.003848,
              38.073947
            ],
            [
              -77.936569,
              38.113666
            ],
            [
              -77.864599,
              38.147961
            ],
            [
              -77.788641,
              38.176496
            ],
            [
              -77.709439,
              38.198987
            ],
            [
              -77.627775,
              38.215213
            ],
            [
              -77.544454,
              38.225014
            ],
            [
              -77.4603,
              38.228291
            ]
          ]
        ]
      },
      "properties": {
        "rank": 59,
        "city": "Richmond",
        "metro_name": "Richmond, VA",
        "country": "United States",
        "population": 1389338,
        "population_year": 2025,
        "lat": 37.5538,
        "lon": -77.4603,
        "radius_km": 75.0
      }
    },
    {
      "type": "Feature",
      "geometry": {
        "type": "Polygon",
        "coordinates": [
          [
            [
              -103.419,
              26.218391
            ],
            [
              -103.34531,
              26.215125
            ],
            [
              -103.272342,
              26.205358
            ],
            [
              -103.200811,
              26.189186
            ],
            [
              -103.131415,
              26.166767
            ],
            [
              -103.064833,
              26.138321
            ],
            [
              -103.001713,
              26.104127
            ],
            [
              -102.942669,
              26.064517
            ],
            [
              -102.888273,
              26.019879
            ],
            [
              -102.83905,
              25.970649
            ],
            [
              -102.795472,
              25.917305
            ],
            [
              -102.757955,
              25.860368
            ],
            [
              -102.726855,
              25.800389
            ],
            [
              -102.702462,
              25.73795
            ],
            [
              -102.685003,
              25.673657
            ],
            [
              -102.674635,
              25.60813
            ],
            [
              -102.671446,
              25.542003
            ],
            [
              -102.675456,
              25.475912
            ],
            [
              -102.686613,
              25.410493
            ],
            [
              -102.704799,
              25.346375
            ],
            [
              -102.729829,
              25.284172
            ],
            [
              -102.761452,
              25.224481
            ],
            [
              -102.799358,
              25.167871
            ],
            [
              -102.843175,
              25.114883
            ],
            [
              -102.892479,
              25.066023
            ],
            [
              -102.946795,
              25.021756
            ],
            [
              -103.005599,
              24.982502
            ],
            [
              -103.06833,
              24.948635
            ],
            [
              -103.134389,
              24.920477
            ],
            [
              -103.203148,
              24.898294
            ],
            [
              -103.273952,
              24.882298
            ],
            [
              -103.346131,
              24.872639
            ],
            [
              -103.419,
              24.869409
            ],
            [
              -103.491869,
              24.872639
            ],
            [
              -103.564048,
              24.882298
            ],
            [
              -103.634852,
              24.898294
            ],
            [
              -103.703611,
              24.920477
            ],
            [
              -103.76967,
              24.948635
            ],
            [
              -103.832401,
              24.982502
            ],
            [
              -103.891205,
              25.021756
            ],
            [
              -103.945521,
              25.066023
            ],
            [
              -103.994825,
              25.114883
            ],
            [
              -104.038642,
              25.167871
            ],
            [
              -104.076548,
              25.224481
            ],
            [
              -104.108171,
              25.284172
            ],
            [
              -104.133201,
              25.346375
            ],
            [
              -104.151387,
              25.410493
            ],
            [
              -104.162544,
              25.475912
            ],
            [
              -104.166554,
              25.542003
            ],
            [
              -104.163365,
              25.60813
            ],
            [
              -104.152997,
              25.673657
            ],
            [
              -104.135538,
              25.73795
            ],
            [
              -104.111145,
              25.800389
            ],
            [
              -104.080045,
              25.860368
            ],
            [
              -104.042528,
              25.917305
            ],
            [
              -103.99895,
              25.970649
            ],
            [
              -103.949727,
              26.019879
            ],
            [
              -103.895331,
              26.064517
            ],
            [
              -103.836287,
              26.104127
            ],
            [
              -103.773167,
              26.138321
            ],
            [
              -103.706585,
              26.166767
            ],
            [
              -103.637189,
              26.189186
            ],
            [
              -103.565658,
              26.205358
            ],
            [
              -103.49269,
              26.215125
            ],
            [
              -103.419,
              26.218391
            ]
          ]
        ]
      },
      "properties": {
        "rank": 60,
        "city": "Torreón",
        "metro_name": "La Laguna",
        "country": "Mexico",
        "population": 1375248,
        "population_year": 2020,
        "lat": 25.5439,
        "lon": -103.419,
        "radius_km": 75.0
      }
    },
    {
      "type": "Feature",
      "geometry": {
        "type": "Polygon",
        "coordinates": [
          [
            [
              -90.049,
              35.823991
            ],
            [
              -89.967468,
              35.820716
            ],
            [
              -89.886742,
              35.810923
            ],
            [
              -89.807616,
              35.794709
            ],
            [
              -89.730872,
              35.772234
            ],
            [
              -89.657264,
              35.743719
            ],
            [
              -89.587512,
              35.709446
            ],
            [
              -89.522297,
              35.669752
            ],
            [
              -89.462254,
              35.625026
            ],
            [
              -89.407961,
              35.575708
            ],
            [
              -89.359939,
              35.52228
            ],
            [
              -89.318645,
              35.465265
            ],
            [
              -89.284466,
              35.405218
            ],
            [
              -89.257718,
              35.342724
            ],
            [
              -89.238645,
              35.278391
            ],
            [
              -89.227411,
              35.21284
            ],
            [
              -89.224107,
              35.146705
            ],
            [
              -89.228745,
              35.080624
            ],
            [
              -89.241261,
              35.015232
            ],
            [
              -89.261517,
              34.951156
            ],
            [
              -89.2893,
              34.88901
            ],
            [
              -89.32433,
              34.829387
            ],
            [
              -89.366256,
              34.772855
            ],
            [
              -89.414667,
              34.719952
            ],
            [
              -89.469091,
              34.671179
            ],
            [
              -89.529004,
              34.626998
            ],
            [
              -89.593829,
              34.587828
            ],
            [
              -89.662949,
              34.554038
            ],
            [
              -89.735708,
              34.525947
            ],
            [
              -89.811416,
              34.50382
            ],
            [
              -89.889359,
              34.487864
            ],
            [
              -89.968802,
              34.47823
            ],
            [
              -90.049,
              34.475009
            ],
            [
              -90.129198,
              34.47823
            ],
            [
              -90.208641,
              34.487864
            ],
            [
              -90.286584,
              34.50382
            ],
            [
              -90.362292,
              34.525947
            ],
            [
              -90.435051,
              34.554038
            ],
            [
              -90.504171,
              34.587828
            ],
            [
              -90.568996,
              34.626998
            ],
            [
              -90.628909,
              34.671179
            ],
            [
              -90.683333,
              34.719952
            ],
            [
              -90.731744,
              34.772855
            ],
            [
              -90.77367,
              34.829387
            ],
            [
              -90.8087,
              34.88901
            ],
            [
              -90.836483,
              34.951156
            ],
            [
              -90.856739,
              35.015232
            ],
            [
              -90.869255,
              35.080624
            ],
            [
              -90.873893,
              35.146705
            ],
            [
              -90.870589,
              35.21284
            ],
            [
              -90.859355,
              35.278391
            ],
            [
              -90.840282,
              35.342724
            ],
            [
              -90.813534,
              35.405218
            ],
            [
              -90.779355,
              35.465265
            ],
            [
              -90.738061,
              35.52228
            ],
            [
              -90.690039,
              35.575708
            ],
            [
              -90.635746,
              35.625026
            ],
            [
              -90.575703,
              35.669752
            ],
            [
              -90.510488,
              35.709446
            ],
            [
              -90.440736,
              35.743719
            ],
            [
              -90.367128,
              35.772234
            ],
            [
              -90.290384,
              35.794709
            ],
            [
              -90.211258,
              35.810923
            ],
            [
              -90.130532,
              35.820716
            ],
            [
              -90.049,
              35.823991
            ]
          ]
        ]
      },
      "properties": {
        "rank": 61,
        "city": "Memphis",
        "metro_name": "Memphis, TN-MS-AR",
        "country": "United States",
        "population": 1341412,
        "population_year": 2025,
        "lat": 35.1495,
        "lon": -90.049,
        "radius_km": 75.0
      }
    },
    {
      "type": "Feature",
      "geometry": {
        "type": "Polygon",
        "coordinates": [
          [
            [
              -89.6232,
              21.641491
            ],
            [
              -89.552078,
              21.638229
            ],
            [
              -89.48165,
              21.628472
            ],
            [
              -89.412604,
              21.612318
            ],
            [
              -89.345613,
              21.589923
            ],
            [
              -89.28133,
              21.561506
            ],
            [
              -89.220379,
              21.527344
            ],
            [
              -89.163351,
              21.487769
            ],
            [
              -89.110799,
              21.443169
            ],
            [
              -89.06323,
              21.393975
            ],
            [
              -89.0211,
              21.340667
            ],
            [
              -88.984811,
              21.283761
            ],
            [
              -88.95471,
              21.223811
            ],
            [
              -88.93108,
              21.161395
            ],
            [
              -88.91414,
              21.097119
            ],
            [
              -88.904046,
              21.031603
            ],
            [
              -88.900887,
              20.965479
            ],
            [
              -88.904682,
              20.899384
            ],
            [
              -88.915387,
              20.833954
            ],
            [
              -88.93289,
              20.769818
            ],
            [
              -88.957014,
              20.707592
            ],
            [
              -88.987521,
              20.647872
            ],
            [
              -89.02411,
              20.59123
            ],
            [
              -89.066426,
              20.538207
            ],
            [
              -89.114058,
              20.48931
            ],
            [
              -89.166547,
              20.445006
            ],
            [
              -89.223389,
              20.405717
            ],
            [
              -89.284039,
              20.371818
            ],
            [
              -89.347917,
              20.343632
            ],
            [
              -89.414415,
              20.321426
            ],
            [
              -89.482897,
              20.305412
            ],
            [
              -89.552714,
              20.295742
            ],
            [
              -89.6232,
              20.292509
            ],
            [
              -89.693686,
              20.295742
            ],
            [
              -89.763503,
              20.305412
            ],
            [
              -89.831985,
              20.321426
            ],
            [
              -89.898483,
              20.343632
            ],
            [
              -89.962361,
              20.371818
            ],
            [
              -90.023011,
              20.405717
            ],
            [
              -90.079853,
              20.445006
            ],
            [
              -90.132342,
              20.48931
            ],
            [
              -90.179974,
              20.538207
            ],
            [
              -90.22229,
              20.59123
            ],
            [
              -90.258879,
              20.647872
            ],
            [
              -90.289386,
              20.707592
            ],
            [
              -90.31351,
              20.769818
            ],
            [
              -90.331013,
              20.833954
            ],
            [
              -90.341718,
              20.899384
            ],
            [
              -90.345513,
              20.965479
            ],
            [
              -90.342354,
              21.031603
            ],
            [
              -90.33226,
              21.097119
            ],
            [
              -90.31532,
              21.161395
            ],
            [
              -90.29169,
              21.223811
            ],
            [
              -90.261589,
              21.283761
            ],
            [
              -90.2253,
              21.340667
            ],
            [
              -90.18317,
              21.393975
            ],
            [
              -90.135601,
              21.443169
            ],
            [
              -90.083049,
              21.487769
            ],
            [
              -90.026021,
              21.527344
            ],
            [
              -89.96507,
              21.561506
            ],
            [
              -89.900787,
              21.589923
            ],
            [
              -89.833796,
              21.612318
            ],
            [
              -89.76475,
              21.628472
            ],
            [
              -89.694322,
              21.638229
            ],
            [
              -89.6232,
              21.641491
            ]
          ]
        ]
      },
      "properties": {
        "rank": 62,
        "city": "Mérida",
        "metro_name": "Mérida",
        "country": "Mexico",
        "population": 1324771,
        "population_year": 2020,
        "lat": 20.967,
        "lon": -89.6232,
        "radius_km": 75.0
      }
    },
    {
      "type": "Feature",
      "geometry": {
        "type": "Polygon",
        "coordinates": [
          [
            [
              -111.8911,
              41.435291
            ],
            [
              -111.802923,
              41.43201
            ],
            [
              -111.715621,
              41.422199
            ],
            [
              -111.630061,
              41.405955
            ],
            [
              -111.547089,
              41.383441
            ],
            [
              -111.467525,
              41.354878
            ],
            [
              -111.392152,
              41.32055
            ],
            [
              -111.321708,
              41.280796
            ],
            [
              -111.256877,
              41.236008
            ],
            [
              -111.198287,
              41.186629
            ],
            [
              -111.146498,
              41.133142
            ],
            [
              -111.102,
              41.076073
            ],
            [
              -111.06521,
              41.015979
            ],
            [
              -111.036465,
              40.953447
            ],
            [
              -111.01602,
              40.889085
            ],
            [
              -111.00405,
              40.823518
            ],
            [
              -111.000645,
              40.757378
            ],
            [
              -111.005812,
              40.691304
            ],
            [
              -111.019477,
              40.625931
            ],
            [
              -111.041484,
              40.561885
            ],
            [
              -111.071599,
              40.499779
            ],
            [
              -111.109513,
              40.440204
            ],
            [
              -111.154846,
              40.383726
            ],
            [
              -111.207149,
              40.330881
            ],
            [
              -111.265914,
              40.282169
            ],
            [
              -111.330571,
              40.238049
            ],
            [
              -111.400501,
              40.198938
            ],
            [
              -111.47504,
              40.165201
            ],
            [
              -111.553479,
              40.137157
            ],
            [
              -111.635082,
              40.115068
            ],
            [
              -111.719079,
              40.099141
            ],
            [
              -111.804686,
              40.089524
            ],
            [
              -111.8911,
              40.086309
            ],
            [
              -111.977514,
              40.089524
            ],
            [
              -112.063121,
              40.099141
            ],
            [
              -112.147118,
              40.115068
            ],
            [
              -112.228721,
              40.137157
            ],
            [
              -112.30716,
              40.165201
            ],
            [
              -112.381699,
              40.198938
            ],
            [
              -112.451629,
              40.238049
            ],
            [
              -112.516286,
              40.282169
            ],
            [
              -112.575051,
              40.330881
            ],
            [
              -112.627354,
              40.383726
            ],
            [
              -112.672687,
              40.440204
            ],
            [
              -112.710601,
              40.499779
            ],
            [
              -112.740716,
              40.561885
            ],
            [
              -112.762723,
              40.625931
            ],
            [
              -112.776388,
              40.691304
            ],
            [
              -112.781555,
              40.757378
            ],
            [
              -112.77815,
              40.823518
            ],
            [
              -112.76618,
              40.889085
            ],
            [
              -112.745735,
              40.953447
            ],
            [
              -112.71699,
              41.015979
            ],
            [
              -112.6802,
              41.076073
            ],
            [
              -112.635702,
              41.133142
            ],
            [
              -112.583913,
              41.186629
            ],
            [
              -112.525323,
              41.236008
            ],
            [
              -112.460492,
              41.280796
            ],
            [
              -112.390048,
              41.32055
            ],
            [
              -112.314675,
              41.354878
            ],
            [
              -112.235111,
              41.383441
            ],
            [
              -112.152139,
              41.405955
            ],
            [
              -112.066579,
              41.422199
            ],
            [
              -111.979277,
              41.43201
            ],
            [
              -111.8911,
              41.435291
            ]
          ]
        ]
      },
      "properties": {
        "rank": 63,
        "city": "Salt Lake City",
        "metro_name": "Salt Lake City-Murray, UT",
        "country": "United States",
        "population": 1308377,
        "population_year": 2025,
        "lat": 40.7608,
        "lon": -111.8911,
        "radius_km": 75.0
      }
    },
    {
      "type": "Feature",
      "geometry": {
        "type": "Polygon",
        "coordinates": [
          [
            [
              -100.9714,
              22.826791
            ],
            [
              -100.899674,
              22.823528
            ],
            [
              -100.828649,
              22.813769
            ],
            [
              -100.759018,
              22.79761
            ],
            [
              -100.691462,
              22.775209
            ],
            [
              -100.626638,
              22.746784
            ],
            [
              -100.565177,
              22.712614
            ],
            [
              -100.507676,
              22.673031
            ],
            [
              -100.454691,
              22.628421
            ],
            [
              -100.406733,
              22.579218
            ],
            [
              -100.364263,
              22.525901
            ],
            [
              -100.327687,
              22.468987
            ],
            [
              -100.297351,
              22.409029
            ],
            [
              -100.273543,
              22.346608
            ],
            [
              -100.256482,
              22.282328
            ],
            [
              -100.246324,
              22.216809
            ],
            [
              -100.243159,
              22.150684
            ],
            [
              -100.247005,
              22.08459
            ],
            [
              -100.257817,
              22.019163
            ],
            [
              -100.275482,
              21.955032
            ],
            [
              -100.299819,
              21.892811
            ],
            [
              -100.330589,
              21.833098
            ],
            [
              -100.367487,
              21.776464
            ],
            [
              -100.410156,
              21.72345
            ],
            [
              -100.458181,
              21.674563
            ],
            [
              -100.511099,
              21.630268
            ],
            [
              -100.568402,
              21.590988
            ],
            [
              -100.62954,
              21.557097
            ],
            [
              -100.69393,
              21.528918
            ],
            [
              -100.760957,
              21.506718
            ],
            [
              -100.829985,
              21.490708
            ],
            [
              -100.900355,
              21.481041
            ],
            [
              -100.9714,
              21.477809
            ],
            [
              -101.042445,
              21.481041
            ],
            [
              -101.112815,
              21.490708
            ],
            [
              -101.181843,
              21.506718
            ],
            [
              -101.24887,
              21.528918
            ],
            [
              -101.31326,
              21.557097
            ],
            [
              -101.374398,
              21.590988
            ],
            [
              -101.431701,
              21.630268
            ],
            [
              -101.484619,
              21.674563
            ],
            [
              -101.532644,
              21.72345
            ],
            [
              -101.575313,
              21.776464
            ],
            [
              -101.612211,
              21.833098
            ],
            [
              -101.642981,
              21.892811
            ],
            [
              -101.667318,
              21.955032
            ],
            [
              -101.684983,
              22.019163
            ],
            [
              -101.695795,
              22.08459
            ],
            [
              -101.699641,
              22.150684
            ],
            [
              -101.696476,
              22.216809
            ],
            [
              -101.686318,
              22.282328
            ],
            [
              -101.669257,
              22.346608
            ],
            [
              -101.645449,
              22.409029
            ],
            [
              -101.615113,
              22.468987
            ],
            [
              -101.578537,
              22.525901
            ],
            [
              -101.536067,
              22.579218
            ],
            [
              -101.488109,
              22.628421
            ],
            [
              -101.435124,
              22.673031
            ],
            [
              -101.377623,
              22.712614
            ],
            [
              -101.316162,
              22.746784
            ],
            [
              -101.251338,
              22.775209
            ],
            [
              -101.183782,
              22.79761
            ],
            [
              -101.114151,
              22.813769
            ],
            [
              -101.043126,
              22.823528
            ],
            [
              -100.9714,
              22.826791
            ]
          ]
        ]
      },
      "properties": {
        "rank": 64,
        "city": "San Luis Potosí",
        "metro_name": "San Luis Potosí",
        "country": "Mexico",
        "population": 1243980,
        "population_year": 2020,
        "lat": 22.1523,
        "lon": -100.9714,
        "radius_km": 75.0
      }
    },
    {
      "type": "Feature",
      "geometry": {
        "type": "Polygon",
        "coordinates": [
          [
            [
              -119.7724,
              37.422191
            ],
            [
              -119.68916,
              37.418914
            ],
            [
              -119.606744,
              37.409117
            ],
            [
              -119.525964,
              37.392895
            ],
            [
              -119.44762,
              37.370409
            ],
            [
              -119.37248,
              37.341881
            ],
            [
              -119.301284,
              37.307593
            ],
            [
              -119.234725,
              37.267883
            ],
            [
              -119.17345,
              37.22314
            ],
            [
              -119.118053,
              37.173805
            ],
            [
              -119.069062,
              37.120362
            ],
            [
              -119.026944,
              37.063332
            ],
            [
              -118.992094,
              37.003273
            ],
            [
              -118.964832,
              36.940769
            ],
            [
              -118.945406,
              36.876427
            ],
            [
              -118.933983,
              36.810872
            ],
            [
              -118.930652,
              36.744736
            ],
            [
              -118.935426,
              36.678657
            ],
            [
              -118.948237,
              36.61327
            ],
            [
              -118.968943,
              36.549202
            ],
            [
              -118.997325,
              36.487067
            ],
            [
              -119.033096,
              36.427457
            ],
            [
              -119.075898,
              36.370939
            ],
            [
              -119.12531,
              36.318052
            ],
            [
              -119.18085,
              36.269295
            ],
            [
              -119.241982,
              36.225131
            ],
            [
              -119.30812,
              36.185977
            ],
            [
              -119.378633,
              36.152201
            ],
            [
              -119.452852,
              36.124123
            ],
            [
              -119.530076,
              36.102006
            ],
            [
              -119.609576,
              36.086058
            ],
            [
              -119.690604,
              36.076429
            ],
            [
              -119.7724,
              36.073209
            ],
            [
              -119.854196,
              36.076429
            ],
            [
              -119.935224,
              36.086058
            ],
            [
              -120.014724,
              36.102006
            ],
            [
              -120.091948,
              36.124123
            ],
            [
              -120.166167,
              36.152201
            ],
            [
              -120.23668,
              36.185977
            ],
            [
              -120.302818,
              36.225131
            ],
            [
              -120.36395,
              36.269295
            ],
            [
              -120.41949,
              36.318052
            ],
            [
              -120.468902,
              36.370939
            ],
            [
              -120.511704,
              36.427457
            ],
            [
              -120.547475,
              36.487067
            ],
            [
              -120.575857,
              36.549202
            ],
            [
              -120.596563,
              36.61327
            ],
            [
              -120.609374,
              36.678657
            ],
            [
              -120.614148,
              36.744736
            ],
            [
              -120.610817,
              36.810872
            ],
            [
              -120.599394,
              36.876427
            ],
            [
              -120.579968,
              36.940769
            ],
            [
              -120.552706,
              37.003273
            ],
            [
              -120.517856,
              37.063332
            ],
            [
              -120.475738,
              37.120362
            ],
            [
              -120.426747,
              37.173805
            ],
            [
              -120.37135,
              37.22314
            ],
            [
              -120.310075,
              37.267883
            ],
            [
              -120.243516,
              37.307593
            ],
            [
              -120.17232,
              37.341881
            ],
            [
              -120.09718,
              37.370409
            ],
            [
              -120.018836,
              37.392895
            ],
            [
              -119.938056,
              37.409117
            ],
            [
              -119.85564,
              37.418914
            ],
            [
              -119.7724,
              37.422191
            ]
          ]
        ]
      },
      "properties": {
        "rank": 65,
        "city": "Fresno",
        "metro_name": "Fresno, CA",
        "country": "United States",
        "population": 1203383,
        "population_year": 2025,
        "lat": 36.7477,
        "lon": -119.7724,
        "radius_km": 75.0
      }
    },
    {
      "type": "Feature",
      "geometry": {
        "type": "Polygon",
        "coordinates": [
          [
            [
              -86.8025,
              34.195191
            ],
            [
              -86.722576,
              34.191918
            ],
            [
              -86.643439,
              34.18213
            ],
            [
              -86.565871,
              34.165923
            ],
            [
              -86.490633,
              34.143459
            ],
            [
              -86.418465,
              34.114957
            ],
            [
              -86.350073,
              34.080698
            ],
            [
              -86.286124,
              34.041019
            ],
            [
              -86.227238,
              33.99631
            ],
            [
              -86.173985,
              33.947008
            ],
            [
              -86.126875,
              33.893595
            ],
            [
              -86.086356,
              33.836594
            ],
            [
              -86.052809,
              33.77656
            ],
            [
              -86.026546,
              33.714077
            ],
            [
              -86.007804,
              33.64975
            ],
            [
              -85.996749,
              33.584204
            ],
            [
              -85.99347,
              33.51807
            ],
            [
              -85.99798,
              33.451987
            ],
            [
              -86.010218,
              33.38659
            ],
            [
              -86.03005,
              33.322507
            ],
            [
              -86.05727,
              33.26035
            ],
            [
              -86.091601,
              33.200715
            ],
            [
              -86.132704,
              33.144168
            ],
            [
              -86.180173,
              33.091249
            ],
            [
              -86.233547,
              33.04246
            ],
            [
              -86.292312,
              32.998264
            ],
            [
              -86.355902,
              32.959079
            ],
            [
              -86.423711,
              32.925274
            ],
            [
              -86.495095,
              32.897171
            ],
            [
              -86.569376,
              32.875033
            ],
            [
              -86.645854,
              32.85907
            ],
            [
              -86.723807,
              32.849432
            ],
            [
              -86.8025,
              32.846209
            ],
            [
              -86.881193,
              32.849432
            ],
            [
              -86.959146,
              32.85907
            ],
            [
              -87.035624,
              32.875033
            ],
            [
              -87.109905,
              32.897171
            ],
            [
              -87.181289,
              32.925274
            ],
            [
              -87.249098,
              32.959079
            ],
            [
              -87.312688,
              32.998264
            ],
            [
              -87.371453,
              33.04246
            ],
            [
              -87.424827,
              33.091249
            ],
            [
              -87.472296,
              33.144168
            ],
            [
              -87.513399,
              33.200715
            ],
            [
              -87.54773,
              33.26035
            ],
            [
              -87.57495,
              33.322507
            ],
            [
              -87.594782,
              33.38659
            ],
            [
              -87.60702,
              33.451987
            ],
            [
              -87.61153,
              33.51807
            ],
            [
              -87.608251,
              33.584204
            ],
            [
              -87.597196,
              33.64975
            ],
            [
              -87.578454,
              33.714077
            ],
            [
              -87.552191,
              33.77656
            ],
            [
              -87.518644,
              33.836594
            ],
            [
              -87.478125,
              33.893595
            ],
            [
              -87.431015,
              33.947008
            ],
            [
              -87.377762,
              33.99631
            ],
            [
              -87.318876,
              34.041019
            ],
            [
              -87.254927,
              34.080698
            ],
            [
              -87.186535,
              34.114957
            ],
            [
              -87.114367,
              34.143459
            ],
            [
              -87.039129,
              34.165923
            ],
            [
              -86.961561,
              34.18213
            ],
            [
              -86.882424,
              34.191918
            ],
            [
              -86.8025,
              34.195191
            ]
          ]
        ]
      },
      "properties": {
        "rank": 66,
        "city": "Birmingham",
        "metro_name": "Birmingham, AL",
        "country": "United States",
        "population": 1197766,
        "population_year": 2025,
        "lat": 33.5207,
        "lon": -86.8025,
        "radius_km": 75.0
      }
    },
    {
      "type": "Feature",
      "geometry": {
        "type": "Polygon",
        "coordinates": [
          [
            [
              -85.6681,
              43.637891
            ],
            [
              -85.576757,
              43.634607
            ],
            [
              -85.486323,
              43.624788
            ],
            [
              -85.397697,
              43.608532
            ],
            [
              -85.311759,
              43.585999
            ],
            [
              -85.229359,
              43.557415
            ],
            [
              -85.151309,
              43.523063
            ],
            [
              -85.078374,
              43.483283
            ],
            [
              -85.011265,
              43.438469
            ],
            [
              -84.950629,
              43.389062
            ],
            [
              -84.897047,
              43.335549
            ],
            [
              -84.851026,
              43.278457
            ],
            [
              -84.812995,
              43.218342
            ],
            [
              -84.7833,
              43.155794
            ],
            [
              -84.762205,
              43.09142
            ],
            [
              -84.749886,
              43.025844
            ],
            [
              -84.746435,
              42.959703
            ],
            [
              -84.751857,
              42.893632
            ],
            [
              -84.766071,
              42.828267
            ],
            [
              -84.788913,
              42.764235
            ],
            [
              -84.82014,
              42.702146
            ],
            [
              -84.859428,
              42.642592
            ],
            [
              -84.906383,
              42.586138
            ],
            [
              -84.96054,
              42.533319
            ],
            [
              -85.02137,
              42.484634
            ],
            [
              -85.088286,
              42.44054
            ],
            [
              -85.160646,
              42.401454
            ],
            [
              -85.237762,
              42.367741
            ],
            [
              -85.318905,
              42.339717
            ],
            [
              -85.403312,
              42.317645
            ],
            [
              -85.49019,
              42.30173
            ],
            [
              -85.578729,
              42.292122
            ],
            [
              -85.6681,
              42.288909
            ],
            [
              -85.757471,
              42.292122
            ],
            [
              -85.84601,
              42.30173
            ],
            [
              -85.932888,
              42.317645
            ],
            [
              -86.017295,
              42.339717
            ],
            [
              -86.098438,
              42.367741
            ],
            [
              -86.175554,
              42.401454
            ],
            [
              -86.247914,
              42.44054
            ],
            [
              -86.31483,
              42.484634
            ],
            [
              -86.37566,
              42.533319
            ],
            [
              -86.429817,
              42.586138
            ],
            [
              -86.476772,
              42.642592
            ],
            [
              -86.51606,
              42.702146
            ],
            [
              -86.547287,
              42.764235
            ],
            [
              -86.570129,
              42.828267
            ],
            [
              -86.584343,
              42.893632
            ],
            [
              -86.589765,
              42.959703
            ],
            [
              -86.586314,
              43.025844
            ],
            [
              -86.573995,
              43.09142
            ],
            [
              -86.5529,
              43.155794
            ],
            [
              -86.523205,
              43.218342
            ],
            [
              -86.485174,
              43.278457
            ],
            [
              -86.439153,
              43.335549
            ],
            [
              -86.385571,
              43.389062
            ],
            [
              -86.324935,
              43.438469
            ],
            [
              -86.257826,
              43.483283
            ],
            [
              -86.184891,
              43.523063
            ],
            [
              -86.106841,
              43.557415
            ],
            [
              -86.024441,
              43.585999
            ],
            [
              -85.938503,
              43.608532
            ],
            [
              -85.849877,
              43.624788
            ],
            [
              -85.759443,
              43.634607
            ],
            [
              -85.6681,
              43.637891
            ]
          ]
        ]
      },
      "properties": {
        "rank": 67,
        "city": "Grand Rapids",
        "metro_name": "Grand Rapids-Wyoming-Kentwood, MI",
        "country": "United States",
        "population": 1183645,
        "population_year": 2025,
        "lat": 42.9634,
        "lon": -85.6681,
        "radius_km": 75.0
      }
    },
    {
      "type": "Feature",
      "geometry": {
        "type": "Polygon",
        "coordinates": [
          [
            [
              -72.6851,
              42.438191
            ],
            [
              -72.595525,
              42.434909
            ],
            [
              -72.506841,
              42.425094
            ],
            [
              -72.419927,
              42.408845
            ],
            [
              -72.335646,
              42.386322
            ],
            [
              -72.254831,
              42.35775
            ],
            [
              -72.178276,
              42.323411
            ],
            [
              -72.106732,
              42.283645
            ],
            [
              -72.040895,
              42.238846
            ],
            [
              -71.981402,
              42.189454
            ],
            [
              -71.928821,
              42.135956
            ],
            [
              -71.883651,
              42.078876
            ],
            [
              -71.846313,
              42.018773
            ],
            [
              -71.817148,
              41.956234
            ],
            [
              -71.796416,
              41.891867
            ],
            [
              -71.784291,
              41.826296
            ],
            [
              -71.780866,
              41.760155
            ],
            [
              -71.786146,
              41.694082
            ],
            [
              -71.800053,
              41.628713
            ],
            [
              -71.822428,
              41.564673
            ],
            [
              -71.853034,
              41.502575
            ],
            [
              -71.891554,
              41.443009
            ],
            [
              -71.937603,
              41.386542
            ],
            [
              -71.990725,
              41.333709
            ],
            [
              -72.050401,
              41.285009
            ],
            [
              -72.116056,
              41.240901
            ],
            [
              -72.187059,
              41.2018
            ],
            [
              -72.262735,
              41.168074
            ],
            [
              -72.342369,
              41.140039
            ],
            [
              -72.425209,
              41.117958
            ],
            [
              -72.510479,
              41.102036
            ],
            [
              -72.59738,
              41.092423
            ],
            [
              -72.6851,
              41.089209
            ],
            [
              -72.77282,
              41.092423
            ],
            [
              -72.859721,
              41.102036
            ],
            [
              -72.944991,
              41.117958
            ],
            [
              -73.027831,
              41.140039
            ],
            [
              -73.107465,
              41.168074
            ],
            [
              -73.183141,
              41.2018
            ],
            [
              -73.254144,
              41.240901
            ],
            [
              -73.319799,
              41.285009
            ],
            [
              -73.379475,
              41.333709
            ],
            [
              -73.432597,
              41.386542
            ],
            [
              -73.478646,
              41.443009
            ],
            [
              -73.517166,
              41.502575
            ],
            [
              -73.547772,
              41.564673
            ],
            [
              -73.570147,
              41.628713
            ],
            [
              -73.584054,
              41.694082
            ],
            [
              -73.589334,
              41.760155
            ],
            [
              -73.585909,
              41.826296
            ],
            [
              -73.573784,
              41.891867
            ],
            [
              -73.553052,
              41.956234
            ],
            [
              -73.523887,
              42.018773
            ],
            [
              -73.486549,
              42.078876
            ],
            [
              -73.441379,
              42.135956
            ],
            [
              -73.388798,
              42.189454
            ],
            [
              -73.329305,
              42.238846
            ],
            [
              -73.263468,
              42.283645
            ],
            [
              -73.191924,
              42.323411
            ],
            [
              -73.115369,
              42.35775
            ],
            [
              -73.034554,
              42.386322
            ],
            [
              -72.950273,
              42.408845
            ],
            [
              -72.863359,
              42.425094
            ],
            [
              -72.774675,
              42.434909
            ],
            [
              -72.6851,
              42.438191
            ]
          ]
        ]
      },
      "properties": {
        "rank": 68,
        "city": "Hartford",
        "metro_name": "Hartford-West Hartford-East Hartford, CT",
        "country": "United States",
        "population": 1171426,
        "population_year": 2025,
        "lat": 41.7637,
        "lon": -72.6851,
        "radius_km": 75.0
      }
    },
    {
      "type": "Feature",
      "geometry": {
        "type": "Polygon",
        "coordinates": [
          [
            [
              -78.8784,
              43.560991
            ],
            [
              -78.787173,
              43.557707
            ],
            [
              -78.696855,
              43.547889
            ],
            [
              -78.608342,
              43.531633
            ],
            [
              -78.522513,
              43.509101
            ],
            [
              -78.440218,
              43.480518
            ],
            [
              -78.362267,
              43.446166
            ],
            [
              -78.289423,
              43.406387
            ],
            [
              -78.222398,
              43.361574
            ],
            [
              -78.161837,
              43.312168
            ],
            [
              -78.108322,
              43.258656
            ],
            [
              -78.062357,
              43.201564
            ],
            [
              -78.024371,
              43.141451
            ],
            [
              -77.994711,
              43.078903
            ],
            [
              -77.97364,
              43.014529
            ],
            [
              -77.961334,
              42.948954
            ],
            [
              -77.957885,
              42.882813
            ],
            [
              -77.963297,
              42.816742
            ],
            [
              -77.977491,
              42.751377
            ],
            [
              -78.000302,
              42.687344
            ],
            [
              -78.031488,
              42.625254
            ],
            [
              -78.070725,
              42.565699
            ],
            [
              -78.117621,
              42.509245
            ],
            [
              -78.171709,
              42.456425
            ],
            [
              -78.232464,
              42.407739
            ],
            [
              -78.299296,
              42.363644
            ],
            [
              -78.371567,
              42.324557
            ],
            [
              -78.448588,
              42.290843
            ],
            [
              -78.529632,
              42.262819
            ],
            [
              -78.613935,
              42.240746
            ],
            [
              -78.700707,
              42.224831
            ],
            [
              -78.789137,
              42.215222
            ],
            [
              -78.8784,
              42.212009
            ],
            [
              -78.967663,
              42.215222
            ],
            [
              -79.056093,
              42.224831
            ],
            [
              -79.142865,
              42.240746
            ],
            [
              -79.227168,
              42.262819
            ],
            [
              -79.308212,
              42.290843
            ],
            [
              -79.385233,
              42.324557
            ],
            [
              -79.457504,
              42.363644
            ],
            [
              -79.524336,
              42.407739
            ],
            [
              -79.585091,
              42.456425
            ],
            [
              -79.639179,
              42.509245
            ],
            [
              -79.686075,
              42.565699
            ],
            [
              -79.725312,
              42.625254
            ],
            [
              -79.756498,
              42.687344
            ],
            [
              -79.779309,
              42.751377
            ],
            [
              -79.793503,
              42.816742
            ],
            [
              -79.798915,
              42.882813
            ],
            [
              -79.795466,
              42.948954
            ],
            [
              -79.78316,
              43.014529
            ],
            [
              -79.762089,
              43.078903
            ],
            [
              -79.732429,
              43.141451
            ],
            [
              -79.694443,
              43.201564
            ],
            [
              -79.648478,
              43.258656
            ],
            [
              -79.594963,
              43.312168
            ],
            [
              -79.534402,
              43.361574
            ],
            [
              -79.467377,
              43.406387
            ],
            [
              -79.394533,
              43.446166
            ],
            [
              -79.316582,
              43.480518
            ],
            [
              -79.234287,
              43.509101
            ],
            [
              -79.148458,
              43.531633
            ],
            [
              -79.059945,
              43.547889
            ],
            [
              -78.969627,
              43.557707
            ],
            [
              -78.8784,
              43.560991
            ]
          ]
        ]
      },
      "properties": {
        "rank": 69,
        "city": "Buffalo",
        "metro_name": "Buffalo-Cheektowaga, NY",
        "country": "United States",
        "population": 1155653,
        "population_year": 2025,
        "lat": 42.8865,
        "lon": -78.8784,
        "radius_km": 75.0
      }
    },
    {
      "type": "Feature",
      "geometry": {
        "type": "Polygon",
        "coordinates": [
          [
            [
              -102.2843,
              22.557091
            ],
            [
              -102.212715,
              22.553828
            ],
            [
              -102.141829,
              22.544069
            ],
            [
              -102.072335,
              22.527912
            ],
            [
              -102.004911,
              22.505512
            ],
            [
              -101.940213,
              22.477089
            ],
            [
              -101.878871,
              22.442921
            ],
            [
              -101.821481,
              22.40334
            ],
            [
              -101.768597,
              22.358732
            ],
            [
              -101.72073,
              22.309531
            ],
            [
              -101.678339,
              22.256216
            ],
            [
              -101.64183,
              22.199304
            ],
            [
              -101.61155,
              22.139348
            ],
            [
              -101.587783,
              22.076928
            ],
            [
              -101.57075,
              22.012649
            ],
            [
              -101.560608,
              21.94713
            ],
            [
              -101.557443,
              21.881005
            ],
            [
              -101.561278,
              21.814911
            ],
            [
              -101.572065,
              21.749484
            ],
            [
              -101.589692,
              21.685351
            ],
            [
              -101.61398,
              21.62313
            ],
            [
              -101.644688,
              21.563415
            ],
            [
              -101.681514,
              21.506779
            ],
            [
              -101.7241,
              21.453763
            ],
            [
              -101.772034,
              21.404874
            ],
            [
              -101.824852,
              21.360577
            ],
            [
              -101.882047,
              21.321295
            ],
            [
              -101.943071,
              21.287402
            ],
            [
              -102.007341,
              21.259221
            ],
            [
              -102.074245,
              21.23702
            ],
            [
              -102.143145,
              21.221009
            ],
            [
              -102.213386,
              21.211342
            ],
            [
              -102.2843,
              21.208109
            ],
            [
              -102.355214,
              21.211342
            ],
            [
              -102.425455,
              21.221009
            ],
            [
              -102.494355,
              21.23702
            ],
            [
              -102.561259,
              21.259221
            ],
            [
              -102.625529,
              21.287402
            ],
            [
              -102.686553,
              21.321295
            ],
            [
              -102.743748,
              21.360577
            ],
            [
              -102.796566,
              21.404874
            ],
            [
              -102.8445,
              21.453763
            ],
            [
              -102.887086,
              21.506779
            ],
            [
              -102.923912,
              21.563415
            ],
            [
              -102.95462,
              21.62313
            ],
            [
              -102.978908,
              21.685351
            ],
            [
              -102.996535,
              21.749484
            ],
            [
              -103.007322,
              21.814911
            ],
            [
              -103.011157,
              21.881005
            ],
            [
              -103.007992,
              21.94713
            ],
            [
              -102.99785,
              22.012649
            ],
            [
              -102.980817,
              22.076928
            ],
            [
              -102.95705,
              22.139348
            ],
            [
              -102.92677,
              22.199304
            ],
            [
              -102.890261,
              22.256216
            ],
            [
              -102.84787,
              22.309531
            ],
            [
              -102.800003,
              22.358732
            ],
            [
              -102.747119,
              22.40334
            ],
            [
              -102.689729,
              22.442921
            ],
            [
              -102.628387,
              22.477089
            ],
            [
              -102.563689,
              22.505512
            ],
            [
              -102.496265,
              22.527912
            ],
            [
              -102.426771,
              22.544069
            ],
            [
              -102.355885,
              22.553828
            ],
            [
              -102.2843,
              22.557091
            ]
          ]
        ]
      },
      "properties": {
        "rank": 70,
        "city": "Aguascalientes",
        "metro_name": "Aguascalientes",
        "country": "Mexico",
        "population": 1140916,
        "population_year": 2020,
        "lat": 21.8826,
        "lon": -102.2843,
        "radius_km": 75.0
      }
    },
    {
      "type": "Feature",
      "geometry": {
        "type": "Polygon",
        "coordinates": [
          [
            [
              -99.2308,
              19.600591
            ],
            [
              -99.160625,
              19.59733
            ],
            [
              -99.091134,
              19.587578
            ],
            [
              -99.023004,
              19.571431
            ],
            [
              -98.956899,
              19.549046
            ],
            [
              -98.893463,
              19.520641
            ],
            [
              -98.83331,
              19.486493
            ],
            [
              -98.777025,
              19.446934
            ],
            [
              -98.725151,
              19.402349
            ],
            [
              -98.678189,
              19.353171
            ],
            [
              -98.63659,
              19.299878
            ],
            [
              -98.600752,
              19.242986
            ],
            [
              -98.571017,
              19.183048
            ],
            [
              -98.547664,
              19.120642
            ],
            [
              -98.530912,
              19.056373
            ],
            [
              -98.520916,
              18.990861
            ],
            [
              -98.517764,
              18.924739
            ],
            [
              -98.521478,
              18.858642
            ],
            [
              -98.532014,
              18.793208
            ],
            [
              -98.549263,
              18.729065
            ],
            [
              -98.573052,
              18.666828
            ],
            [
              -98.603146,
              18.607096
            ],
            [
              -98.639249,
              18.55044
            ],
            [
              -98.681012,
              18.497402
            ],
            [
              -98.728029,
              18.448489
            ],
            [
              -98.779848,
              18.40417
            ],
            [
              -98.835969,
              18.364866
            ],
            [
              -98.895856,
              18.330953
            ],
            [
              -98.958935,
              18.302755
            ],
            [
              -99.024603,
              18.280539
            ],
            [
              -99.092235,
              18.264518
            ],
            [
              -99.161186,
              18.254844
            ],
            [
              -99.2308,
              18.251609
            ],
            [
              -99.300414,
              18.254844
            ],
            [
              -99.369365,
              18.264518
            ],
            [
              -99.436997,
              18.280539
            ],
            [
              -99.502665,
              18.302755
            ],
            [
              -99.565744,
              18.330953
            ],
            [
              -99.625631,
              18.364866
            ],
            [
              -99.681752,
              18.40417
            ],
            [
              -99.733571,
              18.448489
            ],
            [
              -99.780588,
              18.497402
            ],
            [
              -99.822351,
              18.55044
            ],
            [
              -99.858454,
              18.607096
            ],
            [
              -99.888548,
              18.666828
            ],
            [
              -99.912337,
              18.729065
            ],
            [
              -99.929586,
              18.793208
            ],
            [
              -99.940122,
              18.858642
            ],
            [
              -99.943836,
              18.924739
            ],
            [
              -99.940684,
              18.990861
            ],
            [
              -99.930688,
              19.056373
            ],
            [
              -99.913936,
              19.120642
            ],
            [
              -99.890583,
              19.183048
            ],
            [
              -99.860848,
              19.242986
            ],
            [
              -99.82501,
              19.299878
            ],
            [
              -99.783411,
              19.353171
            ],
            [
              -99.736449,
              19.402349
            ],
            [
              -99.684575,
              19.446934
            ],
            [
              -99.62829,
              19.486493
            ],
            [
              -99.568137,
              19.520641
            ],
            [
              -99.504701,
              19.549046
            ],
            [
              -99.438596,
              19.571431
            ],
            [
              -99.370466,
              19.587578
            ],
            [
              -99.300975,
              19.59733
            ],
            [
              -99.2308,
              19.600591
            ]
          ]
        ]
      },
      "properties": {
        "rank": 71,
        "city": "Cuernavaca",
        "metro_name": "Cuernavaca",
        "country": "Mexico",
        "population": 1121122,
        "population_year": 2020,
        "lat": 18.9261,
        "lon": -99.2308,
        "radius_km": 75.0
      }
    },
    {
      "type": "Feature",
      "geometry": {
        "type": "Polygon",
        "coordinates": [
          [
            [
              -110.9265,
              32.896191
            ],
            [
              -110.847768,
              32.892919
            ],
            [
              -110.769811,
              32.883135
            ],
            [
              -110.693398,
              32.866934
            ],
            [
              -110.619277,
              32.844478
            ],
            [
              -110.548178,
              32.815985
            ],
            [
              -110.480794,
              32.781738
            ],
            [
              -110.417784,
              32.742071
            ],
            [
              -110.359757,
              32.697374
            ],
            [
              -110.307276,
              32.648085
            ],
            [
              -110.260842,
              32.594684
            ],
            [
              -110.220898,
              32.537694
            ],
            [
              -110.187819,
              32.47767
            ],
            [
              -110.161915,
              32.415194
            ],
            [
              -110.143419,
              32.350873
            ],
            [
              -110.132497,
              32.28533
            ],
            [
              -110.129235,
              32.219198
            ],
            [
              -110.133651,
              32.153114
            ],
            [
              -110.145683,
              32.087713
            ],
            [
              -110.165201,
              32.023623
            ],
            [
              -110.192002,
              31.961459
            ],
            [
              -110.225816,
              31.901813
            ],
            [
              -110.266307,
              31.845256
            ],
            [
              -110.313077,
              31.792325
            ],
            [
              -110.365673,
              31.743524
            ],
            [
              -110.423586,
              31.699315
            ],
            [
              -110.48626,
              31.660117
            ],
            [
              -110.553097,
              31.626302
            ],
            [
              -110.623461,
              31.59819
            ],
            [
              -110.696684,
              31.576044
            ],
            [
              -110.772076,
              31.560075
            ],
            [
              -110.848922,
              31.550433
            ],
            [
              -110.9265,
              31.547209
            ],
            [
              -111.004078,
              31.550433
            ],
            [
              -111.080924,
              31.560075
            ],
            [
              -111.156316,
              31.576044
            ],
            [
              -111.229539,
              31.59819
            ],
            [
              -111.299903,
              31.626302
            ],
            [
              -111.36674,
              31.660117
            ],
            [
              -111.429414,
              31.699315
            ],
            [
              -111.487327,
              31.743524
            ],
            [
              -111.539923,
              31.792325
            ],
            [
              -111.586693,
              31.845256
            ],
            [
              -111.627184,
              31.901813
            ],
            [
              -111.660998,
              31.961459
            ],
            [
              -111.687799,
              32.023623
            ],
            [
              -111.707317,
              32.087713
            ],
            [
              -111.719349,
              32.153114
            ],
            [
              -111.723765,
              32.219198
            ],
            [
              -111.720503,
              32.28533
            ],
            [
              -111.709581,
              32.350873
            ],
            [
              -111.691085,
              32.415194
            ],
            [
              -111.665181,
              32.47767
            ],
            [
              -111.632102,
              32.537694
            ],
            [
              -111.592158,
              32.594684
            ],
            [
              -111.545724,
              32.648085
            ],
            [
              -111.493243,
              32.697374
            ],
            [
              -111.435216,
              32.742071
            ],
            [
              -111.372206,
              32.781738
            ],
            [
              -111.304822,
              32.815985
            ],
            [
              -111.233723,
              32.844478
            ],
            [
              -111.159602,
              32.866934
            ],
            [
              -111.083189,
              32.883135
            ],
            [
              -111.005232,
              32.892919
            ],
            [
              -110.9265,
              32.896191
            ]
          ]
        ]
      },
      "properties": {
        "rank": 72,
        "city": "Tucson",
        "metro_name": "Tucson, AZ",
        "country": "United States",
        "population": 1074685,
        "population_year": 2025,
        "lat": 32.2217,
        "lon": -110.9265,
        "radius_km": 75.0
      }
    },
    {
      "type": "Feature",
      "geometry": {
        "type": "Polygon",
        "coordinates": [
          [
            [
              -95.9928,
              36.828491
            ],
            [
              -95.910211,
              36.825215
            ],
            [
              -95.828437,
              36.815419
            ],
            [
              -95.748288,
              36.7992
            ],
            [
              -95.670553,
              36.776718
            ],
            [
              -95.595996,
              36.748196
            ],
            [
              -95.525349,
              36.713913
            ],
            [
              -95.459302,
              36.674209
            ],
            [
              -95.398497,
              36.629472
            ],
            [
              -95.343519,
              36.580144
            ],
            [
              -95.294898,
              36.526706
            ],
            [
              -95.253093,
              36.469682
            ],
            [
              -95.218499,
              36.409627
            ],
            [
              -95.191433,
              36.347127
            ],
            [
              -95.172141,
              36.282789
            ],
            [
              -95.16079,
              36.217235
            ],
            [
              -95.157469,
              36.151099
            ],
            [
              -95.162191,
              36.085019
            ],
            [
              -95.17489,
              36.019631
            ],
            [
              -95.195424,
              35.95556
            ],
            [
              -95.223579,
              35.893421
            ],
            [
              -95.259067,
              35.833806
            ],
            [
              -95.301536,
              35.777283
            ],
            [
              -95.350567,
              35.724389
            ],
            [
              -95.405682,
              35.675627
            ],
            [
              -95.46635,
              35.631456
            ],
            [
              -95.531988,
              35.592296
            ],
            [
              -95.601971,
              35.558515
            ],
            [
              -95.675634,
              35.530432
            ],
            [
              -95.75228,
              35.508311
            ],
            [
              -95.831187,
              35.49236
            ],
            [
              -95.911613,
              35.482729
            ],
            [
              -95.9928,
              35.479509
            ],
            [
              -96.073987,
              35.482729
            ],
            [
              -96.154413,
              35.49236
            ],
            [
              -96.23332,
              35.508311
            ],
            [
              -96.309966,
              35.530432
            ],
            [
              -96.383629,
              35.558515
            ],
            [
              -96.453612,
              35.592296
            ],
            [
              -96.51925,
              35.631456
            ],
            [
              -96.579918,
              35.675627
            ],
            [
              -96.635033,
              35.724389
            ],
            [
              -96.684064,
              35.777283
            ],
            [
              -96.726533,
              35.833806
            ],
            [
              -96.762021,
              35.893421
            ],
            [
              -96.790176,
              35.95556
            ],
            [
              -96.81071,
              36.019631
            ],
            [
              -96.823409,
              36.085019
            ],
            [
              -96.828131,
              36.151099
            ],
            [
              -96.82481,
              36.217235
            ],
            [
              -96.813459,
              36.282789
            ],
            [
              -96.794167,
              36.347127
            ],
            [
              -96.767101,
              36.409627
            ],
            [
              -96.732507,
              36.469682
            ],
            [
              -96.690702,
              36.526706
            ],
            [
              -96.642081,
              36.580144
            ],
            [
              -96.587103,
              36.629472
            ],
            [
              -96.526298,
              36.674209
            ],
            [
              -96.460251,
              36.713913
            ],
            [
              -96.389604,
              36.748196
            ],
            [
              -96.315047,
              36.776718
            ],
            [
              -96.237312,
              36.7992
            ],
            [
              -96.157163,
              36.815419
            ],
            [
              -96.075389,
              36.825215
            ],
            [
              -95.9928,
              36.828491
            ]
          ]
        ]
      },
      "properties": {
        "rank": 73,
        "city": "Tulsa",
        "metro_name": "Tulsa, OK",
        "country": "United States",
        "population": 1069273,
        "population_year": 2025,
        "lat": 36.154,
        "lon": -95.9928,
        "radius_km": 75.0
      }
    },
    {
      "type": "Feature",
      "geometry": {
        "type": "Polygon",
        "coordinates": [
          [
            [
              -77.6156,
              43.829291
            ],
            [
              -77.523964,
              43.826007
            ],
            [
              -77.433241,
              43.816187
            ],
            [
              -77.344332,
              43.79993
            ],
            [
              -77.25812,
              43.777396
            ],
            [
              -77.175458,
              43.74881
            ],
            [
              -77.097161,
              43.714455
            ],
            [
              -77.023997,
              43.674673
            ],
            [
              -76.956677,
              43.629856
            ],
            [
              -76.895852,
              43.580447
            ],
            [
              -76.842105,
              43.526932
            ],
            [
              -76.795944,
              43.469837
            ],
            [
              -76.757798,
              43.409721
            ],
            [
              -76.728015,
              43.347171
            ],
            [
              -76.70686,
              43.282796
            ],
            [
              -76.694509,
              43.21722
            ],
            [
              -76.691054,
              43.151078
            ],
            [
              -76.6965,
              43.085007
            ],
            [
              -76.710764,
              43.019643
            ],
            [
              -76.733684,
              42.955612
            ],
            [
              -76.765013,
              42.893525
            ],
            [
              -76.804428,
              42.833973
            ],
            [
              -76.851533,
              42.777521
            ],
            [
              -76.905861,
              42.724704
            ],
            [
              -76.966882,
              42.676021
            ],
            [
              -77.034006,
              42.631931
            ],
            [
              -77.10659,
              42.592847
            ],
            [
              -77.183945,
              42.559136
            ],
            [
              -77.265337,
              42.531114
            ],
            [
              -77.350003,
              42.509043
            ],
            [
              -77.437147,
              42.493129
            ],
            [
              -77.525956,
              42.483521
            ],
            [
              -77.6156,
              42.480309
            ],
            [
              -77.705244,
              42.483521
            ],
            [
              -77.794053,
              42.493129
            ],
            [
              -77.881197,
              42.509043
            ],
            [
              -77.965863,
              42.531114
            ],
            [
              -78.047255,
              42.559136
            ],
            [
              -78.12461,
              42.592847
            ],
            [
              -78.197194,
              42.631931
            ],
            [
              -78.264318,
              42.676021
            ],
            [
              -78.325339,
              42.724704
            ],
            [
              -78.379667,
              42.777521
            ],
            [
              -78.426772,
              42.833973
            ],
            [
              -78.466187,
              42.893525
            ],
            [
              -78.497516,
              42.955612
            ],
            [
              -78.520436,
              43.019643
            ],
            [
              -78.5347,
              43.085007
            ],
            [
              -78.540146,
              43.151078
            ],
            [
              -78.536691,
              43.21722
            ],
            [
              -78.52434,
              43.282796
            ],
            [
              -78.503185,
              43.347171
            ],
            [
              -78.473402,
              43.409721
            ],
            [
              -78.435256,
              43.469837
            ],
            [
              -78.389095,
              43.526932
            ],
            [
              -78.335348,
              43.580447
            ],
            [
              -78.274523,
              43.629856
            ],
            [
              -78.207203,
              43.674673
            ],
            [
              -78.134039,
              43.714455
            ],
            [
              -78.055742,
              43.74881
            ],
            [
              -77.97308,
              43.777396
            ],
            [
              -77.886868,
              43.79993
            ],
            [
              -77.797959,
              43.816187
            ],
            [
              -77.707236,
              43.826007
            ],
            [
              -77.6156,
              43.829291
            ]
          ]
        ]
      },
      "properties": {
        "rank": 74,
        "city": "Rochester",
        "metro_name": "Rochester, NY",
        "country": "United States",
        "population": 1056149,
        "population_year": 2025,
        "lat": 43.1548,
        "lon": -77.6156,
        "radius_km": 75.0
      }
    },
    {
      "type": "Feature",
      "geometry": {
        "type": "Polygon",
        "coordinates": [
          [
            [
              -115.4545,
              33.302291
            ],
            [
              -115.375403,
              33.299019
            ],
            [
              -115.297086,
              33.289233
            ],
            [
              -115.220319,
              33.273031
            ],
            [
              -115.145857,
              33.250572
            ],
            [
              -115.074431,
              33.222076
            ],
            [
              -115.006739,
              33.187825
            ],
            [
              -114.943442,
              33.148155
            ],
            [
              -114.885153,
              33.103454
            ],
            [
              -114.832435,
              33.054161
            ],
            [
              -114.785795,
              33.000757
            ],
            [
              -114.745675,
              32.943763
            ],
            [
              -114.712453,
              32.883736
            ],
            [
              -114.686439,
              32.821258
            ],
            [
              -114.667868,
              32.756935
            ],
            [
              -114.656905,
              32.691391
            ],
            [
              -114.653638,
              32.625258
            ],
            [
              -114.658082,
              32.559174
            ],
            [
              -114.670178,
              32.493775
            ],
            [
              -114.689792,
              32.429687
            ],
            [
              -114.716721,
              32.367525
            ],
            [
              -114.750693,
              32.307883
            ],
            [
              -114.791371,
              32.251329
            ],
            [
              -114.838355,
              32.198402
            ],
            [
              -114.891189,
              32.149604
            ],
            [
              -114.949362,
              32.105399
            ],
            [
              -115.012316,
              32.066205
            ],
            [
              -115.07945,
              32.032394
            ],
            [
              -115.150126,
              32.004284
            ],
            [
              -115.223673,
              31.982141
            ],
            [
              -115.299396,
              31.966174
            ],
            [
              -115.376581,
              31.956533
            ],
            [
              -115.4545,
              31.953309
            ],
            [
              -115.532419,
              31.956533
            ],
            [
              -115.609604,
              31.966174
            ],
            [
              -115.685327,
              31.982141
            ],
            [
              -115.758874,
              32.004284
            ],
            [
              -115.82955,
              32.032394
            ],
            [
              -115.896684,
              32.066205
            ],
            [
              -115.959638,
              32.105399
            ],
            [
              -116.017811,
              32.149604
            ],
            [
              -116.070645,
              32.198402
            ],
            [
              -116.117629,
              32.251329
            ],
            [
              -116.158307,
              32.307883
            ],
            [
              -116.192279,
              32.367525
            ],
            [
              -116.219208,
              32.429687
            ],
            [
              -116.238822,
              32.493775
            ],
            [
              -116.250918,
              32.559174
            ],
            [
              -116.255362,
              32.625258
            ],
            [
              -116.252095,
              32.691391
            ],
            [
              -116.241132,
              32.756935
            ],
            [
              -116.222561,
              32.821258
            ],
            [
              -116.196547,
              32.883736
            ],
            [
              -116.163325,
              32.943763
            ],
            [
              -116.123205,
              33.000757
            ],
            [
              -116.076565,
              33.054161
            ],
            [
              -116.023847,
              33.103454
            ],
            [
              -115.965558,
              33.148155
            ],
            [
              -115.902261,
              33.187825
            ],
            [
              -115.834569,
              33.222076
            ],
            [
              -115.763143,
              33.250572
            ],
            [
              -115.688681,
              33.273031
            ],
            [
              -115.611914,
              33.289233
            ],
            [
              -115.533597,
              33.299019
            ],
            [
              -115.4545,
              33.302291
            ]
          ]
        ]
      },
      "properties": {
        "rank": 75,
        "city": "Mexicali",
        "metro_name": "Mexicali",
        "country": "Mexico",
        "population": 1049792,
        "population_year": 2020,
        "lat": 32.6278,
        "lon": -115.4545,
        "radius_km": 75.0
      }
    },
    {
      "type": "Feature",
      "geometry": {
        "type": "Polygon",
        "coordinates": [
          [
            [
              -100.9796,
              26.100491
            ],
            [
              -100.905985,
              26.097225
            ],
            [
              -100.83309,
              26.087458
            ],
            [
              -100.761631,
              26.071287
            ],
            [
              -100.692305,
              26.048869
            ],
            [
              -100.625789,
              26.020424
            ],
            [
              -100.562733,
              25.98623
            ],
            [
              -100.503747,
              25.946621
            ],
            [
              -100.449405,
              25.901984
            ],
            [
              -100.40023,
              25.852755
            ],
            [
              -100.356694,
              25.799412
            ],
            [
              -100.319212,
              25.742475
            ],
            [
              -100.288141,
              25.682497
            ],
            [
              -100.263771,
              25.620059
            ],
            [
              -100.246327,
              25.555766
            ],
            [
              -100.235967,
              25.49024
            ],
            [
              -100.232779,
              25.424113
            ],
            [
              -100.236782,
              25.358022
            ],
            [
              -100.247926,
              25.292603
            ],
            [
              -100.266093,
              25.228484
            ],
            [
              -100.291096,
              25.166281
            ],
            [
              -100.322687,
              25.106589
            ],
            [
              -100.360555,
              25.049978
            ],
            [
              -100.404329,
              24.996989
            ],
            [
              -100.453585,
              24.948128
            ],
            [
              -100.507847,
              24.90386
            ],
            [
              -100.566594,
              24.864605
            ],
            [
              -100.629265,
              24.830738
            ],
            [
              -100.69526,
              24.802578
            ],
            [
              -100.763953,
              24.780395
            ],
            [
              -100.83469,
              24.764398
            ],
            [
              -100.9068,
              24.754739
            ],
            [
              -100.9796,
              24.751509
            ],
            [
              -101.0524,
              24.754739
            ],
            [
              -101.12451,
              24.764398
            ],
            [
              -101.195247,
              24.780395
            ],
            [
              -101.26394,
              24.802578
            ],
            [
              -101.329935,
              24.830738
            ],
            [
              -101.392606,
              24.864605
            ],
            [
              -101.451353,
              24.90386
            ],
            [
              -101.505615,
              24.948128
            ],
            [
              -101.554871,
              24.996989
            ],
            [
              -101.598645,
              25.049978
            ],
            [
              -101.636513,
              25.106589
            ],
            [
              -101.668104,
              25.166281
            ],
            [
              -101.693107,
              25.228484
            ],
            [
              -101.711274,
              25.292603
            ],
            [
              -101.722418,
              25.358022
            ],
            [
              -101.726421,
              25.424113
            ],
            [
              -101.723233,
              25.49024
            ],
            [
              -101.712873,
              25.555766
            ],
            [
              -101.695429,
              25.620059
            ],
            [
              -101.671059,
              25.682497
            ],
            [
              -101.639988,
              25.742475
            ],
            [
              -101.602506,
              25.799412
            ],
            [
              -101.55897,
              25.852755
            ],
            [
              -101.509795,
              25.901984
            ],
            [
              -101.455453,
              25.946621
            ],
            [
              -101.396467,
              25.98623
            ],
            [
              -101.333411,
              26.020424
            ],
            [
              -101.266895,
              26.048869
            ],
            [
              -101.197569,
              26.071287
            ],
            [
              -101.12611,
              26.087458
            ],
            [
              -101.053215,
              26.097225
            ],
            [
              -100.9796,
              26.100491
            ]
          ]
        ]
      },
      "properties": {
        "rank": 76,
        "city": "Saltillo",
        "metro_name": "Saltillo",
        "country": "Mexico",
        "population": 1031779,
        "population_year": 2020,
        "lat": 25.426,
        "lon": -100.9796,
        "radius_km": 75.0
      }
    },
    {
      "type": "Feature",
      "geometry": {
        "type": "Polygon",
        "coordinates": [
          [
            [
              -77.3663,
              36.287191
            ],
            [
              -77.284287,
              36.283916
            ],
            [
              -77.203084,
              36.274121
            ],
            [
              -77.123493,
              36.257905
            ],
            [
              -77.046298,
              36.235427
            ],
            [
              -76.972258,
              36.206908
            ],
            [
              -76.902099,
              36.172631
            ],
            [
              -76.836506,
              36.132932
            ],
            [
              -76.776115,
              36.088201
            ],
            [
              -76.721511,
              36.038878
            ],
            [
              -76.673217,
              35.985446
            ],
            [
              -76.63169,
              35.928427
            ],
            [
              -76.597322,
              35.868376
            ],
            [
              -76.57043,
              35.80588
            ],
            [
              -76.551257,
              35.741544
            ],
            [
              -76.53997,
              35.675992
            ],
            [
              -76.536658,
              35.609856
            ],
            [
              -76.541334,
              35.543776
            ],
            [
              -76.553934,
              35.478385
            ],
            [
              -76.574316,
              35.414312
            ],
            [
              -76.602268,
              35.352169
            ],
            [
              -76.637507,
              35.29255
            ],
            [
              -76.67968,
              35.236022
            ],
            [
              -76.728373,
              35.183123
            ],
            [
              -76.783111,
              35.134355
            ],
            [
              -76.843367,
              35.090179
            ],
            [
              -76.908563,
              35.051013
            ],
            [
              -76.978075,
              35.017228
            ],
            [
              -77.051245,
              34.98914
            ],
            [
              -77.12738,
              34.967016
            ],
            [
              -77.205762,
              34.951062
            ],
            [
              -77.285652,
              34.94143
            ],
            [
              -77.3663,
              34.938209
            ],
            [
              -77.446948,
              34.94143
            ],
            [
              -77.526838,
              34.951062
            ],
            [
              -77.60522,
              34.967016
            ],
            [
              -77.681355,
              34.98914
            ],
            [
              -77.754525,
              35.017228
            ],
            [
              -77.824037,
              35.051013
            ],
            [
              -77.889233,
              35.090179
            ],
            [
              -77.949489,
              35.134355
            ],
            [
              -78.004227,
              35.183123
            ],
            [
              -78.05292,
              35.236022
            ],
            [
              -78.095093,
              35.29255
            ],
            [
              -78.130332,
              35.352169
            ],
            [
              -78.158284,
              35.414312
            ],
            [
              -78.178666,
              35.478385
            ],
            [
              -78.191266,
              35.543776
            ],
            [
              -78.195942,
              35.609856
            ],
            [
              -78.19263,
              35.675992
            ],
            [
              -78.181343,
              35.741544
            ],
            [
              -78.16217,
              35.80588
            ],
            [
              -78.135278,
              35.868376
            ],
            [
              -78.10091,
              35.928427
            ],
            [
              -78.059383,
              35.985446
            ],
            [
              -78.011089,
              36.038878
            ],
            [
              -77.956485,
              36.088201
            ],
            [
              -77.896094,
              36.132932
            ],
            [
              -77.830501,
              36.172631
            ],
            [
              -77.760342,
              36.206908
            ],
            [
              -77.686302,
              36.235427
            ],
            [
              -77.609107,
              36.257905
            ],
            [
              -77.529516,
              36.274121
            ],
            [
              -77.448313,
              36.283916
            ],
            [
              -77.3663,
              36.287191
            ]
          ]
        ]
      },
      "properties": {
        "rank": 77,
        "city": "Greenville",
        "metro_name": "Greenville-Anderson-Greer, SC",
        "country": "United States",
        "population": 1014101,
        "population_year": 2025,
        "lat": 35.6127,
        "lon": -77.3663,
        "radius_km": 75.0
      }
    },
    {
      "type": "Feature",
      "geometry": {
        "type": "Polygon",
        "coordinates": [
          [
            [
              -95.9404,
              41.930791
            ],
            [
              -95.851541,
              41.927509
            ],
            [
              -95.763565,
              41.917697
            ],
            [
              -95.677345,
              41.90145
            ],
            [
              -95.593735,
              41.878932
            ],
            [
              -95.51356,
              41.850364
            ],
            [
              -95.437611,
              41.816031
            ],
            [
              -95.36663,
              41.776271
            ],
            [
              -95.301309,
              41.731478
            ],
            [
              -95.242278,
              41.682092
            ],
            [
              -95.190103,
              41.6286
            ],
            [
              -95.145277,
              41.571525
            ],
            [
              -95.10822,
              41.511427
            ],
            [
              -95.07927,
              41.448892
            ],
            [
              -95.058685,
              41.384527
            ],
            [
              -95.046639,
              41.318958
            ],
            [
              -95.043224,
              41.252818
            ],
            [
              -95.048447,
              41.186744
            ],
            [
              -95.06223,
              41.121373
            ],
            [
              -95.084416,
              41.05733
            ],
            [
              -95.11477,
              40.995228
            ],
            [
              -95.15298,
              40.935657
            ],
            [
              -95.198662,
              40.879185
            ],
            [
              -95.251365,
              40.826346
            ],
            [
              -95.310574,
              40.77764
            ],
            [
              -95.375717,
              40.733526
            ],
            [
              -95.446171,
              40.694419
            ],
            [
              -95.521265,
              40.660688
            ],
            [
              -95.600287,
              40.632648
            ],
            [
              -95.682493,
              40.610563
            ],
            [
              -95.767111,
              40.594638
            ],
            [
              -95.853349,
              40.585024
            ],
            [
              -95.9404,
              40.581809
            ],
            [
              -96.027451,
              40.585024
            ],
            [
              -96.113689,
              40.594638
            ],
            [
              -96.198307,
              40.610563
            ],
            [
              -96.280513,
              40.632648
            ],
            [
              -96.359535,
              40.660688
            ],
            [
              -96.434629,
              40.694419
            ],
            [
              -96.505083,
              40.733526
            ],
            [
              -96.570226,
              40.77764
            ],
            [
              -96.629435,
              40.826346
            ],
            [
              -96.682138,
              40.879185
            ],
            [
              -96.72782,
              40.935657
            ],
            [
              -96.76603,
              40.995228
            ],
            [
              -96.796384,
              41.05733
            ],
            [
              -96.81857,
              41.121373
            ],
            [
              -96.832353,
              41.186744
            ],
            [
              -96.837576,
              41.252818
            ],
            [
              -96.834161,
              41.318958
            ],
            [
              -96.822115,
              41.384527
            ],
            [
              -96.80153,
              41.448892
            ],
            [
              -96.77258,
              41.511427
            ],
            [
              -96.735523,
              41.571525
            ],
            [
              -96.690697,
              41.6286
            ],
            [
              -96.638522,
              41.682092
            ],
            [
              -96.579491,
              41.731478
            ],
            [
              -96.51417,
              41.776271
            ],
            [
              -96.443189,
              41.816031
            ],
            [
              -96.36724,
              41.850364
            ],
            [
              -96.287065,
              41.878932
            ],
            [
              -96.203455,
              41.90145
            ],
            [
              -96.117235,
              41.917697
            ],
            [
              -96.029259,
              41.927509
            ],
            [
              -95.9404,
              41.930791
            ]
          ]
        ]
      },
      "properties": {
        "rank": 78,
        "city": "Omaha",
        "metro_name": "Omaha, NE-IA",
        "country": "United States",
        "population": 1009836,
        "population_year": 2025,
        "lat": 41.2563,
        "lon": -95.9404,
        "radius_km": 75.0
      }
    },
    {
      "type": "Feature",
      "geometry": {
        "type": "Polygon",
        "coordinates": [
          [
            [
              -107.3942,
              25.476591
            ],
            [
              -107.320971,
              25.473325
            ],
            [
              -107.248459,
              25.46356
            ],
            [
              -107.177373,
              25.447391
            ],
            [
              -107.108409,
              25.424976
            ],
            [
              -107.042239,
              25.396535
            ],
            [
              -106.979509,
              25.362346
            ],
            [
              -106.920827,
              25.322742
            ],
            [
              -106.866763,
              25.278111
            ],
            [
              -106.817836,
              25.228887
            ],
            [
              -106.774519,
              25.175549
            ],
            [
              -106.737223,
              25.118617
            ],
            [
              -106.706302,
              25.058642
            ],
            [
              -106.682047,
              24.996208
            ],
            [
              -106.664682,
              24.931917
            ],
            [
              -106.654364,
              24.866392
            ],
            [
              -106.651181,
              24.800265
            ],
            [
              -106.655152,
              24.734174
            ],
            [
              -106.666229,
              24.668753
            ],
            [
              -106.684293,
              24.604632
            ],
            [
              -106.70916,
              24.542426
            ],
            [
              -106.740584,
              24.482729
            ],
            [
              -106.778253,
              24.426114
            ],
            [
              -106.821801,
              24.373121
            ],
            [
              -106.870805,
              24.324254
            ],
            [
              -106.924792,
              24.279981
            ],
            [
              -106.983244,
              24.240721
            ],
            [
              -107.0456,
              24.206849
            ],
            [
              -107.111267,
              24.178686
            ],
            [
              -107.179619,
              24.1565
            ],
            [
              -107.250006,
              24.1405
            ],
            [
              -107.32176,
              24.130839
            ],
            [
              -107.3942,
              24.127609
            ],
            [
              -107.46664,
              24.130839
            ],
            [
              -107.538394,
              24.1405
            ],
            [
              -107.608781,
              24.1565
            ],
            [
              -107.677133,
              24.178686
            ],
            [
              -107.7428,
              24.206849
            ],
            [
              -107.805156,
              24.240721
            ],
            [
              -107.863608,
              24.279981
            ],
            [
              -107.917595,
              24.324254
            ],
            [
              -107.966599,
              24.373121
            ],
            [
              -108.010147,
              24.426114
            ],
            [
              -108.047816,
              24.482729
            ],
            [
              -108.07924,
              24.542426
            ],
            [
              -108.104107,
              24.604632
            ],
            [
              -108.122171,
              24.668753
            ],
            [
              -108.133248,
              24.734174
            ],
            [
              -108.137219,
              24.800265
            ],
            [
              -108.134036,
              24.866392
            ],
            [
              -108.123718,
              24.931917
            ],
            [
              -108.106353,
              24.996208
            ],
            [
              -108.082098,
              25.058642
            ],
            [
              -108.051177,
              25.118617
            ],
            [
              -108.013881,
              25.175549
            ],
            [
              -107.970564,
              25.228887
            ],
            [
              -107.921637,
              25.278111
            ],
            [
              -107.867573,
              25.322742
            ],
            [
              -107.808891,
              25.362346
            ],
            [
              -107.746161,
              25.396535
            ],
            [
              -107.679991,
              25.424976
            ],
            [
              -107.611027,
              25.447391
            ],
            [
              -107.539941,
              25.46356
            ],
            [
              -107.467429,
              25.473325
            ],
            [
              -107.3942,
              25.476591
            ]
          ]
        ]
      },
      "properties": {
        "rank": 79,
        "city": "Culiacán",
        "metro_name": "Culiacán",
        "country": "Mexico",
        "population": 1003530,
        "population_year": 2020,
        "lat": 24.8021,
        "lon": -107.3942,
        "radius_km": 75.0
      }
    },
    {
      "type": "Feature",
      "geometry": {
        "type": "Polygon",
        "coordinates": [
          [
            [
              -101.1844,
              20.375291
            ],
            [
              -101.113879,
              20.372029
            ],
            [
              -101.044046,
              20.362276
            ],
            [
              -100.975581,
              20.346126
            ],
            [
              -100.909153,
              20.323737
            ],
            [
              -100.845407,
              20.295328
            ],
            [
              -100.784963,
              20.261175
            ],
            [
              -100.728406,
              20.22161
            ],
            [
              -100.676285,
              20.177019
            ],
            [
              -100.629101,
              20.127835
            ],
            [
              -100.587309,
              20.074536
            ],
            [
              -100.551307,
              20.017639
            ],
            [
              -100.521438,
              19.957696
            ],
            [
              -100.497984,
              19.895287
            ],
            [
              -100.481164,
              19.831015
            ],
            [
              -100.471132,
              19.765502
            ],
            [
              -100.467978,
              19.699378
            ],
            [
              -100.471721,
              19.633283
            ],
            [
              -100.482319,
              19.56785
            ],
            [
              -100.499661,
              19.50371
            ],
            [
              -100.523573,
              19.441477
            ],
            [
              -100.553817,
              19.381749
            ],
            [
              -100.590099,
              19.325098
            ],
            [
              -100.632063,
              19.272066
            ],
            [
              -100.679305,
              19.22316
            ],
            [
              -100.731368,
              19.178846
            ],
            [
              -100.787753,
              19.139548
            ],
            [
              -100.847918,
              19.10564
            ],
            [
              -100.911288,
              19.077446
            ],
            [
              -100.977259,
              19.055234
            ],
            [
              -101.045201,
              19.039216
            ],
            [
              -101.114468,
              19.029543
            ],
            [
              -101.1844,
              19.026309
            ],
            [
              -101.254332,
              19.029543
            ],
            [
              -101.323599,
              19.039216
            ],
            [
              -101.391541,
              19.055234
            ],
            [
              -101.457512,
              19.077446
            ],
            [
              -101.520882,
              19.10564
            ],
            [
              -101.581047,
              19.139548
            ],
            [
              -101.637432,
              19.178846
            ],
            [
              -101.689495,
              19.22316
            ],
            [
              -101.736737,
              19.272066
            ],
            [
              -101.778701,
              19.325098
            ],
            [
              -101.814983,
              19.381749
            ],
            [
              -101.845227,
              19.441477
            ],
            [
              -101.869139,
              19.50371
            ],
            [
              -101.886481,
              19.56785
            ],
            [
              -101.897079,
              19.633283
            ],
            [
              -101.900822,
              19.699378
            ],
            [
              -101.897668,
              19.765502
            ],
            [
              -101.887636,
              19.831015
            ],
            [
              -101.870816,
              19.895287
            ],
            [
              -101.847362,
              19.957696
            ],
            [
              -101.817493,
              20.017639
            ],
            [
              -101.781491,
              20.074536
            ],
            [
              -101.739699,
              20.127835
            ],
            [
              -101.692515,
              20.177019
            ],
            [
              -101.640394,
              20.22161
            ],
            [
              -101.583837,
              20.261175
            ],
            [
              -101.523393,
              20.295328
            ],
            [
              -101.459647,
              20.323737
            ],
            [
              -101.393219,
              20.346126
            ],
            [
              -101.324754,
              20.362276
            ],
            [
              -101.254921,
              20.372029
            ],
            [
              -101.1844,
              20.375291
            ]
          ]
        ]
      },
      "properties": {
        "rank": 80,
        "city": "Morelia",
        "metro_name": "Morelia",
        "country": "Mexico",
        "population": 988704,
        "population_year": 2020,
        "lat": 19.7008,
        "lon": -101.1844,
        "radius_km": 75.0
      }
    },
    {
      "type": "Feature",
      "geometry": {
        "type": "Polygon",
        "coordinates": [
          [
            [
              -157.8583,
              21.981391
            ],
            [
              -157.787009,
              21.978128
            ],
            [
              -157.716414,
              21.968371
            ],
            [
              -157.647204,
              21.952216
            ],
            [
              -157.580055,
              21.929819
            ],
            [
              -157.51562,
              21.9014
            ],
            [
              -157.454527,
              21.867235
            ],
            [
              -157.397367,
              21.827658
            ],
            [
              -157.344694,
              21.783055
            ],
            [
              -157.297015,
              21.733859
            ],
            [
              -157.25479,
              21.680548
            ],
            [
              -157.218421,
              21.62364
            ],
            [
              -157.188255,
              21.563688
            ],
            [
              -157.164575,
              21.50127
            ],
            [
              -157.147601,
              21.436993
            ],
            [
              -157.13749,
              21.371476
            ],
            [
              -157.134328,
              21.305352
            ],
            [
              -157.138138,
              21.239257
            ],
            [
              -157.148873,
              21.173828
            ],
            [
              -157.166421,
              21.109694
            ],
            [
              -157.190605,
              21.047469
            ],
            [
              -157.221185,
              20.987751
            ],
            [
              -157.257861,
              20.931111
            ],
            [
              -157.300276,
              20.878091
            ],
            [
              -157.348018,
              20.829196
            ],
            [
              -157.400627,
              20.784895
            ],
            [
              -157.457598,
              20.745609
            ],
            [
              -157.518384,
              20.711712
            ],
            [
              -157.582406,
              20.683528
            ],
            [
              -157.649051,
              20.661323
            ],
            [
              -157.717686,
              20.645311
            ],
            [
              -157.787657,
              20.635642
            ],
            [
              -157.8583,
              20.632409
            ],
            [
              -157.928943,
              20.635642
            ],
            [
              -157.998914,
              20.645311
            ],
            [
              -158.067549,
              20.661323
            ],
            [
              -158.134194,
              20.683528
            ],
            [
              -158.198216,
              20.711712
            ],
            [
              -158.259002,
              20.745609
            ],
            [
              -158.315973,
              20.784895
            ],
            [
              -158.368582,
              20.829196
            ],
            [
              -158.416324,
              20.878091
            ],
            [
              -158.458739,
              20.931111
            ],
            [
              -158.495415,
              20.987751
            ],
            [
              -158.525995,
              21.047469
            ],
            [
              -158.550179,
              21.109694
            ],
            [
              -158.567727,
              21.173828
            ],
            [
              -158.578462,
              21.239257
            ],
            [
              -158.582272,
              21.305352
            ],
            [
              -158.57911,
              21.371476
            ],
            [
              -158.568999,
              21.436993
            ],
            [
              -158.552025,
              21.50127
            ],
            [
              -158.528345,
              21.563688
            ],
            [
              -158.498179,
              21.62364
            ],
            [
              -158.46181,
              21.680548
            ],
            [
              -158.419585,
              21.733859
            ],
            [
              -158.371906,
              21.783055
            ],
            [
              -158.319233,
              21.827658
            ],
            [
              -158.262073,
              21.867235
            ],
            [
              -158.20098,
              21.9014
            ],
            [
              -158.136545,
              21.929819
            ],
            [
              -158.069396,
              21.952216
            ],
            [
              -158.000186,
              21.968371
            ],
            [
              -157.929591,
              21.978128
            ],
            [
              -157.8583,
              21.981391
            ]
          ]
        ]
      },
      "properties": {
        "rank": 81,
        "city": "Honolulu",
        "metro_name": "Urban Honolulu, HI",
        "country": "United States",
        "population": 988703,
        "population_year": 2025,
        "lat": 21.3069,
        "lon": -157.8583,
        "radius_km": 75.0
      }
    },
    {
      "type": "Feature",
      "geometry": {
        "type": "Polygon",
        "coordinates": [
          [
            [
              -106.0889,
              29.309791
            ],
            [
              -106.013087,
              29.306522
            ],
            [
              -105.938018,
              29.296747
            ],
            [
              -105.86443,
              29.280563
            ],
            [
              -105.793045,
              29.258127
            ],
            [
              -105.724561,
              29.229661
            ],
            [
              -105.659646,
              29.195442
            ],
            [
              -105.598932,
              29.155807
            ],
            [
              -105.543008,
              29.111143
            ],
            [
              -105.492414,
              29.061886
            ],
            [
              -105.447634,
              29.008517
            ],
            [
              -105.409096,
              28.951556
            ],
            [
              -105.377164,
              28.891557
            ],
            [
              -105.352136,
              28.829102
            ],
            [
              -105.334242,
              28.764796
            ],
            [
              -105.323642,
              28.699262
            ],
            [
              -105.320424,
              28.633132
            ],
            [
              -105.324606,
              28.567044
            ],
            [
              -105.336132,
              28.501634
            ],
            [
              -105.35488,
              28.437528
            ],
            [
              -105.380657,
              28.375343
            ],
            [
              -105.413203,
              28.315672
            ],
            [
              -105.452198,
              28.259085
            ],
            [
              -105.497258,
              28.206123
            ],
            [
              -105.547948,
              28.157289
            ],
            [
              -105.603777,
              28.113048
            ],
            [
              -105.66421,
              28.073819
            ],
            [
              -105.728668,
              28.039976
            ],
            [
              -105.796538,
              28.011838
            ],
            [
              -105.867175,
              27.989672
            ],
            [
              -105.939908,
              27.973688
            ],
            [
              -106.014051,
              27.964036
            ],
            [
              -106.0889,
              27.960809
            ],
            [
              -106.163749,
              27.964036
            ],
            [
              -106.237892,
              27.973688
            ],
            [
              -106.310625,
              27.989672
            ],
            [
              -106.381262,
              28.011838
            ],
            [
              -106.449132,
              28.039976
            ],
            [
              -106.51359,
              28.073819
            ],
            [
              -106.574023,
              28.113048
            ],
            [
              -106.629852,
              28.157289
            ],
            [
              -106.680542,
              28.206123
            ],
            [
              -106.725602,
              28.259085
            ],
            [
              -106.764597,
              28.315672
            ],
            [
              -106.797143,
              28.375343
            ],
            [
              -106.82292,
              28.437528
            ],
            [
              -106.841668,
              28.501634
            ],
            [
              -106.853194,
              28.567044
            ],
            [
              -106.857376,
              28.633132
            ],
            [
              -106.854158,
              28.699262
            ],
            [
              -106.843558,
              28.764796
            ],
            [
              -106.825664,
              28.829102
            ],
            [
              -106.800636,
              28.891557
            ],
            [
              -106.768704,
              28.951556
            ],
            [
              -106.730166,
              29.008517
            ],
            [
              -106.685386,
              29.061886
            ],
            [
              -106.634792,
              29.111143
            ],
            [
              -106.578868,
              29.155807
            ],
            [
              -106.518154,
              29.195442
            ],
            [
              -106.453239,
              29.229661
            ],
            [
              -106.384755,
              29.258127
            ],
            [
              -106.31337,
              29.280563
            ],
            [
              -106.239782,
              29.296747
            ],
            [
              -106.164713,
              29.306522
            ],
            [
              -106.0889,
              29.309791
            ]
          ]
        ]
      },
      "properties": {
        "rank": 82,
        "city": "Chihuahua",
        "metro_name": "Chihuahua",
        "country": "Mexico",
        "population": 988065,
        "population_year": 2020,
        "lat": 28.6353,
        "lon": -106.0889,
        "radius_km": 75.0
      }
    },
    {
      "type": "Feature",
      "geometry": {
        "type": "Polygon",
        "coordinates": [
          [
            [
              -73.1894,
              41.853691
            ],
            [
              -73.100648,
              41.850409
            ],
            [
              -73.012778,
              41.840597
            ],
            [
              -72.926662,
              41.824351
            ],
            [
              -72.843152,
              41.801833
            ],
            [
              -72.763074,
              41.773266
            ],
            [
              -72.687215,
              41.738934
            ],
            [
              -72.616319,
              41.699175
            ],
            [
              -72.551074,
              41.654383
            ],
            [
              -72.492113,
              41.604998
            ],
            [
              -72.439998,
              41.551506
            ],
            [
              -72.395224,
              41.494433
            ],
            [
              -72.358209,
              41.434335
            ],
            [
              -72.329291,
              41.371801
            ],
            [
              -72.308728,
              41.307436
            ],
            [
              -72.296695,
              41.241867
            ],
            [
              -72.293281,
              41.175727
            ],
            [
              -72.298495,
              41.109654
            ],
            [
              -72.312259,
              41.044282
            ],
            [
              -72.334418,
              40.980239
            ],
            [
              -72.364734,
              40.918136
            ],
            [
              -72.402897,
              40.858565
            ],
            [
              -72.448524,
              40.802091
            ],
            [
              -72.501164,
              40.749251
            ],
            [
              -72.560303,
              40.700544
            ],
            [
              -72.62537,
              40.656429
            ],
            [
              -72.695742,
              40.617322
            ],
            [
              -72.770748,
              40.58359
            ],
            [
              -72.849679,
              40.55555
            ],
            [
              -72.93179,
              40.533464
            ],
            [
              -73.016311,
              40.517539
            ],
            [
              -73.102449,
              40.507924
            ],
            [
              -73.1894,
              40.504709
            ],
            [
              -73.276351,
              40.507924
            ],
            [
              -73.362489,
              40.517539
            ],
            [
              -73.44701,
              40.533464
            ],
            [
              -73.529121,
              40.55555
            ],
            [
              -73.608052,
              40.58359
            ],
            [
              -73.683058,
              40.617322
            ],
            [
              -73.75343,
              40.656429
            ],
            [
              -73.818497,
              40.700544
            ],
            [
              -73.877636,
              40.749251
            ],
            [
              -73.930276,
              40.802091
            ],
            [
              -73.975903,
              40.858565
            ],
            [
              -74.014066,
              40.918136
            ],
            [
              -74.044382,
              40.980239
            ],
            [
              -74.066541,
              41.044282
            ],
            [
              -74.080305,
              41.109654
            ],
            [
              -74.085519,
              41.175727
            ],
            [
              -74.082105,
              41.241867
            ],
            [
              -74.070072,
              41.307436
            ],
            [
              -74.049509,
              41.371801
            ],
            [
              -74.020591,
              41.434335
            ],
            [
              -73.983576,
              41.494433
            ],
            [
              -73.938802,
              41.551506
            ],
            [
              -73.886687,
              41.604998
            ],
            [
              -73.827726,
              41.654383
            ],
            [
              -73.762481,
              41.699175
            ],
            [
              -73.691585,
              41.738934
            ],
            [
              -73.615726,
              41.773266
            ],
            [
              -73.535648,
              41.801833
            ],
            [
              -73.452138,
              41.824351
            ],
            [
              -73.366022,
              41.840597
            ],
            [
              -73.278152,
              41.850409
            ],
            [
              -73.1894,
              41.853691
            ]
          ]
        ]
      },
      "properties": {
        "rank": 83,
        "city": "Bridgeport",
        "metro_name": "Bridgeport-Stamford-Danbury, CT",
        "country": "United States",
        "population": 978179,
        "population_year": 2025,
        "lat": 41.1792,
        "lon": -73.1894,
        "radius_km": 75.0
      }
    },
    {
      "type": "Feature",
      "geometry": {
        "type": "Polygon",
        "coordinates": [
          [
            [
              -90.0751,
              30.629191
            ],
            [
              -89.998273,
              30.625921
            ],
            [
              -89.922202,
              30.616143
            ],
            [
              -89.847633,
              30.599953
            ],
            [
              -89.775298,
              30.577509
            ],
            [
              -89.705906,
              30.549034
            ],
            [
              -89.640134,
              30.514805
            ],
            [
              -89.578623,
              30.475158
            ],
            [
              -89.521969,
              30.430482
            ],
            [
              -89.47072,
              30.381214
            ],
            [
              -89.425366,
              30.327833
            ],
            [
              -89.38634,
              30.270862
            ],
            [
              -89.354011,
              30.210854
            ],
            [
              -89.328679,
              30.148391
            ],
            [
              -89.310576,
              30.08408
            ],
            [
              -89.299864,
              30.018543
            ],
            [
              -89.296632,
              29.952412
            ],
            [
              -89.300895,
              29.886325
            ],
            [
              -89.312597,
              29.820918
            ],
            [
              -89.331613,
              29.756819
            ],
            [
              -89.357745,
              29.694641
            ],
            [
              -89.390731,
              29.634979
            ],
            [
              -89.430245,
              29.578403
            ],
            [
              -89.4759,
              29.525452
            ],
            [
              -89.527251,
              29.47663
            ],
            [
              -89.583803,
              29.4324
            ],
            [
              -89.645014,
              29.393183
            ],
            [
              -89.710298,
              29.359349
            ],
            [
              -89.779033,
              29.33122
            ],
            [
              -89.850568,
              29.309062
            ],
            [
              -89.924223,
              29.293083
            ],
            [
              -89.999304,
              29.283435
            ],
            [
              -90.0751,
              29.280209
            ],
            [
              -90.150896,
              29.283435
            ],
            [
              -90.225977,
              29.293083
            ],
            [
              -90.299632,
              29.309062
            ],
            [
              -90.371167,
              29.33122
            ],
            [
              -90.439902,
              29.359349
            ],
            [
              -90.505186,
              29.393183
            ],
            [
              -90.566397,
              29.4324
            ],
            [
              -90.622949,
              29.47663
            ],
            [
              -90.6743,
              29.525452
            ],
            [
              -90.719955,
              29.578403
            ],
            [
              -90.759469,
              29.634979
            ],
            [
              -90.792455,
              29.694641
            ],
            [
              -90.818587,
              29.756819
            ],
            [
              -90.837603,
              29.820918
            ],
            [
              -90.849305,
              29.886325
            ],
            [
              -90.853568,
              29.952412
            ],
            [
              -90.850336,
              30.018543
            ],
            [
              -90.839624,
              30.08408
            ],
            [
              -90.821521,
              30.148391
            ],
            [
              -90.796189,
              30.210854
            ],
            [
              -90.76386,
              30.270862
            ],
            [
              -90.724834,
              30.327833
            ],
            [
              -90.67948,
              30.381214
            ],
            [
              -90.628231,
              30.430482
            ],
            [
              -90.571577,
              30.475158
            ],
            [
              -90.510066,
              30.514805
            ],
            [
              -90.444294,
              30.549034
            ],
            [
              -90.374902,
              30.577509
            ],
            [
              -90.302567,
              30.599953
            ],
            [
              -90.227998,
              30.616143
            ],
            [
              -90.151927,
              30.625921
            ],
            [
              -90.0751,
              30.629191
            ]
          ]
        ]
      },
      "properties": {
        "rank": 84,
        "city": "New Orleans",
        "metro_name": "New Orleans-Metairie, LA",
        "country": "United States",
        "population": 970849,
        "population_year": 2025,
        "lat": 29.9547,
        "lon": -90.0751,
        "radius_km": 75.0
      }
    },
    {
      "type": "Feature",
      "geometry": {
        "type": "Polygon",
        "coordinates": [
          [
            [
              -83.9207,
              36.635091
            ],
            [
              -83.838318,
              36.631815
            ],
            [
              -83.756751,
              36.62202
            ],
            [
              -83.676802,
              36.605802
            ],
            [
              -83.599262,
              36.583321
            ],
            [
              -83.524891,
              36.5548
            ],
            [
              -83.45442,
              36.52052
            ],
            [
              -83.388537,
              36.480817
            ],
            [
              -83.327881,
              36.436083
            ],
            [
              -83.273038,
              36.386756
            ],
            [
              -83.224534,
              36.33332
            ],
            [
              -83.18283,
              36.276298
            ],
            [
              -83.148317,
              36.216245
            ],
            [
              -83.121314,
              36.153746
            ],
            [
              -83.102065,
              36.089409
            ],
            [
              -83.090737,
              36.023855
            ],
            [
              -83.087419,
              35.95772
            ],
            [
              -83.092125,
              35.89164
            ],
            [
              -83.104788,
              35.82625
            ],
            [
              -83.125267,
              35.762179
            ],
            [
              -83.153349,
              35.700038
            ],
            [
              -83.188747,
              35.640422
            ],
            [
              -83.231109,
              35.583897
            ],
            [
              -83.280018,
              35.531001
            ],
            [
              -83.334998,
              35.482237
            ],
            [
              -83.395517,
              35.438064
            ],
            [
              -83.460996,
              35.398902
            ],
            [
              -83.530809,
              35.36512
            ],
            [
              -83.604295,
              35.337035
            ],
            [
              -83.680757,
              35.314913
            ],
            [
              -83.759475,
              35.298961
            ],
            [
              -83.839707,
              35.289329
            ],
            [
              -83.9207,
              35.286109
            ],
            [
              -84.001693,
              35.289329
            ],
            [
              -84.081925,
              35.298961
            ],
            [
              -84.160643,
              35.314913
            ],
            [
              -84.237105,
              35.337035
            ],
            [
              -84.310591,
              35.36512
            ],
            [
              -84.380404,
              35.398902
            ],
            [
              -84.445883,
              35.438064
            ],
            [
              -84.506402,
              35.482237
            ],
            [
              -84.561382,
              35.531001
            ],
            [
              -84.610291,
              35.583897
            ],
            [
              -84.652653,
              35.640422
            ],
            [
              -84.688051,
              35.700038
            ],
            [
              -84.716133,
              35.762179
            ],
            [
              -84.736612,
              35.82625
            ],
            [
              -84.749275,
              35.89164
            ],
            [
              -84.753981,
              35.95772
            ],
            [
              -84.750663,
              36.023855
            ],
            [
              -84.739335,
              36.089409
            ],
            [
              -84.720086,
              36.153746
            ],
            [
              -84.693083,
              36.216245
            ],
            [
              -84.65857,
              36.276298
            ],
            [
              -84.616866,
              36.33332
            ],
            [
              -84.568362,
              36.386756
            ],
            [
              -84.513519,
              36.436083
            ],
            [
              -84.452863,
              36.480817
            ],
            [
              -84.38698,
              36.52052
            ],
            [
              -84.316509,
              36.5548
            ],
            [
              -84.242138,
              36.583321
            ],
            [
              -84.164598,
              36.605802
            ],
            [
              -84.084649,
              36.62202
            ],
            [
              -84.003082,
              36.631815
            ],
            [
              -83.9207,
              36.635091
            ]
          ]
        ]
      },
      "properties": {
        "rank": 85,
        "city": "Knoxville",
        "metro_name": "Knoxville, TN",
        "country": "United States",
        "population": 968137,
        "population_year": 2025,
        "lat": 35.9606,
        "lon": -83.9207,
        "radius_km": 75.0
      }
    },
    {
      "type": "Feature",
      "geometry": {
        "type": "Polygon",
        "coordinates": [
          [
            [
              -97.147,
              50.558891
            ],
            [
              -97.042943,
              50.555597
            ],
            [
              -96.939932,
              50.545749
            ],
            [
              -96.838999,
              50.529444
            ],
            [
              -96.741153,
              50.506847
            ],
            [
              -96.647371,
              50.478185
            ],
            [
              -96.558583,
              50.443743
            ],
            [
              -96.475661,
              50.403867
            ],
            [
              -96.399417,
              50.358952
            ],
            [
              -96.330588,
              50.309446
            ],
            [
              -96.26983,
              50.255838
            ],
            [
              -96.217716,
              50.198658
            ],
            [
              -96.174726,
              50.138468
            ],
            [
              -96.141245,
              50.075858
            ],
            [
              -96.117564,
              50.011439
            ],
            [
              -96.103872,
              49.945837
            ],
            [
              -96.100261,
              49.879688
            ],
            [
              -96.106725,
              49.81363
            ],
            [
              -96.12316,
              49.748296
            ],
            [
              -96.149369,
              49.684312
            ],
            [
              -96.185066,
              49.622288
            ],
            [
              -96.229876,
              49.562812
            ],
            [
              -96.283342,
              49.506446
            ],
            [
              -96.344932,
              49.453722
            ],
            [
              -96.414044,
              49.405135
            ],
            [
              -96.490007,
              49.36114
            ],
            [
              -96.572097,
              49.322147
            ],
            [
              -96.659535,
              49.288521
            ],
            [
              -96.751498,
              49.260572
            ],
            [
              -96.847126,
              49.238562
            ],
            [
              -96.94553,
              49.222693
            ],
            [
              -97.045798,
              49.213112
            ],
            [
              -97.147,
              49.209909
            ],
            [
              -97.248202,
              49.213112
            ],
            [
              -97.34847,
              49.222693
            ],
            [
              -97.446874,
              49.238562
            ],
            [
              -97.542502,
              49.260572
            ],
            [
              -97.634465,
              49.288521
            ],
            [
              -97.721903,
              49.322147
            ],
            [
              -97.803993,
              49.36114
            ],
            [
              -97.879956,
              49.405135
            ],
            [
              -97.949068,
              49.453722
            ],
            [
              -98.010658,
              49.506446
            ],
            [
              -98.064124,
              49.562812
            ],
            [
              -98.108934,
              49.622288
            ],
            [
              -98.144631,
              49.684312
            ],
            [
              -98.17084,
              49.748296
            ],
            [
              -98.187275,
              49.81363
            ],
            [
              -98.193739,
              49.879688
            ],
            [
              -98.190128,
              49.945837
            ],
            [
              -98.176436,
              50.011439
            ],
            [
              -98.152755,
              50.075858
            ],
            [
              -98.119274,
              50.138468
            ],
            [
              -98.076284,
              50.198658
            ],
            [
              -98.02417,
              50.255838
            ],
            [
              -97.963412,
              50.309446
            ],
            [
              -97.894583,
              50.358952
            ],
            [
              -97.818339,
              50.403867
            ],
            [
              -97.735417,
              50.443743
            ],
            [
              -97.646629,
              50.478185
            ],
            [
              -97.552847,
              50.506847
            ],
            [
              -97.455001,
              50.529444
            ],
            [
              -97.354068,
              50.545749
            ],
            [
              -97.251057,
              50.555597
            ],
            [
              -97.147,
              50.558891
            ]
          ]
        ]
      },
      "properties": {
        "rank": 86,
        "city": "Winnipeg",
        "metro_name": "Winnipeg (CMA), Manitoba",
        "country": "Canada",
        "population": 951758,
        "population_year": 2025,
        "lat": 49.8844,
        "lon": -97.147,
        "radius_km": 75.0
      }
    },
    {
      "type": "Feature",
      "geometry": {
        "type": "Polygon",
        "coordinates": [
          [
            [
              -82.2359,
              27.718691
            ],
            [
              -82.161222,
              27.715424
            ],
            [
              -82.087276,
              27.705653
            ],
            [
              -82.014788,
              27.689475
            ],
            [
              -81.944466,
              27.667048
            ],
            [
              -81.876999,
              27.638592
            ],
            [
              -81.813043,
              27.604386
            ],
            [
              -81.753223,
              27.564764
            ],
            [
              -81.698116,
              27.520114
            ],
            [
              -81.648254,
              27.470871
            ],
            [
              -81.604117,
              27.417515
            ],
            [
              -81.566126,
              27.360566
            ],
            [
              -81.534639,
              27.300578
            ],
            [
              -81.509951,
              27.238131
            ],
            [
              -81.49229,
              27.173832
            ],
            [
              -81.481814,
              27.108302
            ],
            [
              -81.478612,
              27.042173
            ],
            [
              -81.482702,
              26.976084
            ],
            [
              -81.494031,
              26.910669
            ],
            [
              -81.512479,
              26.846557
            ],
            [
              -81.537856,
              26.784363
            ],
            [
              -81.56991,
              26.724681
            ],
            [
              -81.608322,
              26.668082
            ],
            [
              -81.652718,
              26.615107
            ],
            [
              -81.702667,
              26.566259
            ],
            [
              -81.757686,
              26.522004
            ],
            [
              -81.817248,
              26.482763
            ],
            [
              -81.880783,
              26.448907
            ],
            [
              -81.947684,
              26.420758
            ],
            [
              -82.017316,
              26.398584
            ],
            [
              -82.089018,
              26.382593
            ],
            [
              -82.16211,
              26.372937
            ],
            [
              -82.2359,
              26.369709
            ],
            [
              -82.30969,
              26.372937
            ],
            [
              -82.382782,
              26.382593
            ],
            [
              -82.454484,
              26.398584
            ],
            [
              -82.524116,
              26.420758
            ],
            [
              -82.591017,
              26.448907
            ],
            [
              -82.654552,
              26.482763
            ],
            [
              -82.714114,
              26.522004
            ],
            [
              -82.769133,
              26.566259
            ],
            [
              -82.819082,
              26.615107
            ],
            [
              -82.863478,
              26.668082
            ],
            [
              -82.90189,
              26.724681
            ],
            [
              -82.933944,
              26.784363
            ],
            [
              -82.959321,
              26.846557
            ],
            [
              -82.977769,
              26.910669
            ],
            [
              -82.989098,
              26.976084
            ],
            [
              -82.993188,
              27.042173
            ],
            [
              -82.989986,
              27.108302
            ],
            [
              -82.97951,
              27.173832
            ],
            [
              -82.961849,
              27.238131
            ],
            [
              -82.937161,
              27.300578
            ],
            [
              -82.905674,
              27.360566
            ],
            [
              -82.867683,
              27.417515
            ],
            [
              -82.823546,
              27.470871
            ],
            [
              -82.773684,
              27.520114
            ],
            [
              -82.718577,
              27.564764
            ],
            [
              -82.658757,
              27.604386
            ],
            [
              -82.594801,
              27.638592
            ],
            [
              -82.527334,
              27.667048
            ],
            [
              -82.457012,
              27.689475
            ],
            [
              -82.384524,
              27.705653
            ],
            [
              -82.310578,
              27.715424
            ],
            [
              -82.2359,
              27.718691
            ]
          ]
        ]
      },
      "properties": {
        "rank": 87,
        "city": "North Port",
        "metro_name": "North Port-Bradenton-Sarasota, FL",
        "country": "United States",
        "population": 948158,
        "population_year": 2025,
        "lat": 27.0442,
        "lon": -82.2359,
        "radius_km": 75.0
      }
    },
    {
      "type": "Feature",
      "geometry": {
        "type": "Polygon",
        "coordinates": [
          [
            [
              -110.9668,
              29.763191
            ],
            [
              -110.890646,
              29.759922
            ],
            [
              -110.81524,
              29.750146
            ],
            [
              -110.741323,
              29.733959
            ],
            [
              -110.669618,
              29.711521
            ],
            [
              -110.600829,
              29.683051
            ],
            [
              -110.535626,
              29.648829
            ],
            [
              -110.474644,
              29.60919
            ],
            [
              -110.418475,
              29.564522
            ],
            [
              -110.36766,
              29.515261
            ],
            [
              -110.322688,
              29.461889
            ],
            [
              -110.283986,
              29.404924
            ],
            [
              -110.25192,
              29.344922
            ],
            [
              -110.22679,
              29.282464
            ],
            [
              -110.208826,
              29.218156
            ],
            [
              -110.198188,
              29.152621
            ],
            [
              -110.194966,
              29.086491
            ],
            [
              -110.199174,
              29.020404
            ],
            [
              -110.21076,
              28.954994
            ],
            [
              -110.229598,
              28.890891
            ],
            [
              -110.255494,
              28.828708
            ],
            [
              -110.288189,
              28.76904
            ],
            [
              -110.327358,
              28.712457
            ],
            [
              -110.372618,
              28.659499
            ],
            [
              -110.42353,
              28.610669
            ],
            [
              -110.479602,
              28.566432
            ],
            [
              -110.540296,
              28.527207
            ],
            [
              -110.605032,
              28.493367
            ],
            [
              -110.673193,
              28.465232
            ],
            [
              -110.744131,
              28.443068
            ],
            [
              -110.817175,
              28.427086
            ],
            [
              -110.891632,
              28.417436
            ],
            [
              -110.9668,
              28.414209
            ],
            [
              -111.041968,
              28.417436
            ],
            [
              -111.116425,
              28.427086
            ],
            [
              -111.189469,
              28.443068
            ],
            [
              -111.260407,
              28.465232
            ],
            [
              -111.328568,
              28.493367
            ],
            [
              -111.393304,
              28.527207
            ],
            [
              -111.453998,
              28.566432
            ],
            [
              -111.51007,
              28.610669
            ],
            [
              -111.560982,
              28.659499
            ],
            [
              -111.606242,
              28.712457
            ],
            [
              -111.645411,
              28.76904
            ],
            [
              -111.678106,
              28.828708
            ],
            [
              -111.704002,
              28.890891
            ],
            [
              -111.72284,
              28.954994
            ],
            [
              -111.734426,
              29.020404
            ],
            [
              -111.738634,
              29.086491
            ],
            [
              -111.735412,
              29.152621
            ],
            [
              -111.724774,
              29.218156
            ],
            [
              -111.70681,
              29.282464
            ],
            [
              -111.68168,
              29.344922
            ],
            [
              -111.649614,
              29.404924
            ],
            [
              -111.610912,
              29.461889
            ],
            [
              -111.56594,
              29.515261
            ],
            [
              -111.515125,
              29.564522
            ],
            [
              -111.458956,
              29.60919
            ],
            [
              -111.397974,
              29.648829
            ],
            [
              -111.332771,
              29.683051
            ],
            [
              -111.263982,
              29.711521
            ],
            [
              -111.192277,
              29.733959
            ],
            [
              -111.11836,
              29.750146
            ],
            [
              -111.042954,
              29.759922
            ],
            [
              -110.9668,
              29.763191
            ]
          ]
        ]
      },
      "properties": {
        "rank": 88,
        "city": "Hermosillo",
        "metro_name": "Hermosillo",
        "country": "Mexico",
        "population": 936263,
        "population_year": 2020,
        "lat": 29.0887,
        "lon": -110.9668,
        "radius_km": 75.0
      }
    },
    {
      "type": "Feature",
      "geometry": {
        "type": "Polygon",
        "coordinates": [
          [
            [
              -86.8466,
              21.848791
            ],
            [
              -86.775375,
              21.845528
            ],
            [
              -86.704846,
              21.835772
            ],
            [
              -86.6357,
              21.819616
            ],
            [
              -86.568613,
              21.79722
            ],
            [
              -86.504238,
              21.768802
            ],
            [
              -86.4432,
              21.734638
            ],
            [
              -86.386092,
              21.695063
            ],
            [
              -86.333467,
              21.65046
            ],
            [
              -86.285831,
              21.601265
            ],
            [
              -86.243643,
              21.547955
            ],
            [
              -86.207306,
              21.491049
            ],
            [
              -86.177165,
              21.431097
            ],
            [
              -86.153505,
              21.36868
            ],
            [
              -86.136544,
              21.304403
            ],
            [
              -86.12644,
              21.238886
            ],
            [
              -86.123279,
              21.172762
            ],
            [
              -86.127083,
              21.106667
            ],
            [
              -86.137807,
              21.041238
            ],
            [
              -86.155337,
              20.977103
            ],
            [
              -86.179498,
              20.914878
            ],
            [
              -86.210049,
              20.855159
            ],
            [
              -86.246691,
              20.798518
            ],
            [
              -86.289066,
              20.745497
            ],
            [
              -86.336765,
              20.696602
            ],
            [
              -86.389327,
              20.652299
            ],
            [
              -86.446248,
              20.613012
            ],
            [
              -86.506981,
              20.579115
            ],
            [
              -86.570946,
              20.550929
            ],
            [
              -86.637533,
              20.528724
            ],
            [
              -86.706108,
              20.512711
            ],
            [
              -86.776019,
              20.503042
            ],
            [
              -86.8466,
              20.499809
            ],
            [
              -86.917181,
              20.503042
            ],
            [
              -86.987092,
              20.512711
            ],
            [
              -87.055667,
              20.528724
            ],
            [
              -87.122254,
              20.550929
            ],
            [
              -87.186219,
              20.579115
            ],
            [
              -87.246952,
              20.613012
            ],
            [
              -87.303873,
              20.652299
            ],
            [
              -87.356435,
              20.696602
            ],
            [
              -87.404134,
              20.745497
            ],
            [
              -87.446509,
              20.798518
            ],
            [
              -87.483151,
              20.855159
            ],
            [
              -87.513702,
              20.914878
            ],
            [
              -87.537863,
              20.977103
            ],
            [
              -87.555393,
              21.041238
            ],
            [
              -87.566117,
              21.106667
            ],
            [
              -87.569921,
              21.172762
            ],
            [
              -87.56676,
              21.238886
            ],
            [
              -87.556656,
              21.304403
            ],
            [
              -87.539695,
              21.36868
            ],
            [
              -87.516035,
              21.431097
            ],
            [
              -87.485894,
              21.491049
            ],
            [
              -87.449557,
              21.547955
            ],
            [
              -87.407369,
              21.601265
            ],
            [
              -87.359733,
              21.65046
            ],
            [
              -87.307108,
              21.695063
            ],
            [
              -87.25,
              21.734638
            ],
            [
              -87.188962,
              21.768802
            ],
            [
              -87.124587,
              21.79722
            ],
            [
              -87.0575,
              21.819616
            ],
            [
              -86.988354,
              21.835772
            ],
            [
              -86.917825,
              21.845528
            ],
            [
              -86.8466,
              21.848791
            ]
          ]
        ]
      },
      "properties": {
        "rank": 89,
        "city": "Cancún",
        "metro_name": "Cancún",
        "country": "Mexico",
        "population": 934189,
        "population_year": 2020,
        "lat": 21.1743,
        "lon": -86.8466,
        "radius_km": 75.0
      }
    },
    {
      "type": "Feature",
      "geometry": {
        "type": "Polygon",
        "coordinates": [
          [
            [
              -97.8778,
              22.959691
            ],
            [
              -97.806004,
              22.956427
            ],
            [
              -97.734909,
              22.946668
            ],
            [
              -97.66521,
              22.930509
            ],
            [
              -97.597588,
              22.908107
            ],
            [
              -97.532701,
              22.879682
            ],
            [
              -97.471181,
              22.845511
            ],
            [
              -97.413625,
              22.805927
            ],
            [
              -97.360589,
              22.761315
            ],
            [
              -97.312586,
              22.712112
            ],
            [
              -97.270077,
              22.658793
            ],
            [
              -97.233467,
              22.601879
            ],
            [
              -97.203104,
              22.54192
            ],
            [
              -97.179275,
              22.479498
            ],
            [
              -97.1622,
              22.415217
            ],
            [
              -97.152035,
              22.349698
            ],
            [
              -97.148868,
              22.283573
            ],
            [
              -97.152721,
              22.217479
            ],
            [
              -97.163545,
              22.152053
            ],
            [
              -97.181228,
              22.087922
            ],
            [
              -97.205591,
              22.025702
            ],
            [
              -97.236391,
              21.96599
            ],
            [
              -97.273326,
              21.909357
            ],
            [
              -97.316035,
              21.856344
            ],
            [
              -97.364106,
              21.807457
            ],
            [
              -97.417074,
              21.763164
            ],
            [
              -97.47443,
              21.723885
            ],
            [
              -97.535626,
              21.689995
            ],
            [
              -97.600075,
              21.661816
            ],
            [
              -97.667164,
              21.639617
            ],
            [
              -97.736255,
              21.623608
            ],
            [
              -97.80669,
              21.613941
            ],
            [
              -97.8778,
              21.610709
            ],
            [
              -97.94891,
              21.613941
            ],
            [
              -98.019345,
              21.623608
            ],
            [
              -98.088436,
              21.639617
            ],
            [
              -98.155525,
              21.661816
            ],
            [
              -98.219974,
              21.689995
            ],
            [
              -98.28117,
              21.723885
            ],
            [
              -98.338526,
              21.763164
            ],
            [
              -98.391494,
              21.807457
            ],
            [
              -98.439565,
              21.856344
            ],
            [
              -98.482274,
              21.909357
            ],
            [
              -98.519209,
              21.96599
            ],
            [
              -98.550009,
              22.025702
            ],
            [
              -98.574372,
              22.087922
            ],
            [
              -98.592055,
              22.152053
            ],
            [
              -98.602879,
              22.217479
            ],
            [
              -98.606732,
              22.283573
            ],
            [
              -98.603565,
              22.349698
            ],
            [
              -98.5934,
              22.415217
            ],
            [
              -98.576325,
              22.479498
            ],
            [
              -98.552496,
              22.54192
            ],
            [
              -98.522133,
              22.601879
            ],
            [
              -98.485523,
              22.658793
            ],
            [
              -98.443014,
              22.712112
            ],
            [
              -98.395011,
              22.761315
            ],
            [
              -98.341975,
              22.805927
            ],
            [
              -98.284419,
              22.845511
            ],
            [
              -98.222899,
              22.879682
            ],
            [
              -98.158012,
              22.908107
            ],
            [
              -98.09039,
              22.930509
            ],
            [
              -98.020691,
              22.946668
            ],
            [
              -97.949596,
              22.956427
            ],
            [
              -97.8778,
              22.959691
            ]
          ]
        ]
      },
      "properties": {
        "rank": 90,
        "city": "Tampico",
        "metro_name": "Tampico",
        "country": "Mexico",
        "population": 927379,
        "population_year": 2020,
        "lat": 22.2852,
        "lon": -97.8778,
        "radius_km": 75.0
      }
    },
    {
      "type": "Feature",
      "geometry": {
        "type": "Polygon",
        "coordinates": [
          [
            [
              -119.0187,
              36.047791
            ],
            [
              -118.936937,
              36.044516
            ],
            [
              -118.855982,
              36.034722
            ],
            [
              -118.776633,
              36.018507
            ],
            [
              -118.699672,
              35.99603
            ],
            [
              -118.625856,
              35.967514
            ],
            [
              -118.555909,
              35.933239
            ],
            [
              -118.490512,
              35.893542
            ],
            [
              -118.430302,
              35.848814
            ],
            [
              -118.37586,
              35.799494
            ],
            [
              -118.327707,
              35.746064
            ],
            [
              -118.286301,
              35.689046
            ],
            [
              -118.252031,
              35.628998
            ],
            [
              -118.225215,
              35.566503
            ],
            [
              -118.206093,
              35.502168
            ],
            [
              -118.194834,
              35.436616
            ],
            [
              -118.191526,
              35.370481
            ],
            [
              -118.196183,
              35.304401
            ],
            [
              -118.208739,
              35.239009
            ],
            [
              -118.229055,
              35.174935
            ],
            [
              -118.25692,
              35.11279
            ],
            [
              -118.292049,
              35.053169
            ],
            [
              -118.334094,
              34.996639
            ],
            [
              -118.382641,
              34.943738
            ],
            [
              -118.437216,
              34.894967
            ],
            [
              -118.497293,
              34.850789
            ],
            [
              -118.562296,
              34.811621
            ],
            [
              -118.631605,
              34.777833
            ],
            [
              -118.704561,
              34.749744
            ],
            [
              -118.780474,
              34.727618
            ],
            [
              -118.858628,
              34.711663
            ],
            [
              -118.938286,
              34.70203
            ],
            [
              -119.0187,
              34.698809
            ],
            [
              -119.099114,
              34.70203
            ],
            [
              -119.178772,
              34.711663
            ],
            [
              -119.256926,
              34.727618
            ],
            [
              -119.332839,
              34.749744
            ],
            [
              -119.405795,
              34.777833
            ],
            [
              -119.475104,
              34.811621
            ],
            [
              -119.540107,
              34.850789
            ],
            [
              -119.600184,
              34.894967
            ],
            [
              -119.654759,
              34.943738
            ],
            [
              -119.703306,
              34.996639
            ],
            [
              -119.745351,
              35.053169
            ],
            [
              -119.78048,
              35.11279
            ],
            [
              -119.808345,
              35.174935
            ],
            [
              -119.828661,
              35.239009
            ],
            [
              -119.841217,
              35.304401
            ],
            [
              -119.845874,
              35.370481
            ],
            [
              -119.842566,
              35.436616
            ],
            [
              -119.831307,
              35.502168
            ],
            [
              -119.812185,
              35.566503
            ],
            [
              -119.785369,
              35.628998
            ],
            [
              -119.751099,
              35.689046
            ],
            [
              -119.709693,
              35.746064
            ],
            [
              -119.66154,
              35.799494
            ],
            [
              -119.607098,
              35.848814
            ],
            [
              -119.546888,
              35.893542
            ],
            [
              -119.481491,
              35.933239
            ],
            [
              -119.411544,
              35.967514
            ],
            [
              -119.337728,
              35.99603
            ],
            [
              -119.260767,
              36.018507
            ],
            [
              -119.181418,
              36.034722
            ],
            [
              -119.100463,
              36.044516
            ],
            [
              -119.0187,
              36.047791
            ]
          ]
        ]
      },
      "properties": {
        "rank": 91,
        "city": "Bakersfield",
        "metro_name": "Bakersfield-Delano, CA",
        "country": "United States",
        "population": 927068,
        "population_year": 2025,
        "lat": 35.3733,
        "lon": -119.0187,
        "radius_km": 75.0
      }
    },
    {
      "type": "Feature",
      "geometry": {
        "type": "Polygon",
        "coordinates": [
          [
            [
              -106.6511,
              35.758991
            ],
            [
              -106.569635,
              35.755716
            ],
            [
              -106.488974,
              35.745923
            ],
            [
              -106.409914,
              35.72971
            ],
            [
              -106.333232,
              35.707235
            ],
            [
              -106.259683,
              35.678721
            ],
            [
              -106.189987,
              35.644448
            ],
            [
              -106.124825,
              35.604754
            ],
            [
              -106.06483,
              35.560029
            ],
            [
              -106.01058,
              35.510712
            ],
            [
              -105.962596,
              35.457284
            ],
            [
              -105.921334,
              35.40027
            ],
            [
              -105.887181,
              35.340224
            ],
            [
              -105.860454,
              35.277731
            ],
            [
              -105.841394,
              35.213397
            ],
            [
              -105.830168,
              35.147846
            ],
            [
              -105.826865,
              35.081711
            ],
            [
              -105.831498,
              35.01563
            ],
            [
              -105.844002,
              34.950238
            ],
            [
              -105.86424,
              34.886162
            ],
            [
              -105.892,
              34.824016
            ],
            [
              -105.927001,
              34.764392
            ],
            [
              -105.968893,
              34.70786
            ],
            [
              -106.017265,
              34.654956
            ],
            [
              -106.071646,
              34.606182
            ],
            [
              -106.13151,
              34.562001
            ],
            [
              -106.196285,
              34.52283
            ],
            [
              -106.265351,
              34.48904
            ],
            [
              -106.338052,
              34.460948
            ],
            [
              -106.413701,
              34.43882
            ],
            [
              -106.491583,
              34.422864
            ],
            [
              -106.570965,
              34.41323
            ],
            [
              -106.6511,
              34.410009
            ],
            [
              -106.731235,
              34.41323
            ],
            [
              -106.810617,
              34.422864
            ],
            [
              -106.888499,
              34.43882
            ],
            [
              -106.964148,
              34.460948
            ],
            [
              -107.036849,
              34.48904
            ],
            [
              -107.105915,
              34.52283
            ],
            [
              -107.17069,
              34.562001
            ],
            [
              -107.230554,
              34.606182
            ],
            [
              -107.284935,
              34.654956
            ],
            [
              -107.333307,
              34.70786
            ],
            [
              -107.375199,
              34.764392
            ],
            [
              -107.4102,
              34.824016
            ],
            [
              -107.43796,
              34.886162
            ],
            [
              -107.458198,
              34.950238
            ],
            [
              -107.470702,
              35.01563
            ],
            [
              -107.475335,
              35.081711
            ],
            [
              -107.472032,
              35.147846
            ],
            [
              -107.460806,
              35.213397
            ],
            [
              -107.441746,
              35.277731
            ],
            [
              -107.415019,
              35.340224
            ],
            [
              -107.380866,
              35.40027
            ],
            [
              -107.339604,
              35.457284
            ],
            [
              -107.29162,
              35.510712
            ],
            [
              -107.23737,
              35.560029
            ],
            [
              -107.177375,
              35.604754
            ],
            [
              -107.112213,
              35.644448
            ],
            [
              -107.042517,
              35.678721
            ],
            [
              -106.968968,
              35.707235
            ],
            [
              -106.892286,
              35.72971
            ],
            [
              -106.813226,
              35.745923
            ],
            [
              -106.732565,
              35.755716
            ],
            [
              -106.6511,
              35.758991
            ]
          ]
        ]
      },
      "properties": {
        "rank": 92,
        "city": "Albuquerque",
        "metro_name": "Albuquerque, NM",
        "country": "United States",
        "population": 925279,
        "population_year": 2025,
        "lat": 35.0845,
        "lon": -106.6511,
        "radius_km": 75.0
      }
    },
    {
      "type": "Feature",
      "geometry": {
        "type": "Polygon",
        "coordinates": [
          [
            [
              -98.23,
              26.877891
            ],
            [
              -98.155885,
              26.874624
            ],
            [
              -98.082497,
              26.864856
            ],
            [
              -98.010554,
              26.848681
            ],
            [
              -97.94076,
              26.826259
            ],
            [
              -97.873797,
              26.797809
            ],
            [
              -97.810318,
              26.763609
            ],
            [
              -97.750941,
              26.723994
            ],
            [
              -97.696239,
              26.679351
            ],
            [
              -97.646742,
              26.630115
            ],
            [
              -97.602923,
              26.576766
            ],
            [
              -97.565202,
              26.519823
            ],
            [
              -97.533936,
              26.45984
            ],
            [
              -97.509416,
              26.397398
            ],
            [
              -97.49187,
              26.333102
            ],
            [
              -97.481456,
              26.267574
            ],
            [
              -97.478262,
              26.201446
            ],
            [
              -97.482306,
              26.135356
            ],
            [
              -97.493537,
              26.069939
            ],
            [
              -97.511836,
              26.005824
            ],
            [
              -97.537015,
              25.943624
            ],
            [
              -97.568823,
              25.883937
            ],
            [
              -97.606947,
              25.827332
            ],
            [
              -97.651013,
              25.77435
            ],
            [
              -97.700594,
              25.725495
            ],
            [
              -97.755212,
              25.681233
            ],
            [
              -97.814342,
              25.641985
            ],
            [
              -97.877419,
              25.608123
            ],
            [
              -97.94384,
              25.579969
            ],
            [
              -98.012974,
              25.55779
            ],
            [
              -98.084164,
              25.541796
            ],
            [
              -98.156735,
              25.532138
            ],
            [
              -98.23,
              25.528909
            ],
            [
              -98.303265,
              25.532138
            ],
            [
              -98.375836,
              25.541796
            ],
            [
              -98.447026,
              25.55779
            ],
            [
              -98.51616,
              25.579969
            ],
            [
              -98.582581,
              25.608123
            ],
            [
              -98.645658,
              25.641985
            ],
            [
              -98.704788,
              25.681233
            ],
            [
              -98.759406,
              25.725495
            ],
            [
              -98.808987,
              25.77435
            ],
            [
              -98.853053,
              25.827332
            ],
            [
              -98.891177,
              25.883937
            ],
            [
              -98.922985,
              25.943624
            ],
            [
              -98.948164,
              26.005824
            ],
            [
              -98.966463,
              26.069939
            ],
            [
              -98.977694,
              26.135356
            ],
            [
              -98.981738,
              26.201446
            ],
            [
              -98.978544,
              26.267574
            ],
            [
              -98.96813,
              26.333102
            ],
            [
              -98.950584,
              26.397398
            ],
            [
              -98.926064,
              26.45984
            ],
            [
              -98.894798,
              26.519823
            ],
            [
              -98.857077,
              26.576766
            ],
            [
              -98.813258,
              26.630115
            ],
            [
              -98.763761,
              26.679351
            ],
            [
              -98.709059,
              26.723994
            ],
            [
              -98.649682,
              26.763609
            ],
            [
              -98.586203,
              26.797809
            ],
            [
              -98.51924,
              26.826259
            ],
            [
              -98.449446,
              26.848681
            ],
            [
              -98.377503,
              26.864856
            ],
            [
              -98.304115,
              26.874624
            ],
            [
              -98.23,
              26.877891
            ]
          ]
        ]
      },
      "properties": {
        "rank": 93,
        "city": "McAllen",
        "metro_name": "McAllen-Edinburg-Mission, TX",
        "country": "United States",
        "population": 921549,
        "population_year": 2025,
        "lat": 26.2034,
        "lon": -98.23,
        "radius_km": 75.0
      }
    },
    {
      "type": "Feature",
      "geometry": {
        "type": "Polygon",
        "coordinates": [
          [
            [
              -73.7562,
              43.327091
            ],
            [
              -73.665325,
              43.323808
            ],
            [
              -73.575355,
              43.31399
            ],
            [
              -73.487183,
              43.297735
            ],
            [
              -73.401684,
              43.275205
            ],
            [
              -73.319704,
              43.246624
            ],
            [
              -73.24205,
              43.212276
            ],
            [
              -73.169484,
              43.172499
            ],
            [
              -73.102712,
              43.127689
            ],
            [
              -73.042379,
              43.078286
            ],
            [
              -72.989062,
              43.024777
            ],
            [
              -72.943267,
              42.967688
            ],
            [
              -72.905419,
              42.907577
            ],
            [
              -72.875864,
              42.845031
            ],
            [
              -72.854865,
              42.780658
            ],
            [
              -72.842598,
              42.715084
            ],
            [
              -72.839154,
              42.648943
            ],
            [
              -72.844538,
              42.582872
            ],
            [
              -72.858671,
              42.517506
            ],
            [
              -72.881389,
              42.453471
            ],
            [
              -72.912451,
              42.39138
            ],
            [
              -72.951536,
              42.331823
            ],
            [
              -72.99825,
              42.275365
            ],
            [
              -73.052133,
              42.222543
            ],
            [
              -73.112658,
              42.173853
            ],
            [
              -73.179239,
              42.129756
            ],
            [
              -73.25124,
              42.090666
            ],
            [
              -73.327975,
              42.05695
            ],
            [
              -73.408718,
              42.028923
            ],
            [
              -73.492709,
              42.006848
            ],
            [
              -73.579162,
              41.990932
            ],
            [
              -73.667266,
              41.981322
            ],
            [
              -73.7562,
              41.978109
            ],
            [
              -73.845134,
              41.981322
            ],
            [
              -73.933238,
              41.990932
            ],
            [
              -74.019691,
              42.006848
            ],
            [
              -74.103682,
              42.028923
            ],
            [
              -74.184425,
              42.05695
            ],
            [
              -74.26116,
              42.090666
            ],
            [
              -74.333161,
              42.129756
            ],
            [
              -74.399742,
              42.173853
            ],
            [
              -74.460267,
              42.222543
            ],
            [
              -74.51415,
              42.275365
            ],
            [
              -74.560864,
              42.331823
            ],
            [
              -74.599949,
              42.39138
            ],
            [
              -74.631011,
              42.453471
            ],
            [
              -74.653729,
              42.517506
            ],
            [
              -74.667862,
              42.582872
            ],
            [
              -74.673246,
              42.648943
            ],
            [
              -74.669802,
              42.715084
            ],
            [
              -74.657535,
              42.780658
            ],
            [
              -74.636536,
              42.845031
            ],
            [
              -74.606981,
              42.907577
            ],
            [
              -74.569133,
              42.967688
            ],
            [
              -74.523338,
              43.024777
            ],
            [
              -74.470021,
              43.078286
            ],
            [
              -74.409688,
              43.127689
            ],
            [
              -74.342916,
              43.172499
            ],
            [
              -74.27035,
              43.212276
            ],
            [
              -74.192696,
              43.246624
            ],
            [
              -74.110716,
              43.275205
            ],
            [
              -74.025217,
              43.297735
            ],
            [
              -73.937045,
              43.31399
            ],
            [
              -73.847075,
              43.323808
            ],
            [
              -73.7562,
              43.327091
            ]
          ]
        ]
      },
      "properties": {
        "rank": 94,
        "city": "Albany",
        "metro_name": "Albany-Schenectady-Troy, NY",
        "country": "United States",
        "population": 915835,
        "population_year": 2025,
        "lat": 42.6526,
        "lon": -73.7562,
        "radius_km": 75.0
      }
    },
    {
      "type": "Feature",
      "geometry": {
        "type": "Polygon",
        "coordinates": [
          [
            [
              -71.2145,
              47.486791
            ],
            [
              -71.116675,
              47.483502
            ],
            [
              -71.019829,
              47.473667
            ],
            [
              -70.924928,
              47.457386
            ],
            [
              -70.832919,
              47.43482
            ],
            [
              -70.744714,
              47.406195
            ],
            [
              -70.661187,
              47.371796
            ],
            [
              -70.583158,
              47.331965
            ],
            [
              -70.511388,
              47.287098
            ],
            [
              -70.446571,
              47.237639
            ],
            [
              -70.389326,
              47.184077
            ],
            [
              -70.340194,
              47.126938
            ],
            [
              -70.299628,
              47.066784
            ],
            [
              -70.267998,
              47.004203
            ],
            [
              -70.245578,
              46.939805
            ],
            [
              -70.232554,
              46.874216
            ],
            [
              -70.229016,
              46.808071
            ],
            [
              -70.234965,
              46.742006
            ],
            [
              -70.250307,
              46.676658
            ],
            [
              -70.274863,
              46.612651
            ],
            [
              -70.308367,
              46.550596
            ],
            [
              -70.350469,
              46.491082
            ],
            [
              -70.400745,
              46.434675
            ],
            [
              -70.458693,
              46.381906
            ],
            [
              -70.523749,
              46.333272
            ],
            [
              -70.595282,
              46.28923
            ],
            [
              -70.672608,
              46.250193
            ],
            [
              -70.754993,
              46.216525
            ],
            [
              -70.84166,
              46.188541
            ],
            [
              -70.931796,
              46.166501
            ],
            [
              -71.02456,
              46.150611
            ],
            [
              -71.119087,
              46.141017
            ],
            [
              -71.2145,
              46.137809
            ],
            [
              -71.309913,
              46.141017
            ],
            [
              -71.40444,
              46.150611
            ],
            [
              -71.497204,
              46.166501
            ],
            [
              -71.58734,
              46.188541
            ],
            [
              -71.674007,
              46.216525
            ],
            [
              -71.756392,
              46.250193
            ],
            [
              -71.833718,
              46.28923
            ],
            [
              -71.905251,
              46.333272
            ],
            [
              -71.970307,
              46.381906
            ],
            [
              -72.028255,
              46.434675
            ],
            [
              -72.078531,
              46.491082
            ],
            [
              -72.120633,
              46.550596
            ],
            [
              -72.154137,
              46.612651
            ],
            [
              -72.178693,
              46.676658
            ],
            [
              -72.194035,
              46.742006
            ],
            [
              -72.199984,
              46.808071
            ],
            [
              -72.196446,
              46.874216
            ],
            [
              -72.183422,
              46.939805
            ],
            [
              -72.161002,
              47.004203
            ],
            [
              -72.129372,
              47.066784
            ],
            [
              -72.088806,
              47.126938
            ],
            [
              -72.039674,
              47.184077
            ],
            [
              -71.982429,
              47.237639
            ],
            [
              -71.917612,
              47.287098
            ],
            [
              -71.845842,
              47.331965
            ],
            [
              -71.767813,
              47.371796
            ],
            [
              -71.684286,
              47.406195
            ],
            [
              -71.596081,
              47.43482
            ],
            [
              -71.504072,
              47.457386
            ],
            [
              -71.409171,
              47.473667
            ],
            [
              -71.312325,
              47.483502
            ],
            [
              -71.2145,
              47.486791
            ]
          ]
        ]
      },
      "properties": {
        "rank": 95,
        "city": "Québec",
        "metro_name": "Québec (CMA), Quebec",
        "country": "Canada",
        "population": 903607,
        "population_year": 2025,
        "lat": 46.8123,
        "lon": -71.2145,
        "radius_km": 75.0
      }
    },
    {
      "type": "Feature",
      "geometry": {
        "type": "Polygon",
        "coordinates": [
          [
            [
              -79.9327,
              33.450791
            ],
            [
              -79.853468,
              33.447518
            ],
            [
              -79.775017,
              33.437732
            ],
            [
              -79.69812,
              33.42153
            ],
            [
              -79.623531,
              33.399069
            ],
            [
              -79.551984,
              33.370573
            ],
            [
              -79.484177,
              33.336321
            ],
            [
              -79.420773,
              33.296649
            ],
            [
              -79.362387,
              33.251947
            ],
            [
              -79.309582,
              33.202652
            ],
            [
              -79.262865,
              33.149247
            ],
            [
              -79.22268,
              33.092252
            ],
            [
              -79.189405,
              33.032223
            ],
            [
              -79.16335,
              32.969744
            ],
            [
              -79.144752,
              32.905421
            ],
            [
              -79.133773,
              32.839877
            ],
            [
              -79.130505,
              32.773744
            ],
            [
              -79.13496,
              32.70766
            ],
            [
              -79.147078,
              32.642261
            ],
            [
              -79.166728,
              32.578174
            ],
            [
              -79.193704,
              32.516013
            ],
            [
              -79.227735,
              32.456372
            ],
            [
              -79.268482,
              32.399819
            ],
            [
              -79.315546,
              32.346893
            ],
            [
              -79.368468,
              32.298097
            ],
            [
              -79.426737,
              32.253893
            ],
            [
              -79.489795,
              32.214701
            ],
            [
              -79.55704,
              32.180891
            ],
            [
              -79.627831,
              32.152782
            ],
            [
              -79.701498,
              32.13064
            ],
            [
              -79.777345,
              32.114673
            ],
            [
              -79.854655,
              32.105032
            ],
            [
              -79.9327,
              32.101809
            ],
            [
              -80.010745,
              32.105032
            ],
            [
              -80.088055,
              32.114673
            ],
            [
              -80.163902,
              32.13064
            ],
            [
              -80.237569,
              32.152782
            ],
            [
              -80.30836,
              32.180891
            ],
            [
              -80.375605,
              32.214701
            ],
            [
              -80.438663,
              32.253893
            ],
            [
              -80.496932,
              32.298097
            ],
            [
              -80.549854,
              32.346893
            ],
            [
              -80.596918,
              32.399819
            ],
            [
              -80.637665,
              32.456372
            ],
            [
              -80.671696,
              32.516013
            ],
            [
              -80.698672,
              32.578174
            ],
            [
              -80.718322,
              32.642261
            ],
            [
              -80.73044,
              32.70766
            ],
            [
              -80.734895,
              32.773744
            ],
            [
              -80.731627,
              32.839877
            ],
            [
              -80.720648,
              32.905421
            ],
            [
              -80.70205,
              32.969744
            ],
            [
              -80.675995,
              33.032223
            ],
            [
              -80.64272,
              33.092252
            ],
            [
              -80.602535,
              33.149247
            ],
            [
              -80.555818,
              33.202652
            ],
            [
              -80.503013,
              33.251947
            ],
            [
              -80.444627,
              33.296649
            ],
            [
              -80.381223,
              33.336321
            ],
            [
              -80.313416,
              33.370573
            ],
            [
              -80.241869,
              33.399069
            ],
            [
              -80.16728,
              33.42153
            ],
            [
              -80.090383,
              33.437732
            ],
            [
              -80.011932,
              33.447518
            ],
            [
              -79.9327,
              33.450791
            ]
          ]
        ]
      },
      "properties": {
        "rank": 96,
        "city": "Charleston",
        "metro_name": "Charleston-North Charleston, SC",
        "country": "United States",
        "population": 889263,
        "population_year": 2025,
        "lat": 32.7763,
        "lon": -79.9327,
        "radius_km": 75.0
      }
    },
    {
      "type": "Feature",
      "geometry": {
        "type": "Polygon",
        "coordinates": [
          [
            [
              -91.1875,
              31.117791
            ],
            [
              -91.110281,
              31.114521
            ],
            [
              -91.033821,
              31.104741
            ],
            [
              -90.958872,
              31.088549
            ],
            [
              -90.886169,
              31.066103
            ],
            [
              -90.816425,
              31.037623
            ],
            [
              -90.750321,
              31.003391
            ],
            [
              -90.688501,
              30.96374
            ],
            [
              -90.631564,
              30.919059
            ],
            [
              -90.580061,
              30.869786
            ],
            [
              -90.534485,
              30.816402
            ],
            [
              -90.49527,
              30.759427
            ],
            [
              -90.462786,
              30.699415
            ],
            [
              -90.437336,
              30.636949
            ],
            [
              -90.419153,
              30.572636
            ],
            [
              -90.408397,
              30.507098
            ],
            [
              -90.405159,
              30.440967
            ],
            [
              -90.409453,
              30.374881
            ],
            [
              -90.421224,
              30.309475
            ],
            [
              -90.440343,
              30.245377
            ],
            [
              -90.466613,
              30.183202
            ],
            [
              -90.49977,
              30.123544
            ],
            [
              -90.539485,
              30.066972
            ],
            [
              -90.58537,
              30.014025
            ],
            [
              -90.636977,
              29.965207
            ],
            [
              -90.69381,
              29.920982
            ],
            [
              -90.755322,
              29.881769
            ],
            [
              -90.820926,
              29.84794
            ],
            [
              -90.889997,
              29.819814
            ],
            [
              -90.961879,
              29.797658
            ],
            [
              -91.035893,
              29.781681
            ],
            [
              -91.111337,
              29.772035
            ],
            [
              -91.1875,
              29.768809
            ],
            [
              -91.263663,
              29.772035
            ],
            [
              -91.339107,
              29.781681
            ],
            [
              -91.413121,
              29.797658
            ],
            [
              -91.485003,
              29.819814
            ],
            [
              -91.554074,
              29.84794
            ],
            [
              -91.619678,
              29.881769
            ],
            [
              -91.68119,
              29.920982
            ],
            [
              -91.738023,
              29.965207
            ],
            [
              -91.78963,
              30.014025
            ],
            [
              -91.835515,
              30.066972
            ],
            [
              -91.87523,
              30.123544
            ],
            [
              -91.908387,
              30.183202
            ],
            [
              -91.934657,
              30.245377
            ],
            [
              -91.953776,
              30.309475
            ],
            [
              -91.965547,
              30.374881
            ],
            [
              -91.969841,
              30.440967
            ],
            [
              -91.966603,
              30.507098
            ],
            [
              -91.955847,
              30.572636
            ],
            [
              -91.937664,
              30.636949
            ],
            [
              -91.912214,
              30.699415
            ],
            [
              -91.87973,
              30.759427
            ],
            [
              -91.840515,
              30.816402
            ],
            [
              -91.794939,
              30.869786
            ],
            [
              -91.743436,
              30.919059
            ],
            [
              -91.686499,
              30.96374
            ],
            [
              -91.624679,
              31.003391
            ],
            [
              -91.558575,
              31.037623
            ],
            [
              -91.488831,
              31.066103
            ],
            [
              -91.416128,
              31.088549
            ],
            [
              -91.341179,
              31.104741
            ],
            [
              -91.264719,
              31.114521
            ],
            [
              -91.1875,
              31.117791
            ]
          ]
        ]
      },
      "properties": {
        "rank": 97,
        "city": "Baton Rouge",
        "metro_name": "Baton Rouge, LA",
        "country": "United States",
        "population": 888699,
        "population_year": 2025,
        "lat": 30.4433,
        "lon": -91.1875,
        "radius_km": 75.0
      }
    },
    {
      "type": "Feature",
      "geometry": {
        "type": "Polygon",
        "coordinates": [
          [
            [
              -71.8023,
              42.937091
            ],
            [
              -71.712003,
              42.933808
            ],
            [
              -71.622604,
              42.923992
            ],
            [
              -71.534991,
              42.907739
            ],
            [
              -71.450033,
              42.885213
            ],
            [
              -71.368571,
              42.856636
            ],
            [
              -71.291405,
              42.822291
            ],
            [
              -71.219293,
              42.78252
            ],
            [
              -71.152937,
              42.737714
            ],
            [
              -71.092977,
              42.688316
            ],
            [
              -71.039987,
              42.634812
            ],
            [
              -70.99447,
              42.577727
            ],
            [
              -70.956848,
              42.51762
            ],
            [
              -70.927467,
              42.455076
            ],
            [
              -70.906586,
              42.390706
            ],
            [
              -70.894382,
              42.325133
            ],
            [
              -70.890947,
              42.258992
            ],
            [
              -70.896284,
              42.192921
            ],
            [
              -70.910317,
              42.127553
            ],
            [
              -70.932883,
              42.063516
            ],
            [
              -70.963742,
              42.001422
            ],
            [
              -71.002576,
              41.941861
            ],
            [
              -71.048995,
              41.885399
            ],
            [
              -71.102539,
              41.832572
            ],
            [
              -71.162687,
              41.783878
            ],
            [
              -71.228856,
              41.739776
            ],
            [
              -71.300414,
              41.700681
            ],
            [
              -71.376678,
              41.666961
            ],
            [
              -71.456929,
              41.63893
            ],
            [
              -71.540409,
              41.616852
            ],
            [
              -71.626336,
              41.600934
            ],
            [
              -71.713905,
              41.591323
            ],
            [
              -71.8023,
              41.588109
            ],
            [
              -71.890695,
              41.591323
            ],
            [
              -71.978264,
              41.600934
            ],
            [
              -72.064191,
              41.616852
            ],
            [
              -72.147671,
              41.63893
            ],
            [
              -72.227922,
              41.666961
            ],
            [
              -72.304186,
              41.700681
            ],
            [
              -72.375744,
              41.739776
            ],
            [
              -72.441913,
              41.783878
            ],
            [
              -72.502061,
              41.832572
            ],
            [
              -72.555605,
              41.885399
            ],
            [
              -72.602024,
              41.941861
            ],
            [
              -72.640858,
              42.001422
            ],
            [
              -72.671717,
              42.063516
            ],
            [
              -72.694283,
              42.127553
            ],
            [
              -72.708316,
              42.192921
            ],
            [
              -72.713653,
              42.258992
            ],
            [
              -72.710218,
              42.325133
            ],
            [
              -72.698014,
              42.390706
            ],
            [
              -72.677133,
              42.455076
            ],
            [
              -72.647752,
              42.51762
            ],
            [
              -72.61013,
              42.577727
            ],
            [
              -72.564613,
              42.634812
            ],
            [
              -72.511623,
              42.688316
            ],
            [
              -72.451663,
              42.737714
            ],
            [
              -72.385307,
              42.78252
            ],
            [
              -72.313195,
              42.822291
            ],
            [
              -72.236029,
              42.856636
            ],
            [
              -72.154567,
              42.885213
            ],
            [
              -72.069609,
              42.907739
            ],
            [
              -71.981996,
              42.923992
            ],
            [
              -71.892597,
              42.933808
            ],
            [
              -71.8023,
              42.937091
            ]
          ]
        ]
      },
      "properties": {
        "rank": 98,
        "city": "Worcester",
        "metro_name": "Worcester, MA",
        "country": "United States",
        "population": 888502,
        "population_year": 2025,
        "lat": 42.2626,
        "lon": -71.8023,
        "radius_km": 75.0
      }
    },
    {
      "type": "Feature",
      "geometry": {
        "type": "Polygon",
        "coordinates": [
          [
            [
              -75.4902,
              41.282891
            ],
            [
              -75.402229,
              41.27961
            ],
            [
              -75.315131,
              41.2698
            ],
            [
              -75.22977,
              41.253557
            ],
            [
              -75.146992,
              41.231043
            ],
            [
              -75.067613,
              41.202482
            ],
            [
              -74.992415,
              41.168155
            ],
            [
              -74.922132,
              41.128403
            ],
            [
              -74.85745,
              41.083618
            ],
            [
              -74.798993,
              41.03424
            ],
            [
              -74.747321,
              40.980755
            ],
            [
              -74.702923,
              40.923687
            ],
            [
              -74.666214,
              40.863595
            ],
            [
              -74.63753,
              40.801064
            ],
            [
              -74.617128,
              40.736703
            ],
            [
              -74.60518,
              40.671136
            ],
            [
              -74.601778,
              40.604996
            ],
            [
              -74.606929,
              40.538922
            ],
            [
              -74.620559,
              40.473549
            ],
            [
              -74.642511,
              40.409502
            ],
            [
              -74.672554,
              40.347394
            ],
            [
              -74.710378,
              40.287818
            ],
            [
              -74.755605,
              40.231339
            ],
            [
              -74.807788,
              40.178492
            ],
            [
              -74.866417,
              40.129778
            ],
            [
              -74.930928,
              40.085657
            ],
            [
              -75.0007,
              40.046543
            ],
            [
              -75.07507,
              40.012805
            ],
            [
              -75.153334,
              39.98476
            ],
            [
              -75.234753,
              39.962669
            ],
            [
              -75.318563,
              39.946741
            ],
            [
              -75.403979,
              39.937124
            ],
            [
              -75.4902,
              39.933909
            ],
            [
              -75.576421,
              39.937124
            ],
            [
              -75.661837,
              39.946741
            ],
            [
              -75.745647,
              39.962669
            ],
            [
              -75.827066,
              39.98476
            ],
            [
              -75.90533,
              40.012805
            ],
            [
              -75.9797,
              40.046543
            ],
            [
              -76.049472,
              40.085657
            ],
            [
              -76.113983,
              40.129778
            ],
            [
              -76.172612,
              40.178492
            ],
            [
              -76.224795,
              40.231339
            ],
            [
              -76.270022,
              40.287818
            ],
            [
              -76.307846,
              40.347394
            ],
            [
              -76.337889,
              40.409502
            ],
            [
              -76.359841,
              40.473549
            ],
            [
              -76.373471,
              40.538922
            ],
            [
              -76.378622,
              40.604996
            ],
            [
              -76.37522,
              40.671136
            ],
            [
              -76.363272,
              40.736703
            ],
            [
              -76.34287,
              40.801064
            ],
            [
              -76.314186,
              40.863595
            ],
            [
              -76.277477,
              40.923687
            ],
            [
              -76.233079,
              40.980755
            ],
            [
              -76.181407,
              41.03424
            ],
            [
              -76.12295,
              41.083618
            ],
            [
              -76.058268,
              41.128403
            ],
            [
              -75.987985,
              41.168155
            ],
            [
              -75.912787,
              41.202482
            ],
            [
              -75.833408,
              41.231043
            ],
            [
              -75.75063,
              41.253557
            ],
            [
              -75.665269,
              41.2698
            ],
            [
              -75.578171,
              41.27961
            ],
            [
              -75.4902,
              41.282891
            ]
          ]
        ]
      },
      "properties": {
        "rank": 99,
        "city": "Allentown",
        "metro_name": "Allentown-Bethlehem-Easton, PA-NJ",
        "country": "United States",
        "population": 887615,
        "population_year": 2025,
        "lat": 40.6084,
        "lon": -75.4902,
        "radius_km": 75.0
      }
    },
    {
      "type": "Feature",
      "geometry": {
        "type": "Polygon",
        "coordinates": [
          [
            [
              -96.1429,
              19.855391
            ],
            [
              -96.072613,
              19.85213
            ],
            [
              -96.003011,
              19.842378
            ],
            [
              -95.934773,
              19.82623
            ],
            [
              -95.868564,
              19.803843
            ],
            [
              -95.805027,
              19.775437
            ],
            [
              -95.74478,
              19.741287
            ],
            [
              -95.688407,
              19.701726
            ],
            [
              -95.636453,
              19.657139
            ],
            [
              -95.589419,
              19.607959
            ],
            [
              -95.547758,
              19.554664
            ],
            [
              -95.511867,
              19.497771
            ],
            [
              -95.482088,
              19.437831
            ],
            [
              -95.458702,
              19.375424
            ],
            [
              -95.441929,
              19.311154
            ],
            [
              -95.431921,
              19.245642
            ],
            [
              -95.428768,
              19.179519
            ],
            [
              -95.432492,
              19.113423
            ],
            [
              -95.443048,
              19.047989
            ],
            [
              -95.460327,
              18.983847
            ],
            [
              -95.484156,
              18.921612
            ],
            [
              -95.514298,
              18.861881
            ],
            [
              -95.550459,
              18.805226
            ],
            [
              -95.592288,
              18.75219
            ],
            [
              -95.639378,
              18.70328
            ],
            [
              -95.691275,
              18.658962
            ],
            [
              -95.747482,
              18.61966
            ],
            [
              -95.807459,
              18.585749
            ],
            [
              -95.870632,
              18.557552
            ],
            [
              -95.936398,
              18.535337
            ],
            [
              -96.00413,
              18.519317
            ],
            [
              -96.073183,
              18.509644
            ],
            [
              -96.1429,
              18.506409
            ],
            [
              -96.212617,
              18.509644
            ],
            [
              -96.28167,
              18.519317
            ],
            [
              -96.349402,
              18.535337
            ],
            [
              -96.415168,
              18.557552
            ],
            [
              -96.478341,
              18.585749
            ],
            [
              -96.538318,
              18.61966
            ],
            [
              -96.594525,
              18.658962
            ],
            [
              -96.646422,
              18.70328
            ],
            [
              -96.693512,
              18.75219
            ],
            [
              -96.735341,
              18.805226
            ],
            [
              -96.771502,
              18.861881
            ],
            [
              -96.801644,
              18.921612
            ],
            [
              -96.825473,
              18.983847
            ],
            [
              -96.842752,
              19.047989
            ],
            [
              -96.853308,
              19.113423
            ],
            [
              -96.857032,
              19.179519
            ],
            [
              -96.853879,
              19.245642
            ],
            [
              -96.843871,
              19.311154
            ],
            [
              -96.827098,
              19.375424
            ],
            [
              -96.803712,
              19.437831
            ],
            [
              -96.773933,
              19.497771
            ],
            [
              -96.738042,
              19.554664
            ],
            [
              -96.696381,
              19.607959
            ],
            [
              -96.649347,
              19.657139
            ],
            [
              -96.597393,
              19.701726
            ],
            [
              -96.54102,
              19.741287
            ],
            [
              -96.480773,
              19.775437
            ],
            [
              -96.417236,
              19.803843
            ],
            [
              -96.351027,
              19.82623
            ],
            [
              -96.282789,
              19.842378
            ],
            [
              -96.213187,
              19.85213
            ],
            [
              -96.1429,
              19.855391
            ]
          ]
        ]
      },
      "properties": {
        "rank": 100,
        "city": "Veracruz",
        "metro_name": "Veracruz",
        "country": "Mexico",
        "population": 882011,
        "population_year": 2020,
        "lat": 19.1809,
        "lon": -96.1429,
        "radius_km": 75.0
      }
    }
  ]
}