{"type":"FeatureCollection","features":[{"type":"Feature","properties":{"code":"1.1.1","name":"Ellesmere and Devon Islands Ice Caps"},"geometry":{"type":"MultiPolygon","coordinates":[[[[-81.28,75.65],[-81.1,75.76],[-82.34,75.84],[-83.29,75.74],[-83.39,75.61],[-84.51,75.5],[-84.71,75.4],[-84.6,75.26],[-84.82,75.14],[-85.59,75.23],[-85.8,75.07],[-85.41,74.96],[-86.81,74.87],[-86.67,74.8],[-86.68,74.72],[-86.5,74.7],[-86.35,74.78],[-85.93,74.77],[-85.44,74.86],[-85.19,74.76],[-84.97,74.83],[-84.41,74.62],[-84.53,74.54],[-84.25,74.51],[-84.13,74.59],[-84.72,74.88],[-84.46,74.89],[-84.61,74.96],[-84.58,75.02],[-84.44,74.99],[-84.33,75.11],[-83.99,75.09],[-83.86,75.05],[-83.9,75.01],[-83.65,75.01],[-83.77,74.91],[-83.57,74.89],[-83.54,74.97],[-83.4,75.01],[-83.17,74.97],[-83.26,74.96],[-83.21,74.83],[-82.81,74.9],[-82.56,74.85],[-82.7,74.72],[-82.09,74.6],[-82.3,74.51],[-81.8,74.46],[-81.22,74.58],[-80.23,74.58],[-80.15,74.62],[-80.22,74.67],[-80.11,74.8],[-80.43,74.89],[-80.34,74.94],[-79.95,74.82],[-79.4,74.91],[-79.69,75.03],[-80.16,74.96],[-80.38,75.01],[-79.48,75.27],[-79.51,75.37],[-79.68,75.43],[-79.63,75.46],[-80.37,75.46],[-80.02,75.54],[-80.28,75.63],[-81.28,75.65]]],[[[-79.12,75.92],[-79.16,75.97],[-78.79,76.09],[-79.09,76.12],[-79.67,75.9],[-79.43,75.8],[-79.28,75.88],[-78.87,75.85],[-79.12,75.92]]],[[[-79.13,77.05],[-78.98,77.1],[-79,77.15],[-79.63,77.24],[-80.34,77.07],[-80.41,77.08],[-80.14,77.19],[-81.09,77.28],[-81.6,77.14],[-81.28,76.8],[-81.48,76.69],[-81.25,76.64],[-81.02,76.72],[-80.7,76.57],[-80.42,76.56],[-80.89,76.5],[-80.55,76.46],[-80.95,76.23],[-80.76,76.21],[-80.85,76.16],[-80.77,76.15],[-79.34,76.29],[-78.79,76.56],[-78.44,76.45],[-78.05,76.62],[-77.81,76.65],[-77.8,76.84],[-78.09,77.02],[-78.4,77],[-78.75,76.82],[-78.94,76.84],[-78.87,76.92],[-79.4,76.94],[-79.13,77.05]]],[[[-77.71,77.78],[-77.57,77.85],[-77.99,77.82],[-77.71,77.78]]],[[[-74.41,78.76],[-74.73,78.74],[-74.34,78.67],[-74.14,78.72],[-74.41,78.76]]],[[[-76.19,78.88],[-75.71,78.96],[-76.76,79.02],[-77.6,78.98],[-78.18,78.75],[-78.28,78.77],[-77.68,79.01],[-79.48,79.14],[-80.97,79.05],[-81.12,78.95],[-80.85,78.83],[-81.65,78.73],[-81.44,78.5],[-81.68,78.4],[-82.01,78.06],[-81.41,78],[-81.83,77.74],[-81.5,77.66],[-81.5,77.6],[-81.66,77.6],[-81.3,77.42],[-80.4,77.29],[-79.16,77.29],[-78.85,77.37],[-78.75,77.36],[-78.86,77.31],[-78.72,77.31],[-77.71,77.6],[-77.99,77.69],[-77.97,77.8],[-78.36,77.93],[-76.96,77.89],[-76.26,78],[-75.9,77.96],[-75.64,78.04],[-75.6,78.13],[-76.89,78.21],[-75.62,78.2],[-75.02,78.33],[-75.48,78.44],[-76.63,78.52],[-74.67,78.58],[-74.81,78.64],[-74.74,78.72],[-74.77,78.82],[-76.19,78.88]]],[[[-89.99,79.87],[-89.45,79.88],[-90.8,80.06],[-91.17,80.16],[-91.34,80.35],[-91.55,80.42],[-93.25,80.6],[-93.68,80.57],[-93.73,80.46],[-94,80.37],[-94.07,80.26],[-93.84,80.13],[-94.24,79.89],[-92.81,79.55],[-90.32,79.43],[-89.98,79.35],[-90.1,79.24],[-89.5,79.3],[-89.32,79.19],[-89.86,79.1],[-89.86,78.95],[-90.76,79.04],[-91.99,78.96],[-91.87,78.81],[-91.97,78.64],[-91.63,78.59],[-91.58,78.44],[-91.41,78.32],[-90.15,78.45],[-90.23,78.6],[-89.99,78.64],[-89.33,78.43],[-88.94,78.64],[-89.07,78.75],[-88.58,78.92],[-88.54,79.03],[-88.65,79.11],[-88.36,79.25],[-88.65,79.31],[-88.6,79.4],[-89.01,79.57],[-89.77,79.59],[-89.4,79.75],[-89.99,79.87]]],[[[-69.12,80.84],[-69.48,80.9],[-69.02,81.06],[-70.88,80.98],[-70.77,81.15],[-71.77,80.97],[-72.45,81],[-72.37,81.15],[-73.73,81.15],[-74.92,81.01],[-75.18,80.85],[-76.47,80.89],[-76.33,80.73],[-77.42,80.71],[-77.38,80.53],[-77.89,80.54],[-77.76,80.35],[-78.34,80.44],[-79.73,80.42],[-79.89,80.34],[-79.53,80.25],[-80.31,80.21],[-81.35,80.03],[-80.44,80.03],[-81.18,79.8],[-80.92,79.65],[-79.84,79.67],[-81.01,79.6],[-81.07,79.53],[-80.13,79.3],[-79.43,79.23],[-78.66,79.43],[-77.51,79.4],[-77.15,79.53],[-75.43,79.55],[-75.02,79.63],[-73.78,79.59],[-73.58,79.75],[-74.76,79.84],[-72.79,79.97],[-72.56,80.12],[-73.13,80.2],[-72.77,80.32],[-72.54,80.24],[-72.05,80.27],[-71.64,80.39],[-70.58,80.49],[-70.74,80.55],[-70.47,80.5],[-69.88,80.56],[-69.12,80.84]]],[[[-68.22,82.24],[-66.9,82.28],[-65.51,82.54],[-65.69,82.62],[-67.2,82.65],[-68.21,82.48],[-68.92,82.52],[-70.28,82.37],[-70.85,82.48],[-69.39,82.71],[-69.56,82.79],[-70.78,82.87],[-71.79,82.84],[-72.43,82.73],[-72.83,82.47],[-73.47,82.48],[-73.91,82.63],[-74.54,82.69],[-76.22,82.46],[-75.86,82.59],[-78.32,82.62],[-78.7,82.5],[-79.94,82.58],[-80.43,82.79],[-81.52,82.77],[-80.82,82.63],[-80.63,82.56],[-80.8,82.53],[-80.56,82.48],[-81.15,82.4],[-82.55,82.5],[-82.73,82.39],[-80.96,82.15],[-80.94,82.09],[-79.88,82.02],[-79.93,81.99],[-79.35,81.82],[-80.08,81.97],[-80.71,82.01],[-80.72,81.93],[-81.43,81.89],[-81.79,81.73],[-82.37,81.72],[-82.88,81.82],[-83.51,81.79],[-83.75,81.69],[-84.73,81.77],[-85.41,81.74],[-85.5,81.63],[-84.5,81.54],[-86.26,81.42],[-85.65,81.26],[-85,81.3],[-85.47,81.2],[-85.31,81.15],[-85.66,81.1],[-85.48,81.06],[-82.61,81.16],[-85.38,81],[-85.24,80.93],[-83.69,80.8],[-82.57,80.88],[-81.33,80.83],[-80.31,80.99],[-79.2,80.97],[-79.4,80.99],[-79.19,81.1],[-79.49,81.18],[-78.72,81.12],[-78.31,81.28],[-76.79,81.44],[-77.69,81.32],[-78.98,80.98],[-78.9,80.95],[-77.87,81.08],[-77.69,81.19],[-76.37,81.24],[-75.91,81.33],[-76.22,81.42],[-75.01,81.52],[-74.81,81.64],[-73.96,81.66],[-71.16,82],[-68.22,82.24]]]]}},{"type":"Feature","properties":{"code":"1.1.2","name":"Baffin and Torngat Mountains"},"geometry":{"type":"MultiPolygon","coordinates":[[[[-62.19,57.96],[-62.14,58],[-62.23,58],[-62.19,57.96]]],[[[-63.06,58.49],[-63.02,58.54],[-63.09,58.52],[-63.06,58.49]]],[[[-62.68,58.57],[-62.75,58.54],[-62.63,58.55],[-62.68,58.57]]],[[[-64.09,59.79],[-64.03,59.85],[-64.2,59.77],[-64.16,59.7],[-63.94,59.76],[-64.09,59.79]]],[[[-64.25,60.15],[-64.26,60.2],[-64.3,60.18],[-64.25,60.15]]],[[[-64.51,60.29],[-64.84,60.37],[-64.82,60.32],[-64.96,60.26],[-64.9,60.21],[-65.13,60.05],[-65.11,59.96],[-65.27,59.88],[-65.2,59.82],[-65.33,59.85],[-65.54,59.71],[-65.39,59.5],[-65.03,59.39],[-65.37,59.48],[-65.17,59.34],[-65.26,59.29],[-65.23,59.07],[-65.36,59],[-65.26,58.77],[-65.39,58.69],[-65.07,58.65],[-64.89,58.54],[-64.92,58.41],[-65.1,58.34],[-64.57,57.89],[-64.54,57.6],[-64.63,57.32],[-64.57,57.21],[-64.38,57.19],[-64.17,57.29],[-64.1,57.43],[-63.41,57.57],[-63.44,57.65],[-63.34,57.78],[-63.21,57.69],[-62.95,57.68],[-63.03,57.73],[-62.81,57.74],[-62.79,57.81],[-62.41,57.61],[-61.98,57.72],[-62.25,57.85],[-61.97,57.78],[-61.93,57.91],[-62.65,57.94],[-62.32,58.02],[-62.4,58.04],[-62.37,58.1],[-62.5,58.1],[-62.45,58.17],[-62.95,58.12],[-63.13,57.99],[-63.35,57.97],[-62.98,58.15],[-62.59,58.2],[-62.7,58.27],[-62.56,58.48],[-62.82,58.49],[-63.16,58.37],[-63.09,58.46],[-63.27,58.46],[-63.6,58.3],[-63.32,58.48],[-62.91,58.59],[-62.88,58.72],[-63.06,58.71],[-62.93,58.73],[-62.9,58.82],[-63.05,58.9],[-63.15,58.82],[-63.23,58.86],[-63.18,58.98],[-63.31,58.94],[-63.14,59.05],[-63.39,59.09],[-63.75,59.01],[-63.97,59.07],[-63.45,59.1],[-63.38,59.27],[-63.6,59.2],[-63.51,59.31],[-63.65,59.36],[-63.79,59.24],[-63.75,59.38],[-64.06,59.38],[-63.82,59.4],[-63.72,59.51],[-64.01,59.63],[-64.07,59.55],[-64.05,59.64],[-63.91,59.66],[-64.26,59.75],[-64.13,59.9],[-64.3,59.95],[-64.16,59.97],[-64.17,60.04],[-64.32,60.06],[-64.37,59.93],[-64.52,59.9],[-64.39,59.94],[-64.36,60.13],[-64.5,60.07],[-64.37,60.2],[-64.56,60.17],[-64.42,60.24],[-64.51,60.29]]],[[[-64.52,60.42],[-64.72,60.5],[-64.86,60.44],[-64.39,60.3],[-64.52,60.42]]],[[[-64.56,60.56],[-64.56,60.6],[-64.61,60.57],[-64.56,60.56]]],[[[-64.69,60.58],[-64.58,60.69],[-64.76,60.61],[-64.69,60.58]]],[[[-62.2,65.61],[-62.13,65.66],[-62.18,65.7],[-62.47,65.72],[-62.47,65.65],[-62.2,65.61]]],[[[-62.13,65.84],[-62.12,65.91],[-62.29,65.92],[-62.13,65.84]]],[[[-62.39,66.2],[-62.14,66.2],[-62.28,66.26],[-62.39,66.2]]],[[[-62.97,66.99],[-62.92,67],[-62.96,67.06],[-63.13,67.05],[-62.97,66.99]]],[[[-63.42,67.27],[-63.37,67.3],[-63.58,67.3],[-63.59,67.36],[-63.81,67.28],[-63.42,67.27]]],[[[-62.25,67.06],[-62.06,67.09],[-62.31,67.08],[-62.25,67.06]]],[[[-62.75,67],[-62.37,67.16],[-62.61,67.17],[-62.88,67.05],[-62.75,67]]],[[[-63.98,67.48],[-63.73,67.52],[-63.94,67.64],[-64.01,67.54],[-63.98,67.48]]],[[[-65.89,68.03],[-65.9,68.15],[-65.95,68.05],[-65.89,68.03]]],[[[-64.79,67.89],[-64.66,67.9],[-64.7,67.92],[-64.79,67.89]]],[[[-65.38,68.03],[-65.39,68.08],[-65.52,68.06],[-65.38,68.03]]],[[[-66.23,68.23],[-66.17,68.26],[-66.64,68.21],[-66.31,68.15],[-66.23,68.23]]],[[[-66.82,68.33],[-66.71,68.34],[-66.93,68.35],[-66.82,68.33]]],[[[-65.46,68.15],[-65.68,68.17],[-65.7,68.11],[-65.46,68.15]]],[[[-67.75,68.6],[-67.75,68.63],[-68,68.62],[-67.75,68.6]]],[[[-68.38,68.78],[-67.67,68.71],[-68.47,68.8],[-68.38,68.78]]],[[[-66.87,68.57],[-66.99,68.56],[-66.91,68.54],[-66.87,68.57]]],[[[-67.6,68.8],[-67.48,68.81],[-67.68,68.82],[-67.6,68.8]]],[[[-67.84,68.9],[-67.86,68.95],[-67.96,68.93],[-67.84,68.9]]],[[[-67.66,68.9],[-67.54,68.91],[-67.78,68.9],[-67.66,68.9]]],[[[-67.33,69.54],[-67.5,69.6],[-67.75,69.52],[-67.33,69.54]]],[[[-67.85,69.69],[-68.3,69.58],[-67.92,69.52],[-67.71,69.65],[-67.85,69.69]]],[[[-71.16,70.52],[-71.49,70.57],[-71.68,70.36],[-71.27,70.34],[-71.16,70.52]]],[[[-68.43,70.14],[-68.41,70.2],[-68.52,70.19],[-68.43,70.14]]],[[[-67.28,69.98],[-67.58,70.17],[-68.03,70.3],[-68.35,70.19],[-68.21,70.1],[-68.52,70.05],[-68.68,69.94],[-69.07,69.93],[-69.39,69.78],[-69.72,69.81],[-69.95,69.64],[-69.78,69.82],[-69.38,69.83],[-68.63,70.17],[-69.63,70.15],[-69.79,70.06],[-69.71,70],[-69.76,69.97],[-70.41,69.84],[-69.85,69.13],[-69.39,68.86],[-69.39,68.58],[-69.53,68.37],[-69.35,68.17],[-69.38,68.06],[-69.11,67.9],[-69.16,67.8],[-68.72,67.34],[-68.52,67.28],[-67.72,67.43],[-67.51,67.35],[-67.34,67.17],[-66.73,67.09],[-66.54,66.92],[-65.85,66.62],[-65.83,66.47],[-65.57,66.35],[-65.57,66.24],[-65.49,66.38],[-65.51,66.23],[-65.06,66.17],[-64.36,66.33],[-64.76,66.17],[-64.23,65.91],[-64.1,65.7],[-63.35,65.66],[-63.5,65.93],[-63.18,65.64],[-62.95,65.57],[-62.91,65.75],[-62.79,65.59],[-62.66,65.57],[-62.6,65.66],[-62.85,65.75],[-62.56,65.74],[-62.84,65.89],[-62.68,65.81],[-62.28,65.8],[-62.39,65.95],[-62.79,66],[-62.96,66.13],[-62.76,66.02],[-62.32,65.96],[-61.94,66.03],[-62.48,66.21],[-62.7,66.18],[-62.89,66.32],[-62.69,66.2],[-62.31,66.29],[-62.6,66.43],[-62.21,66.4],[-62.18,66.3],[-61.89,66.27],[-61.55,66.33],[-61.5,66.37],[-61.57,66.41],[-61.98,66.4],[-61.56,66.46],[-61.79,66.61],[-62.13,66.61],[-61.95,66.67],[-61.53,66.52],[-61.28,66.6],[-61.28,66.67],[-61.59,66.86],[-61.96,66.89],[-61.74,66.94],[-62.1,66.91],[-61.97,67.02],[-62.02,67.05],[-62.27,67.05],[-62.26,66.95],[-62.42,66.93],[-62.32,66.73],[-62.55,66.94],[-62.77,66.93],[-62.76,66.77],[-62.86,66.65],[-62.85,66.94],[-63.33,66.9],[-63.4,66.7],[-63.43,66.91],[-63.5,66.83],[-63.73,66.81],[-63.24,66.96],[-63.29,67.11],[-62.96,67.22],[-63.08,67.32],[-63.29,67.3],[-63.47,67.1],[-63.78,66.98],[-63.51,67.11],[-63.45,67.22],[-64.53,67.12],[-64.69,67.01],[-64.61,67.13],[-63.95,67.26],[-64.76,67.19],[-64.23,67.28],[-64.78,67.36],[-63.94,67.34],[-63.95,67.42],[-64.12,67.48],[-64.06,67.61],[-64.24,67.61],[-64.21,67.69],[-64.39,67.69],[-64.34,67.75],[-64.5,67.81],[-64.75,67.81],[-64.82,67.68],[-64.91,67.79],[-65.21,67.65],[-64.99,67.8],[-65.14,67.79],[-65.1,67.84],[-64.71,67.98],[-65.03,68.05],[-65.41,67.92],[-65.53,67.78],[-65.36,67.62],[-65.61,67.78],[-65.45,67.99],[-65.67,68],[-65.93,67.79],[-66.02,67.6],[-65.99,67.81],[-65.92,67.88],[-65.98,67.94],[-65.94,68.02],[-66.25,67.96],[-66.37,67.78],[-66.72,67.87],[-66.38,67.86],[-66.2,68.03],[-66.25,68.09],[-66.47,68.08],[-66.29,68.13],[-66.52,68.15],[-66.7,67.98],[-66.66,68.14],[-66.94,68.01],[-66.75,68.23],[-67.04,68.29],[-67.32,68.21],[-67.04,68.33],[-67.86,68.3],[-66.65,68.44],[-67.21,68.41],[-67.33,68.5],[-67.56,68.49],[-67.6,68.39],[-67.61,68.51],[-67.49,68.54],[-67.86,68.54],[-67.89,68.45],[-67.92,68.56],[-68.72,68.57],[-68.46,68.61],[-68.83,68.61],[-68.04,68.68],[-69.33,68.81],[-69.15,68.83],[-69.33,68.87],[-69.27,68.88],[-68.62,68.79],[-68.48,68.79],[-68.59,68.85],[-67.75,68.78],[-68.45,68.89],[-67.96,68.86],[-68.04,68.94],[-68.38,68.99],[-67.99,68.97],[-67.78,69.04],[-68.38,69.18],[-68.87,69.09],[-68.95,68.99],[-68.92,69.12],[-68.49,69.21],[-68.68,69.23],[-68.07,69.22],[-69.13,69.31],[-69.03,69.35],[-68.18,69.31],[-67.63,69.17],[-66.66,69.19],[-66.66,69.27],[-66.81,69.36],[-67.21,69.46],[-67.98,69.46],[-68.72,69.59],[-69.22,69.51],[-70.05,69.54],[-68.31,69.62],[-68.09,69.76],[-67.89,69.78],[-67.12,69.73],[-67.28,69.98]]],[[[-71.35,70.99],[-71.92,71.07],[-72.05,70.95],[-72.23,70.92],[-72.11,70.82],[-71.95,70.82],[-71.41,70.91],[-71.35,70.99]]],[[[-70.39,70.51],[-70.45,70.62],[-70.16,70.65],[-69.75,70.86],[-70.99,70.63],[-71.21,70.3],[-71.05,70.13],[-70.6,70.01],[-70.43,69.86],[-70.13,69.97],[-69.81,69.98],[-69.88,70.05],[-70.16,70.03],[-69.63,70.2],[-68.68,70.33],[-68.58,70.47],[-68.42,70.38],[-68.27,70.53],[-69.43,70.79],[-69.67,70.68],[-70.4,70.61],[-70.32,70.53],[-70.39,70.51]]],[[[-71.25,71.07],[-71.05,71.15],[-71.24,71.11],[-71.25,71.07]]],[[[-71.23,70.59],[-70.78,70.74],[-70.5,70.92],[-70.6,71.06],[-70.79,71.12],[-71.19,71.02],[-71.27,70.88],[-72.17,70.78],[-72.54,70.61],[-72.23,70.46],[-71.74,70.37],[-71.81,70.43],[-71.58,70.54],[-71.59,70.61],[-71.23,70.59]]],[[[-74.69,71.59],[-74.6,71.66],[-75.08,71.58],[-74.82,71.52],[-74.69,71.59]]],[[[-73.17,71.43],[-73.05,71.53],[-73.37,71.52],[-73.26,71.36],[-73.05,71.3],[-72.96,71.32],[-73.02,71.41],[-72.8,71.45],[-72.97,71.52],[-73.17,71.43]]],[[[-74.45,71.71],[-74.38,71.73],[-74.53,71.74],[-74.45,71.71]]],[[[-73.31,71.56],[-73.13,71.68],[-73.43,71.59],[-73.31,71.56]]],[[[-72.8,71.53],[-72.66,71.64],[-73.02,71.58],[-72.8,71.53]]],[[[-73.78,71.66],[-73.57,71.76],[-73.95,71.76],[-74.12,71.64],[-74.08,71.74],[-74.26,71.73],[-74.74,71.53],[-74.74,71.47],[-74.28,71.23],[-73.73,71.09],[-73.59,71.31],[-73.37,71.4],[-73.61,71.43],[-73.58,71.57],[-73.84,71.54],[-74.03,71.28],[-74.15,71.32],[-74.04,71.33],[-74.01,71.44],[-74.29,71.41],[-73.98,71.49],[-73.78,71.66]]],[[[-72.42,71.63],[-72.57,71.66],[-72.78,71.48],[-72.75,71.43],[-72.98,71.41],[-72.97,71.26],[-73.19,71.21],[-73.24,71.11],[-73.24,71.23],[-73.03,71.28],[-73.4,71.35],[-73.86,70.96],[-72.49,70.65],[-72.17,70.84],[-72.63,70.83],[-72.3,70.9],[-71.98,71.1],[-71.46,71.07],[-71.13,71.25],[-71.54,71.5],[-72.42,71.63]]],[[[-74.81,72.16],[-74.68,72.23],[-74.95,72.18],[-74.81,72.16]]],[[[-76.66,72.64],[-76.74,72.72],[-77.37,72.76],[-77.28,72.5],[-77.5,72.2],[-76.98,72.13],[-77.5,72.19],[-77.56,72.1],[-77.5,71.98],[-77.12,71.79],[-75.76,71.58],[-75.23,71.57],[-74.9,71.67],[-75.32,71.7],[-74.23,71.82],[-74.1,71.96],[-74.24,72.07],[-75.02,72.12],[-75.21,72.02],[-75.51,71.99],[-75.77,71.73],[-76.07,71.7],[-75.79,71.75],[-75.58,71.99],[-75.22,72.08],[-75.75,72.11],[-76.38,71.86],[-75.89,72.11],[-75.21,72.13],[-74.92,72.25],[-75.16,72.49],[-76.66,72.64]]],[[[-77.6,73.57],[-78.14,73.67],[-79.47,73.64],[-79.97,73.72],[-80.51,73.54],[-80.35,73.42],[-79,72.97],[-76.47,72.82],[-76.12,72.85],[-76.06,72.92],[-76.32,72.97],[-76.24,73.09],[-76.52,73.13],[-76.69,73.31],[-77.03,73.36],[-77.19,73.51],[-77.6,73.57]]]]}},{"type":"Feature","properties":{"code":"2.1.1","name":"Sverdrup Islands Lowland"},"geometry":{"type":"MultiPolygon","coordinates":[[[[-107.06,75.88],[-106.99,75.89],[-107.57,75.9],[-107.06,75.88]]],[[[-105.37,75.63],[-105.43,75.86],[-105.88,76.01],[-106.58,76.06],[-106.87,75.94],[-106.79,75.81],[-105.37,75.63]]],[[[-117.47,76.06],[-117.78,76.11],[-118.58,75.92],[-119.4,75.61],[-118.56,75.5],[-118.01,75.7],[-117.47,76.06]]],[[[-121.04,75.73],[-120.84,75.93],[-120.99,75.93],[-121.02,75.82],[-121.28,75.77],[-121.04,75.73]]],[[[-114.67,76.5],[-115.53,76.44],[-115.87,76.36],[-115.9,76.29],[-114.78,76.16],[-116.21,76.2],[-116.61,76.12],[-116.66,76.03],[-116.45,75.99],[-116.69,75.97],[-116.72,75.9],[-114.79,75.89],[-116.88,75.79],[-117.22,75.58],[-116.34,75.56],[-115.11,75.69],[-116,75.49],[-115.18,75.45],[-111.68,75.92],[-112.38,76.04],[-112.49,76.11],[-112.39,76.17],[-112.9,76.26],[-113.94,76.2],[-114.12,76.31],[-114.04,76.42],[-114.11,76.45],[-114.67,76.5]]],[[[-108.73,76.85],[-109.29,76.8],[-109.62,76.59],[-110.38,76.4],[-109.92,76.21],[-109.73,76.23],[-109.27,76.1],[-109.76,75.94],[-107.8,75.91],[-107.58,75.99],[-108.4,76.06],[-108.34,76.17],[-108.09,76.26],[-108.26,76.39],[-108.57,76.42],[-108.49,76.56],[-108.69,76.63],[-108.39,76.71],[-108.67,76.76],[-108.61,76.81],[-108.73,76.85]]],[[[-122.9,76.04],[-123.01,76.03],[-122.6,76.05],[-122.9,76.04]]],[[[-109.05,76.9],[-109.14,76.94],[-109.3,76.93],[-109.05,76.9]]],[[[-103.8,77.06],[-103.84,77.09],[-103.93,77.08],[-103.8,77.06]]],[[[-104.18,77.08],[-103.95,77.13],[-104.21,77.17],[-104.39,77.11],[-104.18,77.08]]],[[[-114.3,76.89],[-114.84,76.77],[-113.71,76.7],[-113.45,76.77],[-113.73,76.89],[-114.3,76.89]]],[[[-90.88,77.13],[-90.7,77.19],[-90.91,77.25],[-91.29,77.2],[-90.88,77.13]]],[[[-113.26,77.09],[-113.3,77.13],[-113.47,77.1],[-113.26,77.09]]],[[[-113.67,77.11],[-113.62,77.13],[-113.9,77.13],[-113.67,77.11]]],[[[-120.93,76.75],[-121.16,76.73],[-120.85,76.75],[-120.93,76.75]]],[[[-90.78,77.65],[-91.17,77.62],[-91.23,77.57],[-91.21,77.39],[-90.35,77.2],[-89.95,77.22],[-89.62,77.35],[-89.72,77.36],[-89.79,77.49],[-90.21,77.61],[-90.78,77.65]]],[[[-105,77.41],[-104.97,77.52],[-105.38,77.69],[-106.09,77.73],[-105.82,77.62],[-105.85,77.54],[-105.22,77.16],[-104.71,77.11],[-104.34,77.2],[-104.49,77.32],[-105,77.41]]],[[[-95.39,77.74],[-95.46,77.81],[-95.93,77.76],[-96.24,77.69],[-96.3,77.61],[-95.83,77.46],[-93.57,77.44],[-93.46,77.47],[-93.38,77.63],[-93.08,77.66],[-93.65,77.78],[-95.39,77.74]]],[[[-102.07,77.9],[-102.43,77.88],[-102.52,77.79],[-102.07,77.68],[-100.9,77.73],[-101.25,77.85],[-102.07,77.9]]],[[[-116.2,77.52],[-117.02,77.47],[-117.07,77.44],[-116.65,77.38],[-117.17,77.35],[-117.02,77.3],[-117.86,77.39],[-119.18,77.32],[-119.38,77.19],[-120.07,77],[-120.4,76.8],[-121.18,76.69],[-121.19,76.62],[-121.5,76.44],[-122.53,76.37],[-123.02,76.09],[-122.57,76.17],[-122.46,76.11],[-122.68,75.9],[-122.42,75.87],[-121.93,76.04],[-121.27,75.91],[-121.1,75.99],[-120.9,75.96],[-121.01,76.14],[-120.83,76.18],[-120.64,76.15],[-120.73,76.11],[-120.68,76.02],[-120.43,76.01],[-120.46,75.83],[-120.28,75.81],[-120.15,75.91],[-119.93,75.85],[-119.47,75.99],[-119.57,76.08],[-119.78,76.11],[-119.6,76.17],[-119.63,76.31],[-119.47,76.33],[-119.29,76.14],[-119.06,76.09],[-118.9,76.26],[-118.53,76.34],[-118.65,76.45],[-118.94,76.5],[-118.3,76.55],[-118.43,76.72],[-117.84,76.82],[-117.72,76.78],[-117.92,76.68],[-118,76.41],[-117.51,76.27],[-117.07,76.3],[-116.91,76.38],[-117.02,76.54],[-116.28,76.59],[-115.87,76.7],[-115.96,76.82],[-116.34,76.94],[-115.71,76.94],[-116.33,77.12],[-115.42,77.32],[-116.2,77.52]]],[[[-101.57,78.16],[-101.71,78.25],[-101.84,78.17],[-101.57,78.16]]],[[[-103.07,78.12],[-102.77,78.21],[-103,78.27],[-103.3,78.15],[-103.07,78.12]]],[[[-110.84,78.07],[-113.17,77.92],[-113.29,77.79],[-113.12,77.63],[-113.18,77.52],[-111.99,77.33],[-110.26,77.49],[-110.06,77.56],[-110.03,77.76],[-110.63,77.76],[-110.88,77.86],[-109.81,77.93],[-109.54,78.04],[-109.96,78.11],[-110.84,78.07]]],[[[-94.36,78.16],[-94.3,78.18],[-94.7,78.27],[-94.36,78.16]]],[[[-114.16,78.01],[-114.33,78.07],[-115.08,77.96],[-114.28,77.7],[-113.54,77.82],[-114.16,78.01]]],[[[-96.91,78.7],[-98.19,78.81],[-98.41,78.77],[-98.33,78.71],[-98.37,78.65],[-98.07,78.54],[-98.43,78.5],[-97.8,78.24],[-97.95,78.22],[-96.91,78.14],[-96.98,78.07],[-97.72,78.09],[-97.02,77.92],[-97.12,77.87],[-97.09,77.81],[-96.82,77.79],[-96.56,77.9],[-96.31,77.86],[-95.11,77.95],[-94.89,78.11],[-95.42,78.23],[-94.84,78.36],[-94.91,78.39],[-95.56,78.51],[-96.29,78.53],[-96.26,78.63],[-96.91,78.7]]],[[[-110.41,78.76],[-113.06,78.43],[-113.31,78.34],[-113.05,78.27],[-112.16,78.37],[-111.45,78.27],[-111.14,78.39],[-110.33,78.28],[-109.43,78.31],[-109.29,78.36],[-109.31,78.43],[-109.23,78.48],[-110.41,78.76]]],[[[-103.66,79.34],[-105.46,79.3],[-105.62,79.14],[-105.53,79.02],[-104.68,79.02],[-105.01,78.81],[-104.97,78.79],[-104.12,78.98],[-103.9,78.87],[-104.2,78.77],[-103.32,78.74],[-104.03,78.63],[-103.42,78.61],[-103.5,78.51],[-104.74,78.58],[-105.02,78.5],[-104.41,78.26],[-103.91,78.24],[-102.66,78.37],[-102.81,78.3],[-101.01,78.17],[-100.74,78.09],[-100.83,78.06],[-100.6,77.9],[-99.9,77.78],[-99.14,77.86],[-98.93,78.06],[-99.71,78.3],[-99.85,78.44],[-99.49,78.59],[-100.02,78.63],[-99.85,78.69],[-99.97,78.73],[-100.35,78.83],[-101.18,78.8],[-100.96,78.94],[-101.83,79.09],[-102.39,79.02],[-102.38,78.94],[-102.56,78.87],[-102.73,78.96],[-102.62,79.1],[-103.08,79.29],[-103.66,79.34]]],[[[-105.1,79.35],[-105.18,79.38],[-105.3,79.38],[-105.1,79.35]]],[[[-99.49,80.11],[-99.85,80.14],[-100.2,80.04],[-100.14,79.89],[-99.51,79.89],[-99.3,79.84],[-99.34,79.76],[-98.87,79.67],[-98.62,79.78],[-98.88,80.08],[-99.49,80.11]]],[[[-99.2,80.18],[-99.41,80.17],[-99.14,80.17],[-99.2,80.18]]]]}},{"type":"Feature","properties":{"code":"2.1.2","name":"Ellesmere Mountains and Eureka Hills"},"geometry":{"type":"MultiPolygon","coordinates":[[[[-84.99,77.57],[-85.54,77.54],[-85.12,77.45],[-84.81,77.5],[-84.99,77.57]]],[[[-85.73,77.45],[-85.97,77.69],[-86.5,77.84],[-87.28,77.9],[-88.1,77.82],[-88.23,77.66],[-87.64,77.49],[-87.78,77.43],[-87.72,77.36],[-86.84,77.36],[-87.24,77.29],[-87.14,77.21],[-86.73,77.18],[-88.4,77.12],[-89.53,76.85],[-89.45,76.73],[-88.91,76.71],[-88.64,76.85],[-87.02,77.01],[-86.5,77.14],[-85.8,77.15],[-85.55,77.26],[-85.35,77.22],[-85.35,77.29],[-84.49,77.29],[-85.73,77.45]]],[[[-90.32,78.29],[-90.36,78.3],[-90.4,78.3],[-90.32,78.29]]],[[[-88.26,78.24],[-88.04,78.45],[-88.23,78.43],[-88.39,78.3],[-88.26,78.24]]],[[[-94.49,79.26],[-94.58,79.24],[-94.39,79.25],[-94.49,79.26]]],[[[-85.33,78.98],[-85.16,79.03],[-85.81,79.07],[-86.29,79.01],[-86.49,78.9],[-85.33,78.98]]],[[[-83.71,80.23],[-86.12,80.33],[-86.53,80.3],[-86.67,80.12],[-86.47,80],[-85.26,79.93],[-86.38,79.97],[-86.47,79.8],[-85.14,79.64],[-84.89,79.48],[-84.49,79.41],[-84.31,79.19],[-84.02,79.18],[-83.55,79.03],[-84.51,79.15],[-84.78,79.07],[-84.73,79.03],[-82.53,78.89],[-81.7,79.03],[-81.63,79.01],[-81.76,78.92],[-81.65,78.88],[-83.27,78.83],[-82.23,78.59],[-82.36,78.56],[-83.73,78.83],[-85.08,78.92],[-86.65,78.8],[-87.51,78.42],[-87.5,78.21],[-87.13,78.2],[-87.52,78.13],[-86.73,78.11],[-85.96,78.3],[-85.88,78.29],[-86.27,78.07],[-85.52,78.1],[-84.96,78.33],[-84.81,78.52],[-84.59,78.59],[-84.95,78.21],[-84.13,78.17],[-84.95,78.17],[-85.07,78.1],[-84.28,78.08],[-85.06,78.06],[-85.69,77.93],[-85.46,77.86],[-84.3,77.89],[-85.41,77.84],[-84.94,77.85],[-85.3,77.67],[-84.93,77.6],[-84.42,77.74],[-84.86,77.54],[-83.94,77.49],[-83.4,77.61],[-82.74,77.96],[-82.76,78.02],[-82.35,78.08],[-83.23,77.57],[-83.83,77.45],[-83.46,77.35],[-84.62,77.38],[-84.46,77.3],[-83.89,77.27],[-83.81,77.27],[-83.95,77.31],[-83.38,77.28],[-83.37,77.36],[-82.13,77.25],[-82.07,77.26],[-82.16,77.3],[-81.18,77.32],[-81.77,77.43],[-81.67,77.54],[-81.96,77.65],[-81.5,77.6],[-81.64,77.72],[-81.83,77.74],[-81.41,78],[-82.01,78.06],[-81.68,78.4],[-81.44,78.5],[-81.65,78.73],[-80.85,78.83],[-81.12,78.95],[-80.97,79.05],[-79.52,79.14],[-77.54,79.02],[-76.06,79.1],[-78.25,79.17],[-77.85,79.2],[-76.12,79.2],[-75.74,79.07],[-74.4,79.05],[-74.73,79.19],[-74.45,79.22],[-74.53,79.23],[-77.24,79.26],[-78,79.35],[-77.14,79.33],[-77.35,79.45],[-76.86,79.35],[-75.87,79.34],[-76.18,79.45],[-77.2,79.52],[-77.51,79.4],[-78.66,79.43],[-79.43,79.23],[-80.13,79.3],[-81.07,79.53],[-81.01,79.6],[-81.63,79.63],[-81.97,79.72],[-82.1,79.85],[-83.71,80.23]]],[[[-73.44,79.5],[-73.12,79.55],[-73.16,79.64],[-73.39,79.74],[-73.58,79.75],[-73.78,79.59],[-75.02,79.63],[-75.43,79.55],[-76.87,79.52],[-75.05,79.37],[-74.87,79.41],[-74.99,79.47],[-74.93,79.49],[-74.24,79.43],[-73.44,79.5]]],[[[-94.99,80.65],[-95.23,80.7],[-96.14,80.67],[-94.99,80.65]]],[[[-84.68,80.87],[-85.38,81],[-85.74,80.96],[-86.76,80.59],[-86.07,80.52],[-85.68,80.61],[-85.74,80.54],[-85.18,80.51],[-83.9,80.53],[-83.73,80.62],[-83.8,80.73],[-83.26,80.83],[-84.68,80.87]]],[[[-93.12,81.35],[-94.29,81.34],[-94.41,81.25],[-93.1,81.15],[-93.35,81.07],[-94.24,81.11],[-94.1,81.03],[-94.41,80.96],[-94.92,81.06],[-95.28,81],[-95.37,80.92],[-95.29,80.88],[-95.54,80.82],[-94.14,80.72],[-94.65,80.67],[-94.58,80.6],[-93.82,80.52],[-95.77,80.57],[-96.11,80.49],[-95.46,80.34],[-96.64,80.33],[-95.96,80.19],[-95.24,80.23],[-95.73,80.17],[-95.34,80.11],[-94.58,80.22],[-94.27,80.18],[-94.82,80.08],[-94.5,80],[-96.4,80.14],[-96.77,80.09],[-96.6,79.96],[-96.2,79.92],[-96.64,79.88],[-95.9,79.65],[-94.82,79.66],[-94.48,79.74],[-94.34,79.69],[-95.74,79.49],[-95.74,79.41],[-95.3,79.4],[-95.19,79.35],[-95.31,79.33],[-95.13,79.28],[-94.51,79.34],[-94.4,79.43],[-94.05,79.38],[-94.25,79.27],[-94.02,79.25],[-93.41,79.4],[-93.3,79.39],[-93.36,79.33],[-92.97,79.39],[-93.06,79.46],[-92.23,79.44],[-92.59,79.38],[-92.06,79.34],[-91.13,79.39],[-92.68,79.25],[-90.74,79.22],[-93.36,79.16],[-94.29,78.98],[-93.87,78.83],[-93.04,78.76],[-93.82,78.77],[-93.3,78.58],[-92.84,78.63],[-91.67,78.56],[-91.64,78.53],[-92.99,78.47],[-92.15,78.24],[-91.32,78.16],[-90.33,78.15],[-90.36,78.26],[-90.77,78.32],[-90.24,78.33],[-89.44,78.16],[-89.75,78.38],[-89.98,78.44],[-89.97,78.59],[-89.23,78.24],[-88.83,78.15],[-88.54,78.4],[-88.76,78.61],[-88.57,78.6],[-88.22,78.45],[-87.88,78.55],[-88.23,78.82],[-88.16,78.99],[-87.91,79],[-87.99,78.97],[-87.95,78.74],[-87.61,78.64],[-86.98,78.88],[-86.99,79],[-86.7,78.96],[-86.45,79.06],[-84.87,79.27],[-85.68,79.61],[-85.81,79.61],[-85.89,79.51],[-86.57,79.66],[-87.43,79.53],[-87.12,79.64],[-86.93,79.91],[-87.24,79.89],[-86.97,79.95],[-87.31,80.08],[-88.05,80.1],[-87.6,80.18],[-87.67,80.4],[-88.6,80.4],[-88.69,80.37],[-88.68,80.27],[-88.34,80.16],[-88.74,80.13],[-89.25,80.28],[-89.1,80.33],[-89.05,80.45],[-89.1,80.47],[-90.78,80.56],[-90.61,80.64],[-91.14,80.76],[-91.81,81.07],[-91.84,81.15],[-93.12,81.35]],[[-93.25,80.6],[-91.55,80.42],[-91.34,80.35],[-91.17,80.16],[-90.8,80.06],[-89.47,79.93],[-89.45,79.88],[-89.99,79.87],[-89.4,79.75],[-89.77,79.59],[-89.01,79.57],[-88.6,79.4],[-88.65,79.31],[-88.36,79.25],[-88.65,79.11],[-88.54,79.03],[-88.58,78.92],[-89.07,78.75],[-88.94,78.64],[-89.33,78.43],[-89.99,78.64],[-90.23,78.6],[-90.15,78.45],[-91.41,78.32],[-91.58,78.44],[-91.63,78.59],[-91.97,78.64],[-91.87,78.81],[-91.99,78.96],[-90.76,79.04],[-89.86,78.95],[-89.86,79.1],[-89.32,79.19],[-89.5,79.3],[-90.1,79.24],[-89.98,79.35],[-90.32,79.43],[-92.81,79.55],[-94.24,79.89],[-93.84,80.13],[-94.07,80.26],[-94,80.37],[-93.73,80.46],[-93.68,80.57],[-93.25,80.6]]],[[[-86.21,80.96],[-85.48,81.06],[-85.66,81.1],[-85.31,81.15],[-85.47,81.2],[-86.7,81],[-88.3,81],[-89.45,80.91],[-88.21,80.68],[-87.33,80.62],[-86.21,80.96]]],[[[-79.97,80.77],[-79.21,80.96],[-80.31,80.99],[-81.33,80.83],[-82.57,80.88],[-83.57,80.74],[-83.36,80.68],[-81.8,80.81],[-83.1,80.65],[-83.2,80.57],[-83.01,80.54],[-79.97,80.77]]],[[[-70.15,80.19],[-69.93,80.25],[-70.47,80.34],[-70.35,80.41],[-70.58,80.49],[-71.64,80.39],[-72.05,80.27],[-72.54,80.24],[-72.77,80.32],[-73.13,80.2],[-72.56,80.12],[-72.79,79.97],[-73.94,79.9],[-73.84,79.82],[-73.13,79.81],[-72.94,79.7],[-72.26,79.65],[-71.11,79.79],[-70.87,79.88],[-71.43,79.92],[-70.71,79.98],[-70.47,80.09],[-72.2,80.05],[-72.27,80.07],[-71.91,80.11],[-72.38,80.21],[-71.68,80.1],[-70.15,80.19]]],[[[-91.69,81.54],[-91.56,81.58],[-91.95,81.59],[-91.69,81.54]]],[[[-84.56,82.44],[-85.76,82.46],[-85.91,82.43],[-85.54,82.4],[-85.43,82.28],[-86.9,82.21],[-86.6,82.11],[-84.75,82],[-84.62,81.88],[-84.94,81.99],[-85.06,81.99],[-84.99,81.94],[-85.04,81.93],[-85.22,82],[-86.89,82.05],[-87.24,81.95],[-87.17,82],[-87.36,82.06],[-88.09,82.09],[-89.42,81.92],[-89.2,81.88],[-89.32,81.83],[-90.61,81.87],[-91.94,81.64],[-91.37,81.52],[-90.3,81.69],[-89.78,81.6],[-90.86,81.44],[-90.34,81.38],[-88.42,81.56],[-87.34,81.5],[-88.78,81.5],[-89.97,81.33],[-89.24,81.22],[-90.32,81.18],[-90.16,81.05],[-89.66,81.01],[-86.46,81.12],[-85.65,81.26],[-86.26,81.42],[-84.5,81.54],[-85.5,81.63],[-85.41,81.74],[-84.73,81.77],[-83.75,81.69],[-83.51,81.79],[-82.88,81.82],[-82.37,81.72],[-81.79,81.73],[-81.43,81.89],[-80.72,81.93],[-80.71,82.01],[-82.67,82.28],[-83.04,82.24],[-82.55,82.07],[-83.06,82.06],[-82.95,82.11],[-83.48,82.3],[-84.77,82.42],[-84.56,82.44]]],[[[-81.01,82.55],[-82.22,82.67],[-82.42,82.6],[-81.69,82.49],[-82.55,82.5],[-81.15,82.4],[-80.56,82.48],[-81.01,82.55]]],[[[-80.43,82.79],[-81.34,82.82],[-81.62,82.8],[-80.43,82.79]]],[[[-76.94,82.79],[-77.83,82.93],[-78.5,82.85],[-78.56,82.86],[-78.52,82.92],[-79,82.89],[-79.37,82.97],[-80.42,82.89],[-79.93,82.75],[-79.13,82.69],[-80.25,82.75],[-79.94,82.58],[-78.7,82.5],[-78.32,82.62],[-76.1,82.62],[-76.94,82.79]]],[[[-74.08,83.06],[-73.99,83.08],[-74.41,83.09],[-74.08,83.06]]],[[[-63.74,82.72],[-63.46,82.8],[-63.97,82.84],[-64.53,82.78],[-64.74,82.82],[-64.68,82.9],[-64.88,82.91],[-65.27,82.88],[-65.27,82.83],[-65.46,82.79],[-65.76,82.85],[-68.49,82.64],[-66.38,82.93],[-68.55,83.01],[-68.87,82.95],[-69.54,83.01],[-69.73,83.11],[-71.08,83.09],[-71.47,83.02],[-70.91,82.9],[-71.46,82.94],[-71.77,83.02],[-71.57,83.1],[-71.9,83.1],[-72.63,83.09],[-73.64,82.94],[-72.56,82.73],[-72.7,82.7],[-73.78,82.85],[-74.48,83.03],[-77.27,83.03],[-77.45,82.98],[-76.48,82.8],[-75.95,82.78],[-76.33,82.75],[-75.57,82.6],[-74.54,82.69],[-73.91,82.63],[-73.47,82.48],[-72.83,82.47],[-72.43,82.73],[-71.79,82.84],[-70.78,82.87],[-69.56,82.79],[-69.39,82.71],[-70.85,82.48],[-70.28,82.37],[-68.92,82.52],[-68.21,82.48],[-67.2,82.65],[-65.69,82.62],[-65.51,82.54],[-66.9,82.28],[-67.5,82.3],[-71.16,82],[-73.96,81.66],[-74.81,81.64],[-75.01,81.52],[-76.22,81.42],[-75.91,81.33],[-76.37,81.24],[-77.69,81.19],[-77.87,81.08],[-78.9,80.95],[-79,80.88],[-76.53,80.85],[-78.08,80.81],[-80.01,80.61],[-78.11,80.57],[-80.25,80.53],[-83.23,80.32],[-82.31,80.04],[-81.63,79.96],[-81.51,79.71],[-80.96,79.67],[-81.18,79.8],[-80.44,80.03],[-81.35,80.03],[-80.31,80.21],[-79.53,80.25],[-79.89,80.34],[-79.73,80.42],[-78.34,80.44],[-77.76,80.35],[-77.89,80.54],[-77.38,80.53],[-77.42,80.71],[-76.33,80.73],[-76.47,80.89],[-75.18,80.85],[-74.92,81.01],[-73.73,81.15],[-72.37,81.15],[-72.45,81],[-71.77,80.97],[-70.77,81.15],[-70.88,80.98],[-69.02,81.06],[-69.48,80.9],[-69.12,80.84],[-69.55,80.66],[-70.47,80.5],[-70.19,80.41],[-70.25,80.34],[-69.57,80.37],[-68.25,80.76],[-66.71,81.03],[-66.13,81.21],[-64.77,81.37],[-64.46,81.48],[-64.54,81.55],[-65.15,81.53],[-69.81,81.11],[-69.97,81.16],[-66.65,81.51],[-68.35,81.52],[-68.93,81.65],[-68.27,81.56],[-64.37,81.73],[-62.35,82],[-61.92,82.1],[-61.99,82.13],[-61.21,82.23],[-61.13,82.32],[-61.33,82.43],[-61.72,82.49],[-62.33,82.53],[-63.14,82.47],[-63.07,82.55],[-63.74,82.72]]]]}},{"type":"Feature","properties":{"code":"2.1.3","name":"Parry Islands Plateau"},"geometry":{"type":"MultiPolygon","coordinates":[[[[-96.76,72.73],[-96.6,72.78],[-96.67,72.9],[-96.97,72.78],[-96.76,72.73]]],[[[-97.17,72.66],[-97,72.74],[-97.28,72.86],[-97.21,72.93],[-97.84,73.05],[-98.21,72.99],[-98.45,72.83],[-98.9,72.72],[-98.76,72.62],[-98.31,72.62],[-98.28,72.52],[-98.03,72.4],[-98.12,72.23],[-97.87,72.06],[-97.23,72],[-96.49,72.07],[-96.49,72.24],[-96.65,72.31],[-96.27,72.42],[-96.53,72.76],[-97.08,72.61],[-97.17,72.66]]],[[[-96.83,72.92],[-96.65,72.94],[-96.54,73.05],[-96.8,73.19],[-97.12,73.09],[-97.04,72.96],[-96.83,72.92]]],[[[-96.88,73.22],[-96.97,73.28],[-97.09,73.25],[-96.88,73.22]]],[[[-99.82,73.9],[-99.76,73.93],[-100.29,73.87],[-99.85,73.85],[-100.02,73.77],[-100.54,73.86],[-101.11,73.73],[-100.55,73.59],[-100.6,73.5],[-100.5,73.45],[-100.91,73.61],[-101.43,73.55],[-101.54,73.47],[-100.9,73.27],[-100.26,73.36],[-99.75,73.2],[-100.02,73.18],[-100.34,73.29],[-100.58,73.14],[-100.27,73.13],[-99.75,72.96],[-99.42,72.98],[-99.47,73.07],[-99.41,73.15],[-99.3,73.15],[-99.23,73],[-98.91,72.99],[-98.22,73.07],[-97.65,73.32],[-97.15,73.35],[-97.19,73.47],[-97.66,73.49],[-97.18,73.56],[-96.91,73.69],[-97.19,73.85],[-97.81,73.86],[-97.74,73.91],[-98.15,73.81],[-99.22,73.74],[-99.82,73.9]]],[[[-97.66,74.03],[-97.69,74.12],[-98.01,74.11],[-99.42,73.91],[-98.77,73.82],[-98.15,73.88],[-97.66,74.03]]],[[[-98.5,74.31],[-98.59,74.34],[-98.83,74.31],[-98.5,74.31]]],[[[-97.56,74.47],[-97.26,74.6],[-97.43,74.63],[-97.78,74.5],[-97.56,74.47]]],[[[-95.35,74.6],[-95.6,74.65],[-95.84,74.59],[-95.23,74.51],[-95.35,74.6]]],[[[-98.25,74.74],[-98.14,74.75],[-98.34,74.76],[-98.25,74.74]]],[[[-96.15,74.72],[-96.15,74.75],[-96.25,74.73],[-96.15,74.72]]],[[[-97.62,75.01],[-97.57,75.02],[-97.68,75.03],[-97.62,75.01]]],[[[-97.14,75.25],[-97.15,75.34],[-97.26,75.35],[-97.14,75.25]]],[[[-103.85,75.06],[-103.57,75.16],[-103.86,75.37],[-104.12,75.43],[-104.48,75.41],[-104.91,75.13],[-104.22,75.02],[-103.85,75.06]]],[[[-101.31,75.52],[-101.21,75.54],[-101.48,75.54],[-101.31,75.52]]],[[[-100.19,75.62],[-100.99,75.56],[-100.12,75.59],[-100.19,75.62]]],[[[-99.97,75.61],[-99.85,75.66],[-100.06,75.61],[-99.97,75.61]]],[[[-96.1,75.61],[-96.33,75.66],[-97.01,75.5],[-96.83,75.35],[-96.47,75.47],[-96.48,75.55],[-96.13,75.46],[-95.9,75.57],[-96.1,75.61]]],[[[-96.93,75.59],[-96.69,75.67],[-96.98,75.61],[-96.93,75.59]]],[[[-94.3,75.59],[-94.89,75.64],[-95.73,75.52],[-95.82,75.46],[-95.75,75.4],[-96.17,75.39],[-95.86,75.38],[-96.06,75.32],[-96.08,75.24],[-96.46,75.19],[-96.6,75.01],[-96.39,75.01],[-96.31,74.9],[-96.07,75.03],[-96.13,74.93],[-95.99,74.87],[-95.52,74.81],[-95.52,74.74],[-95.28,74.81],[-95.06,74.75],[-95.08,74.68],[-94.69,74.64],[-93.72,74.64],[-93.45,74.71],[-93.39,74.9],[-93.53,75.18],[-93.47,75.26],[-94.3,75.59]]],[[[-96.52,75.75],[-96.44,75.83],[-96.7,75.74],[-96.52,75.75]]],[[[-103.33,75.88],[-103.84,75.88],[-103.57,75.83],[-103.33,75.88]]],[[[-102.13,75.91],[-101.96,75.95],[-102.61,75.96],[-103.37,75.77],[-102.58,75.77],[-102.13,75.91]]],[[[-95.79,75.9],[-95.73,75.97],[-95.88,75.95],[-95.79,75.9]]],[[[-94.42,75.95],[-94.87,75.91],[-94.71,75.76],[-94.28,75.77],[-94.42,75.95]]],[[[-103.34,75.91],[-102.25,76.03],[-102.55,76.09],[-103.93,75.94],[-103.34,75.91]]],[[[-112.27,75.85],[-113.31,75.65],[-115.15,75.45],[-117.23,75.47],[-117.65,75.25],[-116.69,75.12],[-116.33,75.2],[-116.22,75.18],[-116.28,75.11],[-116.1,75.11],[-116.24,75.06],[-115.68,74.97],[-115.52,75.01],[-115.57,75.11],[-115.2,75.16],[-115.16,74.99],[-115.03,74.96],[-114.44,75.06],[-114.27,75.17],[-114.57,75.28],[-114.15,75.22],[-114.03,75.45],[-113.86,75.38],[-113.43,75.4],[-113.8,75.32],[-113.91,75.2],[-113.9,75.06],[-112.77,75.12],[-112.62,75.27],[-112.55,75.18],[-112.29,75.21],[-112.44,75.16],[-112.37,75.13],[-110.89,75.24],[-111.67,74.99],[-112.84,74.98],[-114.42,74.69],[-113.69,74.45],[-112.69,74.4],[-111.64,74.5],[-110.55,74.71],[-110.62,74.77],[-109.51,74.86],[-108.79,75.07],[-108.34,74.91],[-107.91,74.93],[-107.76,75.03],[-107.75,75.1],[-107.63,74.97],[-107.2,74.91],[-105.99,75.05],[-106.06,75.1],[-105.85,75.15],[-105.9,75.22],[-105.62,75.36],[-105.67,75.4],[-105.57,75.46],[-105.66,75.49],[-105.42,75.59],[-106.79,75.81],[-106.88,75.73],[-106.86,75.65],[-107.07,75.85],[-107.51,75.89],[-107.93,75.79],[-108.01,75.82],[-107.8,75.91],[-109.76,75.94],[-110.05,75.89],[-109.1,75.75],[-108.8,75.62],[-108.94,75.48],[-110.69,75.57],[-111.2,75.52],[-111.39,75.62],[-111.31,75.71],[-111.46,75.79],[-111.43,75.84],[-112.27,75.85]]],[[[-111.66,75.85],[-111.54,75.88],[-111.88,75.86],[-111.66,75.85]]],[[[-94.8,76.1],[-95.14,76.12],[-94.98,76.05],[-94.8,76.1]]],[[[-102.63,76.29],[-103.08,76.31],[-104.48,76.15],[-104.07,76.04],[-103.34,76.04],[-102.59,76.14],[-102.49,76.22],[-102.63,76.29]]],[[[-97.16,76.46],[-97.09,76.49],[-97.14,76.52],[-97.16,76.46]]],[[[-96.36,76.56],[-96.37,76.61],[-96.43,76.56],[-96.36,76.56]]],[[[-97.14,76.57],[-97.12,76.62],[-97.19,76.57],[-97.14,76.57]]],[[[-98.38,76.66],[-98.86,76.67],[-98.51,76.63],[-98.99,76.61],[-99.04,76.53],[-98.84,76.46],[-99.11,76.46],[-99.12,76.4],[-99.68,76.63],[-100.25,76.64],[-100.98,76.49],[-100.71,76.37],[-100.03,76.32],[-99.99,76.29],[-100.5,76.26],[-99.67,76.14],[-100.23,76.13],[-99.89,75.97],[-99.6,75.95],[-99.71,75.91],[-100.08,75.92],[-101.1,76.24],[-101.09,76.31],[-101.28,76.41],[-101.87,76.45],[-102.02,76.4],[-102.04,76.26],[-102.15,76.23],[-101.46,76.23],[-101.9,76.07],[-101.64,75.98],[-101.29,76.01],[-101.59,75.93],[-101.35,75.85],[-101.34,75.78],[-100.92,75.81],[-101.27,75.75],[-101.82,75.91],[-102.13,75.88],[-102.36,75.81],[-102.14,75.79],[-102.1,75.71],[-102.54,75.71],[-102.85,75.62],[-102.55,75.5],[-99.79,75.66],[-99.7,75.6],[-100.29,75.52],[-99.66,75.51],[-100.59,75.43],[-100.41,75.37],[-100.77,75.35],[-100.03,75.24],[-100.53,75.19],[-100.4,75.17],[-100.35,75.02],[-100.13,74.99],[-99.54,74.97],[-99.34,75.08],[-99.37,74.99],[-97.97,75.02],[-97.94,75.1],[-98.12,75.18],[-97.84,75.11],[-97.55,75.14],[-97.9,75.31],[-98.1,75.31],[-97.86,75.36],[-98.04,75.41],[-97.84,75.41],[-97.94,75.51],[-97.72,75.47],[-97.78,75.53],[-97.72,75.57],[-97.26,75.4],[-97.4,75.54],[-97.34,75.68],[-97.88,75.75],[-97.61,75.82],[-97.63,75.98],[-97.47,76.17],[-97.78,76.31],[-97.64,76.41],[-97.66,76.49],[-98.2,76.55],[-98.38,76.66]]],[[[-103.48,76.51],[-104.1,76.67],[-104.65,76.59],[-104.56,76.48],[-104.39,76.46],[-104.45,76.39],[-104.04,76.36],[-104.38,76.34],[-104.33,76.32],[-103.26,76.34],[-102.98,76.44],[-103.48,76.51]]],[[[-99.57,76.75],[-100.08,76.74],[-99.39,76.7],[-99.57,76.75]]],[[[-100.5,76.68],[-100.26,76.74],[-100.73,76.76],[-101.69,76.59],[-101.33,76.55],[-100.5,76.68]]],[[[-97.01,76.81],[-97.12,76.86],[-97.21,76.84],[-97.01,76.81]]],[[[-97.25,76.97],[-97.09,77.01],[-97.44,77.01],[-97.25,76.97]]],[[[-96.25,76.97],[-96.17,77],[-96.8,76.98],[-96.89,76.89],[-96.31,76.75],[-96.89,76.82],[-96.97,76.73],[-96.04,76.55],[-95.61,76.6],[-96.13,76.5],[-95.55,76.38],[-95.51,76.44],[-95.68,76.53],[-95.31,76.64],[-96.17,76.67],[-96.05,76.72],[-96.75,76.89],[-96.25,76.97]]]]}},{"type":"Feature","properties":{"code":"2.1.4","name":"Lancaster and Borden Peninsula Plateaus"},"geometry":{"type":"MultiPolygon","coordinates":[[[[-78.5,71.87],[-78.35,71.93],[-78.48,72.1],[-78.86,72.18],[-78.92,72.02],[-78.5,71.87]]],[[[-78.52,72.24],[-78.59,72.36],[-78.88,72.23],[-78.39,72.11],[-78.26,71.98],[-77.98,72.11],[-77.55,72.11],[-77.5,72.19],[-78.28,72.32],[-78.46,72.31],[-78.39,72.17],[-78.52,72.24]]],[[[-79.51,72.36],[-79.42,72.38],[-79.57,72.46],[-79.66,72.43],[-79.51,72.36]]],[[[-78.89,72.36],[-78.75,72.37],[-79.08,72.42],[-78.89,72.36]]],[[[-77.5,72.2],[-77.28,72.5],[-77.37,72.76],[-78.19,72.65],[-78.54,72.5],[-78.38,72.38],[-77.5,72.2]]],[[[-92.35,74.06],[-93.47,74.18],[-93.71,74.16],[-93.74,74.08],[-93.91,74.14],[-94.43,74.11],[-95.31,73.98],[-95.28,73.88],[-94.95,73.84],[-95.11,73.8],[-94.76,73.66],[-95.28,73.78],[-95.58,73.75],[-94.46,73.52],[-94.37,73.46],[-94.62,73.5],[-94.29,73.33],[-94.22,73.05],[-94.07,73],[-93.55,72.94],[-93.62,73.05],[-93.51,73.09],[-92.77,72.75],[-92.29,72.71],[-91.8,72.87],[-91.34,73.21],[-91.49,73.24],[-91.27,73.26],[-90.16,73.9],[-91.55,74.03],[-92.29,73.94],[-92.24,73.99],[-92.35,74.06]]],[[[-84.97,73.79],[-86.12,73.86],[-87.23,73.79],[-88,73.65],[-88.99,73.29],[-89.33,72.99],[-89.29,72.92],[-89.41,72.83],[-89.26,72.79],[-89.44,72.52],[-89.22,72.48],[-89.43,72.4],[-89.37,72.26],[-88.99,72.17],[-89.67,72.12],[-89.83,72.04],[-89.83,71.93],[-89.6,71.87],[-89.67,71.78],[-89.61,71.63],[-89.72,71.5],[-88.46,71.27],[-87.81,71.29],[-87.7,71.16],[-87.04,71.04],[-86.48,71.05],[-86.4,71.08],[-86.59,71.18],[-86.42,71.2],[-86.41,71.27],[-86.27,71.26],[-86.33,71.16],[-86.21,71.15],[-86.12,71.16],[-86.22,71.21],[-86.12,71.25],[-85.48,71.33],[-85.75,71.45],[-85.61,71.49],[-85.64,71.54],[-86.27,71.67],[-86.31,71.85],[-86.46,71.97],[-86.39,72.02],[-86.42,72.28],[-86.23,72.41],[-86.73,72.73],[-86.64,72.88],[-85.96,73.34],[-84.84,73.74],[-84.97,73.79]]],[[[-89.93,74.01],[-89.87,74.05],[-90.25,74.04],[-89.93,74.01]]],[[[-80.58,73.15],[-81.17,73.26],[-81.2,73.52],[-81.54,73.72],[-82.86,73.72],[-84.01,73.51],[-83.67,73.45],[-83.65,73.39],[-84.15,73.48],[-84.64,73.4],[-84.32,73.23],[-84.76,73.39],[-85.12,73.32],[-85.18,73.24],[-83.61,72.98],[-85.2,73.15],[-85.12,73.06],[-85.41,73.14],[-85.54,73.04],[-85.16,73.03],[-83.94,72.75],[-85.56,72.97],[-85.69,72.66],[-85.54,72.56],[-85.57,72.52],[-83.95,72.45],[-84.2,72.41],[-83.69,72.2],[-83.04,72.07],[-82.65,72.06],[-81.87,72.2],[-81.65,72.12],[-81.71,72.06],[-81.68,71.87],[-81.98,71.73],[-81.45,71.84],[-81.07,71.75],[-81.04,71.62],[-80.93,71.64],[-80.82,71.77],[-81.32,71.86],[-81.13,71.91],[-80.57,71.78],[-80.81,71.88],[-80.68,71.97],[-80.45,71.9],[-80.34,72.03],[-79.81,72.04],[-79.47,71.91],[-78.94,71.96],[-79.19,71.98],[-79.01,72.08],[-78.98,72.29],[-79.34,72.41],[-79.63,72.28],[-79.59,72.34],[-79.79,72.5],[-80.14,72.32],[-79.68,72.13],[-80.22,72.31],[-80.28,72.27],[-80.21,72.2],[-80.49,72.18],[-80.32,72.07],[-80.94,71.9],[-80.77,72.02],[-81.08,72.06],[-80.54,72.07],[-80.89,72.19],[-80.51,72.41],[-80.5,72.52],[-81.38,72.24],[-80.25,72.73],[-80.63,72.93],[-80.51,73.09],[-80.58,73.15]]],[[[-79.67,73.2],[-80.35,73.42],[-80.51,73.54],[-80.16,73.71],[-80.81,73.74],[-80.78,73.67],[-80.86,73.56],[-80.77,73.52],[-80.87,73.34],[-80.14,73.23],[-80.17,73.05],[-79.9,72.84],[-79.34,72.74],[-78.33,72.89],[-77.69,72.9],[-79,72.97],[-79.67,73.2]]],[[[-83.23,74.9],[-83.26,74.96],[-83.17,74.97],[-83.4,75.01],[-83.58,74.93],[-83.1,74.82],[-83.11,74.65],[-82.92,74.55],[-82.56,74.51],[-82.45,74.56],[-82.49,74.59],[-82.3,74.51],[-82.09,74.6],[-82.7,74.72],[-82.56,74.85],[-82.81,74.9],[-83.21,74.83],[-83.23,74.9]]],[[[-84.33,75.11],[-84.44,74.99],[-84.58,75.02],[-84.61,74.96],[-84.46,74.89],[-84.72,74.88],[-84.13,74.59],[-84.25,74.51],[-83.5,74.57],[-83.32,74.78],[-83.77,74.91],[-83.65,75.01],[-84.33,75.11]]],[[[-89.39,76.44],[-89.53,76.48],[-89.64,76.45],[-89.39,76.44]]],[[[-81.32,76.14],[-81.21,76.18],[-81.47,76.16],[-81.32,76.14]]],[[[-83.94,76.42],[-83.9,76.47],[-84.18,76.51],[-83.94,76.42]]],[[[-89.75,76.49],[-89.67,76.51],[-89.87,76.61],[-89.7,76.74],[-89.87,76.82],[-90.6,76.74],[-90.08,76.48],[-89.75,76.49]]],[[[-94.23,76.94],[-94.28,76.97],[-94.41,76.94],[-94.23,76.94]]],[[[-94.94,76.98],[-95.44,77.06],[-96.31,77.04],[-96.16,76.99],[-96.75,76.89],[-96.05,76.72],[-96.17,76.67],[-95.32,76.64],[-95.68,76.53],[-95.51,76.44],[-95.55,76.38],[-95,76.34],[-95.37,76.3],[-95.38,76.23],[-93.81,76.25],[-93.1,76.36],[-92.65,76.13],[-92.55,75.97],[-92.11,75.85],[-92.17,75.73],[-92,75.59],[-92.38,75.45],[-92.49,75.22],[-92.05,75.1],[-92.22,75.03],[-92.05,74.96],[-92.08,74.8],[-91.58,74.65],[-91.13,74.62],[-91.24,74.73],[-90.78,74.88],[-90.77,74.83],[-91.03,74.71],[-89.95,74.53],[-89.57,74.54],[-89.15,74.6],[-89.1,74.69],[-89.28,74.75],[-89.07,74.72],[-89,74.77],[-89.1,74.84],[-88.82,74.67],[-88.72,74.8],[-88.55,74.84],[-88.56,74.91],[-88.41,74.74],[-88.57,74.57],[-88.5,74.5],[-87.53,74.47],[-87.31,74.54],[-87.37,74.51],[-87.31,74.47],[-86.61,74.47],[-86.81,74.54],[-86.79,74.61],[-86.45,74.48],[-86.16,74.58],[-86.1,74.57],[-86.12,74.48],[-85.61,74.5],[-85.49,74.54],[-85.52,74.69],[-85.37,74.5],[-85.23,74.49],[-85.05,74.53],[-85.06,74.65],[-85,74.7],[-84.91,74.5],[-84.36,74.51],[-84.53,74.54],[-84.41,74.62],[-84.97,74.83],[-85.19,74.76],[-85.44,74.86],[-85.93,74.77],[-86.35,74.78],[-86.5,74.7],[-86.68,74.72],[-86.67,74.8],[-86.81,74.87],[-85.41,74.96],[-85.8,75.07],[-85.59,75.23],[-84.82,75.14],[-84.6,75.26],[-84.71,75.4],[-84.51,75.5],[-83.39,75.61],[-83.29,75.74],[-83.95,75.82],[-84.39,75.7],[-86.16,75.5],[-85.54,75.4],[-86.55,75.36],[-86.6,75.37],[-86.35,75.42],[-87.29,75.62],[-87.53,75.56],[-87.43,75.49],[-87.55,75.45],[-87.64,75.45],[-87.53,75.49],[-87.72,75.58],[-88.26,75.47],[-88.18,75.52],[-88.77,75.68],[-88.92,75.61],[-88.75,75.47],[-88.93,75.43],[-89.19,75.58],[-89.61,75.6],[-89.25,75.62],[-89.17,75.78],[-89.78,75.82],[-89.67,75.89],[-90.04,76.01],[-90.55,75.9],[-90.43,75.97],[-90.81,75.98],[-91.13,75.84],[-90.95,76.01],[-90.18,76.06],[-90.72,76.06],[-90.71,76.12],[-91.62,76.26],[-90.11,76.14],[-90.45,76.17],[-89.18,76.23],[-89.28,76.3],[-91.41,76.47],[-91.52,76.5],[-90.47,76.47],[-90.59,76.57],[-91.43,76.69],[-92.36,76.6],[-93.09,76.62],[-93.37,76.47],[-93.63,76.42],[-93.17,76.69],[-93.66,76.91],[-94.2,76.89],[-94.94,76.98]]],[[[-95.24,77.16],[-95.19,77.2],[-95.65,77.24],[-95.24,77.16]]],[[[-81.41,77.19],[-81.09,77.28],[-81.8,77.16],[-81.9,77.24],[-82.91,77.35],[-83.37,77.36],[-83.38,77.28],[-83.95,77.31],[-83.81,77.27],[-83.89,77.27],[-85.35,77.29],[-85.35,77.22],[-85.55,77.26],[-85.8,77.15],[-86.5,77.14],[-87.02,77.01],[-88.64,76.85],[-88.91,76.71],[-89.38,76.76],[-89.45,76.73],[-89.42,76.67],[-89.65,76.57],[-88.89,76.41],[-88.68,76.6],[-88.6,76.44],[-88.48,76.56],[-88.7,76.72],[-88.49,76.82],[-88.53,76.73],[-88.33,76.49],[-88.42,76.41],[-88.33,76.38],[-87.57,76.34],[-87.41,76.42],[-87.54,76.45],[-87.53,76.63],[-87.41,76.46],[-86.7,76.34],[-86.6,76.45],[-86.29,76.52],[-86.61,76.64],[-86.2,76.52],[-86.4,76.47],[-86.38,76.38],[-85.23,76.28],[-84.44,76.3],[-84.38,76.32],[-84.94,76.42],[-85.05,76.56],[-84.63,76.43],[-84.22,76.45],[-84.26,76.54],[-84.19,76.61],[-84.35,76.64],[-84.29,76.65],[-83.7,76.42],[-83.17,76.42],[-83.23,76.57],[-83.54,76.68],[-83.39,76.76],[-83.4,76.67],[-83.13,76.58],[-83.04,76.43],[-82.78,76.38],[-82.15,76.43],[-82.24,76.51],[-82.12,76.57],[-82.5,76.64],[-82.74,76.82],[-82.24,76.63],[-81.78,76.69],[-82.07,76.51],[-81.47,76.47],[-81.28,76.53],[-80.76,76.42],[-81.11,76.21],[-81.06,76.13],[-80.76,76.21],[-80.95,76.23],[-80.55,76.46],[-80.89,76.5],[-80.42,76.56],[-80.7,76.57],[-81.02,76.72],[-81.25,76.64],[-81.48,76.69],[-81.28,76.8],[-81.6,77.14],[-81.41,77.19]]]]}},{"type":"Feature","properties":{"code":"2.1.5","name":"Foxe Uplands"},"geometry":{"type":"MultiPolygon","coordinates":[[[[-78.67,60.71],[-78.26,60.82],[-78.6,60.78],[-78.67,60.71]]],[[[-77.84,61.67],[-77.95,61.67],[-77.82,61.64],[-77.84,61.67]]],[[[-91.35,63.56],[-91.58,63.61],[-91.46,63.55],[-91.35,63.56]]],[[[-91.51,63.64],[-91.48,63.67],[-91.55,63.68],[-91.51,63.64]]],[[[-67.9,60.5],[-68,60.59],[-68.24,60.58],[-68.42,60.22],[-68.01,60.29],[-67.83,60.45],[-67.9,60.5]]],[[[-77.97,62.54],[-77.86,62.58],[-78.13,62.58],[-77.97,62.54]]],[[[-77.76,62.54],[-77.64,62.59],[-77.84,62.59],[-77.76,62.54]]],[[[-72.01,61.85],[-71.99,61.87],[-72.12,61.88],[-72.01,61.85]]],[[[-72.36,62.01],[-72.33,62.01],[-72.46,62.04],[-72.36,62.01]]],[[[-73.58,62.41],[-73.69,62.48],[-74.35,62.26],[-74.71,62.25],[-74.58,62.12],[-75.33,62.32],[-75.84,62.16],[-75.55,62.27],[-76.77,62.52],[-77.53,62.57],[-78.1,62.36],[-78.19,62.26],[-78.03,61.73],[-77.81,61.69],[-77.64,61.57],[-77.72,61.52],[-77.58,61.48],[-77.79,61.46],[-77.72,61.2],[-78.23,60.79],[-77.64,60.81],[-77.79,60.74],[-77.54,60.74],[-76.66,61.13],[-75.65,61.17],[-74.86,61.36],[-72.82,61.49],[-72.55,61.55],[-72.46,61.68],[-72.27,61.57],[-71.98,61.66],[-72.09,61.76],[-72.22,61.76],[-72.14,61.8],[-72.25,61.89],[-72.57,61.95],[-72.68,61.88],[-72.58,61.97],[-72.6,62.11],[-72.91,62.12],[-73.19,62.32],[-73.58,62.41]]],[[[-73.94,62.61],[-74.47,62.74],[-74.63,62.71],[-73.94,62.61]]],[[[-77.82,63.42],[-78.17,63.49],[-78.45,63.45],[-78.46,63.52],[-78.57,63.45],[-77.96,63.1],[-77.53,63.2],[-77.5,63.27],[-77.65,63.42],[-77.82,63.42]]],[[[-81.45,64.18],[-81.38,64.22],[-81.54,64.21],[-81.45,64.18]]],[[[-76.95,63.64],[-77.48,63.65],[-76.96,63.4],[-76.72,63.36],[-76.56,63.45],[-76.95,63.64]]],[[[-69.95,62.54],[-70.07,62.56],[-69.97,62.53],[-69.95,62.54]]],[[[-67.9,62.14],[-67.86,62.14],[-67.95,62.15],[-67.9,62.14]]],[[[-70.51,62.78],[-71.21,62.89],[-70.82,62.77],[-70.87,62.73],[-70.72,62.56],[-70.17,62.57],[-70.51,62.78]]],[[[-71.36,63.01],[-71.49,63.02],[-71.35,63],[-71.36,63.01]]],[[[-77.48,63.99],[-78.05,64.01],[-77.72,63.92],[-77.48,63.99]]],[[[-65.76,61.76],[-65.66,61.74],[-65.66,61.8],[-65.8,61.86],[-65.94,61.78],[-65.76,61.76]]],[[[-64.73,61.64],[-65,61.69],[-65.47,61.61],[-64.83,61.31],[-64.64,61.5],[-64.71,61.53],[-64.62,61.59],[-64.73,61.64]]],[[[-65.89,62.02],[-65.84,62.03],[-65.92,62.06],[-65.89,62.02]]],[[[-65,61.87],[-65.14,61.94],[-65.23,61.87],[-64.95,61.71],[-64.78,61.75],[-65,61.87]]],[[[-65.81,62.1],[-65.89,62.15],[-65.98,62.12],[-65.81,62.1]]],[[[-76.52,64.13],[-76.5,64.15],[-76.59,64.14],[-76.52,64.13]]],[[[-76.56,64.16],[-76.56,64.18],[-76.71,64.18],[-76.56,64.16]]],[[[-88.39,65.46],[-88.37,65.47],[-88.48,65.48],[-88.39,65.46]]],[[[-76.48,64.18],[-76.5,64.24],[-76.68,64.25],[-76.48,64.18]]],[[[-72.15,63.52],[-72.12,63.55],[-72.21,63.54],[-72.15,63.52]]],[[[-72.22,63.6],[-72.33,63.63],[-72.39,63.61],[-72.22,63.6]]],[[[-72.44,63.62],[-72.33,63.64],[-72.52,63.63],[-72.44,63.62]]],[[[-71.72,63.53],[-71.77,63.55],[-71.81,63.52],[-71.72,63.53]]],[[[-72.45,63.67],[-72.48,63.71],[-72.66,63.66],[-72.45,63.67]]],[[[-72.76,63.72],[-72.73,63.76],[-72.86,63.74],[-72.76,63.72]]],[[[-72.65,63.69],[-72.59,63.72],[-72.71,63.74],[-72.65,63.69]]],[[[-71.63,63.58],[-71.62,63.64],[-71.71,63.58],[-71.63,63.58]]],[[[-71.78,63.6],[-71.74,63.67],[-71.81,63.69],[-71.84,63.62],[-71.78,63.6]]],[[[-75.59,64.34],[-75.7,64.35],[-75.5,64.32],[-75.59,64.34]]],[[[-84.34,65.39],[-84.54,65.48],[-84.73,65.32],[-84.73,65.26],[-84.62,65.25],[-84.75,65.05],[-84.58,65.01],[-84.77,64.88],[-84.76,64.54],[-84.16,64.08],[-83.56,64.29],[-83.61,64.43],[-83.5,64.48],[-83.39,64.42],[-83.36,64.28],[-83.13,64.41],[-82.68,64.19],[-82.14,64.11],[-82.42,63.92],[-82.34,63.85],[-82.54,63.76],[-82.48,63.66],[-82.02,63.65],[-81.92,63.71],[-81.99,63.78],[-81.9,63.88],[-81.38,64.01],[-80.84,63.74],[-80.15,63.76],[-80.67,63.87],[-80.51,63.95],[-80.91,64.12],[-80.93,64],[-81.29,64.08],[-81.98,64],[-81.58,64.16],[-81.73,64.27],[-81.73,64.47],[-81.82,64.55],[-82.35,64.77],[-82.68,64.77],[-83.15,64.94],[-83.39,65.14],[-84.06,65.21],[-84.21,65.27],[-84.16,65.34],[-84.34,65.39]]],[[[-73.67,64.07],[-73.65,64.1],[-73.75,64.1],[-73.67,64.07]]],[[[-73.29,64.13],[-73.23,64.19],[-73.35,64.24],[-73.31,64.19],[-73.39,64.17],[-73.29,64.13]]],[[[-66.5,62.9],[-66.58,62.92],[-66.37,62.85],[-66.5,62.9]]],[[[-73.42,64.26],[-73.53,64.29],[-73.51,64.26],[-73.42,64.26]]],[[[-68.01,63.22],[-68.23,63.28],[-68.1,63.2],[-68.01,63.22]]],[[[-73.88,64.28],[-73.92,64.38],[-74.01,64.29],[-73.88,64.28]]],[[[-67.74,63.17],[-67.75,63.2],[-67.86,63.24],[-67.74,63.17]]],[[[-67.95,63.23],[-68.1,63.32],[-67.87,63.19],[-67.95,63.23]]],[[[-65,62.53],[-64.79,62.57],[-65.07,62.54],[-65,62.53]]],[[[-66.83,62.98],[-66.91,63.07],[-67.06,63.11],[-66.83,62.98]]],[[[-73.71,64.26],[-73.76,64.4],[-73.78,64.27],[-73.71,64.26]]],[[[-64.45,62.47],[-64.35,62.49],[-64.77,62.56],[-64.93,62.46],[-64.6,62.36],[-64.35,62.46],[-64.45,62.47]]],[[[-74.25,64.41],[-74.14,64.47],[-74.19,64.54],[-74.34,64.56],[-74.27,64.51],[-74.44,64.45],[-74.25,64.41]]],[[[-67.88,63.36],[-67.89,63.39],[-67.97,63.39],[-67.88,63.36]]],[[[-67.44,63.34],[-67.48,63.34],[-67.39,63.29],[-67.44,63.34]]],[[[-68.01,63.48],[-67.96,63.51],[-68.03,63.53],[-68.01,63.48]]],[[[-83.25,65.84],[-83.56,65.85],[-83.43,65.81],[-83.25,65.84]]],[[[-84.82,65.96],[-85.11,66.03],[-85.11,65.76],[-84.74,65.55],[-84.59,65.59],[-84.56,65.69],[-84.82,65.96]]],[[[-83.53,65.98],[-83.47,66.01],[-83.58,65.99],[-83.53,65.98]]],[[[-84.19,66.09],[-84.45,66.12],[-84.37,66],[-84.15,65.97],[-84.07,65.81],[-84.12,65.76],[-83.78,65.79],[-83.66,65.75],[-83.81,65.65],[-83.35,65.62],[-83.17,65.71],[-83.77,65.81],[-83.64,65.91],[-83.98,66.07],[-84.19,66.09]]],[[[-84.54,66.14],[-84.66,66.18],[-84.62,66.14],[-84.54,66.14]]],[[[-83.63,66.08],[-83.55,66.11],[-83.64,66.13],[-83.63,66.08]]],[[[-64.68,63.19],[-64.67,63.24],[-64.75,63.26],[-64.68,63.19]]],[[[-83.14,66.29],[-83.23,66.35],[-83.27,66.26],[-83.03,66.2],[-82.86,66.27],[-83.14,66.29]]],[[[-64.85,63.38],[-64.88,63.53],[-65,63.56],[-64.85,63.38]]],[[[-73.77,65.2],[-74.05,65.53],[-74.2,65.52],[-74.53,65.33],[-74.66,65.33],[-74.72,65.43],[-75.06,65.38],[-75.11,65.27],[-75.23,65.25],[-75.91,65.32],[-75.9,65.27],[-76.01,65.25],[-77.36,65.47],[-77.45,65.45],[-77.29,65.37],[-77.52,65.33],[-77.31,65.18],[-78.13,64.96],[-78.07,64.83],[-78.19,64.75],[-78.19,64.57],[-77.86,64.36],[-76.66,64.19],[-76.72,64.29],[-76.3,64.27],[-76.19,64.31],[-76.35,64.35],[-75.96,64.4],[-75.7,64.37],[-75.79,64.46],[-75.61,64.45],[-75.79,64.52],[-75.78,64.61],[-75.2,64.42],[-74.46,64.39],[-74.64,64.54],[-74.48,64.57],[-74.88,64.76],[-74.7,64.78],[-74.74,64.83],[-74.64,64.9],[-74.56,64.83],[-74.69,64.72],[-74.38,64.57],[-74.23,64.57],[-74.09,64.68],[-74.14,64.74],[-74.04,64.72],[-74.03,64.6],[-74.16,64.57],[-74.03,64.43],[-74.11,64.33],[-74,64.33],[-73.96,64.48],[-73.86,64.49],[-73.92,64.6],[-73.75,64.53],[-73.64,64.65],[-73.39,64.57],[-73.69,64.55],[-73.61,64.48],[-73.66,64.34],[-73.55,64.32],[-73.52,64.5],[-73.27,64.54],[-73.34,64.64],[-73.28,64.66],[-73.16,64.58],[-73.48,64.4],[-73.37,64.36],[-73.38,64.27],[-73.14,64.29],[-72.91,64.17],[-72.95,64.06],[-72.7,63.96],[-72.6,64],[-72.61,63.87],[-72.45,63.81],[-72.49,63.78],[-72.35,63.78],[-72.21,63.89],[-72.25,63.66],[-72.15,63.74],[-71.86,63.66],[-71.82,63.76],[-71.95,63.76],[-71.92,63.8],[-71.61,63.64],[-71.57,63.71],[-71.55,63.57],[-71.24,63.6],[-71.26,63.53],[-71.46,63.54],[-71.6,63.41],[-72.08,63.43],[-71.77,63.37],[-71.74,63.24],[-71.4,63.05],[-71.18,63],[-70.92,63.15],[-70.86,63.1],[-71.11,62.98],[-70.93,63],[-70.99,62.95],[-70.16,62.74],[-69.88,62.92],[-69.94,62.78],[-69.76,62.72],[-69.84,62.81],[-69.44,62.76],[-69.57,62.65],[-69.39,62.62],[-69.35,62.54],[-69.25,62.63],[-69.29,62.53],[-69.22,62.45],[-68.61,62.26],[-67.55,62.18],[-66.27,61.86],[-65.94,61.88],[-66.08,62.06],[-66.01,62.05],[-66.04,62.15],[-65.89,62.21],[-66.1,62.24],[-66.21,62.35],[-66.44,62.33],[-66.33,62.37],[-66.34,62.44],[-66.5,62.42],[-66.44,62.49],[-66.71,62.65],[-66.92,62.61],[-66.66,62.43],[-66.72,62.35],[-66.45,62.32],[-66.2,62.13],[-67.01,62.25],[-66.84,62.34],[-67.15,62.33],[-66.9,62.43],[-67.06,62.44],[-67.07,62.5],[-67.31,62.43],[-67.34,62.53],[-67.39,62.42],[-67.51,62.4],[-67.43,62.47],[-67.72,62.44],[-67.73,62.54],[-67.87,62.57],[-67.85,62.63],[-68.02,62.58],[-68.04,62.81],[-68.12,62.62],[-68.26,62.58],[-68.33,62.63],[-68.27,62.87],[-68.36,62.83],[-68.36,62.73],[-68.49,62.7],[-68.37,62.87],[-68.42,62.92],[-68.53,62.82],[-68.64,62.9],[-68.6,62.78],[-68.7,62.86],[-68.83,62.8],[-68.8,62.85],[-68.88,62.85],[-68.81,62.95],[-68.94,63.09],[-68.98,62.91],[-69.15,63.08],[-69.11,63.27],[-69.29,63.31],[-69.18,63.23],[-69.25,63.22],[-69.18,63.11],[-69.28,63.16],[-69.21,63.03],[-69.27,63.02],[-69.53,63.15],[-69.57,63.24],[-69.48,63.31],[-69.58,63.46],[-69.66,63.32],[-69.86,63.55],[-69.85,63.39],[-69.94,63.37],[-69.91,63.42],[-70.05,63.6],[-69.98,63.68],[-70.13,63.6],[-70.55,63.78],[-70.74,63.57],[-70.81,63.35],[-71.21,63.39],[-71.04,63.6],[-70.75,63.59],[-70.69,63.71],[-70.83,63.63],[-71.13,63.65],[-71.43,63.75],[-71.41,63.79],[-71.48,63.79],[-71.43,63.83],[-71.66,63.82],[-71.78,63.91],[-71.69,63.92],[-71.74,63.98],[-72.4,64.09],[-72.24,64.27],[-72.77,64.27],[-72.84,64.36],[-72.67,64.42],[-73.07,64.49],[-72.65,64.55],[-73.07,64.58],[-72.94,64.79],[-73.33,64.98],[-73.57,65.01],[-73.77,65.2]]],[[[-64.15,63.3],[-64.03,63.28],[-64.22,63.42],[-64.3,63.64],[-64.46,63.64],[-64.39,63.46],[-64.15,63.3]]],[[[-64.14,63.61],[-64.2,63.61],[-64.07,63.52],[-64.14,63.61]]],[[[-63.94,63.58],[-63.96,63.64],[-64.05,63.62],[-63.94,63.58]]],[[[-64.05,63.75],[-64.21,63.72],[-63.99,63.69],[-64.05,63.75]]],[[[-64.59,63.78],[-64.54,63.9],[-64.9,63.81],[-64.37,63.69],[-64.42,63.78],[-64.59,63.78]]],[[[-64.17,63.79],[-64.17,63.86],[-64.38,63.84],[-64.17,63.79]]],[[[-64.98,64.05],[-64.84,64.06],[-65.04,64.08],[-64.98,64.05]]],[[[-65.17,64.22],[-65.16,64.15],[-65.03,64.15],[-65.17,64.22]]],[[[-64.48,64.08],[-64.39,64.11],[-64.6,64.13],[-64.48,64.08]]],[[[-64.77,64.18],[-64.71,64.19],[-64.87,64.23],[-64.77,64.18]]],[[[-81.45,66.96],[-81.45,66.98],[-81.5,66.96],[-81.45,66.96]]],[[[-64.58,64.19],[-64.47,64.21],[-64.65,64.23],[-64.58,64.19]]],[[[-65,64.19],[-64.9,64.25],[-65,64.35],[-65.09,64.29],[-65,64.19]]],[[[-64.87,64.36],[-64.95,64.38],[-64.85,64.28],[-64.78,64.33],[-64.87,64.36]]],[[[-65.1,64.56],[-65.24,64.57],[-65.04,64.55],[-65.1,64.56]]],[[[-65.36,64.68],[-65.36,64.75],[-65.68,64.49],[-65.18,64.62],[-65.3,64.66],[-65.23,64.69],[-65.28,64.72],[-65.36,64.68]]],[[[-66.13,64.88],[-66.11,64.93],[-66.23,64.91],[-66.13,64.88]]],[[[-66.59,65.09],[-66.67,65.11],[-66.66,65.09],[-66.59,65.09]]],[[[-66.66,65.19],[-66.7,65.17],[-66.62,65.17],[-66.66,65.19]]],[[[-66.99,65.23],[-66.9,65.35],[-67.01,65.32],[-66.99,65.23]]],[[[-67.6,65.71],[-67.34,65.73],[-67.71,65.71],[-67.6,65.71]]],[[[-67.64,65.78],[-67.58,65.79],[-67.73,65.79],[-67.64,65.78]]],[[[-67.92,65.88],[-68.07,65.87],[-67.86,65.83],[-67.98,65.87],[-67.92,65.88]]],[[[-67.28,65.78],[-67.2,65.8],[-67.42,65.8],[-67.28,65.78]]],[[[-63.28,64.92],[-63.35,64.99],[-63.43,64.97],[-63.28,64.92]]],[[[-66.94,65.99],[-67.11,66.02],[-66.91,65.95],[-66.94,65.99]]],[[[-89.93,68.67],[-89.78,68.78],[-90,68.87],[-90.02,68.77],[-89.93,68.67]]],[[[-63.23,65.25],[-63.23,65.31],[-63.33,65.31],[-63.23,65.25]]],[[[-65.6,65.83],[-65.5,65.9],[-65.63,65.88],[-65.6,65.83]]],[[[-89.89,69],[-90.12,68.97],[-89.89,68.93],[-89.89,69]]],[[[-90.22,69.14],[-90.24,69.08],[-90.1,69.06],[-90.15,69.15],[-90.22,69.14]]],[[[-90.65,69.15],[-90.65,69.19],[-90.76,69.18],[-90.65,69.15]]],[[[-66.78,66.37],[-66.97,66.41],[-66.82,66.32],[-66.56,66.31],[-66.78,66.37]]],[[[-90.11,69.23],[-90.21,69.22],[-90.1,69.17],[-90.11,69.23]]],[[[-66.98,66.44],[-66.85,66.45],[-67.03,66.47],[-66.98,66.44]]],[[[-85.21,68.97],[-85.19,68.99],[-85.3,69],[-85.21,68.97]]],[[[-90.51,69.32],[-90.7,69.38],[-90.78,69.29],[-90.44,69.23],[-90.51,69.32]]],[[[-64.84,66.11],[-64.84,66.17],[-65.51,66.23],[-65.9,66.08],[-65.95,65.97],[-65.42,65.97],[-64.84,66.11]]],[[[-64.1,65.7],[-64.23,65.91],[-64.76,66.17],[-64.85,66.02],[-65.34,65.9],[-65.5,65.74],[-65.38,65.66],[-64.81,65.72],[-65.29,65.63],[-65.34,65.56],[-65,65.54],[-64.83,65.63],[-65.16,65.43],[-65.05,65.36],[-64.43,65.43],[-64.91,65.33],[-64.74,65.33],[-64.91,65.3],[-64.66,65.24],[-64.71,65.15],[-64.56,65.07],[-64.45,65.18],[-64.47,65.29],[-64.26,65.39],[-64.41,65.27],[-64.33,65.13],[-64.15,65.19],[-64.24,65.11],[-64.14,65.04],[-64.06,65.12],[-63.89,65.08],[-63.83,64.97],[-63.53,64.88],[-63.54,64.96],[-63.33,65.14],[-63.47,65.15],[-63.36,65.18],[-63.45,65.26],[-63.35,65.29],[-63.62,65.45],[-63.29,65.42],[-63.59,65.58],[-63.46,65.52],[-63.33,65.58],[-64.1,65.7]]],[[[-85.03,69.04],[-85.33,69.06],[-85.09,69.02],[-85.03,69.04]]],[[[-85.23,69.08],[-85.25,69.11],[-85.35,69.1],[-85.23,69.08]]],[[[-90.27,69.26],[-90.13,69.39],[-90.18,69.44],[-90.49,69.38],[-90.27,69.26]]],[[[-90.26,69.49],[-90.31,69.58],[-90.42,69.53],[-90.26,69.49]]],[[[-90.98,69.61],[-91.1,69.61],[-91.14,69.57],[-90.98,69.61]]],[[[-65.57,66.24],[-65.57,66.35],[-65.83,66.47],[-65.85,66.62],[-65.97,66.68],[-66.73,66.59],[-66.81,66.45],[-66.66,66.45],[-66.76,66.37],[-66.47,66.31],[-66.55,66.25],[-66.49,66.21],[-66.34,66.22],[-66.39,66.27],[-66.13,66.13],[-65.87,66.12],[-65.57,66.24]]],[[[-91.06,69.65],[-91.05,69.7],[-91.16,69.69],[-91.06,69.65]]],[[[-91.41,69.86],[-91.74,69.8],[-91.51,69.73],[-91.41,69.86]]],[[[-91.75,69.84],[-91.63,69.86],[-91.84,69.86],[-91.75,69.84]]],[[[-90.77,70.16],[-90.73,70.17],[-90.84,70.2],[-90.77,70.16]]],[[[-83.62,69.73],[-83.71,69.77],[-83.51,69.79],[-83.89,69.78],[-83.62,69.73]]],[[[-82.96,69.77],[-83.29,69.79],[-83.12,69.75],[-82.96,69.77]]],[[[-82.6,69.8],[-82.88,69.79],[-82.44,69.73],[-82.6,69.8]]],[[[-82.42,69.81],[-82.52,69.87],[-82.68,69.87],[-82.42,69.81]]],[[[-91.9,70.49],[-92,70.51],[-91.94,70.48],[-91.9,70.49]]],[[[-80.61,69.75],[-80.71,69.75],[-80.8,69.69],[-80.61,69.75]]],[[[-92.02,70.53],[-92.06,70.58],[-92.09,70.56],[-92.02,70.53]]],[[[-79.83,69.73],[-79.33,69.71],[-79.49,69.82],[-79.96,69.73],[-80.19,69.81],[-80.48,69.78],[-79.83,69.73]]],[[[-78.1,69.84],[-78.03,69.9],[-78.09,69.94],[-78.1,69.84]]],[[[-77.99,69.99],[-77.93,70.03],[-78.03,69.99],[-77.99,69.99]]],[[[-96.51,71.25],[-96.63,71.29],[-96.44,71.22],[-96.51,71.25]]],[[[-95.36,71.75],[-95.25,71.84],[-95.4,71.85],[-95.48,71.76],[-95.36,71.75]]],[[[-94.37,71.94],[-94.48,72],[-95.19,71.95],[-95.21,71.88],[-95.07,71.85],[-94.65,71.86],[-95.22,71.82],[-95.25,71.74],[-95.89,71.62],[-95.92,71.56],[-95.82,71.52],[-95.51,71.5],[-95.53,71.43],[-95.45,71.37],[-95.64,71.3],[-96.1,71.42],[-96.26,71.31],[-96.47,71.29],[-96.39,71.18],[-96.53,71.14],[-96.41,71.06],[-95.69,70.93],[-95.47,70.97],[-95.48,70.88],[-95.63,70.8],[-95.53,70.74],[-95.6,70.64],[-95.51,70.56],[-95.6,70.48],[-95.07,70.37],[-94.92,70.27],[-94.93,70.13],[-94.8,70.03],[-94.35,70.01],[-93.68,70.21],[-93.63,70.12],[-93.28,70.15],[-92.9,69.81],[-93.56,69.54],[-93.27,69.44],[-92.64,69.43],[-92.64,69.32],[-92.83,69.26],[-92.83,69.16],[-93.09,69.02],[-92.25,68.89],[-92.26,68.8],[-92.15,68.76],[-93.41,68.41],[-93.46,68.21],[-93.75,68.11],[-93.58,67.88],[-94.14,67.63],[-94.39,67.62],[-94.55,67.47],[-95.22,67.32],[-95.14,67.29],[-95.35,67.16],[-95.21,67.1],[-95.45,66.79],[-95.4,66.65],[-95.73,66.76],[-95.79,66.61],[-96.09,66.51],[-95.97,66.48],[-96.64,66.38],[-96.85,66.24],[-97.11,66.2],[-97.56,65.81],[-97.45,65.71],[-96.29,65.65],[-96.23,65.51],[-96.12,65.48],[-96.13,65.39],[-96.27,65.4],[-96.29,65.33],[-96.71,65.21],[-96.67,65.11],[-96.98,65],[-96.74,64.93],[-96.66,64.75],[-96.31,64.6],[-96.41,64.47],[-96.34,64.39],[-96.04,64.32],[-96.13,64.28],[-96.09,64.22],[-96.3,64.25],[-96.12,64.19],[-96.34,64.14],[-96.06,64.17],[-95.84,64.04],[-95.48,64.01],[-94.93,64.12],[-93.81,63.85],[-93.77,63.8],[-93.89,63.67],[-93.69,63.51],[-93,63.52],[-92.61,63.35],[-92.19,63.42],[-92.1,63.56],[-92.23,63.6],[-91.98,63.7],[-91.61,63.62],[-91.79,63.72],[-91.73,63.75],[-90.67,63.45],[-90.75,63.56],[-90.58,63.63],[-90.16,63.63],[-90.08,63.78],[-89.98,63.79],[-90.2,63.99],[-89.83,63.93],[-89.97,64.16],[-89.52,63.97],[-89.56,64.07],[-89.16,63.96],[-89.09,63.98],[-89.22,64.11],[-89.08,64.02],[-88.78,63.99],[-88.11,64.14],[-87.8,64.51],[-87.55,64.57],[-86.9,65.14],[-87.01,65.24],[-87.56,65.29],[-89.04,65.33],[-89.74,65.73],[-90.91,65.93],[-90.21,65.93],[-90.31,65.88],[-89.73,65.83],[-89.69,65.87],[-89.93,65.94],[-89.67,65.95],[-89.02,65.7],[-88.51,65.65],[-88.84,65.65],[-88.05,65.36],[-87.34,65.32],[-86.52,65.69],[-86.43,65.74],[-86.41,65.87],[-85.98,66.02],[-85.99,66.1],[-85.88,66.16],[-86.63,66.33],[-86.77,66.45],[-86.73,66.52],[-86.03,66.49],[-85.43,66.59],[-85.22,66.27],[-84.33,66.16],[-84.61,66.34],[-84.44,66.39],[-84.3,66.27],[-84.2,66.32],[-83.77,66.21],[-83.8,66.15],[-83.66,66.22],[-83.88,66.45],[-84.14,66.57],[-84.1,66.68],[-84.34,66.71],[-84.38,66.74],[-84.29,66.78],[-84.76,66.9],[-84.56,66.93],[-85.2,66.87],[-85.01,66.96],[-84.58,66.98],[-84.38,66.92],[-84.43,66.81],[-84.11,66.7],[-83.86,66.88],[-83.98,66.69],[-83.95,66.6],[-83.65,66.53],[-83.49,66.41],[-83.55,66.36],[-83.34,66.35],[-82.99,66.49],[-82.98,66.55],[-82.57,66.57],[-82.34,66.72],[-82.12,66.71],[-82.15,66.76],[-81.91,66.97],[-81.46,67.01],[-81.19,67.46],[-82.08,67.91],[-82.16,68],[-82.1,68.07],[-82.36,68.15],[-82.32,68.25],[-82.81,68.33],[-83.01,68.26],[-82.93,68.33],[-83.4,68.42],[-83.25,68.48],[-83.42,68.52],[-83.25,68.55],[-83.2,68.61],[-83.3,68.63],[-83.25,68.66],[-82.84,68.66],[-83.06,68.7],[-83.01,68.74],[-83.52,68.72],[-82.99,68.82],[-83.14,68.87],[-82.96,68.85],[-83.25,68.95],[-83.04,68.96],[-83.53,68.97],[-83.29,69.04],[-83.6,69.14],[-83.28,69.13],[-83.43,69.17],[-82.98,69.24],[-83.14,69.29],[-83.14,69.37],[-82.84,69.5],[-83.24,69.56],[-82.48,69.49],[-82.61,69.63],[-82.21,69.64],[-83.54,69.69],[-84.42,69.87],[-85.06,69.78],[-85.53,69.87],[-85.57,69.83],[-85.32,69.81],[-85.48,69.78],[-85.39,69.73],[-85.52,69.66],[-85.38,69.58],[-85.51,69.52],[-85.41,69.33],[-85.48,69.31],[-85.29,69.16],[-84.96,69.15],[-84.5,69.01],[-84.96,69.02],[-84.77,68.96],[-85.1,68.96],[-84.98,68.88],[-85.17,68.86],[-84.77,68.81],[-84.76,68.74],[-85.61,68.74],[-85.71,68.61],[-85.69,68.41],[-85.88,68.19],[-85.87,68.05],[-86.1,68.01],[-86.5,67.69],[-86.42,67.6],[-86.49,67.37],[-86.84,67.42],[-87.06,67.35],[-86.96,67.26],[-87.15,67.25],[-87.23,67.14],[-87.46,67.15],[-87.33,67.25],[-87.45,67.37],[-88.47,67.81],[-88.47,67.87],[-88.89,67.95],[-88.58,68.06],[-88.67,68.29],[-88.95,68.32],[-89.08,68.23],[-89.26,68.23],[-89.41,68.36],[-89.83,68.52],[-90.21,68.24],[-90.31,68.32],[-90.29,68.38],[-90.58,68.44],[-90.46,68.53],[-90.53,68.64],[-90.43,68.89],[-90.68,69.01],[-90.63,69.09],[-91.16,69.3],[-90.8,69.26],[-90.76,69.38],[-90.35,69.46],[-90.43,69.5],[-91.34,69.55],[-91.21,69.64],[-91.46,69.67],[-91.8,69.5],[-92.25,69.67],[-92.75,69.72],[-91.95,70.04],[-92.15,70.1],[-92.5,70.09],[-92.4,70.19],[-91.93,70.13],[-91.51,70.19],[-91.67,70.26],[-91.73,70.38],[-92,70.3],[-92,70.41],[-92.23,70.51],[-92.24,70.58],[-92.12,70.59],[-92.17,70.62],[-92.6,70.69],[-92.67,70.79],[-93.54,71.04],[-93.72,71.14],[-93.57,71.26],[-93.89,71.46],[-94.49,71.55],[-94.32,71.81],[-94.47,71.83],[-94.55,71.76],[-94.62,71.83],[-94.37,71.94]]],[[[-85.69,71.63],[-86.09,71.79],[-86.39,72.02],[-86.46,71.97],[-86.31,71.85],[-86.27,71.67],[-85.73,71.58],[-85.6,71.5],[-85.75,71.45],[-85.4,71.35],[-85.53,71.48],[-85.43,71.52],[-85.69,71.63]]],[[[-85.69,72.19],[-85.65,72.2],[-85.78,72.2],[-85.69,72.19]]],[[[-85.84,72.3],[-86.11,72.29],[-85.88,72.22],[-85.84,72.3]]],[[[-95.68,72.78],[-95.69,72.85],[-95.83,72.86],[-95.68,72.78]]],[[[-84.56,72.46],[-85.57,72.52],[-85.12,72.38],[-84.77,72.47],[-84.88,72.38],[-84.41,72.39],[-84.94,72.29],[-84.16,72],[-85.22,72.27],[-85.49,72.26],[-85.42,72.14],[-85.53,72.06],[-86.03,72.01],[-85.54,71.9],[-85.42,71.81],[-85.51,71.8],[-85.28,71.68],[-84.6,71.68],[-84.64,71.59],[-84.51,71.47],[-84.7,71.44],[-84.78,71.33],[-84.67,71.24],[-84.8,71.18],[-84.76,70.94],[-85.8,70.76],[-86.59,70.88],[-86.92,70.73],[-86.49,70.57],[-86.59,70.48],[-86.9,70.56],[-87.05,70.52],[-86.71,70.39],[-86.29,70.5],[-86.59,70.37],[-86.55,70.25],[-85.8,70.01],[-85.22,69.99],[-85.85,70.09],[-85.65,70.12],[-83.72,69.96],[-83.08,70.02],[-82.14,69.8],[-81.71,69.95],[-82.99,70.31],[-82.09,70.12],[-80.88,69.73],[-80.74,69.78],[-81.17,70],[-81.74,70.13],[-79.89,69.99],[-79.7,69.87],[-78.81,69.9],[-78.66,69.97],[-78.68,70.06],[-78.94,70.32],[-79.58,70.41],[-79.4,70.5],[-79.16,70.42],[-78.98,70.63],[-78.82,70.64],[-78.79,70.6],[-79.08,70.5],[-78.74,70.43],[-78.4,70.23],[-78.18,70.2],[-77.87,70.27],[-77.67,70.2],[-77.68,69.83],[-77.62,69.75],[-77.47,69.87],[-76.78,69.83],[-76.92,69.78],[-76.81,69.71],[-77.19,69.64],[-76.72,69.56],[-76.52,69.67],[-76.64,69.68],[-76.2,69.67],[-76.49,69.66],[-76.66,69.56],[-76.39,69.42],[-75.73,69.3],[-75.6,69.24],[-75.52,69.05],[-75.18,68.89],[-74.66,68.93],[-74.9,68.81],[-74.37,68.55],[-73.99,68.5],[-73.88,68.56],[-74.17,68.73],[-73.72,68.66],[-73.72,68.54],[-73.9,68.44],[-73.86,68.34],[-73,68.24],[-72.9,67.92],[-72.57,67.76],[-72.66,67.69],[-72.48,67.59],[-72.36,67.31],[-72.18,67.27],[-71.68,67.38],[-71.42,67.32],[-71.24,67.18],[-71.23,67.03],[-70.59,66.77],[-70.71,66.61],[-70.63,66.57],[-70.75,66.53],[-70.35,66.41],[-70.65,66.39],[-70.64,66.31],[-70.77,66.29],[-70.82,66.15],[-71.26,65.94],[-71.8,65.91],[-71.86,65.8],[-71.76,65.69],[-71.49,65.62],[-71.74,65.47],[-71.74,65.32],[-71.18,64.93],[-72.35,64.65],[-72.27,64.52],[-72.34,64.49],[-72.09,64.48],[-71.98,64.38],[-71.84,64.45],[-71.38,64.38],[-70.28,63.89],[-69.97,63.87],[-70.1,63.96],[-69.92,63.92],[-69.77,63.83],[-69.88,63.79],[-69.81,63.69],[-69.74,63.68],[-69.73,63.8],[-69.24,63.62],[-69.35,63.6],[-68.63,63.44],[-68.37,63.27],[-68.43,63.22],[-68.19,63.18],[-68.04,63.1],[-68.05,63.03],[-67.8,63.05],[-67.9,62.96],[-67.85,62.92],[-67.58,62.87],[-67.63,62.96],[-67.46,63],[-67.64,63.03],[-67.74,62.94],[-67.76,63.01],[-67.56,63.07],[-68.15,63.19],[-68.96,63.74],[-68.44,63.72],[-67.69,63.37],[-67.62,63.42],[-67.81,63.68],[-67.64,63.65],[-67.49,63.49],[-66.99,63.28],[-66.63,63.03],[-66.53,63],[-66.59,63.06],[-66.51,63.09],[-66.06,62.94],[-66.14,63.1],[-65.97,62.99],[-65.82,63.03],[-65.94,62.94],[-65.89,62.92],[-65.77,62.92],[-65.67,63.02],[-65.72,62.93],[-65.58,62.82],[-65.3,62.89],[-65.3,62.67],[-65.18,62.56],[-64.93,62.66],[-65.18,62.9],[-65.12,62.98],[-64.84,62.87],[-64.6,62.9],[-64.76,62.96],[-64.75,63.13],[-65.01,63.17],[-64.88,63.23],[-64.95,63.39],[-65.08,63.4],[-65,63.42],[-65.06,63.56],[-64.95,63.59],[-65.29,63.79],[-64.96,63.64],[-64.69,63.27],[-64.51,63.25],[-64.5,63.68],[-64.96,63.81],[-64.61,63.98],[-65.13,64.02],[-65.01,64.04],[-65.31,64.24],[-65.59,64.3],[-65.2,64.29],[-65.15,64.34],[-65.22,64.38],[-65.05,64.41],[-65.21,64.54],[-65.71,64.49],[-65.7,64.58],[-65.53,64.72],[-65.61,64.77],[-65.72,64.72],[-65.69,64.84],[-65.95,64.88],[-65.87,64.66],[-66.01,64.75],[-66.02,64.85],[-66.15,64.69],[-66.35,64.75],[-66.41,64.71],[-66.3,64.62],[-66.37,64.65],[-66.43,64.52],[-66.35,64.55],[-66.36,64.47],[-65.94,64.28],[-65.88,64.22],[-65.93,64.15],[-65.79,64.11],[-65.89,64.08],[-65.4,64.03],[-65.23,63.86],[-65.4,63.92],[-65.56,63.89],[-65.31,63.82],[-65.47,63.79],[-65.45,63.74],[-65.05,63.61],[-65.43,63.69],[-65.18,63.57],[-65.28,63.47],[-65.36,63.57],[-65.65,63.63],[-65.48,63.45],[-65.55,63.46],[-65.57,63.34],[-65.67,63.45],[-65.88,63.49],[-65.77,63.4],[-65.81,63.31],[-65.63,63.24],[-65.74,63.12],[-65.81,63.23],[-65.94,63.15],[-65.92,63.3],[-66.08,63.38],[-66.21,63.3],[-66.31,63.39],[-66.36,63.19],[-66.48,63.3],[-66.85,63.36],[-66.87,63.44],[-67.07,63.45],[-67.41,63.73],[-67.13,63.8],[-67.42,63.75],[-67.44,63.85],[-67.74,63.86],[-67.71,63.95],[-68.07,63.96],[-68.17,64.05],[-68.12,64.1],[-68.25,64.07],[-68.54,64.19],[-68.42,64.26],[-68.59,64.24],[-68.55,64.33],[-68.8,64.25],[-69.57,64.35],[-69.63,64.39],[-69.49,64.43],[-69.54,64.51],[-70.12,64.65],[-70.27,64.89],[-70.21,64.96],[-70.67,65.31],[-70.66,65.53],[-70.58,65.55],[-70.62,65.63],[-70.72,65.67],[-70.74,65.57],[-70.94,65.61],[-70.41,65.75],[-70.26,65.7],[-70.32,65.8],[-69.83,65.83],[-69.83,65.92],[-69.62,65.86],[-69.5,65.94],[-69.57,65.87],[-69.52,65.84],[-68.87,66.14],[-68.52,66.16],[-68.29,65.84],[-68.37,65.73],[-68.05,65.63],[-68.13,65.59],[-68.08,65.53],[-68.27,65.48],[-68.08,65.38],[-68.35,65.3],[-68.29,65.2],[-68.09,65.16],[-68.22,65.02],[-67.96,64.87],[-67.96,64.96],[-67.88,64.94],[-67.82,65.05],[-67.52,64.95],[-67.38,65.03],[-67.21,64.84],[-66.94,64.87],[-66.98,64.79],[-66.9,64.7],[-66.76,64.79],[-66.8,64.68],[-66.58,64.74],[-66.41,64.67],[-66.44,64.72],[-66.12,64.86],[-66.67,65.03],[-66.62,64.78],[-66.72,64.75],[-66.81,65.06],[-66.74,65.17],[-66.96,65.1],[-66.91,65.21],[-67.15,65.26],[-67.05,65.46],[-67.41,65.49],[-67.26,65.55],[-67.26,65.64],[-67.63,65.66],[-67.98,65.51],[-67.84,65.64],[-67.96,65.7],[-67.8,65.81],[-68.13,65.8],[-68.12,65.93],[-68.3,65.91],[-68.25,65.95],[-68.36,66.06],[-67.79,65.88],[-67.74,65.95],[-67.22,65.91],[-67.15,66.04],[-67.7,66.23],[-67.72,66.34],[-67.94,66.5],[-67.27,66.26],[-67.11,66.3],[-67.15,66.45],[-67.35,66.55],[-67.74,66.57],[-67.32,66.58],[-67.07,66.48],[-66.85,66.56],[-66.88,66.61],[-67.9,66.9],[-67.74,66.97],[-67.86,67.04],[-68.14,67],[-68.25,67.1],[-68.45,67.03],[-69.15,67.12],[-69.38,67.16],[-69.52,67.35],[-69.78,67.28],[-70.23,67.37],[-70.18,67.4],[-70.28,67.48],[-70.21,67.57],[-70.61,67.6],[-70.78,67.72],[-71.4,67.81],[-71.45,67.91],[-72.01,68.03],[-72.12,68.16],[-72.05,68.22],[-72.18,68.25],[-71.83,68.34],[-72.1,68.35],[-71.97,68.49],[-72.12,68.53],[-71.94,68.69],[-72.28,68.44],[-72.56,68.64],[-72.47,68.71],[-72.95,68.74],[-73.12,68.91],[-72.72,69.11],[-73.05,68.98],[-73.01,69.03],[-73.07,69.05],[-73.2,68.92],[-73.77,69.04],[-73.57,69.12],[-73.99,69.12],[-73.55,69.2],[-74.28,69.19],[-73.84,69.35],[-73.4,69.36],[-73.85,69.37],[-73.82,69.42],[-74.69,69.27],[-74.82,69.33],[-74.73,69.36],[-74.88,69.36],[-74.98,69.5],[-74.94,69.56],[-74.19,69.7],[-74.43,69.77],[-74.68,69.66],[-75.26,69.59],[-75.16,69.69],[-75.22,69.68],[-75.04,69.69],[-74.81,69.85],[-74.91,69.93],[-74.81,70.01],[-75.05,70.02],[-75.16,70.13],[-75.52,70.21],[-76.04,70],[-76.88,70.04],[-76.85,70.1],[-76.1,70.31],[-76.46,70.43],[-75.92,70.52],[-76.78,70.47],[-76.73,70.55],[-76.55,70.51],[-76.65,70.57],[-76.55,70.6],[-76.27,70.56],[-76.36,70.62],[-76.13,70.68],[-76.18,70.7],[-76.04,70.78],[-76.44,70.63],[-77,70.56],[-76.6,70.67],[-76.82,70.7],[-76.47,70.81],[-76.8,70.98],[-76.7,71.01],[-77.24,71.08],[-77.12,71.11],[-78.38,71.17],[-78.55,71.2],[-78.59,71.29],[-78.85,71.27],[-79.04,71.41],[-79.09,71.32],[-79.54,71.31],[-80.17,71.38],[-80.08,71.44],[-80.25,71.39],[-80.85,71.48],[-80.99,71.53],[-80.93,71.64],[-81.05,71.62],[-81.05,71.74],[-81.16,71.79],[-81.55,71.85],[-81.98,71.73],[-81.68,71.87],[-81.71,72.06],[-81.65,72.12],[-81.82,72.19],[-82.99,72.06],[-83.69,72.2],[-84.2,72.41],[-83.95,72.45],[-84.56,72.46]]],[[[-95.77,72.89],[-95.66,72.91],[-95.73,73.01],[-95.8,72.97],[-95.77,72.89]]],[[[-95.71,73.06],[-95.68,73.13],[-95.84,73.14],[-95.71,73.06]]],[[[-94.8,73.56],[-95.58,73.75],[-95.69,73.64],[-95.61,73.61],[-95.67,73.47],[-95.57,73.18],[-95.66,72.98],[-95.59,72.92],[-95.67,72.83],[-95.6,72.72],[-95.35,72.64],[-95.31,72.55],[-95.12,72.47],[-95.19,72.42],[-95.15,72.13],[-94.76,72.16],[-95.18,72.1],[-95.17,71.98],[-94.32,72.01],[-94.24,72.19],[-93.62,72.5],[-93.99,72.71],[-94.31,72.73],[-94.22,72.86],[-94.33,73.01],[-94.06,73],[-94.22,73.05],[-94.29,73.33],[-94.62,73.5],[-94.38,73.46],[-94.8,73.56]]]]}},{"type":"Feature","properties":{"code":"2.1.6","name":"Baffin Uplands"},"geometry":{"type":"MultiPolygon","coordinates":[[[[-72.2,64.65],[-72.19,64.65],[-72.18,64.65],[-72.2,64.65]]],[[[-72.85,64.76],[-72.94,64.79],[-73.07,64.58],[-72.65,64.55],[-73.06,64.48],[-72.67,64.42],[-72.84,64.36],[-72.71,64.25],[-72.24,64.27],[-72.4,64.09],[-71.74,63.98],[-71.69,63.92],[-71.78,63.91],[-71.66,63.82],[-71.43,63.83],[-71.48,63.79],[-71.41,63.79],[-71.43,63.75],[-71.13,63.65],[-70.83,63.63],[-70.69,63.71],[-70.75,63.59],[-71.04,63.6],[-71.21,63.39],[-70.81,63.35],[-70.74,63.57],[-70.55,63.78],[-70.13,63.6],[-69.98,63.68],[-70.05,63.6],[-69.91,63.42],[-69.94,63.37],[-69.85,63.39],[-69.86,63.55],[-69.66,63.32],[-69.58,63.46],[-69.48,63.31],[-69.57,63.24],[-69.53,63.15],[-69.27,63.02],[-69.21,63.03],[-69.28,63.16],[-69.18,63.11],[-69.25,63.22],[-69.18,63.23],[-69.29,63.31],[-69.11,63.27],[-69.15,63.08],[-68.98,62.91],[-68.94,63.09],[-68.81,62.95],[-68.88,62.85],[-68.8,62.85],[-68.83,62.8],[-68.7,62.86],[-68.6,62.78],[-68.64,62.9],[-68.53,62.82],[-68.42,62.92],[-68.37,62.87],[-68.49,62.7],[-68.36,62.73],[-68.36,62.83],[-68.27,62.87],[-68.33,62.63],[-68.26,62.58],[-68.12,62.62],[-68.04,62.81],[-68.02,62.58],[-67.85,62.63],[-67.87,62.57],[-67.73,62.54],[-67.72,62.44],[-67.43,62.47],[-67.51,62.4],[-67.39,62.42],[-67.34,62.53],[-67.31,62.43],[-67.07,62.5],[-67.06,62.44],[-66.9,62.43],[-67.15,62.33],[-66.84,62.34],[-67.01,62.25],[-66.19,62.13],[-66.45,62.32],[-66.72,62.35],[-66.66,62.43],[-66.92,62.6],[-66.83,62.67],[-67.38,62.96],[-67.62,62.95],[-67.6,62.87],[-67.85,62.92],[-67.9,62.96],[-67.8,63.05],[-68.05,63.03],[-68.04,63.1],[-68.19,63.18],[-68.43,63.22],[-68.37,63.27],[-68.63,63.44],[-69.35,63.6],[-69.24,63.62],[-69.73,63.8],[-69.74,63.68],[-69.81,63.69],[-69.88,63.79],[-69.77,63.83],[-69.92,63.92],[-70.1,63.96],[-69.97,63.87],[-70.28,63.89],[-71.37,64.38],[-71.84,64.45],[-72.02,64.39],[-72.09,64.48],[-72.34,64.49],[-72.27,64.52],[-72.34,64.63],[-72.62,64.62],[-72.65,64.71],[-72.85,64.76]]],[[[-71.95,64.73],[-71.94,64.73],[-71.96,64.72],[-71.95,64.73]]],[[[-68.43,66.06],[-68.57,66.17],[-68.87,66.14],[-69.4,65.86],[-69.56,65.84],[-69.5,65.94],[-69.62,65.86],[-69.83,65.92],[-69.83,65.83],[-70.32,65.8],[-70.26,65.7],[-70.41,65.75],[-70.94,65.61],[-70.74,65.57],[-70.72,65.67],[-70.62,65.63],[-70.58,65.55],[-70.66,65.53],[-70.67,65.31],[-70.21,64.96],[-70.27,64.89],[-70.12,64.65],[-69.54,64.51],[-69.49,64.43],[-69.63,64.39],[-69.57,64.35],[-68.8,64.25],[-68.55,64.33],[-68.59,64.24],[-68.42,64.26],[-68.54,64.19],[-68.25,64.07],[-68.12,64.1],[-68.17,64.05],[-68.07,63.96],[-67.71,63.95],[-67.74,63.86],[-67.44,63.85],[-67.42,63.75],[-67.13,63.8],[-67.41,63.73],[-67.07,63.45],[-66.45,63.29],[-66.41,63.2],[-66.33,63.21],[-66.38,63.25],[-66.31,63.39],[-66.21,63.3],[-66.08,63.38],[-65.92,63.3],[-65.94,63.15],[-65.81,63.23],[-65.74,63.12],[-65.63,63.24],[-65.81,63.31],[-65.77,63.4],[-65.88,63.49],[-65.67,63.45],[-65.57,63.34],[-65.55,63.46],[-65.48,63.45],[-65.65,63.63],[-65.36,63.57],[-65.28,63.47],[-65.18,63.57],[-65.43,63.69],[-65.05,63.6],[-65.45,63.74],[-65.47,63.79],[-65.34,63.84],[-65.56,63.88],[-65.41,63.93],[-65.24,63.85],[-65.4,64.03],[-65.89,64.08],[-65.79,64.11],[-65.93,64.15],[-65.88,64.22],[-65.94,64.28],[-66.36,64.47],[-66.35,64.55],[-66.43,64.52],[-66.41,64.67],[-66.58,64.74],[-66.8,64.68],[-66.76,64.79],[-66.9,64.7],[-66.98,64.79],[-66.94,64.87],[-67.21,64.84],[-67.38,65.03],[-67.52,64.95],[-67.82,65.05],[-67.88,64.94],[-67.96,64.96],[-67.96,64.87],[-68.22,65.02],[-68.09,65.16],[-68.29,65.2],[-68.35,65.3],[-68.08,65.38],[-68.27,65.48],[-68.08,65.53],[-68.13,65.59],[-68.05,65.62],[-68.37,65.73],[-68.29,65.84],[-68.43,66.06]]],[[[-77.5,71.98],[-77.55,72.11],[-77.7,72.12],[-77.98,72.11],[-78.26,71.98],[-78.08,71.99],[-77.68,71.82],[-77.74,71.75],[-78.12,71.98],[-78.29,71.94],[-77.92,71.79],[-78.35,71.93],[-78.5,71.87],[-78.94,71.96],[-79.47,71.91],[-79.81,72.04],[-80.38,72.03],[-80.45,71.9],[-80.68,71.97],[-80.81,71.88],[-80.57,71.78],[-81.13,71.91],[-81.32,71.86],[-80.82,71.77],[-80.99,71.55],[-80.88,71.48],[-80.25,71.39],[-80.08,71.44],[-80.17,71.38],[-79.54,71.31],[-79.09,71.32],[-79.04,71.41],[-78.85,71.27],[-78.59,71.29],[-78.55,71.2],[-78.38,71.17],[-76.96,71.09],[-76.47,70.85],[-76.82,70.7],[-76.6,70.67],[-76.99,70.55],[-76.04,70.78],[-76.18,70.7],[-76.13,70.68],[-76.36,70.62],[-76.27,70.56],[-76.55,70.6],[-76.65,70.57],[-76.55,70.51],[-76.73,70.55],[-76.78,70.47],[-75.92,70.52],[-76.47,70.43],[-76.1,70.31],[-76.9,70.05],[-76.06,70],[-75.49,70.21],[-75.16,70.13],[-75.03,70.02],[-74.81,70.01],[-74.91,69.93],[-74.82,69.84],[-75.04,69.69],[-75.22,69.68],[-75.16,69.69],[-75.26,69.59],[-74.4,69.76],[-74.19,69.7],[-74.86,69.6],[-74.98,69.5],[-74.88,69.36],[-74.73,69.36],[-74.82,69.33],[-74.69,69.27],[-73.82,69.42],[-73.85,69.37],[-73.4,69.36],[-73.84,69.35],[-74.28,69.19],[-73.55,69.2],[-73.99,69.12],[-73.57,69.12],[-73.77,69.04],[-73.2,68.92],[-73.07,69.05],[-73.01,69.03],[-73.05,68.98],[-72.72,69.11],[-73.12,68.91],[-72.95,68.74],[-72.47,68.71],[-72.56,68.64],[-72.28,68.44],[-71.94,68.69],[-72.12,68.53],[-71.97,68.49],[-72.1,68.35],[-71.83,68.34],[-72.18,68.25],[-72.05,68.22],[-72.12,68.16],[-72.01,68.03],[-71.45,67.91],[-71.4,67.81],[-70.78,67.72],[-70.61,67.6],[-70.21,67.57],[-70.28,67.48],[-70.18,67.4],[-70.23,67.37],[-69.78,67.28],[-69.52,67.35],[-69.38,67.16],[-69.15,67.12],[-68.45,67.03],[-68.25,67.1],[-68.14,67],[-67.86,67.04],[-67.74,66.97],[-67.9,66.9],[-66.86,66.6],[-66.37,66.59],[-65.97,66.68],[-66.54,66.92],[-66.73,67.09],[-67.34,67.17],[-67.51,67.35],[-67.72,67.43],[-68.52,67.28],[-68.72,67.34],[-69.16,67.8],[-69.11,67.9],[-69.38,68.06],[-69.35,68.17],[-69.53,68.37],[-69.39,68.58],[-69.39,68.86],[-69.85,69.13],[-70.6,70.01],[-71.05,70.13],[-71.2,70.3],[-71.32,70.14],[-71.48,70.08],[-71.27,70.34],[-71.78,70.31],[-71.74,70.37],[-72.23,70.46],[-73.16,70.83],[-73.86,70.96],[-73.77,71.05],[-74.62,71.37],[-75,71.21],[-74.68,71.39],[-74.92,71.57],[-75.76,71.58],[-77.12,71.79],[-77.5,71.98]]]]}},{"type":"Feature","properties":{"code":"2.1.7","name":"Gulf of Boothia and Foxe Basin Plains"},"geometry":{"type":"MultiPolygon","coordinates":[[[[-87.19,68.26],[-87.17,68.29],[-87.23,68.29],[-87.19,68.26]]],[[[-86.4,68.09],[-86.39,68.2],[-86.64,68.3],[-86.95,68.09],[-86.81,68],[-86.92,67.93],[-86.88,67.84],[-86.57,67.73],[-86.37,67.86],[-86.4,68.09]]],[[[-78.57,68.22],[-78.56,68.28],[-78.66,68.22],[-78.57,68.22]]],[[[-79.03,68.18],[-78.83,68.3],[-79.19,68.34],[-79.18,68.22],[-79.03,68.18]]],[[[-71.64,67.37],[-72.01,67.35],[-72.33,67.11],[-72.81,67.02],[-72.98,66.82],[-72.96,66.74],[-73.28,66.67],[-73.53,66.5],[-74.4,66.2],[-74.45,66.12],[-74,65.83],[-73.73,65.77],[-73.51,65.5],[-73.65,65.45],[-74.03,65.52],[-73.65,65.05],[-72.65,64.71],[-72.63,64.63],[-72.44,64.65],[-72.31,64.58],[-72.35,64.65],[-71.18,64.93],[-71.74,65.32],[-71.74,65.47],[-71.49,65.62],[-71.81,65.73],[-71.82,65.89],[-71.26,65.94],[-70.82,66.15],[-70.77,66.29],[-70.64,66.31],[-70.65,66.39],[-70.35,66.41],[-70.54,66.51],[-70.74,66.52],[-70.63,66.57],[-70.71,66.61],[-70.59,66.77],[-71.23,67.03],[-71.24,67.18],[-71.64,67.37]]],[[[-87.93,68.6],[-87.92,68.74],[-88.05,68.84],[-89.11,69.28],[-89.37,69.23],[-89.69,69.02],[-89.74,68.96],[-89.7,68.74],[-89.93,68.62],[-89.26,68.23],[-89.08,68.23],[-88.95,68.32],[-88.67,68.29],[-88.58,68.06],[-88.89,67.95],[-88.48,67.88],[-88.47,67.81],[-88.08,67.67],[-88.33,67.95],[-88.35,68.03],[-88.26,68.12],[-88.37,68.28],[-88.17,68.37],[-88.1,68.25],[-87.82,68.26],[-87.77,68.39],[-87.93,68.6]]],[[[-78.52,68.56],[-78.46,68.63],[-78.86,68.67],[-78.67,68.59],[-78.97,68.49],[-78.8,68.45],[-78.62,68.51],[-78.72,68.53],[-78.67,68.57],[-78.52,68.56]]],[[[-75.49,68.27],[-75.9,68.34],[-76.67,68.25],[-77.21,67.86],[-77.29,67.71],[-77.22,67.45],[-77.01,67.25],[-76.69,67.21],[-75.89,67.25],[-75.19,67.44],[-75.04,67.61],[-75.05,67.83],[-75.15,67.96],[-75,68.14],[-75.13,68.24],[-75.49,68.27]]],[[[-74.26,68.07],[-74.2,68.14],[-74.34,68.18],[-74.44,68.07],[-74.72,68.08],[-74.78,68.01],[-74.59,67.83],[-74.42,67.78],[-73.44,67.76],[-73.35,67.83],[-73.44,67.99],[-74.26,68.07]]],[[[-74.05,68.16],[-74.08,68.24],[-74.17,68.21],[-74.05,68.16]]],[[[-74.07,68.34],[-74.28,68.46],[-74.4,68.43],[-74.22,68.26],[-74.07,68.34]]],[[[-82.84,69.5],[-83.14,69.37],[-83.14,69.29],[-82.98,69.24],[-83.43,69.17],[-83.28,69.13],[-83.6,69.14],[-83.29,69.04],[-83.53,68.97],[-83.04,68.96],[-83.25,68.95],[-82.96,68.85],[-83.14,68.87],[-82.99,68.82],[-83.51,68.72],[-83.01,68.74],[-83.06,68.7],[-82.84,68.66],[-83.28,68.64],[-83.2,68.61],[-83.42,68.54],[-83.25,68.48],[-83.35,68.49],[-83.38,68.4],[-82.93,68.33],[-83,68.26],[-82.83,68.33],[-82.48,68.3],[-82.31,68.24],[-82.34,68.13],[-82.1,68.07],[-81.95,68.2],[-82.19,68.12],[-82.32,68.16],[-82.22,68.29],[-82.48,68.32],[-81.99,68.35],[-82.6,68.4],[-82.62,68.45],[-82.46,68.46],[-82.61,68.51],[-82.17,68.46],[-82.2,68.54],[-81.92,68.42],[-81.21,68.65],[-81.19,68.77],[-81.34,68.88],[-82.03,68.89],[-81.28,69.09],[-81.3,69.19],[-81.7,69.27],[-82.22,69.24],[-82.11,69.29],[-82.31,69.38],[-82.19,69.4],[-82.84,69.5]]],[[[-81.45,69.4],[-81.82,69.42],[-81.9,69.36],[-81.77,69.34],[-81.76,69.41],[-81.51,69.34],[-81.45,69.4]]],[[[-74.8,68.45],[-75,68.68],[-75.26,68.73],[-75.41,68.54],[-74.83,68.32],[-74.8,68.45]]],[[[-74.65,68.61],[-74.75,68.68],[-74.88,68.61],[-74.51,68.57],[-74.65,68.61]]],[[[-82.06,69.48],[-82.45,69.52],[-81.94,69.44],[-82.06,69.48]]],[[[-81.46,69.44],[-81.62,69.53],[-81.72,69.51],[-81.46,69.44]]],[[[-80.13,69.4],[-80.19,69.41],[-80.07,69.39],[-80.13,69.4]]],[[[-78.31,69.24],[-78.21,69.3],[-78.31,69.38],[-78.71,69.34],[-78.85,69.15],[-79.21,69.09],[-79.39,68.89],[-79.23,68.84],[-78.82,68.92],[-78.47,69.23],[-78.31,69.24]]],[[[-86.56,70.11],[-87.36,70.11],[-87.12,70.01],[-86.44,70.01],[-86.56,70.11]]],[[[-75.56,69.12],[-75.95,69.02],[-76.59,69.03],[-76.63,68.91],[-76.5,68.86],[-76.66,68.72],[-76.4,68.68],[-75.58,68.89],[-75.49,68.94],[-75.58,68.99],[-75.47,69.02],[-75.56,69.12]]],[[[-79.36,69.69],[-80.61,69.75],[-80.77,69.68],[-80.47,69.68],[-80.29,69.56],[-80.19,69.63],[-80.21,69.53],[-80,69.5],[-79.92,69.53],[-80.06,69.65],[-79.64,69.62],[-79.36,69.69]]],[[[-76.64,69.39],[-77.18,69.45],[-77.35,69.41],[-77.37,69.29],[-77.26,69.15],[-76.9,69.12],[-76.84,69.17],[-76.92,69.22],[-76.64,69.39]]],[[[-86.75,70.4],[-86.92,70.46],[-86.93,70.41],[-86.85,70.33],[-86.65,70.36],[-86.75,70.4]]],[[[-77.94,69.64],[-78.17,69.76],[-78.86,69.49],[-77.94,69.64]]],[[[-87.53,71.03],[-87.5,71.04],[-87.63,71.05],[-87.53,71.03]]],[[[-93.67,71.76],[-94.23,71.78],[-94.49,71.55],[-93.89,71.46],[-93.57,71.26],[-93.72,71.14],[-92.93,70.83],[-92.84,71.17],[-92.93,71.3],[-93.18,71.47],[-93.79,71.66],[-93.67,71.76]]],[[[-85.38,71.5],[-85.53,71.48],[-85.41,71.35],[-86.22,71.21],[-86.1,71.2],[-86.14,71.16],[-86.31,71.15],[-86.27,71.26],[-86.41,71.27],[-86.58,71.13],[-86.4,71.08],[-86.52,71.04],[-86.39,71.05],[-85.87,71.19],[-84.81,71.29],[-84.9,71.43],[-85.38,71.5]]],[[[-89.84,71.96],[-89.83,72.04],[-89.67,72.12],[-90.02,72.07],[-89.97,71.99],[-90.11,71.94],[-89.8,71.77],[-90.02,71.6],[-89.89,71.37],[-88.43,71.24],[-87.88,71.28],[-87.71,71.14],[-87,71.01],[-87.98,70.94],[-88.46,71.04],[-89.53,71.1],[-89.17,70.97],[-89.42,70.91],[-88.87,70.55],[-87.87,70.34],[-88.26,70.34],[-87.88,70.25],[-87.6,70.3],[-87.8,70.32],[-87.75,70.34],[-86.97,70.3],[-86.97,70.37],[-87.17,70.4],[-86.94,70.47],[-87.04,70.56],[-86.61,70.47],[-86.49,70.57],[-86.92,70.73],[-86.59,70.88],[-85.87,70.76],[-85.45,70.77],[-84.97,70.93],[-84.83,71.13],[-84.92,71.2],[-85.46,71.17],[-86.64,70.97],[-86.8,71],[-86.7,71.03],[-87.63,71.14],[-87.81,71.29],[-88.46,71.27],[-89.45,71.41],[-89.72,71.5],[-89.61,71.63],[-89.67,71.78],[-89.6,71.87],[-89.84,71.96]]],[[[-93.78,72.71],[-94,72.67],[-93.62,72.5],[-94.24,72.19],[-94.32,72.01],[-94.01,72],[-94.06,72.02],[-94.01,72.16],[-93.44,72.45],[-93.5,72.55],[-93.8,72.65],[-93.78,72.71]]],[[[-89.41,72.77],[-89.53,72.79],[-89.57,72.7],[-89.47,72.67],[-89.52,72.63],[-89.73,72.62],[-89.95,72.34],[-89.94,72.26],[-89.56,72.17],[-89.65,72.12],[-88.99,72.17],[-89.38,72.27],[-89.43,72.4],[-89.22,72.48],[-89.44,72.52],[-89.31,72.73],[-89.41,72.77]]],[[[-93.23,72.93],[-93.51,73.09],[-93.62,73.05],[-93.55,72.94],[-94.33,73.01],[-94.22,72.86],[-94.29,72.77],[-92.77,72.75],[-93.23,72.93]]]]}},{"type":"Feature","properties":{"code":"2.1.8","name":"Victoria Island Lowlands"},"geometry":{"type":"MultiPolygon","coordinates":[[[[-95.71,68.45],[-95.58,68.52],[-95.74,68.45],[-95.71,68.45]]],[[[-100.47,68.69],[-100.49,68.72],[-100.54,68.71],[-100.47,68.69]]],[[[-100.22,68.82],[-100.18,68.93],[-100.38,69.06],[-100.6,69.01],[-100.61,68.78],[-100.4,68.74],[-100.22,68.82]]],[[[-100.33,69.09],[-100.42,69.09],[-100.32,69.07],[-100.33,69.09]]],[[[-99.88,69.11],[-99.85,69.14],[-99.93,69.13],[-99.88,69.11]]],[[[-100,68.96],[-100.11,69.15],[-100.25,69.05],[-100,68.96]]],[[[-99.24,69.23],[-99.22,69.27],[-99.27,69.28],[-99.24,69.23]]],[[[-101.35,69.46],[-101.31,69.47],[-101.35,69.5],[-101.35,69.46]]],[[[-92.96,69.42],[-93.44,69.48],[-93.53,69.38],[-93.44,69.33],[-93.82,69.18],[-93.85,69.27],[-93.51,69.45],[-94.19,69.34],[-94.3,69.17],[-94.07,69.14],[-94.44,68.96],[-94.57,68.98],[-94.52,68.9],[-94.59,68.77],[-94.07,68.77],[-93.84,68.88],[-94.06,68.88],[-93.88,69],[-93.64,68.98],[-93.57,68.85],[-93.73,68.62],[-93.47,68.58],[-94.08,68.43],[-94.19,68.38],[-94.16,68.29],[-92.96,68.5],[-92.15,68.76],[-92.26,68.8],[-92.25,68.89],[-93.09,69.02],[-92.62,69.37],[-92.64,69.43],[-92.96,69.42]]],[[[-101.06,69.55],[-101.36,69.55],[-101.16,69.49],[-101.21,69.37],[-101.02,69.47],[-101.06,69.55]]],[[[-96.09,69.54],[-96.7,69.59],[-96.13,69.36],[-96.09,69.54]]],[[[-95.63,69.61],[-95.91,69.61],[-95.97,69.51],[-95.9,69.43],[-95.98,69.37],[-95.81,69.34],[-95.86,69.38],[-95.72,69.48],[-95.79,69.59],[-95.64,69.54],[-95.6,69.42],[-95.72,69.34],[-95.37,69.41],[-95.32,69.57],[-95.63,69.61]]],[[[-102.1,69.67],[-102.15,69.76],[-102.23,69.74],[-102.1,69.67]]],[[[-97.7,69.86],[-98.01,69.9],[-98.31,69.71],[-98.34,69.62],[-97.98,69.45],[-98.54,69.6],[-98.57,69.53],[-98.42,69.48],[-98.59,69.45],[-98.4,69.38],[-98.52,69.29],[-98.64,69.32],[-98.74,69.19],[-99.43,69.16],[-99.55,69.02],[-99.21,68.85],[-99.04,68.87],[-99.08,68.93],[-99.01,68.97],[-98.86,68.96],[-98.8,68.93],[-98.84,68.85],[-98.47,68.75],[-98.36,68.87],[-98.1,68.69],[-97.14,68.52],[-97.07,68.6],[-96.55,68.46],[-96.27,68.49],[-95.95,68.64],[-95.83,68.61],[-95.76,68.74],[-95.54,68.77],[-95.53,68.68],[-95.16,68.87],[-95.83,68.89],[-95.82,68.99],[-95.93,69.05],[-95.91,69.15],[-96.02,69.25],[-96.13,69.19],[-96.13,69.04],[-96.21,69.17],[-96.14,69.2],[-96.18,69.31],[-96.95,69.53],[-97.25,69.71],[-97.38,69.61],[-97.46,69.67],[-97.32,69.72],[-97.7,69.86]]],[[[-97.34,69.92],[-97.47,69.95],[-97.21,69.88],[-97.34,69.92]]],[[[-100.82,69.95],[-100.82,70.01],[-100.86,69.95],[-100.82,69.95]]],[[[-100.73,70.27],[-100.73,70.34],[-100.86,70.32],[-100.73,70.27]]],[[[-100.61,70.71],[-100.68,70.7],[-100.62,70.66],[-100.66,70.59],[-100.49,70.52],[-100.24,70.48],[-100.36,70.6],[-100.16,70.59],[-100.61,70.71]]],[[[-103.16,70.64],[-103.24,70.69],[-103.24,70.64],[-103.16,70.64]]],[[[-103.34,70.7],[-103.32,70.74],[-103.43,70.75],[-103.34,70.7]]],[[[-96.27,71.07],[-96.41,71.06],[-96.6,70.81],[-96.17,70.62],[-95.94,70.69],[-96.14,70.54],[-96.22,70.57],[-96.54,70.31],[-96.45,70.09],[-96.07,69.95],[-96.18,69.87],[-94.83,69.57],[-94.71,69.61],[-94.74,69.68],[-94.62,69.68],[-94.24,69.44],[-93.89,69.44],[-92.9,69.81],[-93.28,70.15],[-93.63,70.12],[-93.68,70.21],[-94.35,70.01],[-94.8,70.03],[-94.93,70.13],[-94.92,70.27],[-95.07,70.37],[-95.6,70.48],[-95.51,70.56],[-95.6,70.64],[-95.53,70.74],[-95.63,70.8],[-95.48,70.88],[-95.47,70.97],[-95.69,70.93],[-96.27,71.07]]],[[[-98.89,71.31],[-98.94,71.38],[-99,71.34],[-98.89,71.31]]],[[[-96.78,71.69],[-96.94,71.68],[-96.82,71.67],[-96.78,71.69]]],[[[-96.99,71.72],[-96.83,71.76],[-97.03,71.73],[-96.99,71.72]]],[[[-108.14,71.98],[-108.06,72.03],[-108.18,72.05],[-108.14,71.98]]],[[[-99.11,72.98],[-99.29,73.03],[-99.3,73.15],[-99.41,73.15],[-99.43,72.98],[-100.11,73.05],[-100.06,72.89],[-100.31,72.87],[-100.4,72.98],[-100.29,73.02],[-100.35,73.05],[-100.47,72.96],[-100.31,72.84],[-100.37,72.75],[-101,72.69],[-101.33,72.73],[-101.25,72.78],[-101.44,72.8],[-101.52,72.92],[-101.68,72.91],[-101.75,73],[-102.12,73.09],[-102.5,73.03],[-102.74,72.77],[-102.59,72.65],[-101.93,72.47],[-101.81,72.32],[-101.46,72.27],[-101.18,72.33],[-100.92,72.18],[-100.61,72.18],[-99.35,71.6],[-99.21,71.37],[-98.95,71.4],[-98.7,71.29],[-98.43,71.34],[-98.04,71.54],[-98.48,71.75],[-98.31,71.87],[-98.24,71.87],[-98.35,71.75],[-98.17,71.65],[-97.49,71.62],[-96.47,71.9],[-96.73,71.92],[-96.47,71.98],[-96.47,72.04],[-97.35,72],[-97.9,72.07],[-98.13,72.24],[-98.05,72.43],[-98.28,72.52],[-98.31,72.62],[-98.76,72.62],[-98.89,72.71],[-98.43,72.85],[-98.44,73],[-98.34,73.04],[-99.11,72.98]]],[[[-107.79,73.33],[-108.03,73.34],[-108.08,73.26],[-107.86,73.19],[-108.11,73.2],[-108.25,73.12],[-108,72.77],[-107.99,72.63],[-107.83,72.58],[-107.82,72.37],[-107.72,72.29],[-107.74,72.14],[-107.27,71.91],[-107.49,71.88],[-107.28,71.81],[-107.85,71.72],[-107.74,71.62],[-108.31,71.8],[-108.2,71.96],[-108.39,72],[-108.41,72.16],[-108.63,72.33],[-108.61,72.47],[-108.96,72.37],[-109.2,72.14],[-109.17,71.81],[-109.38,71.65],[-109.38,71.57],[-109.96,71.69],[-110.4,71.62],[-110.73,71.43],[-111.34,71.4],[-113,70.99],[-114.02,71.06],[-114.72,71],[-113.35,70.87],[-112.16,70.9],[-111.8,70.8],[-111.97,70.7],[-111.14,70.67],[-110.83,70.51],[-110.85,70.42],[-110.35,70.36],[-110.08,70.2],[-110.06,70.07],[-112.04,70.08],[-113.23,70],[-113.38,69.94],[-113.3,69.78],[-113.89,69.85],[-114.01,69.71],[-113.85,69.55],[-113.36,69.41],[-112.22,69.25],[-111.65,69.2],[-110.89,69.28],[-108.5,69.78],[-107.73,69.77],[-105.91,69.9],[-104.28,69.92],[-102.76,69.55],[-102.5,69.56],[-102.51,69.7],[-102.67,69.78],[-102.33,69.77],[-102.28,69.82],[-102.33,69.85],[-102.22,69.86],[-102.21,69.93],[-101.93,69.75],[-101.66,69.69],[-101.41,69.91],[-101.43,69.8],[-101.3,69.68],[-100.9,69.7],[-100.85,69.89],[-101.01,70.21],[-101.58,70.16],[-101.64,70.22],[-101.57,70.28],[-101.66,70.32],[-101.88,70.27],[-102.84,70.54],[-102.81,70.61],[-103.01,70.69],[-103.11,70.69],[-103.11,70.61],[-102.88,70.51],[-103.54,70.61],[-103.71,70.72],[-104.01,70.78],[-104.15,70.96],[-104.57,71.07],[-104.64,71.13],[-104.44,71.24],[-104.51,71.35],[-104.36,71.37],[-104.39,71.54],[-104.33,71.59],[-104.84,71.9],[-104.98,72.2],[-105.25,72.43],[-105.18,72.44],[-105.22,72.54],[-105.42,72.7],[-105.29,72.74],[-105.49,72.88],[-106.83,73.31],[-107.05,73.27],[-106.96,73.19],[-107.01,73.17],[-107.79,73.33]]],[[[-107.7,73.55],[-107.54,73.59],[-108.02,73.59],[-107.7,73.55]]],[[[-114.12,73.29],[-114.68,73.37],[-116.24,73.11],[-117.32,72.92],[-118.4,72.54],[-117.86,72.45],[-117.52,72.3],[-117.48,72.16],[-117.81,72.05],[-117.82,71.93],[-117.59,71.76],[-116.38,71.66],[-115.43,71.84],[-114.99,71.75],[-114.81,71.63],[-114.02,71.52],[-112.37,72.06],[-112.38,72.13],[-112.06,72.27],[-112,72.39],[-111.4,72.64],[-111.48,72.73],[-112.01,72.89],[-113.04,73.01],[-113.58,72.78],[-113.39,72.74],[-113.41,72.67],[-114.55,72.57],[-114.28,72.69],[-114.34,72.75],[-113.93,72.82],[-114.02,72.96],[-113.93,73.15],[-114.12,73.29]]],[[[-105.07,73.75],[-106.49,73.71],[-107,73.46],[-106.42,73.4],[-105.22,72.86],[-105.23,72.94],[-104.99,73],[-104.53,73.33],[-104.44,73.54],[-105.07,73.75]]],[[[-115.56,73.63],[-116.29,73.88],[-116.25,73.79],[-116.06,73.74],[-116.04,73.61],[-116.66,73.54],[-116.93,73.36],[-119.05,73.1],[-119.02,73.01],[-119.75,72.83],[-120.9,72.88],[-120.95,72.84],[-120.79,72.79],[-120.74,72.69],[-120.46,72.66],[-120.58,72.73],[-120.46,72.79],[-120.03,72.69],[-120.22,72.49],[-120.93,72.48],[-120.7,72.29],[-120.72,72.19],[-120.47,72.21],[-120.3,72.36],[-119.97,72.35],[-118.87,72.71],[-115.3,73.49],[-115.56,73.63]]]]}},{"type":"Feature","properties":{"code":"2.1.9","name":"Banks Island and Amundsen Gulf Lowlands"},"geometry":{"type":"MultiPolygon","coordinates":[[[[-100.06,68.37],[-100.22,68.33],[-100.09,68.29],[-100.06,68.37]]],[[[-98.79,68.38],[-98.77,68.41],[-98.82,68.41],[-98.79,68.38]]],[[[-108.54,68.24],[-108.66,68.19],[-108.66,68.13],[-108.54,68.24]]],[[[-99.01,68.41],[-99,68.42],[-99.11,68.47],[-99.01,68.41]]],[[[-100.73,68.44],[-100.85,68.47],[-100.68,68.41],[-100.73,68.44]]],[[[-100.81,68.63],[-100.88,68.63],[-100.72,68.61],[-100.81,68.63]]],[[[-111.08,68.41],[-111.05,68.45],[-111.13,68.44],[-111.08,68.41]]],[[[-101.68,68.75],[-102,68.83],[-102.33,68.7],[-101.81,68.57],[-101.81,68.66],[-101.71,68.64],[-101.68,68.75]]],[[[-110.66,68.5],[-110.8,68.56],[-111.08,68.49],[-110.66,68.5]]],[[[-110.6,68.58],[-110.76,68.57],[-110.5,68.55],[-110.6,68.58]]],[[[-113.47,68.46],[-113.47,68.47],[-113.53,68.47],[-113.47,68.46]]],[[[-105.86,68.88],[-106.2,68.94],[-107.28,68.7],[-108.28,68.63],[-108.78,68.27],[-108.37,68.29],[-108.38,68.11],[-107.56,68.16],[-107.89,68.28],[-107.81,68.34],[-107.47,68.34],[-107.44,68.41],[-107.6,68.55],[-107.44,68.63],[-106.12,68.86],[-105.87,68.85],[-105.52,68.69],[-105.43,68.73],[-105.86,68.88]]],[[[-113.88,68.61],[-113.97,68.61],[-113.75,68.59],[-113.88,68.61]]],[[[-114,68.62],[-114.2,68.68],[-114.07,68.62],[-114,68.62]]],[[[-101.5,69.18],[-101.55,69.23],[-101.72,69.18],[-101.59,69.15],[-101.66,69.09],[-101.5,69.18]]],[[[-114.34,68.88],[-114.49,68.91],[-114.41,68.88],[-114.34,68.88]]],[[[-102.86,69.48],[-102.83,69.5],[-102.9,69.51],[-102.86,69.48]]],[[[-115.89,68.93],[-116.31,68.96],[-114.99,68.59],[-116.01,68.63],[-116.03,68.53],[-115.86,68.48],[-115.44,68.53],[-114.88,68.3],[-114.47,68.31],[-114.27,68.23],[-113.99,68.24],[-114.04,68.3],[-113.89,68.4],[-114.06,68.39],[-114.19,68.57],[-114.97,68.87],[-115.81,69],[-115.77,68.96],[-115.89,68.93]]],[[[-112.64,70.27],[-112.62,70.29],[-112.76,70.29],[-112.64,70.27]]],[[[-111.79,70.31],[-112.32,70.35],[-112.02,70.28],[-111.6,70.31],[-111.79,70.31]]],[[[-112.9,70.29],[-113.04,70.32],[-113.21,70.31],[-112.9,70.29]]],[[[-115.85,70.55],[-115.77,70.59],[-116.08,70.54],[-115.85,70.55]]],[[[-116.54,70.47],[-116.74,70.51],[-116.81,70.5],[-116.54,70.47]]],[[[-116.32,70.52],[-116.59,70.57],[-116.74,70.56],[-116.32,70.52]]],[[[-116.85,70.55],[-117.3,70.57],[-117.17,70.53],[-116.85,70.55]]],[[[-124.51,70.18],[-124.74,70.17],[-124.7,70.07],[-125.03,70.08],[-125.2,69.99],[-125.22,69.93],[-125.03,70],[-124.79,69.96],[-125.08,69.79],[-125.23,69.84],[-125.26,69.77],[-124.79,69.7],[-124.92,69.65],[-125.06,69.73],[-125.37,69.69],[-125.46,69.6],[-125.26,69.59],[-125.28,69.53],[-125.64,69.42],[-125.25,69.46],[-125.15,69.38],[-124.51,69.31],[-124.71,69.42],[-124.51,69.42],[-124.04,69.68],[-124.5,69.72],[-124.41,69.93],[-124.46,69.98],[-124.35,70.05],[-124.39,70.12],[-124.67,70.15],[-124.51,70.18]]],[[[-125.01,70.16],[-125.15,70.13],[-124.98,70.13],[-125.01,70.16]]],[[[-108.45,72.59],[-108.47,72.64],[-108.59,72.63],[-108.45,72.59]]],[[[-110.34,72.59],[-110.31,72.6],[-110.48,72.61],[-110.34,72.59]]],[[[-109.17,72.81],[-109.38,72.82],[-109.21,72.79],[-109.17,72.81]]],[[[-111.96,72.34],[-111.4,72.48],[-111.18,72.62],[-111.19,72.72],[-112,72.89],[-111.48,72.73],[-111.4,72.64],[-112,72.39],[-111.96,72.34]]],[[[-118.14,72.46],[-118.4,72.54],[-118.53,72.47],[-118.5,72.38],[-118.12,72.34],[-118.08,72.24],[-118.51,72.19],[-118.9,72],[-119.11,71.85],[-119.07,71.67],[-118.9,71.6],[-118.81,71.67],[-118.48,71.66],[-118.31,71.58],[-117.79,71.67],[-117.96,71.61],[-117.66,71.57],[-118.3,71.47],[-118.16,71.38],[-117.51,71.38],[-117.47,71.44],[-117.63,71.47],[-117.55,71.49],[-117.35,71.38],[-115.65,71.56],[-115.35,71.47],[-115.79,71.5],[-116.11,71.43],[-115.7,71.39],[-117.81,71.16],[-118.41,71],[-117.68,70.63],[-117.38,70.58],[-116.12,70.63],[-116.19,70.6],[-116.02,70.57],[-113.95,70.71],[-112.16,70.51],[-111.99,70.38],[-111.47,70.34],[-111.54,70.3],[-111.5,70.27],[-112.18,70.28],[-112.57,70.23],[-112.53,70.2],[-114.55,70.32],[-116.94,70.13],[-117.4,69.99],[-117.22,69.75],[-116.83,69.65],[-116.91,69.6],[-116.85,69.58],[-116.57,69.55],[-116.58,69.45],[-116.49,69.4],[-115.47,69.26],[-114.38,69.29],[-113.38,69.17],[-113.7,69.17],[-113.55,69.02],[-113.66,68.9],[-113.37,68.61],[-113,68.5],[-113.25,68.46],[-111.19,68.52],[-111.4,68.57],[-110.92,68.55],[-109.01,68.73],[-108.52,68.89],[-108.54,68.94],[-107.39,69],[-106.93,69.22],[-106.97,69.35],[-106.74,69.38],[-106.59,69.5],[-106.26,69.31],[-106.39,69.18],[-104.89,69.08],[-105.25,68.96],[-104.74,68.86],[-104.37,68.94],[-103.4,68.79],[-103.13,68.85],[-102.89,68.8],[-102.73,68.91],[-102.53,68.87],[-102.07,69.01],[-101.81,69],[-101.72,69.17],[-101.91,69.28],[-102.21,69.22],[-102.18,69.29],[-102.04,69.26],[-102.07,69.34],[-101.91,69.41],[-102.29,69.51],[-102.82,69.4],[-103.17,69.11],[-103.21,69.2],[-103.01,69.27],[-102.97,69.42],[-103.04,69.54],[-103.12,69.46],[-103.18,69.58],[-103.47,69.63],[-103.45,69.7],[-103.64,69.8],[-104.31,69.92],[-108.46,69.79],[-110.48,69.34],[-111.65,69.2],[-113.29,69.39],[-113.83,69.55],[-114.01,69.69],[-113.89,69.85],[-113.3,69.78],[-113.37,69.95],[-113.22,70],[-112.04,70.08],[-110.06,70.07],[-110.08,70.2],[-110.29,70.34],[-110.85,70.42],[-110.83,70.51],[-111.14,70.67],[-111.97,70.7],[-111.8,70.8],[-112.16,70.9],[-113.35,70.87],[-114.72,71],[-114.02,71.06],[-113,70.99],[-111.34,71.4],[-110.73,71.43],[-110.4,71.62],[-109.96,71.69],[-109.35,71.58],[-109.38,71.65],[-109.17,71.81],[-109.2,72.14],[-108.96,72.37],[-108.55,72.5],[-108.65,72.62],[-108.99,72.58],[-109.06,72.74],[-109.6,72.85],[-109.64,72.93],[-110.41,73],[-110.72,72.96],[-110.48,72.84],[-109.81,72.72],[-109.81,72.66],[-110.11,72.73],[-110.27,72.66],[-110.04,72.65],[-109.78,72.49],[-110.22,72.56],[-109.94,72.46],[-110.31,72.55],[-110.51,72.49],[-110.29,72.42],[-110.67,72.57],[-111.06,72.39],[-111.01,72.28],[-111.34,72.35],[-111.22,72.46],[-111.55,72.36],[-111.39,72.35],[-111.46,72.32],[-111.87,72.33],[-112.36,72.14],[-112.37,72.06],[-114.02,71.52],[-114.81,71.63],[-114.99,71.75],[-115.43,71.84],[-116.38,71.66],[-117.59,71.76],[-117.82,71.93],[-117.81,72.05],[-117.48,72.16],[-117.5,72.27],[-117.84,72.45],[-118.14,72.46]]],[[[-124.08,73.57],[-124.35,73.61],[-124.32,73.56],[-124.08,73.57]]],[[[-124.51,73.69],[-124.7,73.7],[-124.57,73.67],[-124.51,73.69]]],[[[-124.41,73.88],[-124.39,73.91],[-124.53,73.92],[-124.41,73.88]]],[[[-124.03,74.41],[-124.77,74.34],[-124.51,74.25],[-124.19,73.88],[-123.8,73.78],[-124.05,73.66],[-124.06,73.53],[-124.36,73.46],[-124.56,73.24],[-124.86,73.1],[-124.46,72.94],[-125.11,72.88],[-124.95,72.75],[-125.05,72.64],[-124.95,72.57],[-125.32,72.48],[-125.63,72.26],[-125.73,72.01],[-126.01,71.97],[-125.21,71.98],[-124.05,71.7],[-123.62,71.49],[-123.42,71.22],[-123.09,71.08],[-122.79,71.08],[-121.72,71.45],[-121.32,71.38],[-120.55,71.52],[-120.38,71.69],[-120.45,71.74],[-120.44,71.95],[-120.12,72.15],[-120.23,72.27],[-119.78,72.22],[-119.38,72.33],[-119.16,72.6],[-119.97,72.35],[-120.3,72.36],[-120.38,72.24],[-120.72,72.19],[-120.7,72.29],[-120.93,72.48],[-120.22,72.49],[-120.03,72.7],[-120.46,72.79],[-120.58,72.73],[-120.46,72.66],[-120.74,72.69],[-120.79,72.79],[-120.95,72.84],[-120.9,72.88],[-119.7,72.83],[-119.02,73.01],[-119.05,73.1],[-117.41,73.26],[-116.88,73.37],[-116.66,73.54],[-116.04,73.62],[-116.06,73.75],[-116.25,73.79],[-116.29,73.88],[-117.39,74.23],[-118.07,74.28],[-118.61,74.23],[-118.86,74.17],[-118.77,74.12],[-118.93,74.01],[-119.1,74],[-119.02,74.12],[-119.09,74.21],[-119.44,74.23],[-119.77,74.11],[-119.61,74.21],[-121.3,74.54],[-124.03,74.41]]]]}},{"type":"Feature","properties":{"code":"2.2.1","name":"Arctic Coastal Plain"},"geometry":{"type":"MultiPolygon","coordinates":[[[[-143.76,70.13],[-143.67,70.1],[-143.56,70.14],[-143.76,70.13]]],[[[-144.18,70.04],[-144.56,69.99],[-142.89,69.8],[-142.26,69.86],[-142.76,70.05],[-143.22,70.11],[-144.18,70.04]]],[[[-147.19,70.23],[-147.27,70.21],[-147.17,70.21],[-147.19,70.23]]],[[[-160.82,70.38],[-160.85,70.38],[-161.05,70.33],[-160.82,70.38]]],[[[-163.15,69.47],[-163.1,69.68],[-163.15,69.62],[-163.15,69.47]]],[[[-162.84,69.9],[-163.01,69.82],[-163.11,69.69],[-162.84,69.9]]],[[[-161.84,70.32],[-162.99,69.76],[-162.91,69.69],[-163.1,69.42],[-162.24,69.51],[-161.66,69.75],[-159.58,69.73],[-159.4,69.78],[-159.34,69.94],[-158.63,70.03],[-156.8,70.06],[-152.68,69.91],[-152,69.94],[-151.51,70.15],[-149.78,70.18],[-149.68,69.76],[-149.15,69.76],[-148.68,70.05],[-148.42,70.07],[-148.06,70.04],[-147.91,69.95],[-147.94,69.74],[-147.71,69.74],[-147.07,69.97],[-145.41,70.03],[-145.88,70.16],[-147.67,70.21],[-148.1,70.35],[-148.42,70.31],[-148.6,70.4],[-149.49,70.52],[-149.87,70.51],[-150.72,70.33],[-150.42,70.5],[-151.12,70.44],[-151.17,70.37],[-151.87,70.43],[-151.94,70.46],[-151.71,70.55],[-152.56,70.56],[-152.05,70.59],[-152.46,70.64],[-152.48,70.69],[-152.2,70.81],[-152.25,70.84],[-152.7,70.88],[-152.63,70.84],[-152.68,70.81],[-153.17,70.93],[-153.91,70.88],[-154.19,70.77],[-154.58,70.83],[-154.65,70.89],[-154.59,71.01],[-154.87,71.11],[-155.15,71.12],[-155.27,71.07],[-155.18,70.98],[-155.52,70.94],[-155.49,70.87],[-155.26,70.82],[-155.87,70.83],[-155.95,70.75],[-156.01,70.96],[-155.53,71.07],[-155.57,71.17],[-156.06,71.18],[-156.07,71.24],[-156.58,71.34],[-156.36,71.37],[-156.47,71.4],[-157.81,70.87],[-159.33,70.79],[-159.13,70.84],[-159.16,70.88],[-160.1,70.62],[-159.9,70.62],[-159.74,70.5],[-159.48,70.51],[-159.82,70.44],[-159.82,70.27],[-160,70.36],[-159.92,70.47],[-160.04,70.48],[-159.89,70.53],[-159.91,70.59],[-160.16,70.59],[-161.25,70.26],[-161.73,70.22],[-161.89,70.25],[-161.67,70.26],[-161.84,70.32]]],[[[-161.94,70.33],[-161.31,70.3],[-161.85,70.34],[-161.94,70.33]]],[[[-162.36,70.2],[-162.79,69.93],[-162.11,70.28],[-162.36,70.2]]]]}},{"type":"Feature","properties":{"code":"2.2.2","name":"Arctic Foothills"},"geometry":{"type":"MultiPolygon","coordinates":[[[[-136.12,69.01],[-136.03,68.94],[-135.82,68.89],[-136.12,69.01]]],[[[-139.08,69.64],[-139.32,69.55],[-138.85,69.57],[-139.08,69.64]]],[[[-165.66,68.86],[-166.21,68.88],[-166.23,68.57],[-166.34,68.42],[-166.83,68.34],[-166.25,68.32],[-165.96,68.14],[-165.36,68.04],[-164.14,67.62],[-163.86,67.4],[-163.72,67.12],[-162.61,67.01],[-162.45,67.06],[-162.42,66.99],[-162.26,67],[-162.35,67.13],[-162.61,67.16],[-161.62,67.47],[-161.82,67.49],[-161.69,67.57],[-161.71,67.65],[-162.1,67.67],[-162.3,67.76],[-161.44,67.93],[-161.23,67.94],[-160.61,67.75],[-160.45,67.77],[-160.57,67.89],[-159.24,68],[-158.95,67.91],[-158.75,67.66],[-157.86,67.6],[-157.89,67.7],[-157.8,67.82],[-156.77,67.93],[-157.23,68.02],[-157.1,68.08],[-157.12,68.13],[-157.37,68.1],[-158.91,68.43],[-160.02,68.53],[-160.14,68.35],[-159.94,68.07],[-160.22,68.03],[-160.74,68.17],[-160.95,68.15],[-160.96,68.08],[-161.29,68.06],[-161.29,68.38],[-161.43,68.42],[-161.62,68.4],[-161.96,68.15],[-162.2,68.15],[-162.33,68.3],[-162.82,68.14],[-163.04,68.24],[-163.3,68.14],[-163.52,68.16],[-163.87,68.3],[-163.83,68.37],[-163.12,68.54],[-162.82,68.74],[-162.42,68.6],[-162.15,68.61],[-162.15,68.7],[-161.06,68.81],[-160.86,69.01],[-160.35,69.07],[-160.11,69.02],[-160.25,68.94],[-160.22,68.87],[-159.61,68.91],[-159.39,68.82],[-158.14,68.79],[-158.02,68.61],[-157.5,68.69],[-156.63,68.65],[-156.61,68.6],[-156.87,68.53],[-156.86,68.43],[-155.99,68.56],[-154.69,68.55],[-153.81,68.77],[-153.63,68.75],[-153.64,68.57],[-153.03,68.67],[-152.93,68.57],[-152.78,68.56],[-152.62,68.66],[-152.05,68.48],[-151.73,68.66],[-150.68,68.69],[-150.25,68.84],[-150.08,68.78],[-149.95,68.82],[-150.05,68.9],[-149.9,68.96],[-149.01,68.94],[-148.98,68.87],[-148.53,68.81],[-147.36,69.32],[-146.74,69.42],[-146.03,69.67],[-144.63,69.7],[-144.03,69.56],[-142.06,69.46],[-141.44,69.44],[-140.23,69.56],[-139.94,69.46],[-139.83,69.52],[-139.92,69.41],[-139.29,69.2],[-139.02,69.18],[-138.9,69.09],[-138.94,69.04],[-138.48,68.92],[-138.13,68.87],[-138.05,68.95],[-137.86,68.87],[-137.85,68.79],[-137.1,68.71],[-136.44,68.5],[-136.19,68.48],[-136.15,68.57],[-135.91,68.52],[-136.06,68.65],[-135.72,68.63],[-135.87,68.83],[-137.21,68.93],[-138.2,69.17],[-138.37,69.29],[-138.6,69.25],[-139.09,69.48],[-139.87,69.61],[-140.38,69.59],[-141.26,69.69],[-141.2,69.67],[-141.35,69.63],[-142.12,69.85],[-142.89,69.8],[-145.41,70.03],[-147.07,69.97],[-147.71,69.74],[-147.94,69.74],[-147.91,69.95],[-148.42,70.07],[-148.68,70.05],[-149.15,69.76],[-149.46,69.74],[-149.68,69.76],[-149.78,70.18],[-151.51,70.15],[-152,69.94],[-152.68,69.91],[-156.8,70.06],[-158.63,70.03],[-159.34,69.94],[-159.4,69.78],[-159.58,69.73],[-161.66,69.75],[-162.24,69.51],[-163.13,69.42],[-163.93,69],[-165.66,68.86]]]]}},{"type":"Feature","properties":{"code":"2.2.3","name":"Subarctic Coastal Plains"},"geometry":{"type":"MultiPolygon","coordinates":[[[[-161.91,61.89],[-161.66,62.24],[-161.65,62.49],[-161.94,62.47],[-162.5,62.27],[-162.79,62],[-162.33,62.02],[-162.04,61.83],[-161.91,61.89]]],[[[-164.89,60.84],[-165,60.88],[-165.03,60.84],[-164.89,60.84]]],[[[-166.85,60.21],[-167.42,60.2],[-167.11,59.99],[-166.19,59.75],[-166.01,59.87],[-165.58,59.91],[-165.55,59.98],[-165.71,60.06],[-165.67,60.28],[-166.08,60.32],[-166.15,60.42],[-166.49,60.39],[-166.81,60.29],[-166.85,60.21]]],[[[-162.34,63.55],[-162.41,63.64],[-162.71,63.58],[-162.34,63.55]]],[[[-165.98,61.88],[-165.96,61.98],[-166.01,61.89],[-165.98,61.88]]],[[[-165.94,62.03],[-165.96,62.08],[-166.01,62.04],[-165.94,62.03]]],[[[-164.58,63.09],[-164.61,63.11],[-164.64,63.07],[-164.58,63.09]]],[[[-164.32,63.24],[-164.58,63.14],[-164.87,62.79],[-164.79,62.61],[-164.48,62.72],[-164.85,62.57],[-164.79,62.53],[-164.86,62.47],[-165.04,62.54],[-165.26,62.43],[-165.74,62.07],[-165.62,61.85],[-166.09,61.8],[-165.76,61.68],[-166.14,61.64],[-166.14,61.73],[-166.19,61.59],[-166.11,61.5],[-165.93,61.56],[-165.78,61.52],[-165.77,61.45],[-165.92,61.39],[-165.62,61.28],[-165.56,61.09],[-165.35,61.07],[-165.34,61.22],[-165.24,61.15],[-165.1,61.2],[-165.18,61.12],[-165.02,61.06],[-164.82,61.11],[-165.2,60.98],[-165.13,60.92],[-164.13,60.87],[-164.16,60.95],[-163.99,61.05],[-163.94,60.93],[-164.12,60.87],[-163.95,60.85],[-163.74,61],[-163.68,60.99],[-163.75,60.95],[-163.54,60.91],[-163.93,60.86],[-163.37,60.86],[-163.52,60.83],[-163.41,60.7],[-163.63,60.59],[-163.8,60.58],[-163.78,60.75],[-163.92,60.78],[-164.43,60.55],[-164.26,60.68],[-164.27,60.78],[-164.66,60.82],[-164.62,60.9],[-164.83,60.87],[-164.91,60.94],[-164.96,60.9],[-164.86,60.84],[-165.02,60.79],[-164.98,60.71],[-165.41,60.55],[-164.97,60.54],[-165.14,60.45],[-164.85,60.3],[-164.65,60.33],[-164.65,60.25],[-164.42,60.1],[-164.13,59.99],[-164.22,59.95],[-164.11,59.84],[-163.33,59.82],[-162.73,60],[-162.52,59.99],[-162.45,60.19],[-162.57,60.24],[-162.57,60.32],[-162.41,60.39],[-162.25,60.62],[-162.12,60.65],[-162.47,60.3],[-162.33,60.13],[-162.27,60.2],[-162.21,60.16],[-162.23,60.06],[-162.04,59.85],[-161.95,60.03],[-161.81,60.05],[-161.84,60.13],[-161.68,60.17],[-161.77,60.28],[-161.69,60.32],[-161.73,60.46],[-161.45,60.54],[-161.41,60.71],[-161.09,60.7],[-161.05,60.81],[-160.85,60.91],[-160.91,61.08],[-160.07,61.37],[-159.53,61.35],[-159.5,61.42],[-159.74,61.49],[-160.29,61.45],[-160.94,61.14],[-161.06,61.14],[-161,61.45],[-160.52,61.55],[-160.38,61.66],[-160.32,61.85],[-162.02,61.42],[-162.73,61.77],[-162.82,61.95],[-163.07,61.91],[-163.41,62.05],[-163.05,62.38],[-163.15,62.77],[-162.71,63.07],[-162.42,63.22],[-161.23,63.16],[-161.19,63.3],[-160.98,63.28],[-160.85,63.38],[-160.73,63.51],[-160.78,63.59],[-161,63.62],[-161.3,63.48],[-162.12,63.43],[-162.01,63.49],[-162.31,63.54],[-162.28,63.49],[-162.61,63.26],[-163.1,63.05],[-163.33,63.03],[-163.75,63.22],[-164.32,63.24]]],[[[-161.27,64.97],[-161.48,64.95],[-161.33,64.83],[-161.15,64.92],[-160.92,64.83],[-160.78,64.72],[-160.79,64.63],[-161.04,64.5],[-161.39,64.54],[-161.48,64.44],[-161.25,64.41],[-161.01,64.26],[-160.49,64.95],[-160.81,65.17],[-160.98,65.19],[-161.27,64.97]]],[[[-161.78,66.51],[-162.06,66.65],[-162.01,66.79],[-162.32,66.95],[-162.62,66.88],[-162.49,66.74],[-162.22,66.71],[-161.9,66.53],[-161.91,66.27],[-161.83,66.28],[-161.9,66.36],[-161.54,66.4],[-160.91,66.23],[-160.07,66.37],[-158.81,66.28],[-157.2,66.53],[-157.82,66.57],[-157.36,66.64],[-157.39,66.7],[-158.15,66.73],[-156.94,66.84],[-157.91,67.08],[-158.12,67.03],[-158.15,66.93],[-158.75,66.86],[-159.78,66.79],[-160.18,66.86],[-160.82,66.74],[-161.09,66.77],[-161.2,66.98],[-161.39,67.03],[-161.59,67],[-161.48,66.95],[-161.71,66.94],[-161.88,66.72],[-161.47,66.53],[-161.22,66.55],[-161.11,66.64],[-160.51,66.58],[-160.29,66.63],[-160.22,66.41],[-160.76,66.37],[-161.17,66.54],[-161.55,66.45],[-161.78,66.51]]],[[[-172.98,60.58],[-173.05,60.51],[-172.72,60.36],[-172.21,60.31],[-172.75,60.45],[-172.91,60.61],[-172.98,60.58]]],[[[-173.03,60.63],[-173.06,60.7],[-173.11,60.66],[-173.03,60.63]]],[[[-169.91,63.46],[-170.45,63.35],[-170.24,63.28],[-170.27,63.19],[-170.04,63.17],[-169.77,63.01],[-169.95,63.14],[-169.77,63.08],[-169.71,63.03],[-169.76,62.96],[-169.64,62.94],[-169.37,63.15],[-168.85,63.15],[-168.69,63.29],[-169.91,63.46]]],[[[-170.28,63.22],[-170.35,63.29],[-170.49,63.34],[-170.28,63.22]]],[[[-167.15,65.95],[-167.24,65.91],[-165.79,66.33],[-164.74,66.54],[-165.82,66.33],[-167.15,65.95]]],[[[-167.84,65.74],[-167.69,65.73],[-167.54,65.82],[-167.84,65.74]]],[[[-168,65.72],[-168.11,65.67],[-168.09,65.61],[-166.98,65.78],[-166.2,66.02],[-165.22,65.93],[-163.7,66.03],[-163.64,66.06],[-163.89,66.2],[-164.1,66.2],[-163.83,66.28],[-163.86,66.4],[-163.72,66.52],[-163.86,66.58],[-163.61,66.56],[-164.38,66.59],[-164.71,66.54],[-165.01,66.4],[-165.44,66.41],[-165.87,66.23],[-165.53,66.15],[-165.59,66.13],[-166.05,66.11],[-166.24,66.17],[-166.97,65.97],[-166.87,65.93],[-167.04,65.87],[-167.45,65.85],[-167.57,65.8],[-167.48,65.76],[-167.54,65.72],[-168.05,65.64],[-167.82,65.76],[-168,65.72]]],[[[-168.99,65.77],[-169.01,65.8],[-169.05,65.78],[-168.99,65.77]]],[[[-169.15,65.76],[-169.11,65.81],[-169.18,65.82],[-169.23,65.76],[-169.15,65.76]]]]}},{"type":"Feature","properties":{"code":"2.2.4","name":"Seward Peninsula"},"geometry":{"type":"MultiPolygon","coordinates":[[[[-164.43,64.55],[-164.73,64.48],[-164.42,64.55],[-164.43,64.55]]],[[[-168.02,64.99],[-168.12,64.97],[-168.02,64.97],[-168.02,64.99]]],[[[-164.66,66.01],[-165.22,65.93],[-166.2,66.02],[-166.98,65.78],[-168.09,65.61],[-167.43,65.41],[-166.16,65.28],[-165.84,65.13],[-165.84,65.19],[-165.38,65.16],[-165.64,65.05],[-166.04,65.23],[-166.39,65.25],[-166.71,65.11],[-166.93,65.17],[-166.84,65.28],[-166.92,65.24],[-166.95,65.16],[-166.41,64.88],[-166.47,64.73],[-166.22,64.59],[-165,64.44],[-164.42,64.55],[-163.63,64.57],[-163.14,64.4],[-163.03,64.53],[-163.36,64.59],[-163.13,64.65],[-162.85,64.5],[-162.86,64.68],[-163.69,64.71],[-163.89,64.79],[-163.85,64.92],[-163.68,65.01],[-163.35,65.02],[-162.74,64.87],[-162.75,64.79],[-162.6,64.76],[-162.31,64.84],[-162.28,65.02],[-162.17,65.13],[-161.25,65.16],[-161.12,65.28],[-161.15,65.61],[-160.7,65.68],[-160.54,65.6],[-160.09,65.63],[-160.11,65.82],[-159.57,65.73],[-159.49,65.7],[-159.56,65.65],[-159.35,65.61],[-159.12,65.93],[-159.13,66.04],[-159.48,66.29],[-160.07,66.37],[-160.99,66.24],[-161.09,66.11],[-161.17,66.12],[-161.07,66.23],[-161.5,66.26],[-161.81,65.97],[-162.01,66.06],[-162.74,66.1],[-164.66,66.01]]],[[[-171.64,63.72],[-171.74,63.78],[-171.84,63.49],[-171.56,63.32],[-171.06,63.42],[-170.49,63.34],[-171.1,63.43],[-170.59,63.44],[-170.45,63.35],[-169.99,63.47],[-170.29,63.69],[-170.91,63.57],[-171.5,63.6],[-171.38,63.63],[-171.64,63.72]]]]}},{"type":"Feature","properties":{"code":"2.2.5","name":"Bristol Bay-Nushagak Lowlands"},"geometry":{"type":"MultiPolygon","coordinates":[[[[-162.82,55.38],[-162.87,55.35],[-162.7,55.41],[-162.82,55.38]]],[[[-163.38,55.09],[-163.43,55.06],[-163.31,55.11],[-163.29,54.99],[-163.18,55.02],[-163.19,55.14],[-163.01,55.08],[-162.6,55.16],[-162.72,55.22],[-162.67,55.29],[-162.57,55.3],[-162.49,55.2],[-162.24,55.44],[-161.91,55.55],[-161.86,55.72],[-161.5,55.69],[-160.96,55.84],[-161.02,55.91],[-160.86,55.99],[-161.36,55.96],[-161.13,56.02],[-161.81,55.89],[-162.26,55.68],[-162.52,55.47],[-162.52,55.36],[-162.89,55.27],[-162.87,55.19],[-163.38,55.09]]],[[[-163.13,55.4],[-163.14,55.44],[-163.18,55.43],[-163.13,55.4]]],[[[-164.35,54.9],[-164.55,54.89],[-164.73,54.65],[-163.95,54.9],[-163.42,54.95],[-163.54,55.03],[-163.46,55.04],[-163.78,55.06],[-164.35,54.9]]],[[[-157.79,60.1],[-158.81,59.56],[-158.83,59.46],[-158.47,59.4],[-158.52,59.23],[-158.75,59.15],[-158.72,59.05],[-159.03,59.07],[-159.08,58.95],[-159.27,59.02],[-159.53,58.83],[-159.06,58.42],[-158.88,58.39],[-158.73,58.47],[-158.9,58.8],[-158.82,58.81],[-158.89,58.77],[-158.82,58.73],[-158.77,58.87],[-158.42,59.08],[-158.04,58.95],[-158.02,58.89],[-158.15,59.01],[-158.37,59.04],[-158.49,59],[-158.56,58.85],[-158.16,58.61],[-157.12,58.87],[-156.86,59.06],[-157.07,58.73],[-157.54,58.39],[-157.51,58.25],[-157.25,58.2],[-157.59,58.12],[-157.72,57.65],[-157.61,57.62],[-157.6,57.5],[-157.74,57.57],[-158.42,57.25],[-158.69,57.01],[-158.64,56.79],[-158.98,56.83],[-160.15,56.4],[-160.38,56.25],[-160.58,55.92],[-160.11,56.09],[-159.67,56.14],[-159.55,56.32],[-158.9,56.33],[-158.77,56.39],[-158.9,56.56],[-158.35,56.62],[-158.4,56.81],[-158.35,56.91],[-157.34,57.18],[-156.65,57.58],[-156.19,57.63],[-155.58,57.84],[-155.45,58.02],[-155.97,57.93],[-156.03,57.98],[-155.97,58.09],[-155.65,58.2],[-156.02,58.28],[-156,58.38],[-155.58,58.47],[-155.5,58.55],[-155.08,58.43],[-155.04,58.49],[-154.77,58.52],[-154.76,58.66],[-155.48,58.76],[-155.34,58.97],[-155.59,59.04],[-154.87,59.21],[-154.9,59.34],[-154.65,59.49],[-154.63,59.58],[-154.23,59.71],[-154.28,59.79],[-155.61,59.72],[-155.63,59.85],[-155.81,59.96],[-155.48,60.18],[-155.5,60.28],[-155.62,60.39],[-155.85,60.42],[-156.17,60.22],[-156.74,60.4],[-156.93,60.37],[-157.11,60.23],[-157.51,60.22],[-157.6,60.11],[-157.79,60.1]]]]}},{"type":"Feature","properties":{"code":"2.2.6","name":"Aleution Islands"},"geometry":{"type":"MultiPolygon","coordinates":[[[[-164.92,54.11],[-165.21,54.11],[-165.04,54.07],[-164.92,54.11]]],[[[-165.23,54.07],[-165.27,54.1],[-165.48,54.08],[-165.23,54.07]]],[[[-165.48,54.05],[-165.51,54.07],[-165.57,54.04],[-165.48,54.05]]],[[[-165.51,54.3],[-165.67,54.27],[-165.6,54.12],[-165.47,54.18],[-165.55,54.24],[-165.51,54.3]]],[[[-166.07,53.97],[-166.19,53.99],[-166.18,53.96],[-166.07,53.97]]],[[[-165.76,54.17],[-165.97,54.22],[-166.1,54.12],[-166.04,54.05],[-165.66,54.12],[-165.79,54.13],[-165.76,54.17]]],[[[-166.6,54],[-166.89,53.99],[-167.15,53.86],[-166.76,53.72],[-166.83,53.71],[-166.79,53.65],[-167.04,53.71],[-167.01,53.63],[-167.16,53.61],[-167.06,53.52],[-167.84,53.31],[-167.49,53.28],[-167.04,53.45],[-166.75,53.45],[-166.53,53.64],[-166.11,53.78],[-166.11,53.86],[-166.57,53.72],[-166.21,53.93],[-166.37,54.01],[-166.45,53.9],[-166.62,53.87],[-166.6,54]]],[[[-168.65,53.23],[-168.79,53.15],[-168.76,53.08],[-168.86,52.95],[-169.11,52.83],[-168.45,53.06],[-168.27,53.24],[-167.84,53.39],[-167.78,53.51],[-168,53.57],[-168.24,53.52],[-168.4,53.42],[-168.35,53.26],[-168.65,53.23]]],[[[-169.66,53.01],[-169.74,53.03],[-169.76,52.97],[-169.66,53.01]]],[[[-169.68,52.83],[-169.78,52.9],[-170.01,52.83],[-169.68,52.83]]],[[[-170.05,52.76],[-170.16,52.79],[-170.18,52.75],[-170.05,52.76]]],[[[-170,52.89],[-170.06,52.93],[-170.12,52.9],[-170,52.89]]],[[[-170.75,52.65],[-170.83,52.57],[-170.56,52.67],[-170.75,52.65]]],[[[-171.2,52.47],[-171.24,52.53],[-171.31,52.49],[-171.2,52.47]]],[[[-172.29,52.35],[-172.44,52.39],[-172.62,52.27],[-172.29,52.35]]],[[[-173.51,52.14],[-174.04,52.13],[-173.47,52.03],[-172.98,52.1],[-173.51,52.14]]],[[[-174.95,52.07],[-175.28,52.03],[-174.09,52.11],[-174.18,52.23],[-174.05,52.23],[-173.98,52.32],[-174.15,52.43],[-174.26,52.41],[-174.44,52.32],[-174.22,52.28],[-174.26,52.23],[-174.95,52.07]]],[[[-175.71,51.98],[-175.71,51.94],[-175.64,51.97],[-175.71,51.98]]],[[[-175.77,51.93],[-175.79,51.96],[-175.86,51.95],[-175.77,51.93]]],[[[-175.79,51.99],[-175.94,51.98],[-175.86,51.97],[-175.79,51.99]]],[[[-175.98,51.91],[-176.1,51.89],[-175.95,51.85],[-175.98,51.91]]],[[[-176.12,51.85],[-176.22,51.83],[-175.98,51.81],[-176.12,51.85]]],[[[-176.25,51.78],[-176.27,51.87],[-176.41,51.86],[-176.38,51.74],[-176.25,51.78]]],[[[-176.01,51.99],[-176.05,52.11],[-176.19,52.08],[-176.17,52],[-176.01,51.99]]],[[[-176.68,51.96],[-176.79,51.93],[-176.7,51.79],[-176.89,51.81],[-176.83,51.75],[-176.97,51.61],[-176.83,51.71],[-176.78,51.61],[-176.42,51.77],[-176.42,51.85],[-176.62,51.87],[-176.55,52],[-176.68,51.96]]],[[[-177.41,51.92],[-177.46,51.91],[-177.41,51.9],[-177.41,51.92]]],[[[-177.61,51.74],[-177.66,51.67],[-177.14,51.71],[-177.03,51.91],[-177.17,51.95],[-177.23,51.8],[-177.61,51.74]]],[[[-177.92,51.92],[-178.21,51.88],[-177.94,51.77],[-178.1,51.68],[-177.9,51.6],[-177.8,51.79],[-177.61,51.86],[-177.83,51.84],[-177.92,51.92]]],[[[-178.6,51.61],[-178.67,51.61],[-178.62,51.59],[-178.6,51.61]]],[[[-178.91,51.38],[-178.98,51.39],[-178.98,51.31],[-178.91,51.38]]],[[[-179.06,51.25],[-179.13,51.28],[-179.11,51.22],[-179.06,51.25]]],[[[-178.72,51.55],[-178.84,51.58],[-178.8,51.55],[-178.72,51.55]]],[[[-178.72,51.79],[-178.8,51.84],[-178.85,51.8],[-178.72,51.79]]]]}},{"type":"Feature","properties":{"code":"2.3.1","name":"Brooks Range/Richardson Mountains"},"geometry":{"type":"Polygon","coordinates":[[[-163.12,68.54],[-163.83,68.37],[-163.87,68.3],[-163.3,68.14],[-163.04,68.24],[-162.82,68.14],[-162.33,68.3],[-162.2,68.15],[-161.96,68.15],[-161.62,68.4],[-161.43,68.42],[-161.29,68.38],[-161.29,68.06],[-160.96,68.08],[-160.95,68.15],[-160.74,68.17],[-160.22,68.03],[-159.94,68.07],[-160.14,68.35],[-160.02,68.53],[-158.91,68.43],[-157.37,68.1],[-157.12,68.13],[-157.1,68.08],[-157.23,68.02],[-156.77,67.93],[-157.8,67.82],[-157.89,67.7],[-157.86,67.6],[-158.75,67.66],[-158.95,67.91],[-159.24,68],[-160.57,67.89],[-160.45,67.77],[-160.61,67.75],[-161.23,67.94],[-162.3,67.76],[-162.1,67.67],[-161.71,67.65],[-161.79,67.44],[-160.97,67.49],[-160.71,67.37],[-160.35,67.44],[-160.29,67.41],[-160.39,67.33],[-160.35,67.24],[-160,67.15],[-160.04,67.49],[-159.91,67.7],[-159.81,67.69],[-159.71,67.45],[-158.01,67.38],[-155.16,67.02],[-152.73,67.18],[-150.24,67.18],[-149.05,67.33],[-148.25,67.32],[-147.15,67.66],[-146.52,67.7],[-146.61,67.83],[-145.97,68],[-145.81,67.89],[-145.41,67.89],[-145.22,68.06],[-144.96,68.1],[-143.92,68.05],[-143.76,68.1],[-143.88,68.18],[-143.93,68.31],[-141.95,68.37],[-141.57,68.66],[-141,68.73],[-140.79,68.59],[-140.42,68.71],[-140.39,68.79],[-140.16,68.81],[-139.61,68.66],[-139.37,68.67],[-139.29,68.63],[-139.72,68.48],[-139.3,68.35],[-138.89,68.41],[-139.15,68.48],[-138.78,68.47],[-138.29,68.42],[-138.08,68.26],[-137.91,68.29],[-138.37,67.96],[-137.95,67.93],[-137.47,68.05],[-137.51,67.69],[-137.65,67.53],[-137.28,67.59],[-137.3,67.5],[-137.01,67.42],[-136.79,67.49],[-136.85,67.43],[-136.77,67.36],[-137.01,67.27],[-136.86,67.11],[-136.64,67.18],[-136.53,67.12],[-136.65,66.98],[-136.27,66.7],[-136.22,66.57],[-136.34,66.36],[-136.1,65.96],[-135.33,65.85],[-135,65.95],[-135.47,66.3],[-135.84,66.73],[-135.88,66.9],[-135.81,66.91],[-135.88,67],[-135.78,67.19],[-136.02,67.35],[-136.04,67.47],[-135.95,67.7],[-135.61,67.93],[-135.63,68.12],[-135.54,68.19],[-135.68,68.17],[-135.53,68.21],[-135.72,68.26],[-135.64,68.32],[-135.9,68.46],[-135.87,68.53],[-136.15,68.57],[-136.19,68.48],[-136.44,68.5],[-137.1,68.71],[-137.85,68.79],[-137.86,68.87],[-138.05,68.95],[-138.16,68.87],[-138.63,68.96],[-138.94,69.04],[-138.9,69.09],[-139.02,69.18],[-139.29,69.2],[-139.92,69.41],[-139.83,69.52],[-139.94,69.46],[-140.19,69.56],[-141.44,69.44],[-144.03,69.56],[-144.63,69.7],[-146.03,69.67],[-146.74,69.42],[-147.36,69.32],[-148.53,68.81],[-148.98,68.87],[-149.01,68.94],[-149.9,68.96],[-150.05,68.9],[-149.95,68.82],[-150.08,68.78],[-150.25,68.84],[-150.68,68.69],[-151.73,68.66],[-152.05,68.48],[-152.62,68.66],[-152.78,68.56],[-152.93,68.57],[-153.03,68.67],[-153.64,68.57],[-153.63,68.75],[-153.81,68.77],[-154.69,68.55],[-155.99,68.56],[-156.86,68.43],[-156.87,68.53],[-156.61,68.6],[-156.63,68.65],[-157.5,68.69],[-158.02,68.61],[-158.14,68.79],[-159.39,68.82],[-159.61,68.91],[-160.22,68.87],[-160.25,68.94],[-160.11,69.02],[-160.35,69.07],[-160.86,69.01],[-161.06,68.81],[-162.15,68.7],[-162.15,68.61],[-162.42,68.6],[-162.82,68.74],[-163.12,68.54]]]}},{"type":"Feature","properties":{"code":"2.4.1","name":"Amundsen Plains"},"geometry":{"type":"MultiPolygon","coordinates":[[[[-107.99,66.91],[-108.11,67.03],[-108.03,66.9],[-107.99,66.91]]],[[[-107.32,67.09],[-107.63,67.21],[-107.49,67.08],[-107.32,67.09]]],[[[-107.89,67.31],[-107.89,67.5],[-108.04,67.45],[-107.89,67.31]]],[[[-107.55,67.46],[-107.63,67.54],[-107.57,67.5],[-107.62,67.4],[-107.55,67.46]]],[[[-108.29,67.49],[-108.33,67.57],[-108.49,67.57],[-108.41,67.48],[-108.29,67.49]]],[[[-107.92,67.61],[-108.09,67.68],[-108.12,67.53],[-108.06,67.47],[-108.03,67.54],[-107.89,67.55],[-107.92,67.61]]],[[[-107.98,67.8],[-107.96,67.83],[-108,67.8],[-107.98,67.8]]],[[[-109.07,67.77],[-109.03,67.79],[-109.19,67.79],[-109.07,67.77]]],[[[-109.02,67.83],[-108.99,67.85],[-109.14,67.9],[-109.02,67.83]]],[[[-108.43,67.9],[-108.57,67.92],[-108.34,67.91],[-108.43,67.9]]],[[[-108.08,67.88],[-108.02,67.97],[-108.23,67.93],[-108.08,67.88]]],[[[-109.05,67.95],[-109.17,67.99],[-108.86,67.88],[-108.87,67.97],[-109.05,67.95]]],[[[-107.12,68.09],[-107.68,68.05],[-107.75,67.99],[-107.66,67.92],[-107.86,67.85],[-107.52,67.94],[-107.09,67.92],[-107.08,68.03],[-106.86,68.05],[-106.96,68.12],[-107.12,68.09]]],[[[-107.76,67.97],[-107.81,68.02],[-107.67,68.07],[-107.86,68.1],[-107.9,68],[-107.76,67.97]]],[[[-110.89,67.9],[-110.78,67.96],[-111.09,67.87],[-110.89,67.9]]],[[[-108.35,68.05],[-108.29,68.1],[-108.4,68.07],[-108.35,68.05]]],[[[-109.36,68.06],[-109.53,68.07],[-109.3,67.98],[-109.27,68.05],[-109.36,68.06]]],[[[-113.72,67.84],[-113.76,67.86],[-113.91,67.83],[-113.72,67.84]]],[[[-107.27,68.21],[-107.42,68.2],[-107.39,68.18],[-107.27,68.21]]],[[[-114.23,67.82],[-114.33,67.81],[-114.25,67.79],[-114.23,67.82]]],[[[-112.97,67.92],[-113.19,67.93],[-112.85,67.93],[-112.97,67.92]]],[[[-113.23,67.93],[-113.59,67.91],[-113.21,67.92],[-113.23,67.93]]],[[[-113.77,67.89],[-113.88,67.89],[-113.8,67.87],[-113.77,67.89]]],[[[-109.88,68.1],[-109.84,68.15],[-110.45,68.02],[-109.88,68.1]]],[[[-113.67,67.92],[-113.72,67.92],[-113.59,67.9],[-113.67,67.92]]],[[[-114.14,67.89],[-114.28,67.9],[-113.9,67.88],[-114.14,67.89]]],[[[-106.42,68.28],[-106.38,68.35],[-106.45,68.31],[-106.42,68.28]]],[[[-113.72,67.97],[-113.7,67.98],[-114,67.97],[-113.72,67.97]]],[[[-109.54,68.24],[-109.81,68.16],[-109.72,68.15],[-109.54,68.24]]],[[[-114.2,67.96],[-114.28,67.95],[-114.1,67.97],[-114.2,67.96]]],[[[-106.8,68.34],[-106.91,68.37],[-106.96,68.33],[-106.8,68.34]]],[[[-114.62,67.92],[-114.74,67.93],[-114.69,67.91],[-114.62,67.92]]],[[[-106.06,68.46],[-106.25,68.44],[-106.09,68.44],[-106.06,68.46]]],[[[-112.09,68.17],[-112.13,68.19],[-112.2,68.18],[-112.09,68.17]]],[[[-112.79,68.15],[-112.89,68.16],[-112.73,68.15],[-112.79,68.15]]],[[[-106,68.53],[-105.91,68.57],[-106.03,68.53],[-106,68.53]]],[[[-105.12,68.54],[-105.17,68.6],[-105.29,68.59],[-105.12,68.54]]],[[[-111.78,68.19],[-111.5,68.34],[-111.67,68.33],[-111.88,68.18],[-111.78,68.19]]],[[[-113.25,68.25],[-113.36,68.24],[-113.31,68.22],[-113.25,68.25]]],[[[-105.34,68.65],[-105.43,68.67],[-105.35,68.63],[-105.34,68.65]]],[[[-105.96,68.85],[-106.4,68.83],[-107.6,68.55],[-107.44,68.41],[-107.47,68.34],[-107.23,68.26],[-106.78,68.41],[-106.51,68.32],[-106.45,68.41],[-106.61,68.47],[-106.46,68.47],[-106.55,68.5],[-106.5,68.53],[-105.9,68.64],[-105.69,68.6],[-105.76,68.55],[-105.68,68.49],[-105.27,68.46],[-105.58,68.75],[-105.96,68.85]]],[[[-130.74,69.54],[-130.65,69.59],[-130.78,69.62],[-130.74,69.54]]],[[[-136.01,69.01],[-136.12,69.01],[-135.66,68.9],[-136.01,69.01]]],[[[-133.55,69.49],[-133.59,69.52],[-133.64,69.49],[-133.55,69.49]]],[[[-136.1,69.09],[-136.27,69.14],[-136.18,69.1],[-136.1,69.09]]],[[[-133.81,69.57],[-133.88,69.61],[-134.02,69.56],[-133.81,69.57]]],[[[-136.1,69.15],[-136.27,69.18],[-136.19,69.15],[-136.1,69.15]]],[[[-134.12,69.6],[-134.17,69.59],[-134,69.61],[-134.12,69.6]]],[[[-128.09,70.58],[-128.28,70.64],[-128.35,70.52],[-128.09,70.58]]],[[[-135.51,69.4],[-135.59,69.39],[-135.26,69.34],[-135.51,69.4]]],[[[-134.24,69.58],[-134.18,69.65],[-134.5,69.71],[-134.42,69.63],[-134.61,69.49],[-134.44,69.5],[-134.46,69.44],[-135.15,69.47],[-135.31,69.41],[-135.22,69.26],[-135.56,69.34],[-135.6,69.25],[-135.86,69.29],[-135.69,69.16],[-135.91,69.25],[-136,69.19],[-135.94,69.08],[-135.59,69.01],[-135.81,68.98],[-135.64,68.91],[-135.51,68.9],[-135.46,69.04],[-135.4,69.02],[-135.54,68.84],[-134.61,69],[-133.84,68.53],[-133.66,68.31],[-133.51,68.29],[-133.24,68.28],[-133.18,68.41],[-132.89,68.46],[-132.7,68.36],[-132.79,68.26],[-132.36,68.31],[-132.16,68.26],[-132.01,68.4],[-131.56,68.46],[-131.64,68.51],[-131.06,68.56],[-130.75,68.69],[-130.07,68.81],[-129.65,68.68],[-129.59,68.56],[-128.83,68.41],[-128.47,68.16],[-128.22,68.11],[-127.74,68.16],[-127.49,67.99],[-126.43,67.92],[-125.94,67.96],[-125.69,67.9],[-125.03,67.98],[-124.85,67.91],[-124.74,67.69],[-124.36,67.57],[-124.26,67.43],[-124.32,67.32],[-124.52,67.29],[-124.87,67.37],[-124.95,67.29],[-124.89,67.19],[-124.93,67],[-124.07,66.68],[-123.47,66.75],[-123.1,66.57],[-122.2,66.61],[-121.54,66.75],[-121.4,66.94],[-120.38,67.07],[-119.34,67.03],[-119.29,67.02],[-119.37,66.96],[-118.78,66.92],[-118.73,67.18],[-118.8,67.32],[-118.49,67.39],[-118.09,67.24],[-117.98,67.13],[-117.79,67.14],[-117.62,66.94],[-117.31,66.84],[-117.09,66.98],[-116.8,67.01],[-116.17,66.77],[-115.84,66.82],[-115.11,66.68],[-113.96,66.08],[-113.8,65.86],[-113.07,65.44],[-113.26,65.13],[-113.15,65],[-112.65,64.99],[-112.71,64.74],[-112.35,64.57],[-112.3,64.47],[-112.37,64.28],[-112.17,64.23],[-111.7,64.36],[-111.36,64.15],[-110.9,64.16],[-110.46,64.04],[-109.98,64.25],[-109.75,64.2],[-109.46,63.98],[-109.55,63.83],[-109.85,63.68],[-109.82,63.62],[-109.18,63.69],[-108.56,64.04],[-108.03,64.05],[-107.63,63.95],[-107.64,63.86],[-107.46,63.81],[-107.24,63.82],[-106.98,63.95],[-107.23,63.89],[-107.16,63.99],[-106.53,64.33],[-106.73,64.39],[-106.7,64.45],[-106.84,64.36],[-107.17,64.42],[-107.81,64.67],[-107.49,64.72],[-106.55,65.19],[-106.75,65.36],[-106.41,65.26],[-106.1,65.38],[-105.87,65.2],[-105.53,65.42],[-105.82,65.62],[-106.26,65.66],[-106.6,65.83],[-106.74,66.04],[-106.98,66.13],[-107.16,66.37],[-107.68,66.6],[-107.79,66.73],[-107.87,66.68],[-108.13,66.96],[-108.5,67.03],[-108.61,67.15],[-108.17,67.01],[-108.14,67.08],[-107.85,67.04],[-107.96,67.28],[-108.37,67.45],[-108.47,67.35],[-108.56,67.6],[-108.65,67.64],[-108.83,67.36],[-108.99,67.46],[-108.94,67.55],[-109.03,67.73],[-109.4,67.78],[-109.64,67.71],[-109.79,67.87],[-110.11,68.01],[-111.04,67.77],[-111.2,67.84],[-111.47,67.74],[-111.91,67.76],[-111.87,67.68],[-112.09,67.74],[-112.67,67.67],[-113.74,67.69],[-115,67.8],[-115.55,67.92],[-115.15,68],[-115.22,68.04],[-115.15,68.19],[-114.86,68.15],[-114.73,68.18],[-114.81,68.25],[-114.29,68.26],[-114.87,68.29],[-115.44,68.53],[-116.01,68.53],[-116.02,68.62],[-115.89,68.67],[-114.99,68.59],[-115.95,68.88],[-116.12,68.9],[-115.93,68.82],[-116,68.81],[-118,69.02],[-118.7,69.24],[-120.32,69.41],[-121.41,69.77],[-122.95,69.83],[-123.11,69.77],[-123.17,69.53],[-123.69,69.34],[-123.99,69.39],[-124.3,69.34],[-124.65,69.43],[-124.71,69.42],[-124.51,69.32],[-125.38,69.39],[-125.55,69.33],[-126.27,69.52],[-126.69,69.74],[-126.82,69.89],[-126.8,69.96],[-127.23,70.28],[-128.02,70.57],[-128.16,70.49],[-128.2,70.35],[-127.53,70.22],[-128.09,70.16],[-127.88,70.07],[-128.33,70.13],[-128.39,70.07],[-128.32,69.94],[-128.97,69.73],[-128.93,69.66],[-129.14,69.69],[-129.17,69.82],[-128.97,69.86],[-128.9,69.96],[-129.12,69.85],[-130.34,69.68],[-130.76,69.42],[-130.62,69.43],[-130.88,69.33],[-130.97,69.12],[-131.04,69.13],[-130.9,69.36],[-131,69.53],[-131.06,69.4],[-131.12,69.61],[-130.93,69.54],[-130.76,69.66],[-129.52,70],[-129.37,70.1],[-129.67,70.25],[-129.9,70.08],[-130.94,70.09],[-131.1,69.88],[-131.37,69.97],[-132.15,69.68],[-132.37,69.74],[-132.3,69.76],[-132.56,69.73],[-132.66,69.65],[-132.98,69.63],[-132.99,69.46],[-133.11,69.41],[-133.66,69.38],[-134.07,69.25],[-134.2,69.26],[-133.85,69.43],[-133.78,69.57],[-133.95,69.5],[-134.24,69.58]]],[[[-135.58,69.45],[-135.76,69.51],[-135.82,69.5],[-135.58,69.45]]],[[[-134.36,69.79],[-134.4,69.78],[-134.28,69.78],[-134.36,69.79]]],[[[-134.8,69.7],[-134.97,69.68],[-134.73,69.69],[-134.8,69.7]]],[[[-135.47,69.57],[-135.41,69.63],[-135.6,69.58],[-135.47,69.57]]]]}},{"type":"Feature","properties":{"code":"2.4.2","name":"Aberdeen Plains"},"geometry":{"type":"MultiPolygon","coordinates":[[[[-94.8,59.06],[-95,59.05],[-94.81,59.02],[-94.8,59.06]]],[[[-94.67,60.49],[-94.72,60.52],[-94.78,60.5],[-94.67,60.49]]],[[[-93.79,61.49],[-93.88,61.49],[-93.77,61.45],[-93.79,61.49]]],[[[-92.99,61.88],[-93.28,61.91],[-93.06,61.83],[-92.99,61.88]]],[[[-92.64,62.03],[-92.72,62.07],[-92.7,62.04],[-92.64,62.03]]],[[[-91.65,62.66],[-91.68,62.65],[-91.57,62.61],[-91.65,62.66]]],[[[-91.14,62.69],[-91.28,62.69],[-91.02,62.67],[-91.14,62.69]]],[[[-79.46,62.35],[-79.61,62.41],[-79.96,62.36],[-80.22,62.15],[-80.26,61.86],[-79.86,61.58],[-79.69,61.61],[-79.27,62.24],[-79.46,62.35]]],[[[-82.74,62.98],[-82.62,63.04],[-82.76,62.97],[-82.74,62.98]]],[[[-82.17,62.98],[-83.05,62.85],[-83.35,62.93],[-83.57,62.84],[-83.59,62.69],[-83.95,62.42],[-83.74,62.29],[-83.73,62.14],[-83.39,62.26],[-83.12,62.18],[-81.97,62.71],[-81.88,62.91],[-82.17,62.98]]],[[[-83.64,63.22],[-83.61,63.22],[-83.68,63.22],[-83.64,63.22]]],[[[-81.03,63.81],[-81.15,63.93],[-81.39,64.01],[-81.9,63.88],[-81.99,63.78],[-81.92,63.71],[-82.02,63.65],[-81.02,63.44],[-80.5,63.69],[-81.03,63.81]]],[[[-85.46,65.8],[-85.48,65.92],[-85.59,65.91],[-85.95,65.75],[-86.06,65.58],[-86.14,65.38],[-86.08,65.36],[-86.15,65.29],[-86.12,65.1],[-86.2,65.01],[-86.12,64.92],[-86.39,64.59],[-86.35,64.31],[-86.18,64.09],[-86.94,63.89],[-87.21,63.71],[-87.17,63.58],[-86.87,63.56],[-86.6,63.66],[-85.71,63.73],[-85.6,63.64],[-85.66,63.39],[-85.62,63.19],[-85.46,63.1],[-85.22,63.11],[-84.53,63.33],[-84.28,63.61],[-84.09,63.59],[-83.76,63.77],[-83.61,63.77],[-83.67,64],[-83.53,64.1],[-83.02,64.18],[-82.94,64.13],[-83.15,63.98],[-83.07,63.94],[-82.42,63.92],[-82.13,64.08],[-82.68,64.19],[-83.13,64.41],[-83.36,64.28],[-83.39,64.43],[-83.52,64.48],[-83.61,64.43],[-83.56,64.29],[-84.16,64.08],[-84.76,64.54],[-84.77,64.88],[-84.58,65.01],[-84.75,65.06],[-84.67,65.09],[-84.62,65.25],[-84.9,65.22],[-85.01,65.43],[-85.27,65.54],[-85.02,65.62],[-85.18,65.81],[-85.46,65.8]]],[[[-104.54,67.09],[-104.34,67.25],[-104.77,67.09],[-104.97,67.13],[-105.21,66.98],[-105.76,67],[-106.22,67.16],[-106.1,67],[-106.18,66.85],[-105.83,66.68],[-106.59,66.64],[-107.17,66.38],[-106.99,66.13],[-106.74,66.04],[-106.6,65.83],[-106.26,65.66],[-105.82,65.62],[-105.53,65.42],[-105.87,65.2],[-106.1,65.38],[-106.41,65.26],[-106.75,65.36],[-106.55,65.19],[-107.49,64.72],[-107.81,64.67],[-107.17,64.42],[-106.84,64.36],[-106.7,64.45],[-106.73,64.39],[-106.53,64.33],[-107.24,63.92],[-106.98,63.94],[-107.31,63.82],[-104.54,63.93],[-104.23,64.01],[-103.7,64.33],[-103.94,64.47],[-103.95,64.54],[-103.54,64.39],[-102.95,64.45],[-102.82,64.33],[-103.09,64.18],[-103.26,63.99],[-103.91,63.81],[-104.07,63.64],[-103.98,63.6],[-104.09,63.57],[-104.03,63.46],[-104.21,63.32],[-103.62,63.18],[-103.08,63.22],[-102.89,63.1],[-102.91,62.98],[-103.05,62.9],[-102.99,62.82],[-102.41,62.65],[-101.96,62.84],[-101.67,62.64],[-101.39,62.56],[-101.01,62.61],[-100.86,62.79],[-100.63,62.85],[-100.37,62.62],[-99.98,62.82],[-98.36,63.02],[-97.61,62.95],[-97.45,63.08],[-97.21,62.93],[-96.97,62.89],[-96.86,62.77],[-96.46,62.71],[-96.18,62.57],[-96.42,62.49],[-96.21,62.29],[-96.31,62.24],[-96.61,62.31],[-96.97,62.02],[-96.82,61.82],[-96.38,61.77],[-96.62,61.7],[-96.63,61.62],[-96.09,61.27],[-96.16,61.23],[-96.09,61.17],[-96.2,61.15],[-96.08,61.04],[-95.66,60.87],[-95.34,60.25],[-94.93,60],[-94.96,59.91],[-94.87,59.76],[-95.09,59.58],[-94.97,59.39],[-95.09,59.07],[-94.93,58.71],[-94.77,59.01],[-95.02,59.06],[-94.81,59.09],[-94.77,59.34],[-94.67,59.36],[-94.81,59.56],[-94.78,59.78],[-94.84,59.97],[-94.65,60.39],[-94.9,60.5],[-94.56,60.54],[-94.37,60.85],[-94.23,60.89],[-94.02,61.21],[-94.06,61.3],[-93.82,61.34],[-93.99,61.46],[-93.34,61.72],[-93.67,61.76],[-93.25,61.76],[-93.63,61.85],[-93.52,61.9],[-93.64,61.96],[-93.3,61.89],[-93.34,61.94],[-93.21,61.95],[-93.34,62.03],[-93.12,61.99],[-93.19,62.05],[-92.98,62.1],[-93.28,62.18],[-92.75,62.22],[-92.98,62.33],[-92.74,62.3],[-92.61,62.15],[-92.54,62.17],[-92.55,62.31],[-92.74,62.37],[-92.74,62.48],[-92.32,62.36],[-92.09,62.42],[-92.5,62.44],[-92.61,62.58],[-92.03,62.53],[-91.84,62.61],[-92.31,62.71],[-92.43,62.8],[-92.37,62.85],[-91.37,62.8],[-91.03,62.94],[-90.81,62.93],[-90.65,63.05],[-90.77,63.3],[-90.72,63.34],[-91.02,63.48],[-91.39,63.49],[-91.78,63.7],[-92.21,63.62],[-92.1,63.56],[-92.19,63.42],[-92.6,63.35],[-93,63.52],[-93.69,63.51],[-93.89,63.67],[-93.77,63.8],[-93.81,63.85],[-94.93,64.12],[-95.48,64.01],[-95.84,64.04],[-96.06,64.17],[-96.34,64.14],[-96.12,64.19],[-96.3,64.25],[-96.09,64.22],[-96.13,64.28],[-96.04,64.32],[-96.34,64.39],[-96.41,64.47],[-96.31,64.6],[-96.66,64.75],[-96.74,64.93],[-96.98,65],[-96.67,65.11],[-96.71,65.21],[-96.29,65.33],[-96.27,65.4],[-96.13,65.39],[-96.12,65.48],[-96.35,65.66],[-97.55,65.75],[-97.29,66.03],[-97.92,66.12],[-97.92,66.23],[-97.78,66.32],[-97.94,66.45],[-98.71,66.37],[-99.03,66.47],[-99.13,66.62],[-99.63,66.51],[-100.18,66.63],[-100.51,66.53],[-100.84,66.61],[-101.32,66.53],[-101.41,66.71],[-102.23,66.77],[-102.72,66.66],[-103.19,66.66],[-103.84,66.74],[-104.03,66.87],[-104.23,66.83],[-104.3,67.19],[-104.59,67.05],[-104.54,67.09]]]]}},{"type":"Feature","properties":{"code":"2.4.3","name":"Central Ungava Peninsula and Ottawa and Belcher Islands"},"geometry":{"type":"MultiPolygon","coordinates":[[[[-79.32,55.67],[-79.33,55.75],[-79.35,55.71],[-79.32,55.67]]],[[[-79.22,55.69],[-79.13,55.76],[-79.27,55.68],[-79.22,55.69]]],[[[-78.94,56.06],[-79,56.06],[-79.13,55.79],[-78.94,56.06]]],[[[-78.94,56.06],[-78.79,56.1],[-78.84,56.11],[-78.94,56.06]]],[[[-79.63,56.35],[-79.87,56.38],[-79.86,56.32],[-80.05,56.31],[-80.11,56.21],[-80.03,56.18],[-79.63,56.35]]],[[[-79,56.31],[-79.05,56.29],[-79.08,56.22],[-79,56.31]]],[[[-79.5,56.41],[-79.65,56.26],[-79.56,56.29],[-79.5,56.41]]],[[[-78.01,56.29],[-78.04,56.31],[-78.09,56.29],[-78.01,56.29]]],[[[-78.66,56.41],[-78.85,56.35],[-78.82,56.27],[-78.94,56.1],[-78.68,56.17],[-78.66,56.41]]],[[[-77.94,56.29],[-77.83,56.33],[-77.98,56.29],[-77.94,56.29]]],[[[-79.07,56.44],[-79.14,56.54],[-79.29,56.56],[-79.41,56.21],[-79.61,56.12],[-79.51,56.32],[-80.02,55.89],[-79.86,55.83],[-79.52,56.13],[-79.47,56.1],[-79.76,55.79],[-79.62,55.9],[-79.46,55.87],[-79.06,56.35],[-78.88,56.31],[-78.93,56.41],[-79.07,56.44]]],[[[-77.78,56.33],[-77.75,56.38],[-77.82,56.35],[-77.78,56.33]]],[[[-79.16,56.66],[-79.29,56.66],[-79.15,56.61],[-79.16,56.66]]],[[[-77.52,56.38],[-77.48,56.45],[-77.54,56.41],[-77.52,56.38]]],[[[-79.49,56.69],[-79.6,56.79],[-79.59,56.63],[-79.49,56.69]]],[[[-78.79,56.66],[-78.74,56.67],[-78.86,56.68],[-78.79,56.66]]],[[[-78.37,56.68],[-78.34,56.69],[-78.45,56.68],[-78.37,56.68]]],[[[-79.75,56.84],[-79.84,56.96],[-79.97,56.77],[-79.75,56.84]]],[[[-79.65,56.85],[-79.72,56.95],[-79.72,56.92],[-79.65,56.85]]],[[[-78.36,57.18],[-78.28,57.19],[-78.33,57.21],[-78.36,57.18]]],[[[-76.7,57.06],[-76.69,56.95],[-76.65,57.02],[-76.7,57.06]]],[[[-78.44,57.28],[-78.31,57.32],[-78.49,57.3],[-78.44,57.28]]],[[[-78.51,57.36],[-78.42,57.37],[-78.47,57.38],[-78.51,57.36]]],[[[-79.73,57.53],[-79.76,57.6],[-79.83,57.56],[-79.84,57.41],[-79.81,57.52],[-79.73,57.53]]],[[[-76.68,57.07],[-76.65,57.14],[-76.72,57.2],[-76.68,57.07]]],[[[-76.73,57.21],[-76.75,57.36],[-76.85,57.44],[-76.73,57.21]]],[[[-76.88,57.51],[-76.87,57.56],[-76.91,57.58],[-76.88,57.51]]],[[[-77.91,58.32],[-78.02,58.33],[-77.54,58.17],[-77.91,58.32]]],[[[-78.1,58.37],[-78.13,58.41],[-78.22,58.41],[-78.1,58.37]]],[[[-78.54,58.57],[-78.66,58.63],[-78.71,58.63],[-78.54,58.57]]],[[[-78.64,58.64],[-78.73,58.69],[-78.72,58.66],[-78.64,58.64]]],[[[-78.64,58.8],[-78.73,58.79],[-78.64,58.77],[-78.64,58.8]]],[[[-78.9,58.82],[-78.96,58.88],[-78.97,58.85],[-78.9,58.82]]],[[[-80.55,59.09],[-80.55,59.12],[-80.6,59.11],[-80.55,59.09]]],[[[-80.58,59.31],[-80.55,59.38],[-80.57,59.41],[-80.58,59.31]]],[[[-80.48,59.4],[-80.45,59.48],[-80.47,59.49],[-80.48,59.4]]],[[[-80.56,59.65],[-80.51,59.69],[-80.59,59.67],[-80.56,59.65]]],[[[-80.41,59.68],[-80.37,59.71],[-80.46,59.65],[-80.41,59.68]]],[[[-80.27,59.65],[-80.16,59.73],[-80.34,59.63],[-80.27,59.65]]],[[[-80.03,59.79],[-79.96,59.87],[-80.05,59.88],[-80.17,59.77],[-80.03,59.79]]],[[[-70,58.75],[-70.2,58.73],[-70.07,58.69],[-70,58.75]]],[[[-77.7,60.19],[-77.64,60.2],[-77.74,60.23],[-77.7,60.19]]],[[[-69.02,58.97],[-68.98,59],[-69.1,58.96],[-69.02,58.97]]],[[[-71.55,61.3],[-71.49,61.31],[-71.58,61.33],[-71.55,61.3]]],[[[-69.98,60.93],[-69.95,61.04],[-70.03,61],[-69.98,60.93]]],[[[-71.8,61.68],[-71.94,61.71],[-71.97,61.6],[-72.27,61.57],[-72.46,61.68],[-72.55,61.55],[-72.82,61.49],[-74.86,61.36],[-75.65,61.17],[-76.66,61.13],[-77.19,60.85],[-77.69,60.73],[-77.84,60.63],[-77.5,60.55],[-77.79,60.4],[-77.53,60.24],[-77.65,60.06],[-77.21,60.02],[-77.43,59.92],[-77.31,59.8],[-77.59,59.76],[-77.49,59.64],[-77.83,59.69],[-77.75,59.57],[-77.91,59.51],[-77.94,59.4],[-77.7,59.39],[-78.15,59.2],[-78.15,59.1],[-78.38,58.91],[-78.59,58.92],[-78.53,58.81],[-78.59,58.78],[-78.51,58.72],[-78.56,58.67],[-78.03,58.37],[-77.53,58.23],[-77.01,57.84],[-76.64,57.32],[-76.54,56.64],[-76.42,56.54],[-76.36,56.84],[-76.45,57.38],[-76.13,57.62],[-76.4,57.74],[-76.29,57.86],[-76.43,57.97],[-76.26,58.12],[-75.91,58.04],[-75.88,58.09],[-76.12,58.28],[-76.01,58.46],[-75.68,58.46],[-75.26,58.09],[-75.12,58.13],[-75.31,58.23],[-75.18,58.26],[-75.23,58.29],[-74.37,58.18],[-73.23,58.16],[-73.21,58.37],[-72.66,58.47],[-72.4,58.44],[-72.34,58.37],[-71.87,58.39],[-71.83,58.27],[-71.41,58.19],[-70.93,58.4],[-70.53,58.48],[-70.16,58.78],[-70.02,58.8],[-70.11,58.91],[-70.01,58.95],[-70.3,59.13],[-70.32,59.28],[-70.02,59.34],[-69.81,59.27],[-69.54,58.85],[-69.45,58.92],[-69.46,59.04],[-69.34,59.11],[-69.28,59.08],[-69.35,58.94],[-69.12,59.06],[-69.25,59.16],[-69.54,59.15],[-69.45,59.22],[-69.23,59.23],[-69.25,59.33],[-69.76,59.32],[-69.63,59.38],[-69.74,59.52],[-69.51,59.64],[-69.65,59.7],[-69.55,59.87],[-69.76,59.91],[-69.72,59.97],[-70.8,60.02],[-69.78,59.99],[-69.83,60.07],[-69.62,60.07],[-69.59,60.21],[-69.76,60.31],[-69.68,60.35],[-69.81,60.52],[-69.65,60.58],[-69.69,60.69],[-69.42,60.78],[-69.38,60.91],[-69.5,61.07],[-69.68,61.03],[-69.65,60.88],[-69.76,60.92],[-69.89,60.8],[-70.07,60.87],[-70.13,61.09],[-70.59,61.02],[-71.44,61.17],[-71.74,61.29],[-71.57,61.41],[-71.86,61.43],[-71.74,61.47],[-71.79,61.54],[-71.52,61.58],[-71.8,61.68]]]]}},{"type":"Feature","properties":{"code":"2.4.4","name":"Queen Maud Gulf and Chantrey Inlet Lowlands"},"geometry":{"type":"MultiPolygon","coordinates":[[[[-95.28,67.26],[-95.54,67.24],[-95.36,67.2],[-95.28,67.26]]],[[[-96.09,67.36],[-96.07,67.39],[-96.13,67.36],[-96.09,67.36]]],[[[-96.15,67.62],[-96.25,67.63],[-96.27,67.61],[-96.15,67.62]]],[[[-97.4,67.65],[-97.35,67.71],[-97.48,67.66],[-97.4,67.65]]],[[[-95.99,67.83],[-96.03,67.85],[-96.17,67.8],[-95.99,67.83]]],[[[-98.93,68],[-98.94,68.09],[-99.05,68.07],[-98.93,68]]],[[[-98.62,68.19],[-98.63,68.23],[-98.69,68.19],[-98.62,68.19]]],[[[-104.36,68.19],[-104.55,68.15],[-104.49,68.08],[-104.36,68.19]]],[[[-96.33,68.22],[-96.29,68.25],[-96.44,68.22],[-96.33,68.22]]],[[[-98,68.39],[-97.89,68.41],[-97.96,68.47],[-98.12,68.42],[-98,68.39]]],[[[-93.68,68.04],[-93.75,68.11],[-93.46,68.21],[-93.41,68.41],[-94.16,68.29],[-94.73,68.05],[-95.43,68.06],[-95.5,67.86],[-95.69,67.74],[-95.3,67.54],[-95.37,67.46],[-95.29,67.35],[-95.1,67.31],[-94.87,67.37],[-94.89,67.44],[-94.55,67.47],[-94.39,67.62],[-94.14,67.63],[-93.66,67.83],[-93.57,67.92],[-93.68,68.04]]],[[[-97.61,68.51],[-98,68.53],[-97.72,68.38],[-98.08,68.38],[-98.16,68.32],[-98.49,68.43],[-98.68,68.38],[-98.29,68.11],[-98.56,68.16],[-98.08,67.85],[-97.88,67.97],[-97.54,67.97],[-97.12,67.81],[-97.15,67.63],[-97.6,67.62],[-98.06,67.77],[-98.57,68.12],[-98.72,68.08],[-98.71,67.96],[-98.33,67.8],[-99.2,67.72],[-99.54,67.82],[-100.39,67.86],[-100.62,67.75],[-100.57,67.84],[-100.66,67.86],[-101.54,67.68],[-101.97,67.77],[-102.22,67.72],[-103.08,67.9],[-103.33,68.01],[-103.39,68.17],[-103.5,68.07],[-103.79,68.03],[-104.48,68.02],[-104.56,68.09],[-104.51,68.12],[-104.65,68.15],[-104.58,68.26],[-104.91,68.24],[-104.81,68.34],[-105.07,68.27],[-105.33,68.42],[-105.53,68.41],[-105.44,68.49],[-106.38,68.35],[-106.47,68.25],[-106.34,68.19],[-106.59,68.26],[-106.76,68.2],[-106.73,68.11],[-106.96,68.12],[-106.87,68.04],[-107.08,68.03],[-107.07,67.93],[-107.53,67.94],[-108.03,67.78],[-107.52,67.5],[-107.58,67.4],[-107.7,67.41],[-107.5,67.2],[-107.22,67.09],[-107.42,67.06],[-107.14,66.9],[-107.42,66.98],[-107.41,66.88],[-107.63,66.91],[-107.67,66.95],[-107.46,66.92],[-107.62,67.08],[-107.6,66.98],[-107.74,67.02],[-107.75,66.96],[-107.53,66.58],[-107.17,66.38],[-106.59,66.64],[-105.83,66.68],[-106.18,66.85],[-106.1,67],[-106.22,67.16],[-105.76,67],[-105.21,66.98],[-104.97,67.13],[-104.77,67.09],[-104.36,67.26],[-104.59,67.05],[-104.3,67.19],[-104.23,66.83],[-104.03,66.87],[-103.81,66.73],[-103.16,66.66],[-102.72,66.66],[-102.26,66.77],[-101.41,66.71],[-101.32,66.53],[-100.84,66.61],[-100.51,66.53],[-100.18,66.63],[-99.63,66.51],[-99.13,66.62],[-99.03,66.47],[-98.71,66.37],[-97.94,66.45],[-97.78,66.32],[-97.92,66.23],[-97.92,66.12],[-97.32,66.03],[-97.11,66.2],[-96.85,66.24],[-96.64,66.38],[-95.97,66.48],[-96.09,66.51],[-95.79,66.61],[-95.73,66.76],[-95.4,66.66],[-95.45,66.79],[-95.21,67.1],[-95.51,67.22],[-95.77,67.19],[-95.5,67.36],[-95.69,67.38],[-96.11,67.23],[-96.22,67.31],[-96.08,67.47],[-96.2,67.43],[-96.42,67.51],[-96.29,67.62],[-96.31,67.71],[-96.14,67.63],[-96.2,67.84],[-95.99,68.12],[-96.06,68.17],[-95.88,68.3],[-96.72,68.03],[-96.76,68.09],[-96.38,68.33],[-96.91,68.26],[-97.33,68.51],[-97.61,68.51]]],[[[-104.6,68.57],[-105.08,68.55],[-104.74,68.42],[-104.42,68.43],[-104.41,68.49],[-104.6,68.57]]]]}},{"type":"Feature","properties":{"code":"3.1.1","name":"Interior Forested Lowlands and Uplands"},"geometry":{"type":"MultiPolygon","coordinates":[[[[-144.68,63.7],[-144.15,63.67],[-144,63.47],[-143.17,63.26],[-142.57,63.27],[-143.03,63.48],[-143.77,63.48],[-143.93,63.73],[-144.3,63.82],[-144.53,63.85],[-144.47,63.77],[-144.68,63.7]]],[[[-161.87,67.38],[-162.61,67.16],[-162.35,67.13],[-162.26,67],[-161.39,67.03],[-161.2,66.98],[-161.09,66.77],[-160.82,66.74],[-160.18,66.86],[-159.78,66.79],[-158.75,66.86],[-158.15,66.93],[-158.12,67.03],[-157.91,67.08],[-156.94,66.84],[-158.15,66.73],[-157.39,66.7],[-157.36,66.64],[-157.82,66.57],[-157.2,66.53],[-158.81,66.28],[-159.25,66.34],[-159.48,66.29],[-159.13,66.04],[-159.18,65.79],[-159.35,65.61],[-159.56,65.65],[-159.49,65.7],[-159.57,65.73],[-160.11,65.82],[-160.09,65.63],[-160.54,65.6],[-160.7,65.68],[-161.15,65.61],[-161.12,65.28],[-161.25,65.16],[-162.17,65.13],[-162.28,65.02],[-162.31,64.84],[-162.6,64.76],[-162.75,64.79],[-162.74,64.87],[-163.35,65.02],[-163.68,65.01],[-163.85,64.92],[-163.89,64.79],[-163.69,64.71],[-162.86,64.68],[-162.78,64.33],[-162.17,64.69],[-161.37,64.78],[-161.33,64.83],[-161.48,64.95],[-161.13,65.02],[-160.98,65.19],[-160.81,65.17],[-160.49,64.95],[-161.01,64.26],[-160.77,63.85],[-160.77,63.77],[-160.97,63.63],[-160.78,63.59],[-160.73,63.51],[-160.85,63.38],[-160.98,63.28],[-161.19,63.3],[-161.23,63.16],[-162.42,63.22],[-163.15,62.77],[-163.05,62.38],[-163.4,62.03],[-163.07,61.91],[-162.89,61.93],[-162.5,62.27],[-161.79,62.49],[-161.65,62.49],[-161.61,62.41],[-161.85,61.97],[-162.04,61.83],[-161.88,61.66],[-161.46,61.72],[-161.12,61.98],[-160.17,62],[-160.02,62.16],[-160.56,62.12],[-160.53,62.39],[-160.93,62.53],[-161,62.74],[-160.88,62.97],[-160.76,62.98],[-160.54,62.88],[-160.6,62.82],[-160.37,62.74],[-160.31,62.94],[-160.05,63],[-159.83,63.34],[-160.12,63.3],[-160.19,63.55],[-160.43,63.48],[-160.6,63.53],[-160.37,63.61],[-160.15,63.88],[-159.96,63.92],[-160.01,63.85],[-159.94,63.63],[-159.69,63.45],[-159.51,63.83],[-158.55,64.3],[-158.21,64.69],[-157.61,64.82],[-157.76,65.04],[-157.68,65.27],[-158.12,65.25],[-158.23,65.35],[-157.62,65.53],[-157.56,65.63],[-157.69,65.83],[-157.98,65.9],[-157.98,65.96],[-156.82,66.03],[-155.29,65.96],[-154.67,65.66],[-156.16,65.52],[-156.24,65.45],[-155.87,65.4],[-155.86,65.34],[-156.36,65.11],[-156.53,64.93],[-156.07,64.85],[-155.92,64.72],[-156.28,64.64],[-156.38,64.55],[-157.07,64.61],[-158.3,64.24],[-158.14,64],[-157.69,64.06],[-157.27,64.02],[-157.22,63.93],[-156.94,63.84],[-156.95,63.67],[-157.17,63.54],[-157.3,63.32],[-157.61,63.31],[-157.57,63.14],[-157.91,63.08],[-157.84,62.91],[-158.02,62.87],[-158.02,62.75],[-158.18,62.69],[-158.29,62.8],[-158.42,62.78],[-158.89,62.58],[-158.97,62.83],[-159.1,62.92],[-159.28,62.93],[-159.44,62.79],[-159.53,62.43],[-159.51,62.22],[-159.37,62.14],[-159.87,61.85],[-160.03,61.92],[-160.32,61.85],[-160.38,61.71],[-160.38,61.66],[-159.81,61.62],[-159.08,61.63],[-158.94,61.86],[-158.82,61.85],[-158.79,61.67],[-158.5,61.52],[-158.25,61.53],[-157.83,61.39],[-157.59,61.4],[-157.75,61.25],[-158.16,61.1],[-158.2,60.94],[-158.74,60.94],[-158.92,60.72],[-158.52,60.69],[-158.32,60.8],[-158.38,60.64],[-158.08,60.62],[-157.91,60.44],[-157.91,60.22],[-157.11,60.23],[-156.93,60.37],[-156.74,60.4],[-156.17,60.22],[-155.85,60.42],[-155.62,60.39],[-155.48,60.18],[-155.81,59.96],[-155.63,59.85],[-155.61,59.72],[-154.28,59.79],[-154.52,59.89],[-154.58,60.02],[-154.14,60.3],[-154.83,60.3],[-155.16,60.41],[-155.18,60.49],[-154.92,60.6],[-154.82,60.76],[-153.8,60.95],[-153.84,61.17],[-153.94,61.2],[-154.12,61.09],[-154.44,61.22],[-154.44,61.38],[-154.35,61.45],[-154.52,61.57],[-154.61,61.79],[-155.11,61.6],[-155.19,61.63],[-155.12,61.75],[-155.32,62.05],[-154.08,62.44],[-153.6,62.49],[-152.7,62.97],[-151.82,63.27],[-151.33,63.33],[-151.36,63.45],[-150.99,63.59],[-150.32,64.03],[-150.22,63.98],[-150.35,63.88],[-150.28,63.77],[-150.03,63.84],[-149.97,63.96],[-149.36,64.06],[-149.13,63.92],[-149.03,63.98],[-149.11,64.15],[-148.98,64.2],[-148.1,64.16],[-147.8,64.22],[-147.13,64.08],[-146.67,64.07],[-146.52,63.92],[-146.09,63.84],[-146.09,63.66],[-145.98,63.67],[-145.92,63.83],[-145.58,63.86],[-144.68,63.7],[-145.13,63.88],[-146.29,63.98],[-146.4,64.05],[-146.35,64.19],[-150.13,64.34],[-150.15,64.19],[-150.93,63.92],[-151.82,63.45],[-152.21,63.43],[-152.61,63.23],[-153.14,63.41],[-153.33,63.38],[-153.26,63.22],[-153.51,63.1],[-153.45,63.04],[-152.97,62.98],[-153.27,62.76],[-153.7,62.72],[-154.15,62.54],[-154.95,62.57],[-155.13,62.38],[-155.3,62.59],[-155.54,62.65],[-155.78,62.94],[-155.71,63.03],[-154.44,63.18],[-154.05,63.4],[-153.79,63.31],[-153.83,63.43],[-153.63,63.59],[-153.09,63.5],[-152.47,63.73],[-151.97,63.81],[-152.38,63.88],[-152.41,63.93],[-152.26,64.02],[-152.03,64.02],[-152.01,63.94],[-151.85,64.02],[-151.61,63.89],[-151.36,63.88],[-151.28,63.92],[-151.11,64.34],[-150.84,64.37],[-150.47,64.56],[-150.87,64.58],[-151.05,64.43],[-151.55,64.47],[-151.73,64.6],[-151.7,64.66],[-150.99,64.67],[-151.02,64.78],[-150.79,64.83],[-150.74,64.96],[-151,64.94],[-151.41,64.77],[-152.34,64.76],[-152.51,64.69],[-152.92,64.77],[-153.15,64.91],[-153.55,64.92],[-153.77,64.83],[-153.84,64.64],[-154.21,64.43],[-154.55,64.41],[-154.62,64.36],[-154.55,64.27],[-154.79,64.19],[-155.08,64.25],[-155.18,64.59],[-155.34,64.72],[-155.3,64.77],[-154.39,64.94],[-153.73,64.95],[-153.12,65.19],[-152.73,65.25],[-152.59,65.16],[-152.24,65.2],[-151.35,64.98],[-150.53,65.05],[-149.77,64.88],[-149.71,64.94],[-149.79,65.07],[-149.09,65.14],[-149,65.17],[-149.06,65.26],[-148.79,65.33],[-148.46,65.18],[-148.81,65.06],[-149.08,64.73],[-147.18,64.92],[-146.9,64.9],[-146.88,64.81],[-146.48,64.95],[-146.47,65.02],[-146.99,65.01],[-147.22,65.14],[-147.59,65.05],[-147.76,65.2],[-148.18,65.21],[-148.24,65.25],[-148.17,65.42],[-148.02,65.52],[-148.09,65.59],[-148.56,65.62],[-148.31,65.73],[-148.03,65.74],[-147.98,65.8],[-148.28,65.82],[-148.14,65.94],[-149.2,65.98],[-149.39,66.2],[-149.05,66.4],[-148.38,66.4],[-148.21,66.5],[-147.7,66.49],[-147.31,66.6],[-147.18,66.72],[-147.31,66.89],[-146.98,67.03],[-146.31,67.04],[-146.22,67.07],[-146.32,67.15],[-146.29,67.21],[-146.12,67.28],[-144.54,67.21],[-144.28,67.4],[-144.17,67.41],[-143.7,67.2],[-143.1,66.69],[-142.41,66.56],[-142.54,66.44],[-142.96,66.34],[-142.89,66.1],[-143,65.87],[-143.43,65.79],[-143.76,65.83],[-143.94,65.69],[-143.43,65.5],[-143.5,65.44],[-143.94,65.52],[-143.93,65.59],[-144.42,65.64],[-144.65,65.84],[-144.95,65.89],[-145.71,65.9],[-145.64,65.88],[-145.8,65.77],[-142.16,65.07],[-142.14,65.18],[-142.47,65.38],[-143.2,65.43],[-143.28,65.52],[-143.25,65.64],[-143.08,65.74],[-141.96,65.78],[-141.35,66.07],[-141.28,66.26],[-141.73,66.96],[-141.51,67.09],[-141,67.22],[-139.68,67.29],[-139.61,67.19],[-139.66,67.09],[-139.06,67.29],[-138.94,67.25],[-139.06,67.17],[-138.93,67.13],[-138.7,67.45],[-138.53,67.49],[-137.79,67.42],[-137.87,67.3],[-137.76,67.16],[-137.63,67.13],[-137.73,67.02],[-137.51,66.97],[-137.34,67.08],[-137.12,66.92],[-136.83,67.13],[-137,67.29],[-136.77,67.37],[-136.85,67.43],[-136.79,67.49],[-137.01,67.42],[-137.3,67.5],[-137.28,67.59],[-137.66,67.53],[-137.51,67.69],[-137.47,68.05],[-137.95,67.93],[-138.36,67.95],[-137.92,68.29],[-138.08,68.26],[-138.29,68.42],[-138.78,68.47],[-139.15,68.48],[-138.89,68.41],[-139.3,68.35],[-139.72,68.48],[-139.29,68.63],[-139.37,68.67],[-139.61,68.66],[-140.19,68.81],[-140.79,68.59],[-141.07,68.73],[-141.51,68.24],[-141.95,68.26],[-142.85,67.71],[-143.66,67.5],[-143.87,67.54],[-143.89,67.61],[-143.63,67.83],[-144.52,67.62],[-144.69,67.5],[-146.07,67.43],[-146.29,67.37],[-146.38,67.25],[-147.06,67.11],[-147.28,67.1],[-147.32,67.23],[-148.29,67.25],[-148.41,67.2],[-147.62,67.08],[-148.59,66.99],[-149.25,66.7],[-149.54,66.66],[-149.6,66.61],[-149.24,66.53],[-149.6,66.4],[-150.26,66.39],[-150.13,66.34],[-150.18,66.25],[-150.4,66.16],[-151.39,65.98],[-152.39,65.93],[-151.34,66.21],[-150.6,66.28],[-150.58,66.41],[-150.87,66.41],[-150.87,66.47],[-150.51,66.64],[-150.56,66.77],[-150.45,66.84],[-150.62,66.94],[-150.01,67.12],[-150.28,67.18],[-151.83,67.2],[-155.16,67.02],[-158.01,67.38],[-159.71,67.45],[-159.81,67.69],[-159.91,67.7],[-160.04,67.49],[-160,67.15],[-160.35,67.24],[-160.39,67.33],[-160.29,67.41],[-160.35,67.44],[-160.71,67.37],[-160.97,67.49],[-161.36,67.44],[-161.42,67.5],[-161.87,67.38]],[[-156.77,66.96],[-157.51,67.09],[-155.2,66.98],[-155.57,66.88],[-156.77,66.96]],[[-156.49,66.48],[-155.84,66.23],[-155.9,66.16],[-155.72,66.05],[-156.2,66.1],[-156.42,66.36],[-156.63,66.43],[-156.49,66.48]],[[-153.54,66.92],[-154.31,66.92],[-154.06,67.05],[-152.51,66.99],[-153.02,66.83],[-153.54,66.92]],[[-156.85,66.33],[-156.86,66.24],[-156.75,66.14],[-157.86,66.35],[-157.36,66.37],[-157.17,66.46],[-156.85,66.33]],[[-159.37,65.25],[-159.1,65.29],[-159.08,65.12],[-159.37,64.99],[-159.08,64.95],[-159.13,64.83],[-158.71,64.89],[-158.75,64.77],[-159.04,64.71],[-158.93,64.63],[-158.96,64.54],[-158.9,64.45],[-159.2,64.31],[-160.09,64.18],[-160.11,64.26],[-159.85,64.42],[-159.87,64.5],[-160.18,64.45],[-160.19,64.54],[-159.97,64.71],[-159.76,64.75],[-159.71,64.79],[-159.88,64.9],[-159.59,64.99],[-159.54,65.16],[-159.37,65.25]],[[-153.35,66.31],[-153.44,66.41],[-153.37,66.47],[-152.77,66.6],[-152.51,66.52],[-152.26,66.55],[-152.45,66.69],[-151.52,66.86],[-151.4,66.8],[-151.31,66.53],[-151.66,66.46],[-151.64,66.35],[-151.47,66.3],[-151.76,66.18],[-152.69,66.14],[-152.74,66.24],[-153.05,66.17],[-153.35,66.31]],[[-153.78,65.49],[-153.89,65.3],[-153.02,65.58],[-152.77,65.59],[-152.54,65.5],[-152.9,65.43],[-152.8,65.3],[-153.34,65.36],[-153.58,65.17],[-155.13,64.93],[-155.1,65.06],[-154.46,65.42],[-153.78,65.49]],[[-152.44,65.86],[-150.46,65.92],[-150.34,65.82],[-150.11,65.84],[-150.04,65.78],[-150.2,65.75],[-150.09,65.68],[-150.26,65.64],[-150.14,65.51],[-149.64,65.59],[-149.54,65.54],[-148.91,65.59],[-149.45,65.45],[-149.46,65.27],[-150.48,65.26],[-151.07,65.16],[-151.2,65.22],[-151.13,65.28],[-151.21,65.32],[-152.07,65.39],[-151.99,65.49],[-151.33,65.64],[-152.12,65.7],[-152.44,65.86]],[[-156.1,63.5],[-156,63.59],[-155.65,63.58],[-155.47,63.41],[-156.28,63.14],[-156.34,63.19],[-156.16,63.22],[-156.18,63.31],[-156.08,63.35],[-156.1,63.5]],[[-153.92,64.06],[-153.94,64.17],[-153.82,64.21],[-153.22,64.18],[-151.84,64.35],[-152.41,64.57],[-152.15,64.69],[-151.94,64.71],[-151.9,64.67],[-152.01,64.59],[-151.58,64.43],[-151.51,64.32],[-151.92,64.14],[-152.47,64.12],[-152.76,64.01],[-153.4,64.07],[-153.33,63.89],[-153.44,63.79],[-153.74,63.71],[-154.21,63.44],[-154.47,63.5],[-154.89,63.41],[-155.1,63.51],[-154.55,63.63],[-154.57,63.75],[-154.49,63.79],[-154.04,63.77],[-154.09,63.86],[-153.98,63.86],[-153.92,64.06]],[[-156.71,62.8],[-157.38,62.56],[-157.4,62.68],[-157.17,62.96],[-156.76,62.97],[-156.64,62.93],[-156.71,62.8]],[[-157.3,61.53],[-157.07,61.77],[-156.11,62.08],[-155.78,61.99],[-155.97,61.81],[-155.86,61.79],[-155.75,61.64],[-155.2,61.58],[-155.31,61.48],[-155.49,61.5],[-155.42,61.41],[-155.58,61.34],[-156.02,61.4],[-156.45,61.2],[-156.48,61.06],[-156.95,61.16],[-157.43,61.09],[-157.53,61.17],[-157.33,61.31],[-157.3,61.53]],[[-141.31,67.49],[-142.17,67.72],[-141.97,67.97],[-141.77,68.01],[-141.77,68.07],[-141.1,68.19],[-141.03,68.14],[-141.02,67.54],[-141.12,67.47],[-141.31,67.49]]]]}},{"type":"Feature","properties":{"code":"3.1.2","name":"Interior Bottomlands"},"geometry":{"type":"MultiPolygon","coordinates":[[[[-141.63,62.54],[-141.35,62.67],[-141.69,62.98],[-142.56,63.27],[-142.71,63.22],[-142.58,63.19],[-142.58,63.07],[-142.11,62.74],[-141.74,62.65],[-141.77,62.56],[-141.63,62.54]]],[[[-156.71,61.84],[-157.19,61.7],[-157.33,61.31],[-157.53,61.17],[-157.43,61.09],[-156.95,61.16],[-156.48,61.06],[-156.45,61.2],[-156.02,61.4],[-155.58,61.34],[-155.42,61.41],[-155.49,61.5],[-155.31,61.48],[-155.2,61.58],[-155.75,61.64],[-155.86,61.79],[-155.97,61.81],[-155.78,61.99],[-155.89,62.05],[-156.38,62.04],[-156.71,61.84]]],[[[-160.77,61.48],[-161,61.45],[-161.06,61.14],[-160.94,61.14],[-160.29,61.45],[-159.57,61.48],[-159.5,61.42],[-159.53,61.35],[-159.4,61.31],[-159.25,61.33],[-159.19,61.48],[-158.48,61.52],[-158.79,61.67],[-158.82,61.85],[-158.94,61.86],[-159.08,61.63],[-160.38,61.66],[-160.77,61.48]]],[[[-154.99,64.82],[-155.34,64.72],[-155.18,64.59],[-155.08,64.25],[-154.79,64.19],[-154.55,64.27],[-154.62,64.36],[-154.55,64.41],[-154.21,64.43],[-153.84,64.64],[-153.77,64.83],[-153.55,64.92],[-153.15,64.91],[-152.92,64.77],[-152.51,64.69],[-152.34,64.76],[-151.41,64.77],[-151,64.94],[-150.74,64.96],[-150.79,64.83],[-151.02,64.78],[-150.99,64.67],[-151.7,64.66],[-151.73,64.6],[-151.55,64.47],[-151.05,64.43],[-150.87,64.58],[-150.47,64.56],[-150.84,64.37],[-151.11,64.34],[-151.28,63.92],[-151.36,63.88],[-151.61,63.89],[-151.85,64.02],[-152.01,63.94],[-152.03,64.02],[-152.26,64.02],[-152.41,63.93],[-152.38,63.88],[-151.97,63.81],[-152.47,63.73],[-153.09,63.5],[-153.63,63.59],[-153.83,63.43],[-153.79,63.31],[-154.05,63.4],[-154.44,63.18],[-155.71,63.03],[-155.78,62.94],[-155.54,62.65],[-155.3,62.59],[-155.13,62.38],[-154.95,62.57],[-154.15,62.54],[-153.7,62.72],[-153.27,62.76],[-152.97,62.98],[-153.45,63.04],[-153.51,63.1],[-153.26,63.22],[-153.33,63.38],[-153.14,63.41],[-152.61,63.23],[-152.21,63.43],[-151.82,63.45],[-150.93,63.92],[-150.15,64.19],[-150.13,64.34],[-146.35,64.19],[-146.4,64.05],[-146.13,63.94],[-145.13,63.88],[-144.68,63.7],[-144.47,63.77],[-144.58,63.89],[-144.86,63.94],[-144.68,64.06],[-145.25,64.17],[-145.33,64.3],[-145.69,64.34],[-145.68,64.42],[-146.33,64.38],[-146.5,64.4],[-146.4,64.55],[-146.98,64.54],[-147.04,64.62],[-146.88,64.76],[-146.9,64.9],[-149.08,64.73],[-148.81,65.06],[-148.46,65.18],[-148.79,65.33],[-149.06,65.26],[-149,65.17],[-149.09,65.14],[-149.79,65.07],[-149.71,64.94],[-149.77,64.88],[-150.53,65.05],[-151.35,64.98],[-152.24,65.2],[-152.59,65.16],[-152.73,65.25],[-153.12,65.19],[-153.73,64.95],[-154.39,64.94],[-154.99,64.82]]],[[[-152.51,66.52],[-152.77,66.6],[-153.44,66.41],[-153.21,66.2],[-152.74,66.24],[-152.69,66.14],[-152.29,66.13],[-152.16,66.21],[-151.59,66.22],[-151.47,66.3],[-151.64,66.35],[-151.66,66.46],[-151.31,66.53],[-151.4,66.8],[-151.52,66.86],[-151.97,66.73],[-152.31,66.74],[-152.45,66.69],[-152.43,66.63],[-152.26,66.55],[-152.51,66.52]]],[[[-156.82,66.03],[-157.98,65.96],[-157.98,65.9],[-157.69,65.83],[-157.56,65.63],[-157.62,65.53],[-158.23,65.35],[-158.12,65.25],[-157.68,65.27],[-157.76,65.04],[-157.61,64.82],[-158.21,64.69],[-158.55,64.3],[-159.51,63.83],[-159.64,63.48],[-159.79,63.39],[-160.05,63],[-160.31,62.94],[-160.37,62.74],[-160.6,62.82],[-160.54,62.88],[-160.65,62.94],[-160.88,62.97],[-161,62.74],[-160.93,62.53],[-160.53,62.39],[-160.56,62.12],[-160.02,62.16],[-160.17,62],[-161.12,61.98],[-161.46,61.72],[-161.76,61.64],[-162.42,62.04],[-162.79,62],[-162.84,61.96],[-162.76,61.81],[-162.02,61.42],[-160.5,61.83],[-160.03,61.92],[-159.87,61.85],[-159.62,61.95],[-159.37,62.14],[-159.51,62.22],[-159.53,62.43],[-159.36,62.88],[-159.1,62.92],[-158.97,62.83],[-158.89,62.58],[-158.42,62.78],[-158.29,62.8],[-158.18,62.69],[-158.02,62.75],[-158.02,62.87],[-157.84,62.91],[-157.91,63.08],[-157.57,63.14],[-157.61,63.31],[-157.3,63.32],[-157.17,63.54],[-156.95,63.67],[-156.94,63.84],[-157.22,63.93],[-157.27,64.02],[-157.69,64.06],[-158.14,64],[-158.3,64.24],[-157.07,64.61],[-156.38,64.55],[-156.28,64.64],[-155.92,64.72],[-156.07,64.85],[-156.53,64.93],[-156.36,65.11],[-155.86,65.34],[-155.87,65.4],[-156.24,65.45],[-156.16,65.52],[-154.67,65.66],[-155.29,65.96],[-156.82,66.03]]]]}},{"type":"Feature","properties":{"code":"3.1.3","name":"Yukon Flats"},"geometry":{"type":"Polygon","coordinates":[[[-148.67,66.4],[-149.05,66.4],[-149.39,66.2],[-149.2,65.98],[-148.14,65.94],[-147.61,66.03],[-146.45,65.87],[-146.01,65.93],[-144.95,65.89],[-144.65,65.84],[-144.42,65.64],[-143.93,65.59],[-143.94,65.52],[-143.5,65.44],[-143.43,65.5],[-143.94,65.69],[-143.76,65.83],[-143.43,65.79],[-143,65.87],[-142.89,66.1],[-142.96,66.34],[-142.54,66.44],[-142.41,66.56],[-143.1,66.69],[-143.7,67.2],[-144.17,67.41],[-144.28,67.4],[-144.54,67.21],[-146.12,67.28],[-146.29,67.21],[-146.32,67.15],[-146.22,67.07],[-146.31,67.04],[-146.98,67.03],[-147.31,66.89],[-147.18,66.72],[-147.31,66.6],[-147.7,66.49],[-148.21,66.5],[-148.38,66.4],[-148.67,66.4]]]}},{"type":"Feature","properties":{"code":"3.2.1","name":"Ogilvie Mountains"},"geometry":{"type":"Polygon","coordinates":[[[-141,67.22],[-141.51,67.09],[-141.73,66.96],[-141.28,66.26],[-141.35,66.07],[-141.96,65.78],[-143.08,65.74],[-143.25,65.64],[-143.28,65.52],[-143.2,65.43],[-142.47,65.38],[-142.14,65.18],[-142.16,65.07],[-140.96,64.7],[-140.41,64.69],[-140.45,64.79],[-140.37,64.83],[-140.44,64.88],[-138.77,64.96],[-138.5,64.9],[-138.75,64.92],[-139.05,64.83],[-138.74,64.79],[-138.69,64.6],[-138.47,64.82],[-138.48,64.7],[-138.38,64.61],[-138.12,64.77],[-138.2,64.86],[-137.8,64.77],[-137.36,64.8],[-137.34,64.86],[-136.99,64.73],[-136.77,64.78],[-136.77,64.9],[-136.4,65.04],[-135.78,65.17],[-135.36,65.16],[-135.45,65.32],[-135.35,65.45],[-135.55,65.53],[-135.55,65.59],[-135.2,65.75],[-135.51,65.91],[-136.12,65.99],[-136.34,66.37],[-136.22,66.57],[-136.24,66.65],[-136.64,66.95],[-136.52,67.09],[-136.62,67.18],[-136.95,67.08],[-136.99,66.97],[-137.12,66.92],[-137.34,67.08],[-137.6,66.97],[-137.73,67.02],[-137.63,67.13],[-137.76,67.16],[-137.87,67.3],[-137.79,67.42],[-138.58,67.49],[-138.72,67.44],[-138.93,67.13],[-139.06,67.17],[-138.94,67.25],[-139.03,67.29],[-139.66,67.09],[-139.61,67.19],[-139.67,67.29],[-141,67.22]]]}},{"type":"Feature","properties":{"code":"3.2.2","name":"Mackenzie and Selwyn Mountains"},"geometry":{"type":"Polygon","coordinates":[[[-140.24,64.87],[-140.45,64.87],[-140.37,64.83],[-140.45,64.79],[-140.41,64.69],[-140.86,64.7],[-139.65,64.33],[-139.2,64.4],[-137.87,64.16],[-137.21,64.24],[-136.91,64.08],[-136.05,64.25],[-134.77,64.16],[-133.98,64.01],[-133.15,63.97],[-132.51,63.79],[-132.34,63.7],[-132.32,63.6],[-132.42,63.5],[-132.02,63.37],[-132.29,63.19],[-132.57,63.2],[-132.63,63.09],[-131.61,62.64],[-131.05,62.63],[-130.86,62.56],[-130.68,62.34],[-130.74,62.23],[-130.54,62.23],[-130.46,62.12],[-130.56,62.01],[-130.44,61.93],[-129.34,61.78],[-129.44,61.71],[-129.25,61.68],[-129.35,61.5],[-129.06,61.34],[-128.85,60.72],[-128.74,60.85],[-128.46,60.95],[-128.26,60.7],[-128.07,60.7],[-127.9,60.79],[-127.87,61.01],[-127.53,61.12],[-127.5,61.34],[-127,61.21],[-126.94,61.38],[-127.12,61.54],[-126.81,61.46],[-126.66,61.57],[-126.96,61.88],[-126.24,61.96],[-126.1,62.19],[-125.63,62.36],[-125.78,62.45],[-125.41,62.82],[-125.55,62.99],[-125.49,63.06],[-125.76,63.35],[-126.33,63.5],[-126.5,63.68],[-126.27,63.9],[-126.08,63.92],[-126.27,64.1],[-126.66,64.24],[-126.82,64.47],[-127.17,64.59],[-127.55,64.86],[-127.63,65.03],[-128.77,65.27],[-130.15,65.4],[-131.46,65.4],[-132.46,65.52],[-133.99,65.44],[-134.44,65.59],[-135.35,65.45],[-135.45,65.32],[-135.36,65.16],[-135.78,65.17],[-136.4,65.04],[-136.77,64.9],[-136.75,64.79],[-136.97,64.73],[-137.34,64.86],[-137.36,64.8],[-137.8,64.77],[-138.18,64.87],[-138.12,64.77],[-138.38,64.61],[-138.48,64.7],[-138.48,64.82],[-138.69,64.6],[-138.74,64.79],[-139.05,64.84],[-138.51,64.92],[-139.37,64.96],[-140.24,64.87]]]}},{"type":"Feature","properties":{"code":"3.2.3","name":"Peel River and Nahanni Plateaus"},"geometry":{"type":"Polygon","coordinates":[[[-135.66,68.52],[-135.75,68.56],[-135.72,68.63],[-136.06,68.65],[-135.87,68.53],[-135.84,68.41],[-135.65,68.33],[-135.72,68.26],[-135.53,68.21],[-135.69,68.16],[-135.54,68.19],[-135.63,68.12],[-135.61,67.93],[-135.95,67.7],[-136.04,67.38],[-135.78,67.19],[-135.88,67],[-135.81,66.91],[-135.88,66.9],[-135.84,66.73],[-135.47,66.3],[-135,65.95],[-135.33,65.85],[-135.2,65.73],[-135.55,65.59],[-135.55,65.53],[-135.25,65.45],[-134.41,65.6],[-133.99,65.44],[-132.94,65.53],[-130.81,65.36],[-130.15,65.4],[-128.77,65.27],[-127.63,65.03],[-127.55,64.86],[-127.17,64.59],[-126.82,64.47],[-126.66,64.24],[-126.33,64.14],[-126.1,63.97],[-126.5,63.68],[-126.33,63.5],[-125.76,63.35],[-125.49,63.06],[-125.55,62.99],[-125.41,62.82],[-125.78,62.45],[-125.63,62.36],[-126.1,62.19],[-126.24,61.96],[-126.97,61.87],[-126.66,61.57],[-126.81,61.46],[-127.12,61.54],[-126.95,61.41],[-127,61.21],[-126.87,61.17],[-126.74,60.89],[-126.61,60.82],[-126.43,60.88],[-126.44,61.09],[-126.35,61.2],[-126.14,61.22],[-125.78,60.89],[-125.57,60.96],[-125.13,61.32],[-125.07,61.31],[-125.12,61.2],[-125.02,61.16],[-124.56,61.32],[-124.07,61.31],[-124.09,61.48],[-124.36,61.59],[-124.36,61.91],[-124.13,62.08],[-123.55,62.29],[-123.56,62.48],[-123.83,62.87],[-123.95,62.87],[-123.93,62.95],[-124.22,63.21],[-124.28,63.45],[-124.55,63.62],[-124.54,63.77],[-124.8,63.76],[-124.85,63.86],[-124.74,63.98],[-124.78,64.06],[-125.94,64.23],[-126.31,64.5],[-126.11,64.67],[-125.5,64.53],[-125.64,64.67],[-126.23,64.82],[-126.59,64.82],[-127.06,65.02],[-126.93,65.05],[-128.13,65.45],[-128.99,65.53],[-129.08,65.62],[-128.83,65.64],[-129.07,65.7],[-128.85,65.78],[-129.24,65.77],[-129.33,65.91],[-129.44,65.83],[-130.33,66.2],[-131.44,66.34],[-132.49,66.32],[-132.06,66.18],[-131.38,66.13],[-130.88,65.95],[-131.25,65.84],[-132.98,66.17],[-133.44,65.94],[-134.18,66],[-134.02,66.06],[-133.87,66.42],[-135.05,66.93],[-134.81,67.07],[-134.94,67.16],[-134.84,67.27],[-134.84,67.48],[-135.21,67.6],[-135.35,67.73],[-135.37,68.15],[-135.32,68.23],[-135.66,68.52]]]}},{"type":"Feature","properties":{"code":"3.3.1","name":"Great Bear Plains"},"geometry":{"type":"Polygon","coordinates":[[[-116.24,62.87],[-116.39,62.99],[-116.33,63.07],[-116.4,63.38],[-116.74,63.48],[-117.14,63.74],[-117.12,63.9],[-117.18,63.93],[-117.1,63.99],[-117.28,64.03],[-117.41,64.22],[-117.9,64.5],[-118.16,64.57],[-118.1,64.68],[-118.29,64.67],[-118.19,64.71],[-118.34,64.75],[-118.21,64.78],[-118.52,64.84],[-118.67,64.96],[-118.61,65],[-118.7,65.05],[-118.6,65.06],[-118.65,65.11],[-118.88,65.21],[-118.49,65.29],[-118.53,65.42],[-118.46,65.47],[-118.56,65.46],[-118.64,65.57],[-118.5,65.74],[-118.22,65.92],[-118,65.88],[-117.82,66.02],[-117.73,65.99],[-117.79,66.05],[-117.42,66.41],[-117.54,66.49],[-117.93,66.4],[-117.84,66.43],[-117.89,66.47],[-117.31,66.84],[-117.62,66.94],[-117.79,67.14],[-117.98,67.13],[-118.43,67.38],[-118.8,67.32],[-118.73,67.18],[-118.78,66.92],[-119.37,66.96],[-119.29,67.02],[-119.34,67.03],[-120.46,67.07],[-121.4,66.94],[-121.54,66.75],[-121.96,66.64],[-123.1,66.57],[-123.47,66.75],[-124.07,66.68],[-124.29,66.72],[-124.44,66.85],[-124.93,67],[-124.89,67.19],[-124.95,67.29],[-124.87,67.37],[-124.52,67.29],[-124.32,67.32],[-124.26,67.43],[-124.36,67.57],[-124.74,67.69],[-124.85,67.91],[-125.03,67.98],[-125.69,67.9],[-125.94,67.96],[-126.43,67.92],[-127.49,67.99],[-127.74,68.16],[-128.22,68.11],[-128.47,68.16],[-128.83,68.41],[-129.59,68.56],[-129.65,68.68],[-130.07,68.81],[-130.75,68.69],[-131.06,68.56],[-131.64,68.51],[-131.56,68.46],[-132.01,68.4],[-132.16,68.26],[-132.36,68.31],[-132.66,68.24],[-132.72,68.3],[-132.79,68.26],[-132.7,68.36],[-132.88,68.46],[-133.18,68.41],[-133.24,68.28],[-133.66,68.31],[-133.84,68.53],[-134.67,69.01],[-135.03,68.97],[-135.33,68.82],[-135.54,68.84],[-135.16,68.66],[-135.87,68.83],[-135.72,68.63],[-135.75,68.56],[-135.56,68.48],[-135.32,68.23],[-135.37,68.15],[-135.35,67.73],[-135.21,67.6],[-134.85,67.49],[-134.84,67.27],[-134.94,67.16],[-134.81,67.07],[-135.05,66.93],[-133.87,66.42],[-134.02,66.06],[-134.18,66],[-133.44,65.94],[-132.98,66.17],[-131.25,65.84],[-130.88,65.95],[-131.38,66.13],[-132.5,66.28],[-131.44,66.34],[-130.29,66.19],[-129.44,65.83],[-129.33,65.91],[-129.24,65.77],[-128.87,65.79],[-129.07,65.69],[-128.83,65.63],[-129.07,65.63],[-129.02,65.55],[-128.13,65.45],[-126.93,65.05],[-127.06,65.02],[-126.59,64.82],[-126.23,64.82],[-125.64,64.67],[-125.5,64.53],[-126.11,64.67],[-126.31,64.5],[-125.94,64.23],[-124.78,64.06],[-124.74,63.98],[-124.85,63.86],[-124.8,63.76],[-124.54,63.77],[-124.55,63.62],[-124.28,63.45],[-124.22,63.21],[-123.93,62.95],[-123.94,62.86],[-123.4,62.89],[-123.06,62.8],[-123.12,62.55],[-122.93,62.23],[-122.22,62.24],[-122.17,62.22],[-122.28,62.18],[-121.31,61.9],[-120.24,61.75],[-119.44,61.79],[-119.23,61.72],[-118.15,61.89],[-117.39,61.83],[-116.93,61.58],[-116.65,61.53],[-116.51,61.4],[-115.76,61.45],[-115.67,61.65],[-115.52,61.7],[-115.55,61.75],[-115.06,61.73],[-114.62,61.86],[-114.68,61.88],[-114.64,61.94],[-115.05,62.1],[-114.83,62.07],[-115.34,62.28],[-115.35,62.52],[-115.77,62.52],[-116.07,62.72],[-116.06,62.78],[-116.15,62.78],[-116.09,62.82],[-116.24,62.8],[-116.17,62.86],[-116.24,62.87]]]}},{"type":"Feature","properties":{"code":"3.3.2","name":"Hay and Slave River Lowlands"},"geometry":{"type":"Polygon","coordinates":[[[-123.55,62.85],[-123.83,62.87],[-123.56,62.48],[-123.55,62.29],[-124.13,62.08],[-124.36,61.91],[-124.36,61.59],[-124.09,61.48],[-124.07,61.31],[-124.56,61.32],[-125.02,61.16],[-125.12,61.2],[-125.07,61.31],[-125.13,61.32],[-125.57,60.96],[-125.78,60.89],[-124.89,60.91],[-124.66,61.01],[-124.54,61.18],[-124.07,61.06],[-123.86,61.16],[-124.22,60.81],[-124.06,60.52],[-124.09,60.3],[-123.97,60.12],[-124.07,60.09],[-124.27,60.32],[-124.83,59.95],[-124.92,59.69],[-124.73,59.73],[-124.59,59.57],[-124.67,59.41],[-125.03,59.39],[-125.02,59.3],[-124.7,59.16],[-124.66,59.08],[-124.76,59.04],[-124.59,58.9],[-123.82,58.46],[-123.78,58.33],[-123.87,58.27],[-123.78,58.24],[-123.79,58.15],[-123.54,57.85],[-123.17,57.67],[-123.04,57.23],[-122.76,57.03],[-122.35,57.17],[-122.03,57.06],[-121.83,57.14],[-121.72,57.32],[-121.37,57.31],[-121.43,57.42],[-121.38,57.52],[-121.31,57.59],[-121.21,57.56],[-121.21,57.67],[-121.02,57.81],[-120.42,58.13],[-120.08,58.19],[-119.54,58.16],[-118.92,58.27],[-118.94,58.18],[-118.84,58.13],[-118.88,58.06],[-118.63,58.03],[-118.81,57.97],[-118.66,57.92],[-118.83,57.77],[-118.85,57.64],[-118.53,57.77],[-117.98,57.8],[-117.82,57.94],[-118.01,58.36],[-117.97,58.56],[-117.54,58.58],[-116.73,58.8],[-116.41,58.78],[-116.26,58.9],[-115.71,58.68],[-115.17,58.63],[-114.8,58.67],[-113.8,59.02],[-113.74,58.99],[-113.8,58.83],[-114.52,58.55],[-114.57,58.39],[-114.22,58.28],[-114.31,58.14],[-113.86,58.09],[-112.37,58.23],[-112.01,58.09],[-112.02,58],[-111.78,57.84],[-111.75,57.68],[-111.89,57.46],[-111.65,57.42],[-111.33,57.52],[-111.03,57.47],[-110.98,57.69],[-110.87,57.72],[-111.38,57.9],[-110.84,58.13],[-110.77,58.34],[-110.66,58.42],[-110.67,58.54],[-111.12,58.72],[-111.11,58.81],[-111.44,58.89],[-111.32,59.18],[-111.4,59.26],[-111.31,59.31],[-111.41,59.4],[-111.37,59.59],[-111.49,59.86],[-111.47,60.04],[-111.84,60.4],[-111.94,60.4],[-111.94,60.64],[-112.22,60.58],[-112.25,60.72],[-112.59,60.97],[-112.58,61.09],[-112.77,61.39],[-112.73,61.45],[-113.17,61.51],[-114.69,62.04],[-115.05,62.1],[-114.64,61.94],[-114.68,61.88],[-114.62,61.86],[-115.06,61.73],[-115.55,61.75],[-115.52,61.7],[-115.67,61.65],[-115.76,61.45],[-116.44,61.4],[-117.41,61.83],[-118.15,61.89],[-119.23,61.72],[-119.44,61.79],[-120.24,61.75],[-121.31,61.9],[-122.28,62.18],[-122.17,62.22],[-122.22,62.24],[-122.93,62.23],[-123.12,62.55],[-123.06,62.8],[-123.26,62.88],[-123.55,62.85]]]}},{"type":"Feature","properties":{"code":"3.4.1","name":"Kazan River and Selwyn Lake Uplands"},"geometry":{"type":"Polygon","coordinates":[[[-103.53,64.39],[-103.95,64.54],[-103.94,64.46],[-103.7,64.34],[-104.23,64.01],[-104.79,63.89],[-105.36,63.9],[-105.58,63.78],[-105.73,63.57],[-105.7,63.27],[-106.19,63.07],[-106.04,62.86],[-106.19,62.79],[-106.14,62.77],[-106.22,62.58],[-106.14,62.52],[-106.34,62.41],[-106.24,62.36],[-106.26,62.18],[-107.34,62.41],[-107.32,62.49],[-107.45,62.53],[-107.77,62.51],[-108.16,62.6],[-108.93,62.37],[-109.4,62.34],[-109.34,62.15],[-108.69,61.84],[-108.45,61.38],[-108.15,61.24],[-108.02,61.1],[-108,60.97],[-108.2,60.73],[-108.17,60.47],[-108.07,60.14],[-107.7,60],[-107.97,59.83],[-106.85,59.82],[-106.74,59.77],[-106.68,59.64],[-106.42,59.79],[-106.3,59.69],[-105.74,59.72],[-105.36,59.64],[-104.97,59.73],[-104.96,59.67],[-104.75,59.65],[-104.71,59.51],[-104.17,59.51],[-103.98,59.39],[-104.09,59.25],[-103.94,59.23],[-104.18,59.09],[-103.85,58.98],[-103.71,58.6],[-103.34,58.48],[-102.93,58.45],[-102.86,58.37],[-102.94,58.14],[-102.69,57.99],[-101.61,57.87],[-101.63,57.68],[-101.5,57.63],[-100.54,57.65],[-100.26,57.33],[-100.03,57.36],[-99.93,57.47],[-99.76,57.45],[-99.56,57.26],[-99.27,57.15],[-97.34,57.16],[-96.88,56.98],[-96.79,56.78],[-95.92,56.62],[-94.86,56.62],[-94.59,56.7],[-94.28,56.95],[-94.31,57.1],[-94.17,57.23],[-94.35,57.56],[-95.67,58.63],[-95.59,58.72],[-95.25,58.8],[-95.08,59.02],[-94.97,59.39],[-95.09,59.58],[-94.87,59.76],[-94.96,59.91],[-94.93,60],[-95.34,60.25],[-95.66,60.87],[-96.08,61.04],[-96.2,61.15],[-96.09,61.17],[-96.16,61.23],[-96.09,61.27],[-96.63,61.62],[-96.62,61.7],[-96.38,61.77],[-96.82,61.82],[-96.97,62.02],[-96.61,62.31],[-96.23,62.27],[-96.42,62.49],[-96.19,62.59],[-96.54,62.74],[-96.86,62.77],[-96.97,62.89],[-97.21,62.93],[-97.44,63.08],[-97.61,62.95],[-98.36,63.02],[-99.98,62.82],[-100.37,62.62],[-100.63,62.85],[-100.86,62.79],[-100.96,62.65],[-101.21,62.56],[-101.58,62.6],[-101.97,62.84],[-102.46,62.65],[-103.02,62.84],[-103.05,62.9],[-102.92,62.98],[-102.89,63.09],[-103.07,63.21],[-103.62,63.18],[-104.21,63.32],[-104.03,63.46],[-104.09,63.57],[-103.98,63.6],[-104.07,63.64],[-103.91,63.81],[-103.26,63.99],[-102.81,64.34],[-102.97,64.45],[-103.53,64.39]]]}},{"type":"Feature","properties":{"code":"3.4.2","name":"La Grande Hills and New Quebec Central Plateau"},"geometry":{"type":"MultiPolygon","coordinates":[[[[-78.73,52.4],[-78.76,52.45],[-78.84,52.42],[-78.73,52.4]]],[[[-78.49,52.26],[-78.51,52.45],[-78.58,52.25],[-78.49,52.26]]],[[[-79.49,54.16],[-79.43,54.18],[-79.51,54.16],[-79.49,54.16]]],[[[-79.24,54.88],[-79.01,54.93],[-79.6,54.86],[-79.77,54.76],[-79.24,54.88]]],[[[-77.64,55.43],[-77.47,55.48],[-77.2,55.65],[-77.64,55.43]]],[[[-77.22,55.74],[-77.18,55.77],[-77.22,55.77],[-77.22,55.74]]],[[[-76.78,56.1],[-76.71,56.13],[-76.77,56.18],[-76.78,56.1]]],[[[-76.75,56.28],[-76.67,56.3],[-76.68,56.35],[-76.75,56.28]]],[[[-76.64,56.43],[-76.65,56.47],[-76.7,56.45],[-76.64,56.43]]],[[[-76.66,56.54],[-76.62,56.6],[-76.65,56.78],[-76.66,56.54]]],[[[-70.14,58.76],[-70.53,58.48],[-70.93,58.4],[-71.41,58.19],[-71.83,58.27],[-71.87,58.39],[-72.34,58.37],[-72.4,58.44],[-72.66,58.47],[-73.21,58.37],[-73.23,58.16],[-74.37,58.18],[-75.23,58.29],[-75.18,58.26],[-75.31,58.23],[-75.12,58.13],[-75.26,58.09],[-75.68,58.46],[-76.01,58.46],[-76.12,58.28],[-75.88,58.09],[-75.91,58.04],[-76.26,58.12],[-76.43,57.97],[-76.29,57.86],[-76.4,57.74],[-76.13,57.62],[-76.45,57.38],[-76.46,57.23],[-76.38,57.2],[-76.4,56.54],[-76.54,56.64],[-76.55,56.31],[-76.72,56.03],[-77.21,55.61],[-77.78,55.27],[-78.34,55.03],[-79.73,54.64],[-79.55,54.61],[-79.5,54.37],[-79.29,54.23],[-79.4,54.18],[-79.08,54.16],[-79.06,54.1],[-79.15,54.08],[-78.97,54],[-79.13,53.94],[-78.95,53.82],[-79.07,53.79],[-79.07,53.59],[-78.9,53.55],[-79.12,53.49],[-78.93,53.4],[-78.98,53.32],[-78.9,53.22],[-78.99,53.02],[-78.82,52.96],[-78.89,52.89],[-78.74,52.85],[-78.73,52.78],[-78.85,52.74],[-78.72,52.67],[-78.77,52.55],[-78.6,52.52],[-78.61,52.6],[-78.44,52.65],[-78.65,52.75],[-78.3,52.85],[-78.12,52.73],[-78.18,52.63],[-77.41,52.87],[-77.22,52.76],[-77.21,52.61],[-77.07,52.6],[-77.09,52.65],[-76.97,52.69],[-76.87,52.63],[-75.92,52.88],[-76.11,52.65],[-76.06,52.51],[-76.29,52.42],[-75.89,52.36],[-75.93,52.3],[-75.65,52.11],[-74.92,52.19],[-74.06,52.04],[-73.29,52.27],[-73.25,52.37],[-72.86,52.41],[-72.87,52.17],[-72.69,52.19],[-72.79,52.01],[-72.47,51.95],[-72,52.3],[-70.21,52.47],[-70.16,52.55],[-70.27,52.82],[-69.53,52.91],[-69.26,52.81],[-68.7,52.9],[-67.87,52.75],[-67.71,52.8],[-67.74,52.99],[-67.61,53.06],[-66.96,53.11],[-66.96,53.3],[-67.02,53.33],[-66.74,53.31],[-66.62,53.6],[-66.57,53.9],[-66.63,54.28],[-66.73,54.46],[-67.44,55.07],[-67.8,55.25],[-67.86,55.46],[-68.2,55.81],[-68.63,56.06],[-69.23,56.21],[-69.21,56.38],[-69.34,56.49],[-69.33,56.64],[-69.59,56.71],[-69.11,56.93],[-69.24,57.01],[-69.62,56.99],[-69.77,57.24],[-69.47,57.39],[-69.64,57.6],[-69.83,57.51],[-69.88,57.39],[-70.02,57.49],[-70.16,57.48],[-70.11,57.79],[-70.27,58.42],[-70.04,58.57],[-70.11,58.58],[-70.07,58.7],[-70.2,58.73],[-70.14,58.76]]]]}},{"type":"Feature","properties":{"code":"3.4.3","name":"Smallwood Uplands"},"geometry":{"type":"MultiPolygon","coordinates":[[[[-55.75,52.28],[-55.97,52.34],[-56.04,52.2],[-55.83,52.17],[-55.96,52.03],[-55.69,52.08],[-55.75,52.19],[-55.62,52.21],[-55.75,52.28]]],[[[-55.61,52.24],[-55.58,52.27],[-55.65,52.27],[-55.61,52.24]]],[[[-55.72,52.46],[-56.1,52.49],[-55.9,52.35],[-55.63,52.36],[-55.62,52.44],[-55.72,52.46]]],[[[-55.75,52.55],[-55.7,52.56],[-56,52.58],[-55.75,52.55]]],[[[-55.76,52.61],[-55.76,52.69],[-55.95,52.69],[-56.07,52.57],[-55.98,52.56],[-55.97,52.65],[-55.76,52.61]]],[[[-55.82,52.72],[-55.79,52.77],[-55.88,52.78],[-55.82,52.72]]],[[[-55.85,53.01],[-55.74,53.07],[-55.85,53.08],[-55.85,53.01]]],[[[-56.94,53.74],[-56.8,53.79],[-56.99,53.81],[-56.94,53.74]]],[[[-55.75,53.45],[-55.98,53.46],[-55.77,53.4],[-55.81,53.42],[-55.75,53.45]]],[[[-56.63,53.66],[-56.41,53.75],[-56.86,53.71],[-56.24,53.51],[-56.15,53.35],[-55.97,53.31],[-56.03,53.09],[-55.89,53.09],[-55.96,52.96],[-55.83,52.91],[-55.91,53.03],[-55.75,53.13],[-55.73,53.25],[-55.82,53.24],[-55.85,53.37],[-56.25,53.55],[-56,53.49],[-55.97,53.55],[-56.63,53.66]]],[[[-57.39,54.14],[-57.93,54.21],[-57.06,53.81],[-57.39,54.14]]],[[[-57.3,54.24],[-57.28,54.29],[-57.34,54.27],[-57.3,54.24]]],[[[-60.18,55.29],[-60.11,55.38],[-60.18,55.35],[-60.18,55.29]]],[[[-57.42,54.46],[-57.86,54.39],[-57.63,54.37],[-57.42,54.46]]],[[[-60.05,55.32],[-59.95,55.4],[-60.07,55.34],[-60.05,55.32]]],[[[-58.82,54.97],[-58.78,55.03],[-58.81,55.03],[-58.82,54.97]]],[[[-58.65,54.94],[-58.69,55.01],[-58.75,54.91],[-58.65,54.94]]],[[[-57.2,54.45],[-57.21,54.5],[-57.29,54.46],[-57.2,54.45]]],[[[-57.34,54.49],[-57.25,54.51],[-57.25,54.58],[-57.34,54.49]]],[[[-59.32,55.29],[-59.3,55.3],[-59.35,55.31],[-59.32,55.29]]],[[[-60.74,55.87],[-60.66,55.91],[-61.05,55.94],[-61.02,55.87],[-60.74,55.87]]],[[[-60.92,55.96],[-60.82,56],[-60.88,56],[-60.92,55.96]]],[[[-60.3,55.78],[-60.29,55.84],[-60.36,55.82],[-60.3,55.78]]],[[[-61.08,56.16],[-61.23,56.05],[-60.95,56.01],[-61.08,56.16]]],[[[-61.05,56.23],[-61.24,56.24],[-61.1,56.22],[-61.05,56.23]]],[[[-61.63,56.33],[-61.42,56.32],[-61.47,56.4],[-61.79,56.4],[-61.63,56.33]]],[[[-61.23,56.36],[-61.2,56.38],[-61.36,56.36],[-61.23,56.36]]],[[[-61.36,56.52],[-61.61,56.55],[-61.65,56.48],[-61.15,56.44],[-61.36,56.52]]],[[[-61.08,56.64],[-61.16,56.69],[-61.25,56.62],[-61.08,56.64]]],[[[-61.1,56.82],[-61.17,56.85],[-61.22,56.81],[-61.1,56.82]]],[[[-61.37,56.66],[-61.47,56.81],[-61.37,56.84],[-61.38,56.92],[-61.47,56.95],[-61.61,56.88],[-61.72,56.67],[-61.39,56.61],[-61.37,56.66]]],[[[-61.49,57.23],[-61.46,57.26],[-61.5,57.28],[-61.49,57.23]]],[[[-61.64,57.36],[-61.78,57.32],[-61.62,57.31],[-61.64,57.36]]],[[[-61.53,57.41],[-61.5,57.42],[-61.57,57.45],[-61.53,57.41]]],[[[-61.61,57.4],[-61.68,57.45],[-61.65,57.53],[-61.84,57.46],[-61.78,57.53],[-61.83,57.57],[-62.04,57.54],[-61.86,57.41],[-61.61,57.4]]],[[[-61.45,57.49],[-61.48,57.52],[-61.51,57.49],[-61.45,57.49]]],[[[-61.68,57.63],[-61.67,57.68],[-61.73,57.67],[-61.68,57.63]]],[[[-62.08,57.82],[-62.25,57.85],[-61.98,57.72],[-62.41,57.61],[-62.79,57.81],[-62.81,57.74],[-63.03,57.73],[-62.95,57.68],[-63.21,57.69],[-63.34,57.78],[-63.44,57.65],[-63.41,57.57],[-64.06,57.41],[-63.94,57.18],[-64.25,57.17],[-64.42,57.02],[-64.76,56.97],[-64.8,56.85],[-64.74,56.89],[-64.76,56.82],[-64.56,56.62],[-64.54,56.48],[-64.64,56.24],[-64.9,56.11],[-64.91,55.91],[-65.21,55.83],[-65.23,55.55],[-65.33,55.49],[-65.21,55.42],[-65.12,55.19],[-65.38,54.96],[-65.41,54.78],[-65.35,54.68],[-65.41,54.52],[-65.72,54.52],[-65.83,54.46],[-65.89,54.57],[-65.83,54.69],[-65.97,54.82],[-65.85,54.8],[-65.84,54.92],[-66.26,54.98],[-66.79,55.35],[-66.82,55.3],[-66.66,55.19],[-66.78,55.14],[-66.63,54.99],[-66.75,54.99],[-66.61,54.82],[-66.73,54.8],[-66.67,54.72],[-66.94,54.8],[-67.28,55.07],[-67.45,55.05],[-66.73,54.46],[-66.59,54.22],[-66.57,53.88],[-66.72,53.33],[-66.83,53.28],[-67.02,53.33],[-66.96,53.3],[-66.96,53.11],[-66.4,52.98],[-66.31,52.87],[-66.42,52.29],[-66.33,52.1],[-66.42,52.03],[-66.25,51.76],[-66.28,51.62],[-65.89,51.58],[-65.77,51.47],[-65.58,51.45],[-65.42,51.64],[-65.15,51.43],[-65.05,51.65],[-65.09,51.72],[-65.28,51.68],[-65.23,51.79],[-64.95,51.71],[-64.9,51.77],[-64.71,51.75],[-64.54,51.59],[-64.29,51.73],[-64.36,51.89],[-64.2,51.99],[-63.85,51.84],[-63.6,51.95],[-63.19,51.68],[-62.81,51.7],[-62.75,51.77],[-62.87,51.85],[-62.85,51.91],[-62.49,51.95],[-62.3,51.84],[-62.27,51.92],[-62.36,52],[-62.31,52.14],[-61.96,52.02],[-61.73,52.03],[-61.77,52.11],[-61.59,52.14],[-60.98,52.09],[-60.18,51.81],[-60.06,51.83],[-60.09,51.96],[-60.22,52.04],[-60.01,52.08],[-59.77,52.08],[-59.74,51.97],[-59.48,51.91],[-59.35,51.96],[-59.06,51.9],[-58.06,52.15],[-57.38,52.09],[-56.97,52.14],[-57.01,52.3],[-57.46,52.48],[-57.2,52.79],[-57.21,52.9],[-57.58,52.88],[-57.76,52.75],[-57.98,52.84],[-57.99,53.01],[-58.3,53.02],[-58.24,53.15],[-58.33,53.22],[-58.3,53.28],[-57.89,53.31],[-57.86,53.46],[-57.99,53.52],[-57.98,53.6],[-57.87,53.73],[-57.96,53.82],[-57.7,53.94],[-57.79,54.01],[-58.46,53.99],[-58.46,53.93],[-58.81,53.78],[-59.39,53.6],[-59.92,53.22],[-60.46,53.04],[-60.55,53.15],[-60.66,53.16],[-61.53,52.9],[-61.24,52.59],[-61.53,52.7],[-61.67,52.64],[-61.92,52.82],[-62.24,52.87],[-62.28,53.02],[-62.5,53.14],[-63.24,53.2],[-63.37,53.3],[-62.75,53.31],[-62.12,53.11],[-61.71,53.17],[-61.52,53.1],[-61.21,53.23],[-61.37,53.36],[-61.93,53.48],[-61.03,53.53],[-61.36,53.61],[-60.96,53.82],[-61.83,53.81],[-61.68,53.93],[-62.01,54.03],[-62.02,54.09],[-61.44,53.94],[-61.17,53.96],[-61.57,54.13],[-61.55,54.2],[-61.37,54.11],[-60.57,54],[-60.4,53.88],[-60.14,53.88],[-59.81,54.05],[-59.99,54.12],[-59.85,54.27],[-58.56,54.36],[-57.74,54.57],[-57.65,54.56],[-57.65,54.48],[-57.41,54.48],[-57.33,54.57],[-57.44,54.65],[-57.66,54.62],[-57.86,54.73],[-58.15,54.74],[-57.83,54.8],[-57.96,54.79],[-57.94,54.92],[-58.21,54.88],[-58.21,54.79],[-58.39,54.73],[-58.92,54.83],[-58.89,54.9],[-58.98,54.89],[-58.89,54.94],[-59.03,55.01],[-58.94,55.13],[-59.31,55.02],[-59.11,55.17],[-59.13,55.23],[-59.91,54.74],[-59.84,54.87],[-59.42,55.16],[-59.61,55.2],[-59.62,55.14],[-59.91,55.14],[-59.73,55.2],[-59.76,55.33],[-60.29,55.01],[-60.01,55.26],[-60.25,55.25],[-60.65,55.02],[-60.36,55.24],[-60.53,55.2],[-60.34,55.39],[-60.17,55.43],[-60.33,55.49],[-60.3,55.56],[-60.38,55.61],[-60.5,55.61],[-60.31,55.77],[-60.48,55.8],[-60.65,55.58],[-60.58,55.81],[-60.75,55.72],[-60.76,55.85],[-61.16,55.86],[-61.06,55.89],[-61.11,55.97],[-61.51,56.02],[-61.25,56.06],[-61.47,56.06],[-61.34,56.1],[-61.4,56.17],[-61.34,56.23],[-62.02,56.22],[-62.08,56.29],[-61.58,56.28],[-62.16,56.45],[-61.66,56.54],[-62.23,56.6],[-61.91,56.61],[-62.6,56.79],[-62.07,56.83],[-62.52,56.79],[-61.69,56.61],[-61.77,56.68],[-61.7,56.72],[-61.92,56.8],[-61.66,56.81],[-61.56,56.95],[-61.38,56.99],[-61.41,57.14],[-61.72,57.15],[-61.64,57.23],[-61.77,57.16],[-61.96,57.22],[-61.81,57.37],[-62.54,57.49],[-62.36,57.45],[-62.28,57.53],[-61.9,57.61],[-62.02,57.78],[-62.13,57.8],[-62.08,57.82]]],[[[-61.95,57.78],[-61.89,57.8],[-61.89,57.87],[-61.95,57.78]]],[[[-61.69,57.7],[-61.71,57.82],[-61.91,57.78],[-61.69,57.7]]],[[[-61.66,57.88],[-61.65,57.92],[-61.74,57.9],[-61.66,57.88]]]]}},{"type":"Feature","properties":{"code":"3.4.4","name":"Ungava Bay Basin and George Plateau"},"geometry":{"type":"MultiPolygon","coordinates":[[[[-67.5,58.36],[-67.6,58.39],[-67.68,58.3],[-67.5,58.36]]],[[[-69.86,59.29],[-70.07,59.34],[-70.35,59.25],[-70.27,59.21],[-70.3,59.13],[-70.02,58.96],[-70.11,58.91],[-70.02,58.8],[-69.8,58.86],[-69.85,59.06],[-69.69,58.95],[-69.66,58.79],[-69.55,58.81],[-69.76,59.23],[-69.86,59.29]]],[[[-66.01,58.95],[-65.94,58.97],[-66.05,58.97],[-66.01,58.95]]],[[[-65.26,59.24],[-65.17,59.34],[-65.37,59.48],[-65.52,59.48],[-65.33,59.25],[-65.57,59.38],[-65.47,59.14],[-65.74,59.27],[-65.64,59.08],[-65.42,59.06],[-65.69,59.06],[-65.79,59.02],[-65.66,58.95],[-65.86,58.99],[-66,58.91],[-65.8,58.87],[-65.84,58.83],[-66,58.87],[-66.1,58.79],[-65.87,58.6],[-66.03,58.36],[-65.97,58.29],[-66.11,58.34],[-65.93,58.62],[-66.38,58.85],[-66.66,58.54],[-66.62,58.49],[-66.81,58.5],[-66.86,58.43],[-66.96,58.48],[-67.1,58.36],[-67.46,58.3],[-67.64,58.17],[-67.64,58.02],[-67.69,58],[-67.65,58.26],[-67.75,58.31],[-67.75,58.46],[-67.81,58.47],[-67.83,58.28],[-68.13,58.08],[-67.87,58.33],[-68.01,58.58],[-68.18,58.49],[-68.15,58.41],[-68.29,58.11],[-68.7,58],[-68.37,58.12],[-68.22,58.43],[-68.35,58.78],[-68.61,58.9],[-69.37,58.87],[-69.81,58.59],[-69.87,58.64],[-69.78,58.71],[-69.93,58.69],[-69.91,58.78],[-70.07,58.69],[-70.11,58.58],[-70.06,58.53],[-70.27,58.42],[-70.11,57.79],[-70.16,57.48],[-70.02,57.49],[-69.91,57.38],[-69.77,57.56],[-69.61,57.58],[-69.47,57.39],[-69.77,57.24],[-69.63,57],[-69.24,57.01],[-69.11,56.93],[-69.59,56.71],[-69.33,56.64],[-69.34,56.49],[-69.21,56.38],[-69.23,56.21],[-68.63,56.06],[-68.2,55.81],[-67.86,55.46],[-67.8,55.25],[-67.48,55.07],[-67.28,55.07],[-66.94,54.8],[-66.68,54.71],[-66.73,54.8],[-66.61,54.82],[-66.75,54.99],[-66.63,54.99],[-66.78,55.14],[-66.66,55.19],[-66.82,55.3],[-66.79,55.35],[-66.26,54.98],[-65.84,54.92],[-65.85,54.8],[-65.97,54.82],[-65.83,54.69],[-65.89,54.57],[-65.83,54.46],[-65.72,54.52],[-65.41,54.52],[-65.35,54.68],[-65.41,54.78],[-65.38,54.96],[-65.12,55.19],[-65.21,55.42],[-65.33,55.49],[-65.23,55.55],[-65.21,55.83],[-64.91,55.91],[-64.9,56.11],[-64.64,56.24],[-64.54,56.48],[-64.79,56.93],[-64.42,57.02],[-64.25,57.17],[-63.92,57.21],[-64.07,57.44],[-64.35,57.2],[-64.59,57.23],[-64.53,57.8],[-64.74,58.09],[-65.1,58.34],[-64.92,58.41],[-64.89,58.54],[-65.07,58.65],[-65.39,58.69],[-65.26,58.77],[-65.36,59],[-65.23,59.07],[-65.26,59.24]]]]}},{"type":"Feature","properties":{"code":"3.4.5","name":"Coppermine River and Tazin Lake Uplands"},"geometry":{"type":"Polygon","coordinates":[[[-116.08,66.76],[-116.75,67],[-117.17,66.95],[-117.89,66.47],[-117.84,66.43],[-117.93,66.4],[-117.54,66.49],[-117.42,66.41],[-117.79,66.05],[-117.73,65.99],[-117.82,66.02],[-118,65.88],[-118.22,65.92],[-118.5,65.74],[-118.64,65.57],[-118.56,65.46],[-118.46,65.47],[-118.53,65.42],[-118.49,65.29],[-118.88,65.21],[-118.65,65.11],[-118.6,65.06],[-118.7,65.05],[-118.61,65],[-118.67,64.96],[-118.52,64.84],[-118.21,64.78],[-118.34,64.75],[-118.19,64.71],[-118.29,64.67],[-118.1,64.68],[-118.16,64.57],[-117.9,64.5],[-117.41,64.22],[-117.28,64.03],[-117.1,63.99],[-117.18,63.93],[-117.12,63.9],[-117.14,63.74],[-116.74,63.48],[-116.4,63.38],[-116.33,63.07],[-116.39,62.99],[-116.17,62.87],[-116.24,62.8],[-116.09,62.82],[-116.15,62.78],[-116.06,62.78],[-116.07,62.72],[-115.77,62.52],[-115.35,62.52],[-115.34,62.28],[-114.97,62.09],[-113.17,61.51],[-112.73,61.45],[-112.77,61.39],[-112.58,61.09],[-112.59,60.97],[-112.25,60.72],[-112.22,60.58],[-111.94,60.64],[-111.94,60.4],[-111.84,60.4],[-111.47,60.04],[-111.49,59.86],[-111.37,59.59],[-111.41,59.4],[-111.31,59.31],[-111.4,59.26],[-111.32,59.18],[-111.44,58.89],[-111.11,58.81],[-111.08,58.72],[-110.59,59.11],[-109.89,59.36],[-109.77,59.51],[-109.23,59.65],[-109.09,59.54],[-108.81,59.53],[-108.96,59.41],[-108.9,59.39],[-108.11,59.52],[-106.58,59.31],[-106.04,59.34],[-106.19,59.29],[-105.36,59.15],[-104.18,59.09],[-103.96,59.18],[-103.94,59.23],[-104.09,59.25],[-103.97,59.33],[-104,59.43],[-104.32,59.53],[-104.71,59.51],[-104.75,59.65],[-104.96,59.67],[-104.97,59.73],[-105.36,59.64],[-105.74,59.72],[-106.3,59.69],[-106.42,59.79],[-106.68,59.64],[-106.74,59.77],[-106.85,59.82],[-107.97,59.83],[-107.7,60],[-108.07,60.14],[-108.17,60.47],[-108.2,60.73],[-108,60.97],[-108.02,61.1],[-108.15,61.24],[-108.45,61.38],[-108.7,61.85],[-109.37,62.19],[-109.39,62.34],[-108.93,62.37],[-108.16,62.6],[-107.77,62.51],[-107.45,62.53],[-107.32,62.49],[-107.34,62.41],[-106.26,62.18],[-106.24,62.36],[-106.34,62.41],[-106.14,62.52],[-106.22,62.58],[-106.14,62.77],[-106.19,62.79],[-106.04,62.86],[-106.19,63.07],[-105.71,63.26],[-105.73,63.57],[-105.44,63.87],[-107.39,63.81],[-107.64,63.86],[-107.63,63.95],[-108.03,64.05],[-108.56,64.04],[-109.18,63.69],[-109.82,63.62],[-109.85,63.68],[-109.55,63.83],[-109.46,63.98],[-109.75,64.2],[-109.98,64.25],[-110.46,64.04],[-110.9,64.16],[-111.36,64.15],[-111.7,64.36],[-112.17,64.23],[-112.37,64.28],[-112.3,64.47],[-112.35,64.57],[-112.71,64.74],[-112.65,64.99],[-113.15,65],[-113.26,65.13],[-113.07,65.44],[-113.8,65.86],[-113.96,66.08],[-114.9,66.62],[-115.84,66.82],[-116.08,66.76]]]}},{"type":"Feature","properties":{"code":"4.1.1","name":"Coastal Hudson Bay Lowland"},"geometry":{"type":"MultiPolygon","coordinates":[[[[-87.59,56.01],[-87.48,56.03],[-87.57,56.06],[-87.59,56.01]]],[[[-89.77,56.97],[-90.5,57.2],[-91.02,57.26],[-92.33,56.97],[-92.21,57.07],[-92.42,57.06],[-92.75,56.92],[-92.21,56.94],[-91.73,56.74],[-91.25,56.8],[-90.38,56.71],[-89.76,56.53],[-89.39,56.39],[-89.57,56.32],[-89.5,56.26],[-89.56,56.23],[-89.04,56.04],[-88.82,55.72],[-88.24,55.62],[-88.11,55.45],[-88.1,55.25],[-87.83,55.14],[-87.39,55.05],[-87.4,55.19],[-87.26,55.31],[-86.89,55.21],[-86.73,55.38],[-86.6,55.36],[-86.54,55.24],[-86.66,55],[-86.31,54.73],[-85.53,54.85],[-85.28,55.1],[-84.8,55.1],[-84.07,54.84],[-84,54.68],[-83.39,54.62],[-83.15,54.48],[-83.2,54.54],[-83.09,54.53],[-83.22,54.64],[-83.19,54.72],[-82.84,54.76],[-82.61,54.65],[-82.61,54.52],[-82.37,54.43],[-82.2,54.8],[-82.25,55.11],[-82.35,55.16],[-82.31,55.06],[-82.68,55.18],[-82.87,55.14],[-82.97,55.22],[-83.35,55.2],[-83.91,55.3],[-85.21,55.23],[-85.13,55.33],[-85.91,55.65],[-86.91,55.91],[-87.61,55.99],[-87.57,56.07],[-87.97,56.46],[-88.66,56.7],[-88.83,56.84],[-89.77,56.97]]],[[[-94.43,58.71],[-94.6,58.95],[-94.75,59.02],[-94.94,58.71],[-95.08,59.02],[-95.25,58.8],[-95.59,58.72],[-95.67,58.63],[-94.93,58.04],[-94.51,57.84],[-94.15,57.56],[-94.17,57.69],[-93.97,57.7],[-93.85,57.57],[-93.59,57.55],[-93.28,57.15],[-93.16,57.11],[-93.08,57.21],[-93.09,57.02],[-92.79,56.93],[-92.54,57.12],[-92.45,57.26],[-92.46,57.45],[-93.12,58.49],[-93.19,58.76],[-94.17,58.78],[-94.26,58.59],[-94.26,58.41],[-94.32,58.55],[-94.21,58.68],[-94.23,58.8],[-94.43,58.71]]]]}},{"type":"Feature","properties":{"code":"4.1.2","name":"Hudson Bay and James Bay Lowlands"},"geometry":{"type":"MultiPolygon","coordinates":[[[[-79.28,51.75],[-79.19,51.78],[-79.23,51.78],[-79.28,51.75]]],[[[-81.49,52.26],[-81.69,52.24],[-81.47,52.23],[-81.49,52.26]]],[[[-79.21,51.99],[-79.21,52.02],[-79.24,52],[-79.21,51.99]]],[[[-79.31,51.99],[-79.26,52.07],[-79.36,52.1],[-79.65,51.97],[-79.61,51.91],[-79.24,51.96],[-79.31,51.99]]],[[[-78.95,52.09],[-79.11,52.09],[-78.96,52.07],[-78.95,52.09]]],[[[-79.49,52.24],[-79.37,52.24],[-79.45,52.26],[-79.49,52.24]]],[[[-79.59,52.55],[-79.66,52.53],[-79.55,52.54],[-79.59,52.55]]],[[[-79.17,52.52],[-79.15,52.57],[-79.18,52.57],[-79.17,52.52]]],[[[-80.95,53.07],[-81.38,53.22],[-81.89,53.15],[-82.05,53.01],[-80.71,52.67],[-80.67,52.79],[-80.95,53.07]]],[[[-79.83,53.08],[-79.82,53.17],[-79.92,53.15],[-79.93,53.08],[-79.83,53.08]]],[[[-80.01,53.39],[-80.1,53.34],[-80.06,53.23],[-79.94,53.26],[-79.91,53.35],[-80.01,53.39]]],[[[-94.16,57.57],[-94.93,58.04],[-94.35,57.56],[-94.17,57.23],[-94.28,57.16],[-94.28,56.96],[-94.36,56.86],[-94.84,56.62],[-94.39,56.55],[-94.6,56.38],[-94.02,56.25],[-93.96,56.08],[-93.73,56.09],[-93.82,55.96],[-93.75,55.91],[-92.83,55.95],[-92.77,55.91],[-92.86,55.8],[-92.42,55.77],[-92.46,55.64],[-92.66,55.59],[-92.48,55.44],[-92.5,55.38],[-93.04,55.34],[-92.89,55.29],[-92.86,55.17],[-92.67,55.13],[-92.4,55.26],[-92.4,55.07],[-92.2,55.05],[-92.17,54.92],[-91.03,55.01],[-90.8,54.86],[-90.14,54.69],[-89.67,54.76],[-89.33,54.69],[-89.21,54.59],[-89.16,54.37],[-88.79,54.32],[-88.74,54.17],[-87.92,53.93],[-87.77,53.76],[-87.4,53.61],[-86.97,53.23],[-86.93,53.01],[-86.74,53.07],[-86.68,52.86],[-86.74,52.72],[-86.64,52.66],[-86.62,52.45],[-86.69,52.39],[-86.59,52.18],[-86.64,52.16],[-86.31,52.16],[-86.43,52.11],[-86.32,51.89],[-86.34,51.63],[-86.48,51.48],[-86.19,51.35],[-86.07,51.21],[-86.14,51.14],[-85.92,50.91],[-85.67,50.88],[-85.87,50.73],[-85.87,50.47],[-85.24,50.2],[-85.03,50.16],[-84.58,50.29],[-84.31,50.06],[-83.75,50.11],[-82.81,50.04],[-82.73,50.11],[-82.21,50.14],[-82.14,50.23],[-82.15,50.15],[-81.7,50.15],[-81.21,50.4],[-80.67,50.39],[-80.63,50.28],[-80.2,50.49],[-79.72,50.4],[-79.29,50.16],[-79.13,50.22],[-79.01,50.43],[-78.13,50.71],[-77.7,51.13],[-77.29,51.23],[-77.41,51.49],[-76.26,51.82],[-76.21,51.94],[-76.06,51.98],[-76.15,52.17],[-75.83,52.24],[-75.93,52.3],[-75.89,52.36],[-76.3,52.44],[-76.06,52.51],[-76.11,52.65],[-75.92,52.88],[-76.87,52.63],[-76.97,52.69],[-77.09,52.65],[-77.07,52.6],[-77.21,52.61],[-77.22,52.76],[-77.41,52.87],[-78.13,52.63],[-78.18,52.63],[-78.12,52.73],[-78.32,52.84],[-78.65,52.75],[-78.44,52.65],[-78.63,52.57],[-78.49,52.42],[-78.5,52.25],[-78.7,51.99],[-78.9,51.92],[-78.84,51.84],[-79.04,51.77],[-78.77,51.49],[-78.9,51.39],[-78.92,51.23],[-78.86,51.17],[-78.95,51.21],[-78.99,51.47],[-79.1,51.53],[-79.27,51.51],[-79.23,51.65],[-79.31,51.66],[-79.74,51.38],[-79.74,51.13],[-80.13,51.29],[-80.52,51.3],[-80.44,51.44],[-80.65,51.77],[-80.99,52.01],[-81.37,52.1],[-81.5,52.22],[-81.7,52.22],[-81.53,52.32],[-81.59,52.45],[-82.29,52.95],[-82.27,53.14],[-82.12,53.26],[-82.22,53.58],[-82.13,53.82],[-82.43,54.21],[-82.37,54.43],[-82.61,54.52],[-82.61,54.65],[-82.81,54.74],[-83.19,54.72],[-83.22,54.64],[-83.09,54.53],[-83.2,54.54],[-83.18,54.48],[-83.39,54.62],[-84,54.68],[-84.07,54.84],[-84.68,55.07],[-85.13,55.1],[-85.38,55.04],[-85.53,54.85],[-86.35,54.74],[-86.66,55],[-86.54,55.24],[-86.6,55.36],[-86.73,55.38],[-86.89,55.21],[-87.26,55.31],[-87.4,55.19],[-87.39,55.05],[-87.83,55.14],[-88.1,55.25],[-88.11,55.45],[-88.24,55.62],[-88.82,55.72],[-89.04,56.04],[-89.56,56.23],[-89.5,56.26],[-89.57,56.32],[-89.39,56.39],[-89.74,56.53],[-90.38,56.71],[-91.25,56.8],[-91.73,56.74],[-92.21,56.94],[-92.8,56.92],[-93.09,57.02],[-93.08,57.21],[-93.16,57.11],[-93.28,57.15],[-93.63,57.57],[-93.85,57.57],[-93.97,57.7],[-94.17,57.69],[-94.16,57.57]]]]}},{"type":"Feature","properties":{"code":"5.1.1","name":"Athabasca Plain and Churchill River Upland"},"geometry":{"type":"Polygon","coordinates":[[[-109.09,59.54],[-109.23,59.65],[-109.77,59.51],[-109.89,59.36],[-110.59,59.11],[-110.85,58.85],[-111.12,58.72],[-110.81,58.64],[-110.67,58.54],[-110.66,58.42],[-110.77,58.34],[-110.84,58.13],[-111.16,58.05],[-111.17,57.94],[-110.24,57.92],[-110.06,57.88],[-110,57.76],[-109.15,57.73],[-109.09,57.61],[-109.14,57.49],[-108.94,57.28],[-108.98,56.84],[-108.21,56.18],[-107.92,56.24],[-107.63,55.93],[-107.23,55.74],[-105.91,55.35],[-105.14,54.98],[-104.03,54.87],[-103.71,54.7],[-102.72,54.67],[-102.31,54.51],[-99.52,54.69],[-99.11,54.53],[-99,55.05],[-98.82,55.06],[-99,55.18],[-99.01,55.29],[-98.8,55.4],[-98.61,55.39],[-98.46,55.64],[-98.1,55.68],[-98.22,55.88],[-98.12,55.99],[-97.36,56.08],[-97.36,56.01],[-97.12,56.04],[-97.36,55.96],[-96.85,55.93],[-96.57,56.21],[-96.15,56.38],[-96.05,56.51],[-94.96,56.62],[-95.92,56.62],[-96.67,56.74],[-96.81,56.8],[-96.88,56.98],[-97.34,57.16],[-99.27,57.15],[-99.56,57.26],[-99.76,57.45],[-99.93,57.47],[-100.03,57.36],[-100.26,57.33],[-100.54,57.65],[-101.5,57.63],[-101.63,57.68],[-101.61,57.87],[-102.69,57.99],[-102.94,58.14],[-102.86,58.37],[-102.93,58.45],[-103.34,58.48],[-103.71,58.6],[-103.76,58.89],[-103.96,59.05],[-104.67,59.16],[-105.36,59.15],[-106.19,59.29],[-106.04,59.34],[-106.58,59.31],[-108.11,59.52],[-108.9,59.39],[-108.96,59.41],[-108.81,59.53],[-109.09,59.54]]]}},{"type":"Feature","properties":{"code":"5.1.2","name":"Lake Nipigon and Lac Seul Upland"},"geometry":{"type":"MultiPolygon","coordinates":[[[[-88.59,48.41],[-88.64,48.41],[-88.64,48.36],[-88.59,48.41]]],[[[-86.95,48.66],[-87.06,48.64],[-86.99,48.62],[-86.95,48.66]]],[[[-87.46,48.76],[-87.46,48.78],[-87.52,48.8],[-87.46,48.76]]],[[[-87.59,48.75],[-87.74,48.83],[-87.74,48.74],[-87.59,48.75]]],[[[-87.79,48.85],[-88.08,48.82],[-88.07,48.7],[-87.82,48.73],[-87.79,48.85]]],[[[-88.01,48.9],[-88.03,48.94],[-88.09,48.93],[-88.01,48.9]]],[[[-97.32,53.49],[-97.84,53.61],[-97.46,53.24],[-97.46,53],[-97,52.42],[-97.06,52.25],[-96.78,52.01],[-96.77,51.91],[-96.64,51.87],[-96.69,51.76],[-96.27,51.28],[-96.39,51.11],[-96.24,50.69],[-96.33,50.67],[-96,50.41],[-95.38,50.43],[-95.08,50.22],[-94.94,50.35],[-94.61,50.36],[-94.27,50.15],[-93.67,50.1],[-93.48,49.94],[-92.72,49.92],[-92.56,50.05],[-92.25,50.05],[-92.11,50.14],[-91.91,50.09],[-91.48,49.84],[-91.24,49.53],[-91.13,49.49],[-91.14,49.37],[-91.26,49.3],[-90.85,49.03],[-90.76,48.84],[-90.5,48.81],[-89.91,48.54],[-89.86,48.76],[-89.46,48.57],[-88.76,48.57],[-88.94,48.3],[-88.75,48.35],[-88.49,48.84],[-88.3,48.75],[-88.55,48.54],[-88.55,48.42],[-88.44,48.55],[-88.3,48.58],[-88.34,48.65],[-88.24,48.58],[-88.1,48.69],[-88.26,48.98],[-88.06,49],[-87.27,48.75],[-86.7,48.8],[-86.31,48.68],[-86.34,48.86],[-86.15,49.04],[-86.11,49.23],[-86.25,49.36],[-86.2,49.62],[-86.03,49.73],[-85.73,49.75],[-85.92,49.79],[-85.88,49.88],[-86.04,49.96],[-85.79,50.16],[-86.35,50.35],[-86.26,50.47],[-86.78,50.21],[-86.83,50.3],[-87.14,50.31],[-87.04,50.4],[-87.33,50.47],[-87.26,50.55],[-87.42,50.47],[-87.45,50.54],[-87.59,50.52],[-87.23,50.75],[-87.29,50.81],[-87.23,50.85],[-87.32,50.83],[-87.38,50.92],[-87.76,51.04],[-87.76,51.11],[-88.08,50.92],[-88.07,51.06],[-88.54,51.31],[-88.71,51.21],[-88.64,51.38],[-88.86,51.33],[-88.9,51.25],[-88.96,51.39],[-88.93,51.55],[-89.07,51.58],[-89.27,51.48],[-89.03,51.68],[-89.61,51.76],[-89.6,51.83],[-89.9,51.87],[-89.87,51.96],[-90.65,52.3],[-91.37,52.43],[-91.47,52.37],[-91.45,52.3],[-91.67,52.29],[-91.42,52.51],[-91.45,52.62],[-91.54,52.63],[-91.5,52.68],[-91.94,52.86],[-92,52.78],[-92.25,52.85],[-92.19,52.89],[-92.4,52.97],[-92.38,53.02],[-92.59,52.96],[-92.65,53.09],[-93.03,52.95],[-93.33,52.95],[-93.46,52.84],[-93.52,52.9],[-93.2,53.03],[-93.47,52.96],[-93.4,52.99],[-93.69,53],[-93.93,52.9],[-93.76,52.89],[-93.91,52.74],[-94.33,52.79],[-95.08,53.13],[-95.72,53.18],[-96.1,53.36],[-97.32,53.49]]]]}},{"type":"Feature","properties":{"code":"5.1.3","name":"Central Laurentians and Mecatina Plateau"},"geometry":{"type":"MultiPolygon","coordinates":[[[[-69.77,47.8],[-69.71,47.86],[-69.69,47.9],[-69.77,47.8]]],[[[-66.29,50.16],[-66.3,50.12],[-66.27,50.13],[-66.29,50.16]]],[[[-62.71,49.66],[-64.15,49.94],[-64.52,49.86],[-63.83,49.64],[-63.57,49.38],[-63.11,49.23],[-62.25,49.06],[-61.82,49.06],[-61.67,49.13],[-61.9,49.35],[-62.18,49.39],[-62.71,49.66]]],[[[-63.85,50.19],[-63.88,50.24],[-63.92,50.22],[-63.85,50.19]]],[[[-60.1,50.17],[-60.06,50.18],[-60.13,50.17],[-60.1,50.17]]],[[[-59.82,50.37],[-59.77,50.4],[-59.8,50.41],[-59.82,50.37]]],[[[-59.4,50.57],[-59.45,50.58],[-59.49,50.54],[-59.4,50.57]]],[[[-59.29,50.58],[-59.38,50.62],[-59.35,50.52],[-59.29,50.58]]],[[[-59.21,50.62],[-59.26,50.67],[-59.3,50.67],[-59.21,50.62]]],[[[-59.09,50.77],[-59.13,50.77],[-59.09,50.73],[-59.09,50.77]]],[[[-58.85,50.78],[-58.85,50.82],[-58.87,50.79],[-58.85,50.78]]],[[[-58.9,50.92],[-58.88,50.97],[-58.91,50.97],[-58.9,50.92]]],[[[-58.77,51.01],[-58.67,51.11],[-58.8,51.05],[-58.77,51.01]]],[[[-58.43,51.16],[-58.57,51.16],[-58.65,51.11],[-58.43,51.16]]],[[[-58.4,51.23],[-58.41,51.27],[-58.57,51.22],[-58.4,51.23]]],[[[-58.53,54.05],[-58.36,54.11],[-58.49,54.1],[-58.53,54.05]]],[[[-57.14,53.65],[-57.02,53.71],[-57.13,53.7],[-57.14,53.65]]],[[[-57.67,54.57],[-59.23,54.27],[-59.85,54.27],[-59.99,54.12],[-59.81,54.05],[-60.14,53.88],[-60.4,53.88],[-60.57,54],[-61.37,54.11],[-61.55,54.2],[-61.57,54.13],[-61.17,53.96],[-61.44,53.94],[-62.02,54.09],[-62.01,54.03],[-61.68,53.93],[-61.83,53.81],[-60.96,53.82],[-61.36,53.61],[-61.03,53.53],[-61.93,53.48],[-61.34,53.35],[-61.21,53.21],[-61.36,53.14],[-61.8,53.17],[-62.04,53.1],[-62.75,53.31],[-63.37,53.3],[-63.24,53.2],[-62.5,53.14],[-62.28,53.02],[-62.24,52.87],[-61.92,52.82],[-61.67,52.64],[-61.53,52.7],[-61.24,52.59],[-61.53,52.9],[-60.66,53.16],[-60.55,53.15],[-60.46,53.04],[-59.92,53.22],[-59.39,53.6],[-58.81,53.78],[-58.46,53.93],[-58.46,53.99],[-57.79,54.01],[-57.7,53.94],[-57.96,53.82],[-57.87,53.73],[-57.98,53.6],[-57.99,53.52],[-57.86,53.46],[-57.89,53.31],[-58.3,53.28],[-58.33,53.22],[-58.24,53.15],[-58.3,53.02],[-57.99,53.01],[-57.98,52.84],[-57.76,52.75],[-57.58,52.88],[-57.21,52.9],[-57.2,52.79],[-57.46,52.48],[-57.01,52.3],[-56.97,52.14],[-57.38,52.09],[-58.06,52.15],[-59.06,51.9],[-59.35,51.96],[-59.48,51.91],[-59.74,51.97],[-59.77,52.08],[-60.01,52.08],[-60.22,52.04],[-60.09,51.96],[-60.06,51.83],[-60.18,51.81],[-60.98,52.09],[-61.59,52.14],[-61.77,52.11],[-61.73,52.03],[-61.96,52.02],[-62.31,52.14],[-62.36,52],[-62.27,51.92],[-62.3,51.84],[-62.49,51.95],[-62.83,51.92],[-62.88,51.86],[-62.76,51.79],[-62.78,51.71],[-63.18,51.68],[-63.6,51.95],[-63.85,51.84],[-64.2,51.99],[-64.36,51.89],[-64.29,51.73],[-64.54,51.59],[-64.71,51.75],[-64.9,51.77],[-64.95,51.71],[-65.23,51.79],[-65.28,51.68],[-65.09,51.72],[-65.05,51.65],[-65.17,51.42],[-65.42,51.64],[-65.58,51.45],[-65.77,51.47],[-65.89,51.58],[-66.28,51.62],[-66.25,51.76],[-66.42,52.03],[-66.33,52.1],[-66.42,52.29],[-66.31,52.87],[-66.4,52.98],[-67.1,53.13],[-67.61,53.06],[-67.74,52.99],[-67.71,52.8],[-67.87,52.75],[-68.7,52.9],[-69.26,52.81],[-69.53,52.91],[-70.09,52.86],[-70.27,52.82],[-70.16,52.55],[-70.22,52.47],[-70.08,52.41],[-70.18,52.25],[-69.87,52.13],[-69.91,52.09],[-70.2,52.13],[-70.41,52.03],[-70.53,52.11],[-70.6,52.06],[-70.54,52],[-71.31,51.84],[-71.4,51.69],[-71.55,51.79],[-71.61,51.72],[-71.7,51.8],[-71.82,51.77],[-71.82,51.9],[-71.88,51.89],[-71.99,51.58],[-72.26,51.53],[-72.36,51.31],[-73.33,50.79],[-73.42,50.63],[-73.55,50.62],[-73.56,50.51],[-73.45,50.53],[-73.58,50.39],[-73.65,50.44],[-73.78,50.27],[-73.71,50.25],[-73.72,50.13],[-74.01,50.07],[-74,49.89],[-74.18,49.79],[-74.14,49.73],[-74.28,49.67],[-74.36,49.52],[-74.17,49.47],[-74.06,49.3],[-73.75,49.26],[-73.74,49.19],[-73.52,49.31],[-73.28,49.25],[-73.16,49],[-72.87,48.72],[-72.14,48.49],[-71.88,48.33],[-70.84,48.15],[-70.12,48.23],[-70.04,48.12],[-70.14,47.99],[-69.98,47.81],[-70.12,47.68],[-69.9,47.77],[-69.74,48.13],[-69.99,48.26],[-69.7,48.14],[-69.44,48.31],[-69.24,48.58],[-69.15,48.57],[-69.07,48.77],[-68.64,48.94],[-68.57,49.06],[-68.19,49.1],[-68.27,49.17],[-68.13,49.27],[-67.37,49.32],[-67.22,49.47],[-67.14,49.8],[-67.03,49.82],[-66.91,50],[-66.45,50.13],[-66.53,50.2],[-66.45,50.26],[-66.36,50.18],[-66.12,50.18],[-65.95,50.28],[-64.44,50.31],[-63.3,50.22],[-62.77,50.29],[-61.87,50.22],[-61.8,50.12],[-61.58,50.18],[-61.74,50.08],[-60.2,50.27],[-60.15,50.19],[-59.82,50.31],[-59.87,50.36],[-59.81,50.42],[-59.57,50.47],[-59.12,50.78],[-59.01,50.73],[-58.97,51],[-58.89,51.04],[-58.89,50.98],[-58.56,51.17],[-58.65,51.21],[-58.48,51.29],[-58.12,51.28],[-57.74,51.46],[-57.69,51.41],[-57.26,51.49],[-57.2,51.4],[-56.96,51.42],[-56.68,51.63],[-55.89,51.96],[-55.97,52.06],[-55.83,52.18],[-56.04,52.2],[-55.95,52.35],[-56.18,52.43],[-55.97,52.38],[-56.09,52.54],[-56.18,52.54],[-55.95,52.69],[-56.17,52.82],[-56.01,52.78],[-55.8,52.84],[-55.96,52.96],[-55.89,53.09],[-56.03,53.09],[-55.96,53.3],[-56.15,53.35],[-56.24,53.51],[-56.91,53.73],[-57.29,53.46],[-57.32,53.59],[-57.42,53.62],[-57.12,53.73],[-57.11,53.79],[-57.93,54.21],[-58.17,54.23],[-58.4,54.13],[-57.77,54.07],[-58.14,54.09],[-58.82,53.95],[-59.06,53.79],[-59.01,53.71],[-59.31,53.69],[-59.58,53.53],[-59.9,53.53],[-59.86,53.5],[-60.02,53.35],[-60.24,53.28],[-60.43,53.27],[-60.2,53.32],[-60.36,53.36],[-60.02,53.44],[-60.04,53.5],[-60.97,53.73],[-60.53,53.71],[-60.11,53.54],[-60.08,53.76],[-59.04,53.95],[-58.93,54],[-59.06,54.02],[-58.98,54.04],[-58.61,54.04],[-58.38,54.22],[-59.38,54],[-59.58,54.03],[-58.23,54.25],[-58.09,54.31],[-58.27,54.3],[-58.17,54.36],[-57.63,54.45],[-57.67,54.57]]]]}},{"type":"Feature","properties":{"code":"5.1.4","name":"Newfoundland Island"},"geometry":{"type":"MultiPolygon","coordinates":[[[[-56.23,46.76],[-56.17,46.77],[-56.17,46.81],[-56.23,46.76]]],[[[-56.39,47.1],[-56.36,47.15],[-56.41,47.11],[-56.34,46.91],[-56.42,46.84],[-56.36,46.79],[-56.25,46.86],[-56.34,46.92],[-56.26,47.04],[-56.39,47.1]]],[[[-55.87,47.26],[-55.9,47.3],[-55.98,47.27],[-55.87,47.26]]],[[[-55.99,47.61],[-55.89,47.62],[-55.96,47.7],[-56.12,47.65],[-55.99,47.61]]],[[[-56.03,47.71],[-55.9,47.74],[-55.87,47.78],[-56.03,47.71]]],[[[-54.19,47.36],[-54.16,47.41],[-54.23,47.37],[-54.19,47.36]]],[[[-54.14,47.63],[-54.37,47.4],[-54.26,47.4],[-54.14,47.63]]],[[[-54.08,47.55],[-54.09,47.7],[-54.1,47.48],[-54.08,47.55]]],[[[-53.01,47.59],[-52.92,47.65],[-53,47.63],[-53.01,47.59]]],[[[-53.57,48.11],[-53.54,48.2],[-53.72,48.15],[-53.95,48.21],[-53.87,48.1],[-53.57,48.11]]],[[[-55.19,49.27],[-55.13,49.31],[-55.18,49.35],[-55.19,49.27]]],[[[-55.71,49.49],[-55.58,49.54],[-55.74,49.56],[-55.71,49.49]]],[[[-55.61,49.58],[-55.68,49.63],[-55.74,49.57],[-55.61,49.58]]],[[[-53.72,48.77],[-53.67,48.81],[-53.75,48.78],[-53.72,48.77]]],[[[-53.67,48.87],[-53.77,48.82],[-53.64,48.86],[-53.67,48.87]]],[[[-54.78,49.38],[-54.66,49.47],[-54.82,49.41],[-54.78,49.38]]],[[[-54.76,49.52],[-54.56,49.58],[-54.57,49.64],[-54.78,49.53],[-54.91,49.58],[-54.89,49.48],[-54.76,49.52]]],[[[-55.88,50.19],[-55.83,50.21],[-55.9,50.2],[-55.88,50.19]]],[[[-55.73,50.19],[-55.73,50.22],[-55.81,50.23],[-55.73,50.19]]],[[[-57.25,50.8],[-57.19,50.82],[-57.26,50.84],[-57.25,50.8]]],[[[-54.26,49.58],[-54.04,49.66],[-54.11,49.74],[-54.31,49.72],[-54.32,49.57],[-54.26,49.58]]],[[[-55.5,50.77],[-55.64,50.79],[-55.67,50.72],[-55.5,50.77]]],[[[-55.59,50.89],[-55.56,50.99],[-55.65,50.96],[-55.59,50.89]]],[[[-55.44,51.54],[-55.64,51.61],[-55.76,51.55],[-55.69,51.48],[-55.88,51.49],[-55.9,51.62],[-56.64,51.36],[-56.8,51.24],[-56.8,51.13],[-56.98,51.05],[-56.93,51],[-57.1,51.01],[-56.98,50.89],[-57.09,50.79],[-57.41,50.71],[-57.17,50.63],[-57.38,50.6],[-57.82,49.91],[-57.69,49.82],[-57.83,49.85],[-57.97,49.68],[-57.9,49.54],[-57.73,49.47],[-58,49.56],[-58.22,49.43],[-58.27,49.32],[-58.21,49.23],[-57.95,49.24],[-58.12,49.19],[-57.99,49.14],[-58.15,49.09],[-57.9,48.97],[-58.38,49.06],[-58.38,49.15],[-58.72,48.57],[-58.91,48.56],[-58.98,48.63],[-58.89,48.71],[-59.24,48.54],[-59.27,48.47],[-58.73,48.56],[-58.44,48.49],[-59.41,47.92],[-59.32,47.64],[-59.18,47.57],[-58.45,47.64],[-58.33,47.76],[-58.37,47.65],[-57.93,47.71],[-57.92,47.65],[-57.67,47.61],[-57.35,47.66],[-57.36,47.59],[-57.19,47.64],[-57.16,47.58],[-56.81,47.54],[-56.66,47.62],[-56.35,47.62],[-56.33,47.79],[-56.31,47.66],[-56.18,47.64],[-56.18,47.88],[-56.08,47.7],[-55.86,47.8],[-55.8,47.97],[-55.82,47.78],[-55.94,47.66],[-55.63,47.69],[-56.2,47.5],[-55.83,47.56],[-55.94,47.44],[-55.65,47.55],[-55.61,47.44],[-55.42,47.48],[-55.47,47.65],[-55.41,47.73],[-55.4,47.65],[-55.16,47.65],[-55.15,47.58],[-54.74,47.68],[-55.29,47.4],[-55.33,47.27],[-55.51,47.15],[-55.88,47.08],[-56,46.96],[-55.82,46.87],[-55.52,46.93],[-55.4,46.88],[-55.09,47.09],[-55.07,47.23],[-54.87,47.38],[-54.64,47.39],[-54.48,47.56],[-54.63,47.37],[-54.44,47.43],[-54.18,47.86],[-53.98,47.76],[-53.91,47.58],[-53.94,47.45],[-53.83,47.42],[-54.01,47.31],[-54.21,46.83],[-53.99,46.84],[-53.58,47.2],[-53.58,47.07],[-53.67,46.99],[-53.54,46.95],[-53.67,46.83],[-53.63,46.64],[-53.3,46.74],[-53.23,46.64],[-53.09,46.66],[-52.95,46.84],[-52.91,47.1],[-52.67,47.48],[-52.66,47.62],[-52.8,47.81],[-52.93,47.55],[-53.12,47.44],[-53.29,47.62],[-53.19,47.68],[-53.22,47.74],[-53.09,47.94],[-52.86,48.1],[-52.96,48.17],[-53.08,48.05],[-53.31,48.01],[-53.52,47.75],[-53.56,47.53],[-53.67,47.52],[-53.73,47.58],[-53.69,47.69],[-53.79,47.64],[-53.87,47.8],[-53.78,47.79],[-53.62,48.05],[-53.83,48],[-53.69,48.07],[-53.94,48.08],[-53.97,48.19],[-53.65,48.18],[-53.33,48.38],[-53.21,48.35],[-53.01,48.6],[-53.1,48.7],[-53.28,48.52],[-53.46,48.62],[-53.55,48.47],[-53.61,48.51],[-53.7,48.45],[-53.64,48.54],[-53.71,48.53],[-53.89,48.37],[-53.84,48.47],[-54.09,48.41],[-53.78,48.51],[-53.77,48.56],[-53.92,48.57],[-53.63,48.69],[-53.99,48.73],[-53.86,48.84],[-54.23,48.77],[-53.82,48.94],[-53.76,49.04],[-53.61,49.04],[-53.62,49.12],[-53.48,49.25],[-54.06,49.47],[-54.18,49.4],[-54.38,49.44],[-54.49,49.3],[-54.45,49.48],[-54.54,49.46],[-54.48,49.56],[-54.84,49.28],[-54.86,49.41],[-54.93,49.28],[-55.1,49.36],[-55.08,49.29],[-55.3,49.21],[-55.28,49.09],[-55.34,49.08],[-55.39,49.16],[-55.25,49.26],[-55.17,49.54],[-55.34,49.54],[-55.31,49.35],[-55.32,49.41],[-55.4,49.36],[-55.34,49.45],[-55.44,49.43],[-55.41,49.5],[-55.59,49.37],[-55.55,49.49],[-55.66,49.39],[-55.85,49.53],[-56.14,49.43],[-55.93,49.55],[-55.86,49.69],[-56.2,49.58],[-55.48,49.97],[-55.77,49.93],[-55.94,50.04],[-56.15,49.98],[-56.09,50.08],[-56.17,50.16],[-56.85,49.58],[-56.8,49.74],[-56.92,49.75],[-56.78,49.83],[-56.78,50],[-56.65,50.11],[-56.73,50.15],[-56.57,50.18],[-56.44,50.33],[-56.5,50.38],[-56.11,50.68],[-56.18,50.71],[-56.19,50.89],[-56.1,50.89],[-56.08,50.74],[-55.73,51.08],[-55.78,51.2],[-56.01,51.17],[-56.08,51.35],[-55.59,51.3],[-55.44,51.54]]],[[[-55.31,51.95],[-55.28,52.01],[-55.43,51.89],[-55.31,51.95]]]]}},{"type":"Feature","properties":{"code":"5.1.5","name":"Hayes River Upland and Big Trout Lake"},"geometry":{"type":"Polygon","coordinates":[[[-94.82,56.61],[-96.04,56.51],[-96.15,56.38],[-96.57,56.21],[-96.85,55.93],[-97.36,55.96],[-97.12,56.04],[-97.36,56.01],[-97.36,56.08],[-98.12,55.99],[-98.22,55.88],[-98.1,55.68],[-98.46,55.64],[-98.61,55.39],[-98.8,55.4],[-99.01,55.29],[-99,55.18],[-98.82,55.06],[-99,55.05],[-99.11,54.53],[-97.91,53.81],[-97.72,53.62],[-97.36,53.5],[-96.12,53.36],[-95.67,53.17],[-95.08,53.13],[-94.31,52.78],[-93.91,52.74],[-93.76,52.89],[-93.93,52.9],[-93.69,53],[-93.4,52.99],[-93.47,52.96],[-93.2,53.03],[-93.52,52.9],[-93.46,52.84],[-93.33,52.95],[-93.03,52.95],[-92.65,53.09],[-92.59,52.96],[-92.38,53.02],[-92.4,52.97],[-92.19,52.89],[-92.25,52.85],[-92,52.78],[-91.94,52.86],[-91.5,52.68],[-91.54,52.63],[-91.45,52.62],[-91.42,52.51],[-91.67,52.29],[-91.45,52.3],[-91.47,52.37],[-91.37,52.43],[-90.65,52.3],[-89.87,51.96],[-89.9,51.87],[-89.6,51.83],[-89.61,51.76],[-89.03,51.68],[-89.27,51.48],[-89.07,51.58],[-88.93,51.55],[-88.96,51.39],[-88.9,51.25],[-88.86,51.33],[-88.64,51.38],[-88.71,51.21],[-88.54,51.31],[-88.07,51.06],[-88.08,50.92],[-87.76,51.11],[-87.76,51.04],[-87.38,50.92],[-87.32,50.83],[-87.23,50.85],[-87.29,50.81],[-87.23,50.75],[-87.59,50.52],[-87.45,50.54],[-87.42,50.47],[-87.26,50.55],[-87.33,50.47],[-87.04,50.4],[-87.14,50.31],[-86.83,50.3],[-86.78,50.21],[-86.27,50.47],[-86.35,50.35],[-86.04,50.21],[-85.66,50.32],[-85.87,50.47],[-85.88,50.58],[-85.87,50.73],[-85.67,50.88],[-85.92,50.91],[-86.14,51.14],[-86.07,51.21],[-86.19,51.35],[-86.48,51.48],[-86.34,51.63],[-86.32,51.89],[-86.43,52.11],[-86.31,52.16],[-86.64,52.16],[-86.59,52.18],[-86.69,52.39],[-86.62,52.45],[-86.64,52.66],[-86.74,52.72],[-86.68,52.86],[-86.74,53.07],[-86.93,53.01],[-86.97,53.23],[-87.38,53.59],[-87.77,53.76],[-87.92,53.93],[-88.76,54.18],[-88.76,54.31],[-89.14,54.36],[-89.23,54.62],[-89.43,54.72],[-89.67,54.76],[-90.14,54.69],[-90.8,54.86],[-91.03,55.01],[-92.17,54.92],[-92.2,55.05],[-92.4,55.07],[-92.4,55.26],[-92.67,55.13],[-92.85,55.17],[-92.89,55.29],[-93.04,55.34],[-92.5,55.38],[-92.48,55.44],[-92.66,55.59],[-92.46,55.64],[-92.42,55.77],[-92.86,55.8],[-92.77,55.91],[-92.83,55.95],[-93.75,55.91],[-93.82,55.96],[-93.73,56.09],[-93.96,56.08],[-94.02,56.25],[-94.6,56.38],[-94.39,56.55],[-94.82,56.61]]]}},{"type":"Feature","properties":{"code":"5.1.6","name":"Abitibi Plains and Riviere Rupert Plateau"},"geometry":{"type":"MultiPolygon","coordinates":[[[[-85.7,47.79],[-85.94,47.72],[-85.59,47.74],[-85.7,47.79]]],[[[-85.77,50.81],[-85.77,50.81],[-85.78,50.8],[-85.77,50.81]]],[[[-70.22,52.47],[-72,52.3],[-72.47,51.95],[-72.79,52.01],[-72.69,52.19],[-72.87,52.17],[-72.86,52.41],[-73.25,52.37],[-73.29,52.27],[-74.06,52.04],[-74.61,52.17],[-75.65,52.11],[-75.83,52.24],[-76.13,52.17],[-76.06,51.98],[-76.21,51.94],[-76.26,51.82],[-77.3,51.55],[-77.41,51.49],[-77.29,51.23],[-77.7,51.13],[-78.13,50.71],[-79.01,50.43],[-79.13,50.22],[-79.29,50.16],[-79.72,50.4],[-80.2,50.49],[-80.63,50.28],[-80.67,50.39],[-81.21,50.4],[-81.7,50.15],[-82.15,50.15],[-82.14,50.23],[-82.21,50.14],[-82.73,50.11],[-82.81,50.04],[-83.75,50.11],[-84.31,50.06],[-84.58,50.29],[-85.03,50.16],[-85.69,50.37],[-85.7,50.29],[-85.95,50.22],[-85.79,50.15],[-86.04,49.97],[-85.88,49.88],[-85.92,49.79],[-85.73,49.75],[-86.03,49.73],[-86.2,49.62],[-86.25,49.36],[-86.11,49.23],[-86.15,49.04],[-86.34,48.86],[-86.3,48.69],[-86.38,48.7],[-86.02,48.08],[-85.74,47.93],[-84.24,47.94],[-83.84,47.81],[-83.45,48.34],[-83.47,48.56],[-83.08,48.62],[-82.63,48.47],[-80.98,48.18],[-80.8,48.25],[-80.77,48.45],[-79.89,48.43],[-79.79,48.24],[-78.97,47.86],[-78.25,47.65],[-77.45,47.63],[-76.93,47.99],[-76.88,48.1],[-76.46,48.22],[-76.46,48.3],[-76.2,48.46],[-76.02,48.7],[-75.6,48.73],[-74.91,49.29],[-74.47,49.36],[-74.28,49.67],[-74.14,49.73],[-74.18,49.79],[-74,49.89],[-74.01,50.07],[-73.72,50.13],[-73.71,50.25],[-73.78,50.27],[-73.65,50.44],[-73.58,50.39],[-73.45,50.53],[-73.56,50.51],[-73.55,50.62],[-73.42,50.63],[-73.33,50.79],[-72.36,51.31],[-72.26,51.53],[-71.99,51.58],[-71.88,51.89],[-71.82,51.9],[-71.82,51.77],[-71.7,51.8],[-71.61,51.72],[-71.55,51.79],[-71.4,51.69],[-71.31,51.84],[-70.54,52],[-70.6,52.06],[-70.53,52.11],[-70.41,52.03],[-70.2,52.13],[-69.91,52.09],[-69.87,52.13],[-70.18,52.25],[-70.08,52.41],[-70.22,52.47]]]]}},{"type":"Feature","properties":{"code":"5.2.1","name":"Northern Lakes and Forests"},"geometry":{"type":"MultiPolygon","coordinates":[[[[-84.28,45.96],[-84.29,45.96],[-84.26,45.96],[-84.28,45.96]]],[[[-84.29,45.96],[-84.3,45.97],[-84.28,45.96],[-84.29,45.96]]],[[[-84.38,45.99],[-84.42,45.95],[-84.34,45.94],[-84.38,45.99]]],[[[-84.26,45.97],[-84.26,45.97],[-84.28,45.98],[-84.26,45.97]]],[[[-92.09,46.78],[-92.06,46.73],[-92.02,46.71],[-92.09,46.78]]],[[[-84.34,46.5],[-84.38,46.5],[-84.34,46.49],[-84.34,46.5]]],[[[-89.03,48.23],[-89.06,48.27],[-89.17,48.23],[-89.03,48.23]]],[[[-90.72,46.87],[-90.75,46.86],[-90.76,46.83],[-90.72,46.87]]],[[[-90.61,46.87],[-90.79,46.75],[-90.57,46.85],[-90.61,46.87]]],[[[-90.48,46.88],[-90.45,46.9],[-90.52,46.88],[-90.48,46.88]]],[[[-91.04,46.94],[-91.03,46.95],[-91.04,46.94],[-91.04,46.94]]],[[[-90.71,46.95],[-90.77,46.95],[-90.69,46.92],[-90.71,46.95]]],[[[-90.79,46.97],[-90.79,46.98],[-90.81,46.97],[-90.79,46.97]]],[[[-90.53,46.94],[-90.54,46.97],[-90.66,46.92],[-90.53,46.94]]],[[[-90.87,46.99],[-90.88,46.99],[-90.85,46.99],[-90.87,46.99]]],[[[-90.66,46.96],[-90.64,46.98],[-90.68,46.96],[-90.66,46.96]]],[[[-90.94,47],[-90.98,46.98],[-90.93,46.96],[-90.94,47]]],[[[-90.68,47.01],[-90.71,46.99],[-90.67,47],[-90.68,47.01]]],[[[-90.74,47.01],[-90.76,47.04],[-90.78,47.03],[-90.74,47.01]]],[[[-90.56,47],[-90.56,47.04],[-90.58,47.03],[-90.56,47]]],[[[-90.68,47.02],[-90.65,47.05],[-90.69,47.05],[-90.68,47.02]]],[[[-90.4,47.08],[-90.45,47.07],[-90.47,46.99],[-90.4,47.08]]],[[[-88.51,48.14],[-88.42,48.19],[-89.17,47.94],[-89.24,47.85],[-88.91,47.89],[-89.01,47.9],[-88.45,48.16],[-88.51,48.14]]],[[[-96.2,50.59],[-96.47,50.76],[-96.58,50.68],[-96.61,50.49],[-96.46,50.27],[-96.43,49.99],[-96.3,49.92],[-96.45,49.61],[-96.24,49.67],[-96.06,49.58],[-95.74,49.57],[-95.55,49.69],[-95.33,49.63],[-95.28,49.54],[-95.22,49.59],[-95.21,49.46],[-95.07,49.49],[-94.54,49.22],[-94.56,49.1],[-94.32,49.1],[-93.37,48.66],[-93.37,48.6],[-93.11,48.46],[-93.4,48.38],[-93.36,48.24],[-93.2,48.15],[-93.01,48.15],[-93.02,48.06],[-92.78,47.9],[-92.37,47.83],[-92.69,47.79],[-92.81,47.65],[-93.43,47.89],[-93.7,47.74],[-93.99,47.72],[-94.25,47.9],[-94.62,47.75],[-94.98,47.88],[-95.47,47.75],[-95.47,47.7],[-94.9,47.69],[-95.27,47.64],[-95.55,47.5],[-95.71,47.08],[-95.68,46.72],[-95.14,46.96],[-94.69,46.83],[-94.73,46.05],[-94.37,46.14],[-94.22,46.02],[-94.01,46.11],[-93.97,45.92],[-93.8,45.84],[-93.46,45.87],[-93.27,46.03],[-92.97,46.05],[-92.84,45.89],[-92.88,45.58],[-92.73,45.54],[-92.66,45.66],[-92.71,45.76],[-92.58,45.83],[-92.49,45.78],[-92.46,45.85],[-92.31,45.7],[-92.15,45.72],[-92.05,45.84],[-91.88,45.8],[-91.57,45.55],[-91.72,45.39],[-91.38,45.18],[-91.36,45.01],[-91.18,45.15],[-91.28,45.03],[-91.18,44.99],[-90.7,45.02],[-90.2,45.3],[-89.75,45.22],[-89.43,45.4],[-88.47,45.01],[-88.09,45.2],[-87.95,45.17],[-87.98,45.07],[-87.75,45.19],[-87.95,44.78],[-87.82,44.95],[-87.63,44.98],[-87.6,45.15],[-87.2,45.64],[-87.06,45.71],[-86.97,45.92],[-86.97,45.67],[-86.84,45.72],[-86.78,45.86],[-86.54,45.89],[-86.56,45.77],[-86.72,45.68],[-86.61,45.6],[-86.58,45.71],[-86.36,45.79],[-86.28,45.94],[-85.69,45.96],[-85.5,46.1],[-85.01,46.01],[-84.75,45.84],[-84.66,46.05],[-84.53,45.97],[-83.91,45.97],[-84.07,46.09],[-84.03,46.13],[-84.25,46.18],[-84.18,46.25],[-84.31,46.49],[-84.58,46.41],[-84.63,46.48],[-85.03,46.49],[-84.96,46.77],[-86.16,46.67],[-86.64,46.41],[-86.75,46.48],[-86.88,46.44],[-87,46.53],[-87.36,46.5],[-87.59,46.78],[-87.82,46.89],[-88.08,46.92],[-88.29,46.82],[-88.14,46.97],[-88.5,46.76],[-88.35,47.08],[-87.96,47.39],[-87.71,47.4],[-87.8,47.47],[-88.22,47.45],[-88.97,47],[-89.42,46.84],[-89.79,46.82],[-90.44,46.56],[-90.76,46.71],[-90.7,46.67],[-90.95,46.59],[-90.75,46.89],[-90.86,46.96],[-91.8,46.69],[-92.17,46.71],[-90.78,47.61],[-89.5,48],[-89.55,48.01],[-89.26,48.2],[-89.21,48.43],[-88.9,48.54],[-89.46,48.57],[-89.86,48.76],[-89.91,48.54],[-90.5,48.81],[-90.76,48.84],[-90.85,49.03],[-91.26,49.3],[-91.14,49.37],[-91.13,49.49],[-91.24,49.53],[-91.48,49.84],[-91.91,50.09],[-92.11,50.14],[-92.25,50.05],[-92.56,50.05],[-92.72,49.92],[-93.48,49.94],[-93.67,50.1],[-94.27,50.15],[-94.61,50.36],[-94.94,50.35],[-95.08,50.22],[-95.38,50.43],[-96,50.41],[-96.2,50.59]]],[[[-86.65,46.56],[-86.71,46.54],[-86.68,46.45],[-86.61,46.47],[-86.65,46.56]]],[[[-92.06,46.72],[-92.06,46.72],[-92.05,46.71],[-92.06,46.72]]],[[[-84.17,46.32],[-84.15,46.21],[-84.1,46.26],[-84.17,46.32]]],[[[-84.13,46.51],[-84.29,46.48],[-84.13,46.32],[-84.19,46.43],[-84.13,46.51]]],[[[-85.52,45.83],[-85.51,45.78],[-85.45,45.78],[-85.52,45.83]]],[[[-84.63,45.88],[-84.65,45.86],[-84.6,45.85],[-84.63,45.88]]],[[[-84.42,45.81],[-84.59,45.81],[-84.42,45.72],[-84.36,45.77],[-84.42,45.81]]],[[[-83.63,46.1],[-83.88,45.97],[-83.52,45.92],[-83.47,45.99],[-83.63,46.1]]],[[[-83.82,45.95],[-83.82,45.96],[-83.82,45.96],[-83.82,45.95]]],[[[-85.68,45.75],[-85.7,45.7],[-85.64,45.74],[-85.68,45.75]]],[[[-85.56,45.76],[-85.63,45.6],[-85.56,45.57],[-85.49,45.62],[-85.5,45.75],[-85.56,45.76]]],[[[-85.37,45.82],[-85.39,45.77],[-85.34,45.79],[-85.37,45.82]]],[[[-84.73,45.79],[-85.01,45.76],[-84.94,45.71],[-85.12,45.58],[-85.06,45.45],[-84.84,45.36],[-84.91,45.33],[-84.91,45.13],[-85.18,45.09],[-85.16,44.97],[-85.28,44.78],[-85.61,44.71],[-85.92,44.48],[-85.97,44.35],[-86.29,44.24],[-86.1,44.02],[-86.21,43.89],[-86.21,43.71],[-86.29,43.68],[-85.95,43.53],[-85.88,43.34],[-85.62,43.43],[-85.58,43.32],[-85.22,43.13],[-84.89,43.33],[-84.95,43.72],[-84.88,43.82],[-84.45,43.89],[-84.24,43.8],[-83.94,43.99],[-83.68,43.99],[-83.58,44.05],[-83.54,44.25],[-83.44,44.25],[-83.32,44.41],[-83.27,44.71],[-83.31,44.88],[-83.46,45],[-83.39,45.08],[-83.26,45.03],[-83.39,45.27],[-84.73,45.79]]],[[[-90.61,46.99],[-90.61,47],[-90.63,47],[-90.61,46.99]]],[[[-90.68,46.88],[-90.67,46.89],[-90.71,46.89],[-90.68,46.88]]]]}},{"type":"Feature","properties":{"code":"5.2.2","name":"Northern Minnesota Wetlands"},"geometry":{"type":"Polygon","coordinates":[[[-95.53,49.67],[-95.74,49.57],[-96.06,49.58],[-96.24,49.67],[-96.45,49.61],[-96.42,49.04],[-96.64,49],[-96.51,48.87],[-96.66,48.89],[-96.46,48.71],[-96,48.89],[-95.6,48.86],[-95.74,48.79],[-95.63,48.69],[-95.71,48.59],[-95.57,48.47],[-95.83,48.49],[-95.48,48.36],[-95.67,48.2],[-95.45,47.85],[-95.47,47.75],[-94.98,47.88],[-94.62,47.75],[-94.25,47.9],[-93.99,47.72],[-93.7,47.74],[-93.43,47.89],[-92.81,47.65],[-92.69,47.79],[-92.37,47.81],[-92.78,47.9],[-93.02,48.06],[-93.01,48.15],[-93.2,48.15],[-93.36,48.24],[-93.4,48.38],[-93.11,48.46],[-93.37,48.6],[-93.37,48.66],[-94.32,49.1],[-94.56,49.1],[-94.54,49.22],[-95.07,49.49],[-95.21,49.46],[-95.22,49.59],[-95.28,49.54],[-95.33,49.63],[-95.53,49.67]]]}},{"type":"Feature","properties":{"code":"5.2.3","name":"Algonquin/Southern Laurentians"},"geometry":{"type":"MultiPolygon","coordinates":[[[[-80.05,45.33],[-80.22,45.29],[-80.18,45.23],[-80.05,45.33]]],[[[-82.06,46.01],[-82.02,46.05],[-82.06,46.03],[-82.06,46.01]]],[[[-84.71,46.64],[-84.73,46.71],[-84.72,46.65],[-84.71,46.64]]],[[[-84.48,46.9],[-84.54,46.87],[-84.41,46.89],[-84.48,46.9]]],[[[-84.74,47.3],[-84.71,47.32],[-84.75,47.32],[-84.74,47.3]]],[[[-70.4,47.37],[-70.32,47.43],[-70.42,47.41],[-70.4,47.37]]],[[[-74.33,49.49],[-74.47,49.36],[-74.91,49.29],[-75.6,48.73],[-76.02,48.7],[-76.2,48.46],[-76.46,48.3],[-76.46,48.22],[-76.88,48.1],[-77.33,47.67],[-77.61,47.59],[-78.25,47.65],[-78.97,47.86],[-79.79,48.24],[-79.89,48.43],[-80.77,48.45],[-80.8,48.25],[-80.98,48.18],[-82.63,48.47],[-83.08,48.62],[-83.47,48.56],[-83.45,48.34],[-83.84,47.81],[-84.24,47.94],[-84.81,47.94],[-85.03,47.6],[-84.59,47.3],[-84.79,46.98],[-84.35,46.88],[-84.55,46.82],[-84.57,46.69],[-84.47,46.76],[-84.42,46.69],[-84.6,46.57],[-84.52,46.47],[-84.18,46.55],[-84.03,46.51],[-84.13,46.4],[-84.05,46.31],[-83.06,46.17],[-82.45,46.19],[-81.72,46.1],[-81.77,46.01],[-81.93,46.05],[-81.89,45.98],[-81.54,46.09],[-81.66,46.01],[-81.56,45.99],[-81.69,45.94],[-81.49,46.01],[-81.25,45.95],[-81.15,46],[-81.16,45.93],[-80.8,45.95],[-80.5,45.56],[-80.39,45.6],[-80.38,45.44],[-80.29,45.35],[-80.07,45.39],[-80.04,45.29],[-80.13,45.23],[-79.99,45.14],[-80.08,45.08],[-79.82,44.93],[-79.79,44.81],[-79.69,44.87],[-79.71,44.77],[-78.65,44.69],[-77.71,44.48],[-77.14,44.45],[-76.39,44.51],[-76.28,44.62],[-76.25,44.94],[-76.34,45.01],[-76.26,45.18],[-76.31,45.27],[-76.95,45.52],[-77.17,45.85],[-76.95,45.77],[-76.89,45.81],[-76.91,45.89],[-76.82,45.88],[-76.64,45.55],[-76.29,45.44],[-76.1,45.51],[-75.82,45.35],[-75.63,45.5],[-75.05,45.61],[-75.08,45.67],[-74.11,45.71],[-73.75,45.9],[-73.41,46.28],[-73.33,46.26],[-73.41,46.22],[-73.35,46.16],[-73.14,46.23],[-72.94,46.47],[-72.66,46.6],[-72.58,46.78],[-72.31,46.83],[-72.43,46.71],[-72.32,46.61],[-72.18,46.64],[-72.21,46.72],[-72.11,46.77],[-71.54,46.76],[-70.74,47.09],[-70.48,47.43],[-70.24,47.49],[-69.95,47.74],[-70.14,47.68],[-69.98,47.81],[-70.14,47.99],[-70.04,48.12],[-70.13,48.23],[-70.84,48.15],[-71.88,48.33],[-72.14,48.49],[-72.87,48.72],[-73.16,49],[-73.28,49.25],[-73.52,49.31],[-73.74,49.19],[-73.75,49.26],[-74.06,49.3],[-74.17,49.47],[-74.33,49.49]]]]}},{"type":"Feature","properties":{"code":"5.3.1","name":"Northern Appalachian and Atlantic Maritime Highlands"},"geometry":{"type":"MultiPolygon","coordinates":[[[[-76.09,40.31],[-76.23,40.31],[-76.05,40.31],[-76.09,40.31]]],[[[-74.03,42.24],[-74.12,42.34],[-74.25,42.23],[-74.45,42.26],[-74.52,42.16],[-74.87,42.07],[-74.89,41.97],[-74.73,41.98],[-74.59,41.81],[-74.47,41.81],[-74.25,41.92],[-74.28,42],[-74.12,42.01],[-74.17,42.05],[-74.07,42.08],[-74.03,42.24]]],[[[-75.86,43.96],[-75.99,43.87],[-76.04,43.69],[-75.96,43.46],[-75.68,43.28],[-75.22,43.35],[-75.59,43.83],[-75.86,43.96]]],[[[-73.63,44.91],[-74.5,44.76],[-74.87,44.59],[-75.48,44.14],[-75.54,44],[-75.3,43.53],[-75,43.25],[-74.57,43.02],[-74.3,43.13],[-74,43.08],[-73.84,43.29],[-73.73,43.27],[-73.65,43.44],[-73.45,43.46],[-73.42,43.93],[-73.58,44.05],[-73.47,44.13],[-73.6,44.25],[-73.51,44.48],[-73.6,44.49],[-73.64,44.67],[-73.75,44.65],[-73.58,44.77],[-73.63,44.91]]],[[[-65.59,43.44],[-65.61,43.52],[-65.66,43.46],[-65.59,43.44]]],[[[-65.27,43.62],[-65.31,43.66],[-65.3,43.63],[-65.27,43.62]]],[[[-63.52,44.62],[-63.55,44.62],[-63.49,44.6],[-63.52,44.62]]],[[[-60.06,43.93],[-59.72,44.02],[-60.14,43.96],[-60.06,43.93]]],[[[-69.48,48],[-69.41,48.07],[-69.49,47.99],[-69.48,48]]],[[[-61.94,45.62],[-61.95,45.89],[-62.27,45.61],[-62.74,45.54],[-62.8,45.61],[-62.86,45.55],[-62.88,45.68],[-63.04,45.61],[-64.01,45.67],[-63.93,45.77],[-64.23,45.77],[-64.82,45.39],[-64.52,45.45],[-63.7,45.4],[-63.45,45.45],[-63.09,45.41],[-63.11,45.26],[-62.85,45.27],[-63.31,45.08],[-62.92,45.16],[-63.18,44.9],[-63.26,44.89],[-63.33,45.02],[-63.57,44.9],[-63.59,45.05],[-63.74,45.05],[-63.55,45.14],[-63.65,45.14],[-64,44.94],[-64.6,45.02],[-64.97,44.85],[-65.46,44.76],[-65.62,44.62],[-65.85,44.57],[-66.12,44.34],[-66.21,44.09],[-66.13,43.74],[-65.99,43.69],[-66.01,43.85],[-65.97,43.78],[-65.94,43.84],[-65.86,43.81],[-65.73,43.49],[-65.58,43.56],[-65.42,43.48],[-65.34,43.77],[-65.26,43.66],[-65.23,43.78],[-65.13,43.68],[-64.97,43.75],[-64.44,44.23],[-64.35,44.18],[-64.4,44.25],[-64.23,44.29],[-64.35,44.35],[-64.22,44.36],[-64.36,44.44],[-64.31,44.56],[-64.15,44.57],[-64.09,44.47],[-64.01,44.51],[-64.06,44.63],[-63.92,44.65],[-63.94,44.5],[-63.65,44.43],[-63.53,44.5],[-63.65,44.72],[-63.45,44.59],[-63.12,44.74],[-63.05,44.67],[-61.99,44.98],[-62.05,45],[-61.84,45.1],[-61.38,45.18],[-61.33,45.26],[-61.11,45.23],[-60.97,45.32],[-61.48,45.36],[-61.24,45.49],[-61.5,45.7],[-61.82,45.61],[-61.89,45.68],[-61.94,45.62]]],[[[-60.94,45.56],[-61.14,45.56],[-61.03,45.47],[-60.94,45.49],[-60.99,45.53],[-60.94,45.56]]],[[[-59.8,46.01],[-59.72,46.01],[-59.69,46.04],[-59.8,46.01]]],[[[-60.41,47.01],[-60.62,47.04],[-61.56,46.05],[-61.47,45.71],[-61.34,45.57],[-60.46,45.65],[-60.16,45.79],[-60.16,45.89],[-59.81,45.96],[-59.98,46.04],[-59.81,46.13],[-59.89,46.12],[-59.84,46.18],[-60.13,46.27],[-60.27,46.19],[-60.22,46.27],[-60.31,46.34],[-60.68,46.09],[-60.34,46.21],[-60.81,45.96],[-60.67,45.92],[-60.38,46.04],[-60.75,45.81],[-60.77,45.71],[-60.95,45.78],[-61.18,45.72],[-60.93,45.88],[-61.12,45.89],[-60.83,45.95],[-60.75,46.08],[-61.14,45.97],[-60.66,46.13],[-60.43,46.3],[-60.47,46.35],[-60.63,46.22],[-60.36,46.62],[-60.41,46.68],[-60.31,46.85],[-60.46,46.91],[-60.41,47.01]]],[[[-64.78,49.15],[-65.58,49.25],[-66.76,49.07],[-68.19,48.63],[-69.44,48.01],[-69.8,47.6],[-69.79,47.49],[-70.24,47.08],[-70.81,46.74],[-70.85,46.57],[-71.05,46.43],[-71.29,46.42],[-71.75,46.18],[-71.99,45.86],[-72.26,45.75],[-72.55,45.28],[-72.93,45.02],[-73.13,44.56],[-73.01,44.46],[-73.14,44.41],[-73.05,44.28],[-73.05,43.81],[-73.3,43.78],[-73.25,43.71],[-73.7,42.62],[-73.54,42.41],[-73.79,42.03],[-73.8,41.72],[-73.75,41.61],[-73.65,41.71],[-73.68,41.58],[-74.14,41.42],[-74.29,41.25],[-74.51,41.2],[-74.51,41.28],[-74.58,41.1],[-75.14,40.73],[-74.8,40.87],[-74.94,40.72],[-75.9,40.43],[-75.91,40.34],[-75.77,40.4],[-75.66,40.32],[-75.39,40.53],[-74.68,40.76],[-74.59,40.71],[-74.03,41.25],[-73.46,41.47],[-73.38,41.66],[-73.23,41.75],[-73.12,41.72],[-72.88,41.84],[-72.82,42.14],[-72.64,42.39],[-72.64,42.62],[-72.47,42.71],[-72.6,42.89],[-72.54,42.98],[-72.55,42.85],[-72.43,42.72],[-72.56,42.47],[-72.45,42.34],[-72.33,42.32],[-72.27,42.63],[-72.18,42.4],[-71.98,42.47],[-71.98,42.32],[-71.87,42.28],[-71.85,42.57],[-71.58,42.98],[-71.74,43.11],[-71.76,43.24],[-71.62,43.28],[-71.62,43.37],[-71.34,43.29],[-71.35,43.19],[-71.17,43.1],[-71.17,43.27],[-71.08,43.38],[-71,43.36],[-70.74,43.52],[-70.8,43.66],[-70.7,43.72],[-70.73,43.81],[-70.52,43.76],[-70.26,43.99],[-70.32,44.08],[-70.27,44.51],[-70.01,44.76],[-70.05,44.92],[-69.98,44.92],[-69.88,45.09],[-69.79,45.04],[-69.61,45.15],[-69.49,45.33],[-69.01,45.47],[-68.98,45.59],[-69.06,45.66],[-68.97,45.81],[-68.65,45.83],[-68.8,46.15],[-69.05,46.24],[-68.98,46.37],[-68.72,46.44],[-68.61,46.61],[-68.69,46.73],[-68.59,46.91],[-68.7,46.92],[-68.63,47],[-68.61,47.25],[-68.9,47.18],[-69.05,47.26],[-69.06,47.43],[-68.9,47.59],[-68.41,47.75],[-68.27,47.65],[-68.15,47.79],[-68.07,47.77],[-68.09,47.68],[-67.96,47.51],[-67.57,47.68],[-67.53,47.79],[-67.41,47.76],[-67.37,47.9],[-66.7,48.15],[-66.53,48.17],[-66.3,48.06],[-66.06,48.1],[-65.95,48.22],[-65.99,48.3],[-65.75,48.18],[-65.58,48.23],[-65.19,48.13],[-64.78,48.2],[-64.73,48.33],[-64.33,48.41],[-64.21,48.52],[-64.3,48.57],[-64.2,48.64],[-64.55,48.87],[-64.17,48.75],[-64.32,48.94],[-64.78,49.15]]]]}},{"type":"Feature","properties":{"code":"5.3.3","name":"North Central Appalachians"},"geometry":{"type":"MultiPolygon","coordinates":[[[[-78.36,42.25],[-78.46,42.32],[-78.84,42.26],[-78.89,42.12],[-79.05,42.1],[-79.12,41.93],[-79.5,41.89],[-79.69,41.56],[-79.77,41.51],[-79.84,41.57],[-79.9,41.43],[-80,41.45],[-79.74,41.36],[-79.36,41.43],[-79.28,41.39],[-79.33,41.24],[-79.12,41.25],[-79.07,41.18],[-78.69,41.27],[-78.8,41.15],[-78.55,41.05],[-77.99,41.2],[-77.61,41.11],[-77.09,41.36],[-76.26,41.31],[-75.94,41.47],[-76.78,41.53],[-76.37,41.66],[-76.52,41.69],[-77.34,41.51],[-76.96,41.62],[-76.83,41.76],[-77.43,41.64],[-77.38,41.75],[-76.97,41.92],[-77.64,41.82],[-77.35,41.97],[-77.43,41.99],[-77.85,41.83],[-78.04,41.97],[-77.98,42.02],[-78.36,42.25]]],[[[-74.44,41.66],[-74.96,41.66],[-75.05,41.76],[-75.11,41.58],[-75.32,41.5],[-75.24,41.45],[-75.31,41.38],[-75.59,41.3],[-75.53,41.4],[-75.61,41.25],[-75.68,41.28],[-75.98,41.08],[-75.87,41.12],[-75.94,41.08],[-75.63,41.01],[-75.66,40.87],[-75.03,41.08],[-74.44,41.66]]]]}},{"type":"Feature","properties":{"code":"5.4.1","name":"Mid-Boreal Uplands and Peace-Wabaska Lowlands"},"geometry":{"type":"Polygon","coordinates":[[[-116.01,58.83],[-116.26,58.9],[-116.41,58.78],[-116.73,58.8],[-118.01,58.53],[-117.97,58.22],[-117.82,57.94],[-118.08,57.75],[-117.74,57.71],[-117.33,57.45],[-117.43,57.27],[-117.64,57.25],[-117.66,57.12],[-117.84,57.14],[-117.78,57.05],[-117.84,56.96],[-118.04,56.91],[-117.81,56.72],[-118.1,56.55],[-118.08,56.44],[-117.64,56.39],[-118.16,56.28],[-118.29,56.37],[-118.46,56.28],[-118.66,56.38],[-118.5,56.46],[-118.69,56.49],[-118.77,56.59],[-119.5,56.61],[-119.87,56.51],[-120,56.33],[-120.12,56.38],[-120.13,56.32],[-120.27,56.32],[-120.42,56.36],[-120.49,56.61],[-120.71,56.78],[-120.73,56.87],[-120.96,56.71],[-120.83,56.64],[-120.81,56.51],[-121.05,56.55],[-120.83,56.29],[-121.09,56.24],[-121.57,56.45],[-121.73,56.19],[-122.08,56.18],[-122.16,56.03],[-121.67,55.64],[-121.39,55.69],[-121.03,55.61],[-120.69,55.78],[-120.48,55.62],[-119.67,55.84],[-118.87,55.69],[-118.87,55.63],[-119.09,55.59],[-119.04,55.55],[-118.45,55.57],[-118.54,55.51],[-118.24,55.48],[-118.68,55.38],[-119.36,55.55],[-119.95,55.53],[-119.93,55.4],[-120.11,55.2],[-120.14,54.97],[-119.66,54.74],[-119.55,54.75],[-119.55,54.82],[-119.26,54.75],[-118.91,54.82],[-118.84,54.74],[-118.63,54.74],[-118.67,54.65],[-118.49,54.6],[-118.07,54.7],[-117.61,54.65],[-117.4,54.73],[-117.44,54.65],[-117.32,54.59],[-117.18,54.67],[-117.13,54.42],[-116.82,54.37],[-116.39,54.53],[-116.42,54.62],[-116.55,54.68],[-116.21,54.76],[-116.75,54.92],[-116.72,54.97],[-116.84,55.11],[-116.48,55.05],[-116.24,55.16],[-116.01,55.06],[-116.13,55.2],[-116,55.3],[-115.87,55.16],[-115.72,55.26],[-115.33,55.15],[-115.28,55.25],[-115.07,55.35],[-114.73,55.22],[-114.43,55.23],[-114.33,55.15],[-114.48,54.94],[-115.49,54.2],[-116.29,54.24],[-115.84,54.16],[-115.85,54.06],[-115.38,54.13],[-115.35,54.02],[-115.18,53.92],[-115.44,53.87],[-114.99,53.71],[-115.33,53.8],[-115.28,53.71],[-115.47,53.71],[-115.46,53.63],[-114.94,53.5],[-114.89,53.39],[-114.95,53.14],[-114.82,53.02],[-114.71,53.07],[-114.26,52.97],[-114.49,52.83],[-114.47,52.71],[-114.57,52.76],[-114.65,52.68],[-114.62,52.58],[-114.9,52.42],[-114.95,52.29],[-114.96,52.17],[-114.71,52.01],[-114.72,51.83],[-114.84,51.83],[-114.63,51.62],[-114.58,51.68],[-114.55,51.57],[-114.32,51.88],[-114.14,51.97],[-114.36,52.05],[-114.43,52.23],[-114.31,52.26],[-114.39,52.3],[-114.32,52.33],[-114.1,52.16],[-114.03,52.35],[-114.12,52.41],[-114.1,52.5],[-114.01,52.5],[-114.06,52.61],[-113.93,52.54],[-113.79,52.58],[-113.9,52.65],[-113.95,52.95],[-113.87,52.92],[-113.83,53.12],[-114.08,53.42],[-114.05,53.56],[-113.89,53.66],[-114,53.75],[-114.02,53.99],[-113.56,54.13],[-112.95,53.89],[-112.8,53.99],[-112.36,53.94],[-112.36,54.02],[-112.24,54.06],[-112,53.94],[-111.89,53.76],[-111.64,53.84],[-111.63,53.61],[-111.55,53.53],[-111.39,53.62],[-111.02,53.46],[-110.94,53.73],[-110.69,53.69],[-110.92,53.86],[-110.63,53.85],[-110.08,53.59],[-109.63,53.58],[-109.56,53.42],[-109.28,53.39],[-108.84,53.03],[-108.56,52.94],[-108.56,53.05],[-108.72,53.11],[-108.59,53.11],[-108.63,53.18],[-108.54,53.25],[-108.44,53.29],[-108.21,53.17],[-108.06,53.28],[-107.78,53.02],[-107.31,53.09],[-107.34,52.9],[-106.7,53.04],[-106.61,52.87],[-106.28,52.78],[-106.17,52.59],[-105.87,52.78],[-105.76,52.72],[-105.37,52.78],[-105.41,52.49],[-105.35,52.47],[-104.99,52.45],[-105.03,52.54],[-104.93,52.6],[-104.76,52.56],[-104.67,52.42],[-104.5,52.55],[-103.95,52.36],[-103.74,52.43],[-103.52,52.17],[-103.49,51.93],[-102.86,51.81],[-102.55,51.94],[-102.41,51.76],[-102.03,51.67],[-101.91,51.52],[-102,51.47],[-102.06,51.55],[-102.21,51.53],[-102.18,51.41],[-102.03,51.32],[-101.63,51.36],[-101.45,51.28],[-101.52,51.24],[-101.4,51.09],[-101.41,50.97],[-101.28,51.04],[-101.16,51.01],[-101.14,50.85],[-100.97,50.73],[-100.52,50.63],[-100.16,50.41],[-99.99,50.4],[-99.97,50.49],[-99.96,50.42],[-99.67,50.35],[-99.64,50.47],[-99.62,50.35],[-99.48,50.42],[-99.58,50.76],[-99.88,51.01],[-100.81,51.05],[-101.21,51.26],[-100.63,51.35],[-100.56,51.81],[-100.8,52.07],[-101.32,52.01],[-101.48,52.08],[-101.47,52.19],[-101.09,52.47],[-101.1,52.63],[-101.24,52.77],[-101.45,52.82],[-102.28,52.77],[-102.41,52.83],[-102.29,53.07],[-102.09,53.21],[-102.06,53.48],[-101.95,53.52],[-102.18,53.6],[-102.71,53.44],[-102.93,53.46],[-103.06,53.58],[-103.05,53.7],[-103.09,53.62],[-103.19,53.66],[-103.08,53.73],[-103.11,53.8],[-104.05,53.61],[-103.89,53.72],[-104.29,53.81],[-104.57,54.06],[-104.43,54.04],[-104.44,54.15],[-104.31,54.24],[-104.22,54.2],[-104.23,54.58],[-104.08,54.66],[-104.11,54.74],[-104.16,54.7],[-104.15,54.87],[-105.14,54.98],[-105.91,55.35],[-107.23,55.74],[-107.63,55.93],[-107.92,56.24],[-108.21,56.18],[-108.98,56.84],[-108.94,57.28],[-109.14,57.49],[-109.09,57.61],[-109.15,57.73],[-110,57.76],[-110.06,57.88],[-110.24,57.92],[-110.97,57.92],[-111.26,58],[-111.28,57.9],[-111.39,57.88],[-110.87,57.72],[-110.98,57.69],[-111.03,57.47],[-111.33,57.52],[-111.62,57.42],[-111.89,57.46],[-111.75,57.68],[-111.78,57.84],[-112.02,58],[-112.01,58.09],[-112.37,58.23],[-113.86,58.09],[-114.31,58.14],[-114.22,58.28],[-114.57,58.39],[-114.52,58.55],[-113.8,58.83],[-113.74,58.99],[-113.8,59.02],[-114.95,58.64],[-115.71,58.68],[-116.01,58.83]]]}},{"type":"Feature","properties":{"code":"5.4.2","name":"Clear Hills and Western Alberta Upland"},"geometry":{"type":"MultiPolygon","coordinates":[[[[-121.54,55.64],[-121.67,55.64],[-121.21,55.48],[-120.94,55.29],[-120.77,54.88],[-120.36,54.56],[-120.12,54.49],[-120.09,54.6],[-119.76,54.39],[-119.53,54.43],[-119.63,54.54],[-119.58,54.57],[-119.18,54.37],[-119.41,54.23],[-119.09,54.26],[-118.98,54.14],[-118.08,54.18],[-118.5,53.96],[-118.85,53.92],[-118.39,53.89],[-118.14,54.03],[-118.4,53.71],[-117.73,53.4],[-117.87,53.33],[-117.87,53.23],[-117.6,53.31],[-117.44,53.17],[-117.14,53.14],[-117.24,53.06],[-116.83,53.02],[-116.71,52.79],[-116.27,52.46],[-116.4,52.39],[-116.41,52.23],[-116.01,52.15],[-115.45,51.8],[-115.17,51.29],[-114.71,50.94],[-114.79,50.85],[-114.66,50.74],[-114.7,50.62],[-114.55,50.51],[-114.41,50.56],[-114.32,50.71],[-114.45,50.75],[-114.35,50.94],[-114.56,51.15],[-114.57,51.67],[-114.63,51.62],[-114.82,51.8],[-114.84,51.85],[-114.72,51.83],[-114.71,52.01],[-114.96,52.17],[-114.92,52.4],[-114.62,52.58],[-114.68,52.64],[-114.58,52.75],[-114.47,52.71],[-114.49,52.83],[-114.26,52.97],[-114.71,53.07],[-114.82,53.02],[-114.95,53.14],[-114.89,53.39],[-114.94,53.5],[-115.46,53.63],[-115.47,53.71],[-115.28,53.71],[-115.33,53.8],[-114.99,53.71],[-115.44,53.87],[-115.18,53.92],[-115.35,54.02],[-115.38,54.13],[-115.85,54.06],[-115.84,54.16],[-116.29,54.24],[-115.49,54.2],[-114.5,54.92],[-114.34,55.17],[-115.07,55.35],[-115.28,55.25],[-115.33,55.15],[-115.72,55.26],[-115.87,55.16],[-116,55.3],[-116.13,55.2],[-116.01,55.06],[-116.24,55.16],[-116.48,55.05],[-116.84,55.11],[-116.72,54.97],[-116.75,54.92],[-116.21,54.76],[-116.55,54.68],[-116.42,54.62],[-116.39,54.53],[-116.82,54.37],[-117.13,54.42],[-117.18,54.67],[-117.32,54.59],[-117.44,54.65],[-117.4,54.73],[-117.61,54.65],[-118.07,54.7],[-118.49,54.6],[-118.67,54.65],[-118.63,54.74],[-118.84,54.74],[-118.91,54.82],[-119.26,54.75],[-119.55,54.82],[-119.62,54.73],[-120.13,54.95],[-120.12,55.18],[-119.93,55.4],[-119.99,55.5],[-119.93,55.54],[-119.36,55.55],[-118.68,55.38],[-118.24,55.48],[-118.54,55.51],[-118.45,55.57],[-119.09,55.59],[-118.87,55.63],[-118.87,55.69],[-119.72,55.84],[-120.48,55.62],[-120.69,55.78],[-121,55.62],[-121.39,55.69],[-121.54,55.64]]],[[[-118.01,57.8],[-118.03,57.79],[-118,57.8],[-118.01,57.8]]],[[[-119.69,58.21],[-120.42,58.13],[-121.02,57.81],[-121.21,57.67],[-121.21,57.56],[-121.33,57.58],[-121.43,57.42],[-121.36,57.32],[-121.72,57.32],[-121.83,57.14],[-122.03,57.06],[-122.35,57.17],[-122.6,57.04],[-122.81,57.08],[-122.93,56.88],[-122.69,56.54],[-122.37,56.41],[-122.16,56.03],[-122.08,56.18],[-121.73,56.19],[-121.57,56.45],[-121.09,56.24],[-120.83,56.29],[-121.05,56.55],[-120.81,56.51],[-120.83,56.64],[-120.96,56.71],[-120.73,56.87],[-120.71,56.78],[-120.49,56.61],[-120.42,56.36],[-120.27,56.32],[-120.13,56.32],[-120.12,56.38],[-120,56.33],[-119.87,56.51],[-119.5,56.61],[-118.77,56.59],[-118.69,56.49],[-118.5,56.46],[-118.66,56.38],[-118.46,56.28],[-118.29,56.37],[-118.16,56.28],[-117.62,56.4],[-118.08,56.44],[-118.1,56.55],[-117.81,56.72],[-118.04,56.91],[-117.84,56.96],[-117.78,57.05],[-117.84,57.14],[-117.66,57.12],[-117.64,57.25],[-117.43,57.27],[-117.33,57.47],[-117.74,57.71],[-118.14,57.8],[-118.53,57.77],[-118.85,57.64],[-118.83,57.77],[-118.66,57.92],[-118.81,57.97],[-118.63,58.03],[-118.88,58.06],[-118.84,58.13],[-118.95,58.28],[-119.54,58.16],[-119.69,58.21]]]]}},{"type":"Feature","properties":{"code":"5.4.3","name":"Mid-Boreal Lowland and Interlake Plain"},"geometry":{"type":"Polygon","coordinates":[[[-103.86,54.77],[-104.15,54.87],[-104.16,54.7],[-104.11,54.74],[-104.08,54.66],[-104.23,54.58],[-104.22,54.2],[-104.31,54.24],[-104.44,54.15],[-104.43,54.04],[-104.57,54.07],[-104.29,53.81],[-103.89,53.72],[-104.05,53.61],[-103.13,53.8],[-103.08,53.73],[-103.19,53.66],[-103.09,53.62],[-103.05,53.7],[-103.02,53.51],[-102.79,53.42],[-102.44,53.56],[-102.07,53.59],[-101.95,53.48],[-102.06,53.48],[-102.09,53.21],[-102.29,53.07],[-102.41,52.84],[-102.17,52.76],[-101.39,52.82],[-101.19,52.74],[-101.09,52.47],[-101.48,52.18],[-101.43,52.03],[-100.78,52.07],[-100.61,51.93],[-100.41,51.55],[-99.78,51.56],[-99.31,51.42],[-98.89,51.06],[-98.28,50.78],[-97.74,50.81],[-97.41,50.24],[-97.07,50.52],[-97.11,50.29],[-96.88,50.04],[-96.97,49.96],[-96.8,50],[-96.83,50.08],[-96.65,49.99],[-96.71,49.95],[-96.63,49.84],[-96.56,49.86],[-96.55,50],[-96.39,49.9],[-96.46,50.27],[-96.61,50.49],[-96.52,50.76],[-96.24,50.69],[-96.39,51.11],[-96.25,51.25],[-96.69,51.76],[-96.64,51.87],[-96.77,51.91],[-96.78,52.01],[-97.06,52.25],[-97.03,52.48],[-97.46,53],[-97.46,53.24],[-97.84,53.61],[-97.8,53.65],[-97.91,53.81],[-98.94,54.45],[-99.52,54.69],[-102.31,54.51],[-102.72,54.67],[-103.71,54.7],[-103.86,54.77]]]}},{"type":"Feature","properties":{"code":"6.1.1","name":"Interior Highlands and Klondike Plateau"},"geometry":{"type":"MultiPolygon","coordinates":[[[[-147.61,66.03],[-148.13,65.95],[-148.28,65.82],[-147.98,65.8],[-148.03,65.74],[-148.31,65.73],[-148.56,65.62],[-148.09,65.59],[-148.02,65.52],[-148.17,65.42],[-148.24,65.25],[-148.18,65.21],[-147.76,65.2],[-147.59,65.05],[-147.22,65.14],[-146.99,65.01],[-146.47,65.02],[-146.48,64.95],[-146.88,64.81],[-147.04,64.62],[-146.98,64.54],[-146.4,64.55],[-146.5,64.4],[-146.33,64.38],[-145.68,64.42],[-145.69,64.34],[-145.33,64.3],[-145.25,64.17],[-144.68,64.06],[-144.86,63.94],[-143.93,63.73],[-143.77,63.48],[-143.03,63.48],[-141.69,62.98],[-141.35,62.67],[-141.63,62.54],[-141.57,62.32],[-141.06,62.26],[-140.57,61.98],[-140.29,61.93],[-140.43,62],[-140.42,62.1],[-139.98,62.05],[-139.37,62.37],[-138.95,62.11],[-138.63,62.14],[-138.02,61.87],[-137.35,61.88],[-137.21,62.01],[-136.73,62.07],[-136.87,62.21],[-137.78,62.46],[-137.23,62.39],[-137.93,62.62],[-137.61,62.7],[-137.95,62.81],[-137.74,62.89],[-138.36,63.19],[-138.74,63.22],[-138.71,63.29],[-138.4,63.34],[-138.28,63.52],[-137.96,63.56],[-137.98,63.7],[-138.32,63.84],[-138.35,63.89],[-138.27,63.92],[-138.34,63.98],[-139.2,64.1],[-139.92,64.33],[-140.09,64.47],[-141.81,65],[-145.49,65.67],[-145.8,65.77],[-145.64,65.88],[-145.75,65.92],[-146.45,65.87],[-147.61,66.03]]],[[[-141.1,68.19],[-141.77,68.07],[-141.77,68.01],[-141.97,67.97],[-142.17,67.72],[-141.08,67.48],[-141.02,67.54],[-141.02,68.06],[-141.1,68.19]]],[[[-153.94,64.17],[-153.9,64],[-153.98,63.86],[-154.09,63.86],[-154.04,63.77],[-154.49,63.79],[-154.57,63.75],[-154.55,63.63],[-155.1,63.51],[-154.89,63.41],[-154.47,63.5],[-154.21,63.44],[-153.74,63.71],[-153.44,63.79],[-153.33,63.89],[-153.4,64.07],[-152.76,64.01],[-152.47,64.12],[-151.92,64.14],[-151.51,64.32],[-151.58,64.43],[-152.01,64.59],[-151.9,64.67],[-152.05,64.7],[-152.32,64.66],[-152.41,64.57],[-151.93,64.4],[-151.88,64.32],[-153.94,64.17]]],[[[-156.64,62.93],[-157.17,62.96],[-157.4,62.68],[-157.38,62.56],[-156.71,62.8],[-156.64,62.93]]],[[[-155.65,63.58],[-156.09,63.55],[-156.16,63.22],[-156.34,63.19],[-156.18,63.13],[-155.51,63.35],[-155.49,63.46],[-155.65,63.58]]],[[[-150.58,65.91],[-152.44,65.86],[-152.12,65.7],[-151.33,65.64],[-151.99,65.49],[-152.07,65.39],[-151.21,65.32],[-151.13,65.28],[-151.2,65.22],[-151.07,65.16],[-150.48,65.26],[-149.46,65.27],[-149.45,65.45],[-148.91,65.59],[-149.54,65.54],[-149.64,65.59],[-150.14,65.51],[-150.26,65.64],[-150.09,65.68],[-150.2,65.75],[-150.04,65.78],[-150.11,65.84],[-150.34,65.82],[-150.46,65.92],[-150.58,65.91]]],[[[-153.97,65.5],[-154.46,65.42],[-155.1,65.06],[-155.13,64.93],[-153.58,65.17],[-153.34,65.36],[-152.8,65.3],[-152.9,65.43],[-152.54,65.5],[-152.77,65.59],[-153.02,65.58],[-153.89,65.3],[-153.78,65.49],[-153.97,65.5]]],[[[-149.5,67.29],[-150.24,67.18],[-150.01,67.12],[-150.58,66.99],[-150.62,66.94],[-150.45,66.84],[-150.56,66.77],[-150.51,66.64],[-150.87,66.47],[-150.87,66.41],[-150.58,66.41],[-150.6,66.28],[-151.34,66.21],[-152.39,65.93],[-150.7,66.08],[-150.18,66.25],[-150.13,66.34],[-150.26,66.39],[-149.6,66.4],[-149.24,66.53],[-149.6,66.61],[-148.59,66.99],[-147.62,67.08],[-148.41,67.2],[-148.29,67.25],[-147.32,67.23],[-147.28,67.1],[-147.06,67.11],[-146.38,67.25],[-146.29,67.37],[-146.07,67.43],[-144.69,67.5],[-144.52,67.62],[-143.63,67.83],[-143.89,67.61],[-143.87,67.54],[-143.66,67.5],[-142.85,67.71],[-141.95,68.26],[-141.51,68.24],[-141.07,68.73],[-141.57,68.66],[-141.95,68.37],[-143.93,68.31],[-143.88,68.18],[-143.76,68.1],[-144.08,68.04],[-144.96,68.1],[-145.22,68.06],[-145.41,67.89],[-145.81,67.89],[-145.97,68],[-146.61,67.83],[-146.52,67.7],[-147.15,67.66],[-148.25,67.32],[-149.5,67.29]]],[[[-160.01,63.85],[-159.92,63.9],[-160.15,63.88],[-160.37,63.61],[-160.6,63.53],[-160.43,63.48],[-160.19,63.55],[-160.12,63.3],[-159.83,63.34],[-159.69,63.45],[-159.94,63.63],[-160.01,63.85]]],[[[-152.51,66.99],[-154.06,67.05],[-154.31,66.92],[-153.54,66.92],[-153.18,66.82],[-152.51,66.99]]],[[[-159.22,65.3],[-159.54,65.16],[-159.59,64.99],[-159.88,64.9],[-159.71,64.79],[-159.76,64.75],[-159.97,64.71],[-160.19,64.54],[-160.18,64.45],[-159.87,64.5],[-159.85,64.42],[-160.15,64.22],[-159.2,64.31],[-158.9,64.45],[-158.96,64.54],[-158.93,64.63],[-159.04,64.71],[-158.75,64.77],[-158.69,64.85],[-159.13,64.83],[-159.08,64.95],[-159.37,64.99],[-159.08,65.12],[-159.1,65.29],[-159.22,65.3]]],[[[-155.7,66.09],[-155.9,66.16],[-155.84,66.23],[-156.11,66.36],[-156.49,66.48],[-156.63,66.43],[-156.42,66.36],[-156.2,66.1],[-155.7,66.09]]],[[[-157.47,66.36],[-157.86,66.35],[-156.75,66.14],[-156.86,66.24],[-156.82,66.32],[-157.17,66.46],[-157.47,66.36]]],[[[-155.24,66.96],[-155.22,67.01],[-157.51,67.09],[-157.27,67],[-155.92,66.9],[-155.57,66.88],[-155.24,66.96]]]]}},{"type":"Feature","properties":{"code":"6.1.2","name":"Alaska Range"},"geometry":{"type":"MultiPolygon","coordinates":[[[[-153.34,59.36],[-153.42,59.42],[-153.55,59.34],[-153.34,59.36]]],[[[-154.58,62.26],[-155.32,62.05],[-155.12,61.75],[-155.19,61.63],[-155.11,61.6],[-154.61,61.79],[-154.52,61.57],[-154.35,61.45],[-154.44,61.38],[-154.44,61.22],[-154.12,61.09],[-153.94,61.2],[-153.84,61.17],[-153.8,60.95],[-154.82,60.76],[-154.92,60.6],[-155.18,60.49],[-155.16,60.41],[-154.83,60.3],[-154.14,60.3],[-154.58,60.02],[-154.52,59.89],[-154.23,59.71],[-154.63,59.58],[-154.65,59.49],[-154.8,59.42],[-154.09,59.31],[-153.98,59.35],[-154.13,59.37],[-153.71,59.46],[-153.77,59.54],[-153.58,59.56],[-153.66,59.64],[-153.47,59.65],[-153.45,59.78],[-153.36,59.73],[-153.41,59.64],[-153.21,59.64],[-153,59.79],[-153.28,59.82],[-153.23,59.87],[-152.71,59.92],[-152.58,60.08],[-153,60.3],[-152.79,60.23],[-152.53,60.25],[-152.37,60.85],[-152.19,60.92],[-151.98,61.17],[-151.79,61.21],[-151.76,61.27],[-151.92,61.44],[-151.59,61.6],[-151.59,61.69],[-151.8,61.92],[-152.08,62],[-151.99,62.15],[-152.14,62.36],[-152.08,62.42],[-151.91,62.46],[-151.41,62.39],[-151.41,62.47],[-151.16,62.5],[-150.85,62.41],[-150.17,62.86],[-149.83,62.98],[-149.76,62.9],[-150.08,62.67],[-150,62.52],[-149.81,62.52],[-149.62,62.34],[-149.8,62.26],[-149.69,61.78],[-149.38,61.71],[-148.88,61.82],[-147.66,61.81],[-147.04,61.94],[-147,62.36],[-147.38,62.52],[-147.2,62.67],[-145.7,62.74],[-144.57,62.88],[-144.52,62.71],[-144.24,62.64],[-143.27,62.8],[-142.19,62.81],[-142.58,63.07],[-142.58,63.19],[-144,63.47],[-144.15,63.67],[-145.58,63.86],[-145.92,63.83],[-145.98,63.67],[-146.09,63.66],[-146.09,63.84],[-146.52,63.92],[-146.67,64.07],[-147.13,64.08],[-147.8,64.22],[-148.1,64.16],[-148.67,64.22],[-149.11,64.15],[-149.03,63.98],[-149.13,63.92],[-149.36,64.06],[-149.97,63.96],[-150.03,63.84],[-150.28,63.77],[-150.35,63.88],[-150.22,63.98],[-150.32,64.03],[-150.99,63.59],[-151.36,63.45],[-151.33,63.33],[-151.82,63.27],[-152.7,62.97],[-153.6,62.49],[-154.08,62.44],[-154.58,62.26]]]]}},{"type":"Feature","properties":{"code":"6.1.3","name":"Copper Plateau"},"geometry":{"type":"Polygon","coordinates":[[[-145.99,62.74],[-147.2,62.67],[-147.38,62.52],[-147,62.36],[-147.04,61.94],[-146.76,61.96],[-146.57,61.85],[-146.24,61.92],[-145.92,61.79],[-145.67,61.88],[-145.48,61.73],[-145.05,61.6],[-144.54,61.64],[-143.73,61.26],[-143.46,61.3],[-142.63,61.01],[-142.18,61.12],[-142.74,61.15],[-142.76,61.22],[-142.64,61.35],[-142.75,61.41],[-143.54,61.36],[-143.75,61.51],[-144.21,61.6],[-144.6,61.8],[-144.6,61.9],[-144.89,61.96],[-144.81,62.21],[-144.65,62.26],[-144.57,62.41],[-144.12,62.57],[-143.5,62.55],[-143.6,62.71],[-143.86,62.74],[-144.24,62.64],[-144.52,62.71],[-144.57,62.88],[-145.99,62.74]]]}},{"type":"Feature","properties":{"code":"6.1.4","name":"Wrangell and St. Elias Mountains"},"geometry":{"type":"Polygon","coordinates":[[[-143.85,62.53],[-144.12,62.57],[-144.57,62.41],[-144.65,62.26],[-144.81,62.21],[-144.89,61.96],[-144.6,61.9],[-144.6,61.8],[-144.21,61.6],[-143.75,61.51],[-143.54,61.36],[-142.75,61.41],[-142.64,61.35],[-142.76,61.22],[-142.74,61.15],[-142.32,61.15],[-141.23,60.85],[-140.6,60.82],[-139.89,60.67],[-139.41,60.35],[-139.07,60.35],[-139.19,60.09],[-138.69,59.91],[-138.62,59.77],[-137.59,59.24],[-137.24,59.2],[-136.83,59.39],[-136.82,59.51],[-137.34,59.65],[-137.66,59.94],[-137.94,59.88],[-138.03,60.19],[-137.8,60.46],[-137.85,60.62],[-137.92,60.65],[-137.99,60.48],[-138.11,60.44],[-138.01,60.67],[-138.6,60.81],[-138.65,60.94],[-138.49,61.02],[-138.58,61.13],[-140.02,61.72],[-140.2,61.72],[-140.14,61.76],[-140.26,61.86],[-141.06,62.26],[-141.57,62.32],[-141.63,62.54],[-141.77,62.56],[-141.74,62.65],[-142.19,62.81],[-142.95,62.82],[-143.49,62.75],[-143.6,62.71],[-143.5,62.55],[-143.85,62.53]]]}},{"type":"Feature","properties":{"code":"6.1.5","name":"Watson Highlands"},"geometry":{"type":"Polygon","coordinates":[[[-139.25,64.37],[-139.62,64.32],[-140,64.42],[-139.89,64.32],[-139.09,64.07],[-138.34,63.98],[-138.27,63.92],[-138.35,63.89],[-138.32,63.84],[-137.98,63.7],[-137.96,63.56],[-138.28,63.52],[-138.4,63.34],[-138.71,63.29],[-138.74,63.22],[-138.36,63.19],[-137.74,62.89],[-137.95,62.81],[-137.61,62.7],[-137.93,62.62],[-137.23,62.39],[-137.78,62.46],[-136.87,62.21],[-136.73,62.07],[-137.21,62.01],[-137.35,61.88],[-138.02,61.87],[-138.63,62.14],[-138.95,62.11],[-139.37,62.37],[-139.98,62.05],[-140.42,62.1],[-140.43,62],[-140.29,61.93],[-140.57,61.98],[-140.26,61.86],[-140.14,61.76],[-140.2,61.72],[-140.02,61.72],[-138.58,61.13],[-138.49,61.02],[-138.65,60.94],[-138.6,60.81],[-138.01,60.67],[-138.11,60.44],[-137.86,60.64],[-137.8,60.47],[-137.97,60.33],[-137.91,60.27],[-137.63,60.45],[-137.45,60.34],[-137.19,60.34],[-137.03,60.19],[-137.01,60.29],[-137.13,60.35],[-137.07,60.39],[-136.81,60.26],[-136.78,60.4],[-136.38,60.33],[-136.08,60.51],[-135.86,60.33],[-135.25,60.34],[-134.52,60.16],[-134.07,60.23],[-133.94,60.1],[-133.62,60.01],[-133.63,59.91],[-133.37,59.91],[-133.38,59.85],[-133.23,59.79],[-133.08,59.87],[-133.02,59.77],[-132.95,59.83],[-132.75,59.74],[-132.47,59.74],[-132.43,59.64],[-132.6,59.58],[-132.28,59.42],[-132.39,59.27],[-132.15,59.07],[-131.82,59],[-131.82,58.92],[-131.59,59.02],[-131.44,58.91],[-131.38,58.92],[-131.47,59.01],[-131.33,59.08],[-131.54,59.13],[-131.78,59.35],[-131.66,59.47],[-131.79,59.59],[-131.84,59.8],[-131.76,59.98],[-131.32,59.95],[-131.03,60.06],[-130.51,59.8],[-129.38,59.73],[-129.02,59.24],[-129.08,59.18],[-128.83,59.23],[-128.98,59.47],[-128.85,59.56],[-128.05,59.37],[-127.62,59.1],[-126.99,59.22],[-127.02,59.32],[-126.83,59.42],[-126.39,59.46],[-126,59.3],[-125.02,59.29],[-125.03,59.39],[-124.7,59.4],[-124.59,59.57],[-124.73,59.73],[-124.92,59.69],[-124.83,59.95],[-124.27,60.32],[-124.07,60.09],[-123.97,60.12],[-124.09,60.3],[-124.06,60.52],[-124.22,60.81],[-123.86,61.16],[-124.07,61.06],[-124.54,61.18],[-124.66,61.01],[-124.89,60.91],[-125.59,60.85],[-125.76,60.87],[-126.14,61.22],[-126.35,61.2],[-126.44,61.09],[-126.43,60.88],[-126.61,60.82],[-126.74,60.89],[-126.87,61.17],[-127.5,61.34],[-127.53,61.12],[-127.87,61.01],[-127.9,60.79],[-128.07,60.7],[-128.26,60.7],[-128.46,60.95],[-128.74,60.85],[-128.85,60.72],[-129.06,61.34],[-129.35,61.5],[-129.25,61.68],[-129.44,61.71],[-129.34,61.78],[-130.44,61.93],[-130.56,62.01],[-130.46,62.12],[-130.54,62.23],[-130.74,62.23],[-130.68,62.34],[-130.86,62.56],[-131.05,62.63],[-131.61,62.64],[-132.63,63.09],[-132.57,63.2],[-132.29,63.19],[-132.02,63.37],[-132.42,63.5],[-132.32,63.6],[-132.34,63.7],[-132.94,63.93],[-136.05,64.25],[-136.91,64.08],[-137.21,64.24],[-137.87,64.16],[-139.25,64.37]]]}},{"type":"Feature","properties":{"code":"6.1.6","name":"Yukon-Stikine Highlands/Boreal Mountains and Plateaus"},"geometry":{"type":"Polygon","coordinates":[[[-137.5,60.38],[-137.68,60.44],[-137.85,60.29],[-137.99,60.29],[-138.03,60.18],[-137.94,59.88],[-137.69,59.95],[-137.34,59.65],[-136.82,59.51],[-136.47,59.55],[-136.5,59.75],[-136.03,59.76],[-135.83,59.86],[-135.4,59.82],[-135.45,59.79],[-135.01,59.57],[-135.02,59.49],[-134.74,59.47],[-134.55,59.26],[-134.18,59.11],[-133.98,59.12],[-133.86,58.97],[-133.69,59.03],[-133.25,58.7],[-133.26,58.63],[-133.06,58.64],[-133.15,58.42],[-132.59,58.42],[-132.49,58.3],[-132.21,58.24],[-132.3,58.16],[-132.2,58.17],[-132.21,58.1],[-132.02,58.12],[-132.17,57.98],[-132.37,57.92],[-132.38,57.77],[-132.07,57.62],[-132.03,57.52],[-131.75,57.61],[-131.56,57.42],[-131.16,57.33],[-131.02,57.18],[-131.03,57.06],[-130.46,57.25],[-130.33,57.18],[-129.91,57.33],[-128.77,57.21],[-128.43,57.08],[-127.92,57.08],[-127.68,56.94],[-127.43,56.65],[-127.26,56.61],[-125.1,56.46],[-124.74,56.5],[-124.47,56.74],[-124.38,57.13],[-124.23,57.17],[-124.05,57.14],[-123.99,56.92],[-123.68,56.8],[-122.93,56.88],[-122.83,57],[-122.81,57.08],[-123.03,57.22],[-123.14,57.43],[-123.17,57.67],[-123.54,57.85],[-123.8,58.16],[-123.78,58.24],[-123.87,58.27],[-123.78,58.33],[-123.82,58.46],[-124.59,58.9],[-124.76,59.04],[-124.66,59.08],[-124.7,59.16],[-125.02,59.29],[-126,59.3],[-126.39,59.46],[-126.83,59.42],[-127.02,59.32],[-126.99,59.22],[-127.66,59.1],[-128.05,59.37],[-128.88,59.56],[-128.97,59.46],[-128.83,59.24],[-129.06,59.17],[-129.02,59.24],[-129.29,59.54],[-129.32,59.71],[-130.13,59.83],[-130.51,59.8],[-131.03,60.06],[-131.32,59.95],[-131.82,59.95],[-131.8,59.61],[-131.66,59.49],[-131.78,59.34],[-131.54,59.13],[-131.33,59.08],[-131.47,59.01],[-131.38,58.92],[-131.56,58.94],[-131.59,59.02],[-131.82,58.92],[-131.82,59],[-132.02,59],[-132.38,59.26],[-132.28,59.42],[-132.6,59.58],[-132.43,59.64],[-132.47,59.74],[-132.75,59.74],[-132.95,59.83],[-133.02,59.77],[-133.08,59.87],[-133.23,59.79],[-133.38,59.85],[-133.37,59.91],[-133.63,59.91],[-133.62,60.01],[-133.94,60.1],[-134.04,60.22],[-134.52,60.16],[-135.25,60.34],[-135.86,60.33],[-136.08,60.51],[-136.38,60.33],[-136.78,60.4],[-136.81,60.26],[-137.07,60.39],[-137.13,60.35],[-137.01,60.29],[-137.03,60.19],[-137.19,60.34],[-137.5,60.38]]]}},{"type":"Feature","properties":{"code":"6.2.1","name":"Skeena-Omineca-Central Canadian Rocky Mountains"},"geometry":{"type":"Polygon","coordinates":[[[-130.46,57.25],[-131.06,57.03],[-131.11,56.91],[-130.85,56.72],[-130.87,56.63],[-130.71,56.56],[-130.26,56.63],[-129.78,56.58],[-129.76,56.5],[-129.5,56.48],[-129.08,56.29],[-128.92,56.07],[-128.8,56.11],[-128.77,56.39],[-128.58,56.37],[-128.7,56.04],[-128.56,55.79],[-128.13,55.64],[-127.74,55.62],[-127.58,55.45],[-127.61,55.27],[-127.37,55.28],[-127.27,55.08],[-127.31,55],[-126.84,54.79],[-126.74,54.67],[-126.32,54.6],[-125.75,54.32],[-125.67,54.37],[-125.68,54.28],[-125.46,54.2],[-123.87,54.06],[-124.05,53.89],[-123.65,53.6],[-123.61,53.75],[-123.47,53.64],[-123.28,53.75],[-123.15,53.6],[-123.01,53.71],[-122.71,53.65],[-122.7,53.41],[-123.05,53.33],[-122.75,53.18],[-122.67,53.02],[-122.72,52.95],[-122.62,52.88],[-122.65,52.56],[-122.54,52.57],[-122.54,52.46],[-122.43,52.48],[-122.48,52.55],[-122.34,52.76],[-122.4,52.98],[-122.03,52.67],[-121.59,52.66],[-121.75,52.68],[-121.95,53],[-122.08,53.09],[-122.19,53.45],[-122.35,53.39],[-122.43,53.5],[-122.39,53.69],[-122.15,53.7],[-122.07,53.84],[-121.94,53.85],[-121.75,53.68],[-121.65,53.91],[-121.85,53.97],[-121.6,54],[-121.64,54.11],[-120.92,53.76],[-120.7,53.76],[-120.75,53.74],[-120.7,53.7],[-120.41,53.7],[-120.38,53.81],[-120.07,53.91],[-120.29,53.96],[-120.14,54.11],[-120.5,54.12],[-120.52,54.42],[-120.6,54.47],[-120.36,54.56],[-120.77,54.88],[-120.94,55.29],[-122.02,55.86],[-122.37,56.41],[-122.69,56.54],[-122.93,56.88],[-123.68,56.8],[-123.99,56.92],[-124.05,57.14],[-124.23,57.17],[-124.38,57.13],[-124.47,56.74],[-124.74,56.5],[-125.61,56.47],[-127.43,56.65],[-127.68,56.94],[-127.92,57.08],[-128.43,57.08],[-128.77,57.21],[-129.91,57.33],[-130.33,57.18],[-130.46,57.25]]]}},{"type":"Feature","properties":{"code":"6.2.2","name":"Chilcotin Ranges and Fraser Plateau"},"geometry":{"type":"Polygon","coordinates":[[[-127.35,55.01],[-127.38,55.05],[-127.45,54.9],[-127.7,54.83],[-127.74,54.65],[-127.56,54.65],[-127.69,54.6],[-127.65,54.34],[-127.84,54.21],[-127.84,54.07],[-127.67,54.05],[-127.71,53.91],[-127.62,53.82],[-126.96,53.47],[-126.64,53.16],[-126.49,52.85],[-126.17,52.77],[-125.89,52.27],[-125.82,51.85],[-124.9,51.57],[-123.71,50.84],[-123.51,50.84],[-123.35,51.03],[-122.87,51.01],[-122.2,51.11],[-122.07,51.15],[-121.98,51.32],[-121.67,51.26],[-121.49,51.02],[-120.73,51.08],[-120.64,51.14],[-120.58,51.44],[-120.63,51.86],[-120.97,51.79],[-120.89,51.86],[-120.91,52.01],[-121.05,52.19],[-121.3,52.23],[-121.05,52.29],[-121.2,52.34],[-121.1,52.38],[-121.31,52.35],[-121.5,52.5],[-121.66,52.43],[-121.81,52.47],[-121.78,52.64],[-122.14,52.72],[-122.4,52.98],[-122.34,52.76],[-122.48,52.55],[-122.43,52.48],[-122.54,52.46],[-122.54,52.57],[-122.65,52.56],[-122.62,52.88],[-122.72,52.96],[-122.67,53.02],[-122.8,53.23],[-123.05,53.33],[-122.7,53.41],[-122.71,53.65],[-123.01,53.71],[-123.15,53.6],[-123.28,53.75],[-123.47,53.64],[-123.61,53.75],[-123.65,53.6],[-124.05,53.89],[-123.87,54.06],[-124.35,54.14],[-124.62,54.09],[-124.86,54.17],[-125.04,54.11],[-125.17,54.2],[-125.52,54.21],[-125.69,54.28],[-125.67,54.37],[-125.75,54.32],[-126.32,54.6],[-126.73,54.67],[-126.84,54.79],[-127.35,55.01]]]}},{"type":"Feature","properties":{"code":"6.2.3","name":"Columbia Mountains/Northern Rockies"},"geometry":{"type":"Polygon","coordinates":[[[-121.99,53.81],[-122.07,53.84],[-122.15,53.7],[-122.39,53.69],[-122.43,53.5],[-122.33,53.38],[-122.19,53.45],[-122.08,53.09],[-121.95,53],[-121.75,52.68],[-121.59,52.66],[-121.78,52.64],[-121.83,52.48],[-121.68,52.43],[-121.5,52.5],[-121.31,52.35],[-121.1,52.38],[-121.2,52.34],[-121.05,52.29],[-121.3,52.23],[-121.05,52.19],[-120.91,52.01],[-120.89,51.86],[-120.97,51.79],[-120.31,51.9],[-119.74,51.67],[-119.69,51.58],[-119.91,51.38],[-119.75,50.93],[-119.62,50.87],[-119.33,50.98],[-119.14,50.95],[-119.02,50.37],[-118.52,50.18],[-118.54,49.92],[-118.77,49.6],[-118.68,49.33],[-118.35,49.13],[-118.39,49.02],[-118.59,49.01],[-119.33,49.09],[-119.3,48.99],[-119.41,48.89],[-119.21,48.68],[-119.46,48.6],[-119.25,48.51],[-119.5,48.51],[-119.2,48.36],[-119.43,48.36],[-119.24,48.2],[-119.33,48.18],[-119.3,48.13],[-118.84,48.22],[-118.87,48.02],[-118.97,47.96],[-118.74,47.92],[-118.69,47.98],[-118.41,47.84],[-118.22,47.95],[-118.04,47.81],[-117.68,47.87],[-117.37,47.54],[-117.11,47.54],[-116.93,47.41],[-117.09,47.27],[-116.94,47.31],[-116.78,47.11],[-116.85,47.05],[-117.01,47.13],[-117.01,47.01],[-116.65,46.95],[-116.91,46.91],[-117.03,46.81],[-116.92,46.72],[-116.99,46.67],[-116.82,46.61],[-116.63,46.39],[-116.72,46.29],[-116.7,46.22],[-116.52,46.19],[-116.48,46.34],[-116.31,46.35],[-116.39,46.46],[-116.27,46.29],[-116.29,46.45],[-116.4,46.48],[-116.29,46.47],[-116.17,46.33],[-116.22,46.28],[-116.07,46.23],[-116.23,46.16],[-116.04,46.2],[-116.02,46.11],[-116.14,46.08],[-116.01,46.07],[-116.05,46],[-115.97,45.96],[-115.97,46.11],[-115.87,46.06],[-115.93,46.14],[-115.66,46.16],[-115.03,46.52],[-114.91,46.49],[-114.69,46.74],[-114.59,46.65],[-114.41,46.73],[-114.11,46.69],[-114.12,46.85],[-114.25,47],[-114.38,47.01],[-114.6,47.18],[-114.06,47],[-113.99,47.16],[-113.85,47.22],[-114.01,47.38],[-113.99,47.96],[-113.89,47.94],[-113.72,47.37],[-113.58,47.43],[-113.81,47.92],[-114.12,48.27],[-114.15,48.43],[-114.41,48.49],[-114.58,48.7],[-114.52,48.58],[-114.76,48.69],[-115.03,49],[-115.32,49.09],[-115.45,49.38],[-115.66,49.53],[-115.83,49.49],[-116.01,49.66],[-115.81,50.05],[-116.2,50.61],[-116.96,51.1],[-116.75,51.07],[-117.21,51.48],[-117.42,51.52],[-117.72,51.79],[-118.18,52.01],[-118.58,52.08],[-118.48,52.18],[-118.63,52.27],[-118.63,52.36],[-119.12,52.74],[-119.25,52.67],[-119.56,52.99],[-121.31,53.8],[-121.67,53.89],[-121.75,53.68],[-121.93,53.85],[-121.99,53.81]]]}},{"type":"Feature","properties":{"code":"6.2.4","name":"Canadian Rockies"},"geometry":{"type":"Polygon","coordinates":[[[-120.19,54.52],[-120.38,54.56],[-120.45,54.48],[-120.6,54.47],[-120.52,54.42],[-120.5,54.12],[-120.14,54.11],[-120.29,53.96],[-120.08,53.92],[-120.38,53.81],[-120.41,53.7],[-120.92,53.76],[-121.62,54.11],[-121.64,53.97],[-121.85,53.97],[-121.3,53.79],[-119.61,53.01],[-119.34,52.82],[-119.25,52.67],[-119.12,52.74],[-118.63,52.36],[-118.63,52.27],[-118.48,52.18],[-118.58,52.08],[-118.18,52.01],[-117.72,51.79],[-117.42,51.52],[-117.21,51.48],[-116.75,51.07],[-116.96,51.1],[-116.49,50.85],[-116.01,50.41],[-115.81,50.05],[-116.01,49.69],[-115.91,49.56],[-115.56,49.47],[-115.38,49.33],[-115.41,49.18],[-115.29,49.07],[-115.03,49],[-114.83,48.84],[-114.8,48.73],[-114.52,48.58],[-114.58,48.7],[-114.37,48.46],[-114.15,48.43],[-114.12,48.27],[-113.81,47.93],[-113.58,47.44],[-113.72,47.37],[-113.89,47.94],[-114.03,47.94],[-114.01,47.38],[-113.89,47.2],[-113.64,47.19],[-113.59,47.35],[-113.49,47.2],[-113.46,47.29],[-113.28,47.23],[-113.12,47.32],[-113.15,47.26],[-113.05,47.25],[-112.92,47.33],[-112.73,47.29],[-112.77,47.22],[-112.37,47.18],[-112.41,47.28],[-112.72,47.46],[-112.6,47.52],[-112.71,47.6],[-112.61,47.79],[-112.64,47.95],[-112.71,48.11],[-112.84,48.17],[-112.74,48.23],[-112.86,48.21],[-112.88,48.28],[-113.11,48.33],[-113.27,48.51],[-113.17,48.52],[-113.33,48.57],[-113.23,48.59],[-113.33,48.68],[-113.38,48.82],[-113.32,48.9],[-113.42,48.94],[-113.45,49.07],[-113.87,49.24],[-114.18,49.6],[-114.14,49.99],[-113.98,49.74],[-113.86,49.79],[-113.95,49.97],[-113.92,50.1],[-114.24,50.1],[-114.24,50.21],[-114.47,50.31],[-114.58,50.55],[-114.7,50.62],[-114.66,50.75],[-114.78,50.83],[-114.71,50.94],[-115.17,51.29],[-115.45,51.8],[-116.01,52.15],[-116.41,52.23],[-116.4,52.39],[-116.27,52.46],[-116.71,52.79],[-116.83,53.02],[-117.24,53.06],[-117.14,53.14],[-117.44,53.17],[-117.6,53.31],[-117.88,53.24],[-117.87,53.33],[-117.73,53.4],[-118.42,53.73],[-118.22,53.86],[-118.14,54.03],[-118.39,53.89],[-118.85,53.92],[-118.5,53.96],[-118.08,54.18],[-118.98,54.14],[-119.09,54.26],[-119.41,54.23],[-119.18,54.37],[-119.58,54.57],[-119.63,54.54],[-119.53,54.43],[-119.76,54.39],[-120.09,54.6],[-120.08,54.51],[-120.19,54.52]]]}},{"type":"Feature","properties":{"code":"6.2.5","name":"North Cascades"},"geometry":{"type":"MultiPolygon","coordinates":[[[[-123.24,47.52],[-123.21,47.57],[-123.26,47.56],[-123.24,47.52]]],[[[-123.66,47.94],[-123.78,47.96],[-123.8,47.89],[-123.66,47.87],[-123.82,47.78],[-123.63,47.77],[-123.7,47.69],[-123.53,47.62],[-123.38,47.68],[-123.4,47.59],[-123.29,47.61],[-123.34,47.54],[-123.11,47.67],[-123.32,47.65],[-123.17,47.71],[-123.31,47.77],[-123.11,47.74],[-123.02,47.81],[-123.12,47.94],[-123.25,47.88],[-123.31,47.92],[-123.21,47.96],[-123.44,47.96],[-123.4,48.02],[-123.58,48],[-123.42,47.86],[-123.44,47.8],[-123.51,47.91],[-123.56,47.85],[-123.66,47.94]]],[[[-120.83,49.53],[-121.63,49.35],[-121.85,49.11],[-121.81,49.08],[-122.24,48.97],[-122.35,48.75],[-122.2,48.53],[-122.03,48.52],[-122.21,48.41],[-122.06,48.33],[-122.12,48.32],[-121.98,48.22],[-121.99,48.12],[-121.86,48.12],[-121.93,48.1],[-121.9,48.01],[-121.63,47.85],[-121.81,47.78],[-121.73,47.44],[-121.02,47.15],[-120.64,47.2],[-120.58,47.33],[-120.36,47.31],[-120.51,47.52],[-120.27,47.6],[-120.35,47.69],[-120.25,47.7],[-120.14,47.86],[-120.02,47.84],[-120.18,47.95],[-119.98,47.85],[-119.98,47.95],[-119.89,47.94],[-120.14,48.25],[-120.25,48.28],[-120.1,48.29],[-120.15,48.35],[-120.26,48.33],[-120.31,48.53],[-120.21,48.56],[-120.25,48.6],[-119.99,48.41],[-120.05,48.19],[-119.81,48.16],[-119.81,48.3],[-119.58,48.45],[-119.77,48.55],[-119.55,48.52],[-119.59,48.59],[-119.52,48.65],[-119.62,48.83],[-119.45,48.83],[-119.5,48.97],[-119.71,48.96],[-119.62,49.16],[-119.77,49.38],[-120.1,49.42],[-120.04,49.17],[-120.26,49.31],[-120.57,49.17],[-120.83,49.53]]]]}},{"type":"Feature","properties":{"code":"6.2.6","name":"Cypress Upland"},"geometry":{"type":"Polygon","coordinates":[[[-110.18,49.93],[-110.69,49.86],[-110.92,49.67],[-110.76,49.64],[-110.58,49.37],[-110.44,49.33],[-109.99,49.42],[-109.19,49.39],[-108.78,49.52],[-108.54,49.81],[-108.62,49.92],[-109.52,49.83],[-110.18,49.93]]]}},{"type":"Feature","properties":{"code":"6.2.7","name":"Cascades"},"geometry":{"type":"MultiPolygon","coordinates":[[[[-122.16,41.63],[-122.34,41.57],[-122.4,41.4],[-122.21,41.24],[-121.88,41.41],[-121.96,41.61],[-122.16,41.63]]],[[[-121.21,43.68],[-121.17,43.74],[-121.28,43.77],[-121.3,43.69],[-121.21,43.68]]],[[[-121.61,44.39],[-121.61,44.41],[-121.66,44.41],[-121.61,44.39]]],[[[-122.04,47.52],[-121.84,47.41],[-121.92,47.35],[-121.88,47.16],[-122.16,47.06],[-122.29,46.87],[-122.46,46.78],[-122.85,46.84],[-122.67,46.75],[-122.76,46.72],[-122.71,46.67],[-122.49,46.6],[-122.65,46.4],[-122.63,46.29],[-122.82,46.22],[-122.85,46.15],[-122.76,46.13],[-122.82,46.06],[-122.74,46.06],[-122.8,46.01],[-122.52,45.91],[-122.43,45.67],[-122.19,45.61],[-122.33,45.53],[-122.27,45.3],[-122.56,45.04],[-122.7,45.01],[-122.72,44.85],[-122.46,44.75],[-122.6,44.76],[-122.71,44.66],[-122.69,44.31],[-122.92,44.3],[-123.02,44.18],[-122.97,44.12],[-122.79,44.21],[-122.91,44.1],[-122.71,44.1],[-122.87,44.02],[-122.67,43.98],[-122.72,43.95],[-122.66,43.9],[-122.76,43.93],[-122.7,43.89],[-122.79,43.9],[-122.77,43.83],[-122.98,43.9],[-122.89,43.74],[-122.96,43.77],[-122.97,43.69],[-123.04,43.77],[-123.08,43.65],[-123.24,43.56],[-123.01,43.29],[-123.14,43.19],[-123.03,43.08],[-123.05,42.98],[-122.91,42.91],[-122.98,42.82],[-122.95,42.68],[-122.53,42.73],[-122.66,42.64],[-122.41,42.32],[-122.7,42.29],[-122.56,42.25],[-122.44,42.08],[-122.32,42.16],[-122.35,42.28],[-122.22,42.33],[-122.03,42.27],[-122.13,42.74],[-121.89,42.93],[-121.99,43.11],[-121.93,43.28],[-121.99,43.29],[-121.88,43.32],[-121.99,43.36],[-121.88,43.8],[-121.55,44.01],[-121.54,44.1],[-121.75,44.22],[-121.69,44.58],[-121.76,44.61],[-121.65,44.67],[-121.69,44.98],[-121.53,45.12],[-121.6,45.18],[-121.48,45.26],[-121.46,45.41],[-121.49,45.47],[-121.64,45.46],[-121.67,45.57],[-121.55,45.59],[-121.64,45.64],[-121.58,45.71],[-121.76,45.83],[-121.66,46.09],[-121.41,46.11],[-121.36,46.2],[-121.42,46.32],[-121.27,46.38],[-121.34,46.43],[-121.26,46.56],[-121.34,46.65],[-121.17,46.81],[-121.33,46.86],[-121.26,46.94],[-121.37,46.93],[-121.18,46.98],[-121.29,47.03],[-121.25,47.09],[-121.04,47.09],[-121.17,47.22],[-121.83,47.51],[-122.04,47.52]]]]}},{"type":"Feature","properties":{"code":"6.2.8","name":"Eastern Cascades Slopes and Foothills"},"geometry":{"type":"Polygon","coordinates":[[[-120.56,47.33],[-120.74,47.18],[-121.02,47.15],[-121.17,47.22],[-121.05,47.08],[-121.25,47.09],[-121.29,47.03],[-121.18,46.98],[-121.37,46.93],[-121.26,46.94],[-121.33,46.86],[-121.17,46.81],[-121.34,46.65],[-121.26,46.56],[-121.34,46.43],[-121.27,46.38],[-121.42,46.32],[-121.36,46.2],[-121.41,46.11],[-121.66,46.09],[-121.76,45.83],[-121.58,45.71],[-121.64,45.64],[-121.55,45.59],[-121.67,45.57],[-121.64,45.46],[-121.49,45.47],[-121.46,45.41],[-121.48,45.26],[-121.6,45.18],[-121.53,45.12],[-121.69,44.98],[-121.65,44.67],[-121.76,44.61],[-121.69,44.58],[-121.75,44.22],[-121.54,44.1],[-121.55,44.01],[-121.88,43.8],[-121.99,43.36],[-121.88,43.32],[-121.99,43.29],[-121.93,43.28],[-121.99,43.11],[-121.89,42.93],[-122.13,42.74],[-122.03,42.27],[-122.22,42.33],[-122.35,42.27],[-122.35,42.04],[-122.49,41.84],[-122.36,41.73],[-122.34,41.57],[-122.06,41.64],[-121.93,41.57],[-121.9,41.36],[-122.15,41.24],[-121.92,41.1],[-121.91,40.78],[-121.66,40.94],[-121.32,40.64],[-121.15,40.76],[-120.94,40.75],[-120.84,40.82],[-120.97,40.91],[-120.94,40.98],[-120.76,40.9],[-120.19,40.94],[-120.11,41.05],[-120.27,41.82],[-120.08,41.99],[-120.17,42.17],[-120.09,42.3],[-120.13,42.39],[-120.43,42.45],[-120.53,42.68],[-120.81,42.78],[-120.79,43.03],[-121.3,43.09],[-121.16,43.2],[-121.16,43.43],[-120.98,43.55],[-120.77,43.56],[-120.78,43.73],[-120.91,43.78],[-120.87,43.84],[-121.08,43.86],[-121.12,44.03],[-121.32,44.06],[-121.54,44.29],[-121.41,44.51],[-121.46,44.63],[-121.37,44.66],[-121.45,44.9],[-121.36,44.96],[-121.42,45.02],[-121.27,45.07],[-121.41,45.16],[-121.26,45.23],[-121.15,45.45],[-121.28,45.61],[-120.89,45.89],[-120.59,45.79],[-120.41,45.84],[-120.35,45.99],[-120.66,46.05],[-120.98,46.42],[-120.87,46.6],[-120.96,46.65],[-120.85,46.77],[-120.9,46.81],[-120.74,46.79],[-120.79,46.92],[-120.67,46.96],[-120.77,46.99],[-120.79,47.15],[-120.23,47.12],[-120.25,47.31],[-120.56,47.33]],[[-121.62,44.38],[-121.66,44.41],[-121.61,44.41],[-121.62,44.38]],[[-121.27,43.67],[-121.29,43.77],[-121.19,43.76],[-121.27,43.67]]]}},{"type":"Feature","properties":{"code":"6.2.9","name":"Blue Mountains"},"geometry":{"type":"Polygon","coordinates":[[[-117.54,46.34],[-117.62,46.34],[-117.61,46.27],[-117.78,46.32],[-117.82,46.23],[-118.16,46.08],[-118.12,45.84],[-118.36,45.8],[-118.43,45.65],[-118.62,45.56],[-118.5,45.41],[-118.7,45.34],[-118.93,45.33],[-119.11,45.22],[-119.34,45.25],[-119.79,45.06],[-120.39,45.05],[-120.43,44.96],[-120.51,45.09],[-120.55,44.97],[-120.98,44.8],[-121.07,44.82],[-120.98,44.91],[-121.14,44.99],[-121.08,45.02],[-121.18,44.97],[-121.22,45.01],[-121.15,45.04],[-121.39,45.08],[-121.43,45],[-121.36,44.96],[-121.45,44.9],[-121.37,44.66],[-121.46,44.63],[-121.41,44.51],[-121.54,44.29],[-121.32,44.06],[-121.12,44.03],[-121.1,43.88],[-120.71,43.96],[-120.44,43.91],[-120.27,43.86],[-120.33,43.79],[-120.22,43.7],[-120.03,43.93],[-119.87,43.64],[-119.68,43.69],[-119.27,43.53],[-119.11,43.53],[-119.08,43.65],[-118.65,43.62],[-118.56,43.73],[-118.68,43.98],[-118.39,43.82],[-118.36,43.92],[-118.1,43.8],[-117.98,43.89],[-117.81,43.86],[-117.88,44.02],[-117.76,44.08],[-117.45,44.04],[-117.57,44.27],[-117.32,44.26],[-117.31,44.39],[-117.16,44.28],[-117.12,44.37],[-116.99,44.32],[-116.91,44.42],[-116.83,44.37],[-116.8,44.52],[-116.7,44.55],[-116.73,44.61],[-116.51,44.68],[-116.49,44.82],[-116.25,44.92],[-116.32,44.96],[-116.34,45.37],[-116.22,45.4],[-116.29,45.44],[-116.27,45.54],[-116.12,45.64],[-116.23,45.65],[-116.15,45.81],[-116.37,45.93],[-116.25,45.93],[-116.54,46.01],[-116.7,46.26],[-117.06,46.07],[-117.43,46.2],[-117.41,46.27],[-117.54,46.34]]]}},{"type":"Feature","properties":{"code":"6.2.10","name":"Middle Rockies"},"geometry":{"type":"MultiPolygon","coordinates":[[[[-103.99,44.62],[-104.43,44.98],[-104.89,44.78],[-104.91,44.56],[-104.68,44.16],[-104.51,44.17],[-104.3,43.89],[-104.13,43.8],[-103.91,43.41],[-103.81,43.42],[-103.74,43.25],[-103.59,43.32],[-103.48,43.24],[-103.23,43.81],[-103.24,44.15],[-103.66,44.62],[-103.99,44.62]]],[[[-107.96,45.25],[-108.13,45.18],[-107.96,44.97],[-108.01,44.82],[-107.52,44.44],[-107.4,44.24],[-107.43,44.19],[-107.12,43.95],[-107.14,43.75],[-107.06,43.71],[-106.91,43.92],[-106.95,44],[-106.81,43.91],[-106.79,44.34],[-106.92,44.46],[-106.9,44.59],[-107.18,44.69],[-107.46,44.93],[-107.73,45],[-107.96,45.25]]],[[[-108.63,45.35],[-108.7,45.29],[-108.62,45.11],[-108.27,45.03],[-108.41,45.36],[-108.63,45.35]]],[[[-110.54,46.39],[-110.58,46.21],[-110.46,46.16],[-110.49,45.99],[-110.14,45.96],[-110.16,46.12],[-110.24,46.16],[-110.22,46.28],[-110.4,46.27],[-110.54,46.39]]],[[[-109.41,47.03],[-109.59,46.89],[-109.53,46.84],[-109.65,46.79],[-109.54,46.69],[-109.25,46.65],[-108.86,46.75],[-108.99,46.84],[-108.9,46.94],[-109.3,46.92],[-109.41,47.03]]],[[[-109.51,47.19],[-109.56,47.19],[-109.54,47.12],[-109.51,47.19]]],[[[-109.21,47.25],[-109.38,47.14],[-109.22,47],[-109.17,47.03],[-109.26,47.08],[-109.16,47.2],[-109.02,47.24],[-109.21,47.25]]],[[[-111.15,47.1],[-111.19,47.17],[-111.31,47.14],[-111.32,46.9],[-111.25,46.82],[-111.19,46.79],[-111.23,46.89],[-110.98,46.85],[-111.16,46.78],[-110.85,46.66],[-110.67,46.7],[-110.45,46.54],[-110.78,46.56],[-110.85,46.45],[-110.77,46.39],[-110.57,46.49],[-110.43,46.45],[-110.44,46.57],[-110.36,46.62],[-109.83,46.7],[-110.25,46.8],[-110.34,46.88],[-110.29,46.99],[-110.57,47.15],[-110.8,47.11],[-111,47.18],[-111.15,47.1]]],[[[-109.46,47.32],[-109.53,47.29],[-109.49,47.24],[-109.46,47.32]]],[[[-111.97,47.31],[-112.07,47.2],[-111.93,47.13],[-111.84,46.97],[-111.68,46.94],[-111.72,47.02],[-111.58,47.04],[-111.57,47.12],[-111.82,47.17],[-111.83,47.27],[-111.96,47.22],[-111.97,47.31]]],[[[-110.5,47.56],[-110.7,47.54],[-110.64,47.49],[-110.71,47.4],[-110.44,47.4],[-110.47,47.46],[-110.39,47.49],[-110.57,47.53],[-110.5,47.56]]],[[[-113.5,47.2],[-113.6,47.35],[-113.61,47.2],[-113.92,47.2],[-114.06,47],[-114.6,47.18],[-114.38,47.01],[-114.25,47],[-114.1,46.82],[-114.24,46.37],[-114.19,45.96],[-114.08,45.9],[-114.11,46.07],[-113.81,46.06],[-113.76,46.12],[-113.81,46.21],[-113.69,46.24],[-113.63,46.16],[-113.69,46.11],[-113.65,45.97],[-113.38,45.94],[-113.42,45.82],[-113.64,45.75],[-113.7,45.57],[-114,45.47],[-113.92,45.3],[-113.94,45.01],[-114.07,44.93],[-114.04,44.84],[-114.14,44.76],[-114.28,44.76],[-114.34,44.55],[-114.27,44.43],[-114.39,44.27],[-114.31,44.17],[-114.43,44.17],[-114.19,44.06],[-114.22,43.95],[-114.03,43.95],[-113.92,43.87],[-113.95,43.72],[-113.75,43.75],[-113.74,43.62],[-113.81,43.58],[-113.57,43.51],[-113.02,43.67],[-112.38,44.3],[-112,44.35],[-111.94,44.39],[-111.98,44.45],[-111.88,44.48],[-111.43,44.49],[-111.71,44.36],[-111.5,44.14],[-111.18,44.04],[-111.01,43.76],[-111.1,43.57],[-111.34,43.82],[-111.65,43.67],[-111.43,43.5],[-111.69,43.51],[-111.64,43.39],[-111.73,43.24],[-111.47,42.99],[-111.54,42.72],[-111.49,42.63],[-111.25,42.36],[-111.18,42.34],[-111.18,42.45],[-111.05,42.42],[-110.94,42.11],[-110.85,42.24],[-110.86,42],[-110.82,42.06],[-110.77,42.01],[-110.76,42.16],[-110.67,42.15],[-110.61,41.9],[-110.52,42.28],[-110.43,42.12],[-110.41,42.29],[-110.3,42.26],[-110.47,42.82],[-110.36,42.94],[-110.38,43.03],[-110.04,43.19],[-110.01,43.37],[-110,43.08],[-109.55,42.82],[-109.36,42.6],[-108.9,42.48],[-108.54,42.49],[-108.77,42.63],[-108.8,42.74],[-109.52,43.45],[-109.91,43.65],[-109.82,43.66],[-109.84,43.73],[-109.67,43.64],[-109.34,43.69],[-109.31,43.6],[-109.19,43.58],[-108.89,43.89],[-109.1,43.93],[-109.11,44.02],[-109.31,44.11],[-109.16,44.24],[-109.17,44.34],[-109.63,44.13],[-109.28,44.46],[-109.41,44.41],[-109.53,44.49],[-109.17,44.54],[-109.33,44.75],[-109.31,45],[-109.22,45.12],[-109.53,45.26],[-109.62,45.22],[-109.57,45.27],[-109.8,45.32],[-109.78,45.42],[-109.93,45.42],[-109.7,45.43],[-109.61,45.51],[-109.76,45.55],[-109.73,45.68],[-110,45.69],[-110.09,45.6],[-110.05,45.55],[-110.21,45.53],[-110.47,45.64],[-110.75,45.62],[-110.79,45.69],[-110.69,45.74],[-110.79,45.85],[-110.76,45.93],[-110.97,45.99],[-110.84,46.07],[-110.89,46.2],[-111.19,46.21],[-111.06,46.25],[-111.02,46.41],[-111.33,46.68],[-111.69,46.82],[-111.69,46.9],[-111.85,46.92],[-111.89,46.86],[-111.79,46.76],[-111.85,46.72],[-112.19,47.14],[-112.77,47.22],[-112.73,47.29],[-112.92,47.33],[-113.05,47.25],[-113.15,47.26],[-113.12,47.32],[-113.28,47.23],[-113.46,47.29],[-113.5,47.2]]],[[[-108.58,48.03],[-108.68,48.01],[-108.69,47.84],[-108.4,47.96],[-108.58,48.03]]],[[[-109.04,48.26],[-109.25,48.2],[-109.1,48.15],[-109.04,48.26]]],[[[-109.71,48.34],[-109.83,48.31],[-109.74,48.29],[-109.88,48.2],[-109.78,48.06],[-109.37,48.25],[-109.44,48.3],[-109.61,48.24],[-109.71,48.34]]],[[[-111.1,48.87],[-111.18,48.86],[-111.13,48.83],[-111.1,48.87]]],[[[-111.54,48.95],[-111.59,48.95],[-111.52,48.92],[-111.54,48.95]]]]}},{"type":"Feature","properties":{"code":"6.2.11","name":"Klamath Mountains"},"geometry":{"type":"Polygon","coordinates":[[[-123.37,43.71],[-123.45,43.67],[-123.36,43.59],[-123.53,43.27],[-123.79,42.98],[-123.66,42.85],[-124.11,42.66],[-124.24,42.54],[-124.22,42.44],[-124.29,42.49],[-124.38,42.4],[-124.3,42.38],[-124.36,42.3],[-124.25,42.29],[-124.37,42.25],[-124.27,42.09],[-124.13,42.19],[-124.17,42.09],[-124.07,42.1],[-124.11,42.04],[-124.03,42],[-123.85,41.12],[-123.87,40.47],[-123.55,39.8],[-123.49,39.43],[-123.32,39.25],[-123.13,39.34],[-122.97,39.2],[-122.89,39.25],[-122.89,39.4],[-122.68,39.17],[-122.67,39.53],[-122.78,39.81],[-122.71,39.95],[-122.85,40.42],[-122.6,40.54],[-122.6,40.72],[-122.39,40.83],[-121.95,40.71],[-121.91,41.08],[-122.39,41.35],[-122.34,41.67],[-122.49,41.84],[-122.35,42.08],[-122.5,42.09],[-122.56,42.25],[-122.7,42.29],[-122.41,42.32],[-122.66,42.64],[-122.53,42.73],[-122.95,42.68],[-122.98,42.82],[-122.91,42.91],[-123.05,42.98],[-123.03,43.08],[-123.14,43.19],[-123.01,43.29],[-123.24,43.54],[-123.17,43.62],[-123.37,43.71]]]}},{"type":"Feature","properties":{"code":"6.2.12","name":"Sierra Nevada"},"geometry":{"type":"Polygon","coordinates":[[[-121.31,40.64],[-121.66,40.94],[-121.95,40.71],[-121.94,40.54],[-121.71,40.2],[-121.7,39.93],[-121.31,39.48],[-121.06,38.98],[-120.66,38.62],[-120.76,38.4],[-120.64,38.34],[-120.56,38.15],[-120.42,38.12],[-120.16,37.87],[-120.16,37.75],[-119.83,37.6],[-119.9,37.54],[-119.84,37.46],[-119.5,37.21],[-119.32,37.17],[-119.38,37.04],[-118.94,36.83],[-118.97,36.68],[-118.79,36.47],[-118.64,35.62],[-118.47,35.84],[-118.01,35.71],[-117.99,36.02],[-118.15,36.5],[-118.49,37.19],[-118.92,37.62],[-118.9,37.73],[-118.73,37.76],[-118.87,37.85],[-119.15,37.77],[-119.37,38.11],[-119.33,38.22],[-119.49,38.3],[-119.51,38.43],[-119.85,38.92],[-119.81,39.35],[-119.85,39.47],[-119.97,39.51],[-119.88,39.58],[-120.11,39.69],[-120.34,39.67],[-120.32,39.75],[-120.1,39.83],[-120.14,40.01],[-120.5,40.26],[-120.52,40.5],[-120.84,40.82],[-120.94,40.75],[-121.15,40.76],[-121.31,40.64]]]}},{"type":"Feature","properties":{"code":"6.2.13","name":"Wasatch and Uinta Mountains"},"geometry":{"type":"MultiPolygon","coordinates":[[[[-113.35,37.5],[-113.62,37.39],[-113.52,37.22],[-113.26,37.34],[-113.24,37.4],[-113.35,37.5]]],[[[-110.81,38.17],[-110.88,38.08],[-110.84,37.96],[-110.67,37.86],[-110.64,37.91],[-110.75,37.99],[-110.71,38.15],[-110.81,38.17]]],[[[-111.45,42.52],[-111.7,42.64],[-111.65,42.44],[-111.8,41.85],[-111.78,41.47],[-112.08,41.75],[-111.99,41.51],[-112.02,41.37],[-111.89,41.13],[-111.85,40.88],[-111.91,40.81],[-111.78,40.68],[-111.9,40.46],[-111.76,40.47],[-111.55,40.14],[-111.8,39.94],[-111.83,39.56],[-111.92,39.4],[-111.81,39.21],[-111.69,39.25],[-111.71,39.1],[-112.17,38.51],[-112.28,38.6],[-112.02,38.89],[-112.12,39.22],[-112.39,38.77],[-112.58,38.7],[-112.58,38.26],[-112.5,38.12],[-112.66,38.08],[-112.76,37.88],[-113.15,37.61],[-113.06,37.36],[-113.03,37.46],[-112.84,37.41],[-112.79,37.5],[-112.65,37.41],[-112.33,37.42],[-112.14,37.67],[-111.98,37.72],[-111.97,37.88],[-111.9,37.67],[-111.79,37.9],[-111.29,38.02],[-111.31,38.14],[-111.48,38.29],[-111.41,38.35],[-111.47,38.58],[-111.38,38.63],[-111.43,38.91],[-111.24,39.02],[-111.22,39.19],[-111.14,39.2],[-111.27,39.28],[-111.19,39.29],[-111.23,39.38],[-111.1,39.32],[-111.23,39.54],[-110.94,39.8],[-110.63,39.72],[-110.44,39.81],[-111.03,40.09],[-110.85,40.16],[-111.09,40.36],[-110.96,40.29],[-110.87,40.37],[-110.78,40.32],[-110.75,40.37],[-110.97,40.45],[-110.82,40.49],[-110.59,40.38],[-110.58,40.52],[-110.46,40.52],[-110.51,40.6],[-110.38,40.53],[-110.09,40.61],[-109.61,40.59],[-109.25,40.89],[-109.38,40.97],[-109.72,40.94],[-109.91,41],[-110.21,40.93],[-110.3,41],[-110.2,41.14],[-110.49,41.06],[-110.6,41.14],[-110.79,41.06],[-110.82,40.94],[-111.08,40.96],[-111.08,41.18],[-111.26,41.15],[-111.45,42.31],[-111.31,42.47],[-111.43,42.58],[-111.45,42.52]]]]}},{"type":"Feature","properties":{"code":"6.2.14","name":"Southern Rockies"},"geometry":{"type":"MultiPolygon","coordinates":[[[[-109.5,37.92],[-109.58,37.96],[-109.62,37.83],[-109.45,37.72],[-109.35,37.78],[-109.35,37.86],[-109.5,37.92]]],[[[-109.19,38.61],[-109.33,38.57],[-109.29,38.34],[-109.07,38.44],[-109.15,38.56],[-109.08,38.54],[-109.19,38.61]]],[[[-108.71,38.93],[-108.85,38.82],[-108.98,38.85],[-108.98,38.76],[-108.67,38.81],[-108.62,38.91],[-108.71,38.93]]],[[[-106.37,42.77],[-106.59,42.73],[-106.42,42.65],[-106.41,42.45],[-105.96,42.41],[-105.75,42.19],[-105.66,42.19],[-105.64,42.06],[-105.7,42.02],[-105.45,41.99],[-105.49,41.87],[-105.43,41.84],[-105.54,41.66],[-105.51,41.02],[-105.62,41.08],[-105.77,40.93],[-105.91,40.96],[-105.85,40.87],[-105.94,40.83],[-106.08,40.97],[-105.95,41.11],[-105.99,41.21],[-106.04,41.28],[-106.09,41.2],[-106.14,41.24],[-106.02,41.43],[-106.26,41.62],[-106.53,41.52],[-106.48,41.61],[-106.55,41.73],[-106.66,41.67],[-106.57,41.39],[-106.62,41.27],[-106.45,41.05],[-107.15,41.35],[-107.34,41.55],[-107.45,41.51],[-107.51,41.25],[-107.38,40.98],[-107.52,40.95],[-107.52,40.74],[-107.16,40.53],[-107.13,40.39],[-107.01,40.41],[-107.12,40.35],[-107.46,40.47],[-107.7,40.38],[-107.6,40.34],[-107.61,40.23],[-107.74,40.15],[-107.67,40.02],[-107.91,39.91],[-107.89,39.73],[-107.56,39.67],[-107.41,39.55],[-107.62,39.35],[-107.72,39.36],[-107.81,39.49],[-107.97,39.45],[-108.13,39.26],[-107.94,39.32],[-107.78,39.27],[-108.29,39.06],[-108.19,38.87],[-107.94,38.97],[-107.75,38.88],[-107.53,38.92],[-107.57,38.5],[-107.43,38.39],[-107.54,38.35],[-107.69,38.41],[-107.72,38.27],[-107.64,38.17],[-107.69,38.21],[-107.7,38.1],[-107.82,38.1],[-107.92,38.16],[-107.81,38.19],[-107.84,38.24],[-108.07,38.39],[-108.18,38.4],[-108.32,38.55],[-108.59,38.61],[-108.59,38.76],[-108.87,38.77],[-108.77,38.66],[-108.83,38.62],[-108.17,38.2],[-108.24,38.16],[-108.18,37.93],[-108.53,37.99],[-108.39,37.86],[-108.53,37.77],[-108.8,37.87],[-108.69,37.64],[-108.47,37.59],[-108.5,37.46],[-108.04,37.29],[-108,37.14],[-107.84,37.33],[-107.5,37.24],[-107.52,37.06],[-107.28,36.92],[-107.37,36.59],[-107.23,36.59],[-107.36,36.5],[-107.22,36.5],[-107.31,36.37],[-107.13,36.32],[-107.23,36.25],[-107.09,36.16],[-107.02,35.99],[-106.94,36.04],[-106.96,35.84],[-106.85,35.56],[-106.74,35.67],[-106.57,35.54],[-106.22,35.79],[-106.14,36],[-106.3,36.2],[-106.59,36.17],[-106.56,36.32],[-106.3,36.28],[-106.21,36.36],[-106.07,36.32],[-105.91,36.42],[-105.96,36.67],[-106.11,36.83],[-105.98,36.88],[-106.07,36.87],[-106.16,36.99],[-106.11,37.06],[-106.22,37.12],[-106.24,37.53],[-106.32,37.65],[-106.57,37.68],[-106.32,37.74],[-106.14,38.05],[-106.28,38.15],[-106.07,38.1],[-105.96,38.17],[-106.09,38.41],[-106.04,38.43],[-105.51,37.81],[-105.59,37.56],[-105.35,37.37],[-105.39,36.99],[-105.53,36.95],[-105.67,36.57],[-105.52,36.45],[-105.91,36.16],[-105.85,36.02],[-105.92,35.58],[-105.48,35.29],[-105.52,35.43],[-105.36,35.42],[-105.32,35.53],[-105.24,35.53],[-105.27,35.74],[-105.17,35.92],[-105.24,35.95],[-105.1,36.22],[-105.03,36.13],[-104.9,36.27],[-104.74,36.3],[-104.98,36.35],[-105.02,36.48],[-104.71,36.63],[-104.43,36.91],[-104.19,36.78],[-103.86,36.92],[-103.9,36.99],[-104.09,36.96],[-104.52,37.15],[-104.51,37.27],[-104.76,37.58],[-104.99,37.48],[-105.08,37.53],[-104.87,37.95],[-104.99,38.16],[-105.21,38.31],[-105.26,38.5],[-104.85,38.46],[-104.82,38.63],[-104.89,38.86],[-104.83,39.01],[-105.29,40.03],[-105.14,40.49],[-105.18,40.65],[-105.09,41.05],[-105.18,41.16],[-105.08,41.23],[-105.16,41.38],[-104.99,41.46],[-104.9,41.79],[-105.25,41.81],[-105.18,41.93],[-105.26,41.98],[-105.15,42.08],[-105.22,42.12],[-105.21,42.26],[-105.04,42.38],[-105.15,42.44],[-105.22,42.61],[-105.36,42.6],[-105.47,42.47],[-105.51,42.56],[-105.4,42.63],[-105.5,42.75],[-105.88,42.78],[-106.15,42.68],[-106.17,42.77],[-106.37,42.77]]]]}},{"type":"Feature","properties":{"code":"6.2.15","name":"Idaho Batholith"},"geometry":{"type":"Polygon","coordinates":[[[-114.63,46.74],[-114.78,46.66],[-114.78,46.57],[-114.86,46.6],[-114.91,46.49],[-115.03,46.52],[-115.37,46.36],[-115.43,46.26],[-115.87,46.15],[-115.92,45.97],[-116.24,45.86],[-116.14,45.77],[-116.23,45.65],[-116.12,45.64],[-116.27,45.54],[-116.29,45.44],[-116.22,45.4],[-116.34,45.37],[-116.32,44.96],[-116.25,44.92],[-116.35,44.9],[-116.4,44.73],[-116.32,44.68],[-116.32,44.38],[-116.2,44.34],[-116.27,43.92],[-116.41,43.9],[-116.06,43.51],[-115.65,43.26],[-114.9,43.42],[-114.47,43.35],[-114.43,43.4],[-114.32,43.33],[-114.27,43.45],[-114.36,43.61],[-114.18,43.37],[-113.97,43.27],[-113.99,43.37],[-113.65,43.39],[-113.55,43.49],[-113.81,43.58],[-113.74,43.63],[-113.77,43.77],[-113.95,43.72],[-113.93,43.88],[-114.06,43.97],[-114.21,43.94],[-114.19,44.06],[-114.43,44.17],[-114.31,44.17],[-114.39,44.27],[-114.27,44.43],[-114.34,44.55],[-114.28,44.76],[-114.14,44.76],[-114.04,44.84],[-114.07,44.93],[-113.94,45.01],[-113.92,45.3],[-114,45.47],[-113.7,45.57],[-113.64,45.75],[-113.42,45.82],[-113.38,45.94],[-113.65,45.97],[-113.69,46.11],[-113.63,46.16],[-113.69,46.24],[-113.81,46.21],[-113.76,46.12],[-113.81,46.06],[-114.11,46.07],[-114.08,45.9],[-114.14,45.91],[-114.22,46.05],[-114.24,46.37],[-114.11,46.69],[-114.41,46.73],[-114.59,46.65],[-114.63,46.74]]]}},{"type":"Feature","properties":{"code":"7.1.1","name":"Ahklun and Kilbuck Mountains"},"geometry":{"type":"MultiPolygon","coordinates":[[[[-160.24,58.66],[-160.3,58.73],[-160.31,58.69],[-160.24,58.66]]],[[[-160.41,58.69],[-160.4,58.75],[-160.44,58.69],[-160.41,58.69]]],[[[-160.86,58.75],[-161.05,58.7],[-161.08,58.55],[-160.88,58.58],[-160.68,58.82],[-160.86,58.75]]],[[[-160.55,61.23],[-160.91,61.08],[-160.85,60.91],[-161.05,60.81],[-161.09,60.7],[-161.41,60.71],[-161.45,60.54],[-161.73,60.46],[-161.69,60.32],[-161.77,60.28],[-161.68,60.17],[-161.84,60.13],[-161.81,60.05],[-161.95,60.03],[-162.04,59.85],[-161.71,59.49],[-161.96,59.37],[-161.99,59.24],[-162.05,59.26],[-162.01,59.31],[-162.06,59.26],[-161.85,59.06],[-161.83,59.12],[-161.48,59.13],[-161.8,59.02],[-161.75,58.82],[-161.65,58.8],[-161.7,58.76],[-161.89,58.66],[-162.18,58.65],[-161.68,58.58],[-160.38,59.06],[-160.25,59],[-160.3,58.95],[-160.02,58.88],[-159.92,58.78],[-159.72,58.93],[-159.53,58.83],[-159.27,59.02],[-159.08,58.95],[-159.03,59.07],[-158.72,59.05],[-158.75,59.15],[-158.52,59.23],[-158.47,59.4],[-158.83,59.46],[-158.81,59.56],[-158.66,59.6],[-158.67,59.68],[-158.41,59.72],[-157.9,60.09],[-157.51,60.17],[-157.51,60.24],[-157.91,60.22],[-157.91,60.44],[-158.08,60.62],[-158.38,60.64],[-158.32,60.8],[-158.52,60.69],[-158.92,60.72],[-158.74,60.94],[-158.2,60.94],[-158.16,61.1],[-157.75,61.25],[-157.59,61.4],[-157.83,61.39],[-158.25,61.53],[-159.02,61.49],[-159.19,61.48],[-159.25,61.33],[-160.07,61.37],[-160.55,61.23]]],[[[-169.5,56.61],[-169.79,56.62],[-169.57,56.54],[-169.5,56.61]]],[[[-170.15,57.24],[-170.41,57.17],[-170.28,57.11],[-170.15,57.24]]]]}},{"type":"Feature","properties":{"code":"7.1.2","name":"Alaska Peninsula Mountains"},"geometry":{"type":"MultiPolygon","coordinates":[[[[-153.87,56.55],[-154.13,56.51],[-153.95,56.5],[-153.87,56.55]]],[[[-152.27,57.37],[-152.25,57.39],[-152.31,57.37],[-152.27,57.37]]],[[[-155.56,55.92],[-155.74,55.83],[-155.72,55.78],[-155.58,55.77],[-155.56,55.92]]],[[[-153.55,56.9],[-153.56,56.91],[-153.62,56.9],[-153.55,56.9]]],[[[-154.12,56.53],[-154.09,56.61],[-154.36,56.53],[-154.12,56.53]]],[[[-154.02,56.71],[-154.13,56.71],[-154.04,56.68],[-154.02,56.71]]],[[[-154.65,56.54],[-154.79,56.42],[-154.49,56.5],[-154.52,56.59],[-154.39,56.56],[-154.52,56.6],[-154.65,56.54]]],[[[-153.03,57.17],[-153.27,57.21],[-153.4,57.08],[-153.29,56.99],[-153.18,57.09],[-152.87,57.15],[-153.03,57.17]]],[[[-156.68,56.06],[-156.75,56.04],[-156.67,56.01],[-156.68,56.06]]],[[[-152.81,57.98],[-152.85,57.94],[-152.76,57.93],[-152.81,57.98]]],[[[-156.77,56.23],[-156.81,56.18],[-156.77,56.15],[-156.77,56.23]]],[[[-159.22,54.89],[-159.21,54.93],[-159.32,54.9],[-159.22,54.89]]],[[[-159.51,54.78],[-159.6,54.81],[-159.59,54.76],[-159.51,54.78]]],[[[-153.2,57.82],[-153.46,57.97],[-153.53,57.93],[-153.2,57.82]]],[[[-154.61,57.52],[-154.75,57.3],[-154.59,57.25],[-154.53,57],[-154.31,56.92],[-154.31,56.84],[-154.15,56.95],[-154.1,57.12],[-154.39,57.05],[-154.48,57.12],[-154.01,57.12],[-154.13,57],[-154.08,56.97],[-153.76,57.14],[-153.96,57],[-153.84,56.95],[-154.15,56.74],[-153.98,56.74],[-153.55,56.97],[-153.71,57.06],[-153.5,57.07],[-153.54,57.18],[-153.45,57.11],[-153.26,57.23],[-152.94,57.26],[-153.16,57.32],[-152.81,57.27],[-152.61,57.36],[-152.92,57.5],[-152.34,57.42],[-152.15,57.62],[-152.44,57.62],[-152.49,57.74],[-152.31,57.78],[-152.49,57.91],[-152.32,57.92],[-152.42,57.96],[-152.83,57.84],[-152.86,57.73],[-152.9,57.82],[-152.8,57.91],[-153.29,58],[-153.09,57.86],[-153.23,57.9],[-153.19,57.72],[-153.21,57.8],[-153.48,57.85],[-153.31,57.72],[-153.49,57.78],[-153.51,57.65],[-153.63,57.88],[-153.93,57.81],[-153.91,57.7],[-153.56,57.6],[-153.87,57.64],[-153.68,57.53],[-153.82,57.58],[-153.88,57.51],[-153.71,57.3],[-153.89,57.42],[-154.04,57.65],[-154.24,57.66],[-154.61,57.52]]],[[[-159.7,54.84],[-159.82,54.82],[-159.78,54.8],[-159.7,54.84]]],[[[-152.9,58],[-153.26,58.14],[-153.42,58.06],[-152.9,58]]],[[[-159.38,55.07],[-159.48,55.02],[-159.4,55],[-159.46,54.95],[-159.33,54.98],[-159.38,55.07]]],[[[-152.94,58.28],[-153.05,58.31],[-153.1,58.26],[-152.98,58.2],[-153.22,58.16],[-152.84,58],[-152.91,58.09],[-152.76,58.11],[-152.79,58.2],[-152.94,58.28]]],[[[-159.51,55.24],[-159.58,55.22],[-159.64,55.04],[-159.49,55.05],[-159.51,55.24]]],[[[-159.76,55.07],[-159.8,55.1],[-159.83,55.08],[-159.76,55.07]]],[[[-157.17,56.58],[-157.32,56.53],[-156.97,56.54],[-157.17,56.58]]],[[[-157.79,56.33],[-157.83,56.37],[-157.91,56.34],[-157.79,56.33]]],[[[-159.97,55.18],[-160.06,55.2],[-160.02,55.12],[-160.13,55.15],[-160.07,55.1],[-160.18,55.12],[-160.08,55.04],[-160.25,54.93],[-160.22,54.87],[-159.81,55.18],[-159.9,55.15],[-159.88,55.3],[-159.97,55.18]]],[[[-158.79,55.89],[-158.89,55.82],[-158.69,55.84],[-158.79,55.89]]],[[[-160.03,55.31],[-160.06,55.35],[-160.11,55.33],[-160.03,55.31]]],[[[-159.09,55.86],[-159.17,55.85],[-159.11,55.83],[-159.09,55.86]]],[[[-159.31,55.82],[-159.4,55.72],[-159.28,55.77],[-159.31,55.82]]],[[[-160.26,55.47],[-160.34,55.42],[-160.15,55.38],[-160.26,55.47]]],[[[-160.31,55.3],[-160.33,55.36],[-160.52,55.32],[-160.34,55.25],[-160.31,55.3]]],[[[-160.65,55.36],[-160.8,55.38],[-160.84,55.21],[-160.52,55.13],[-160.49,55.22],[-160.58,55.31],[-160.52,55.38],[-160.68,55.31],[-160.65,55.36]]],[[[-162.37,54.39],[-162.48,54.41],[-162.44,54.38],[-162.37,54.39]]],[[[-161.35,55.23],[-161.44,55.2],[-161.33,55.16],[-161.35,55.23]]],[[[-161.55,55.08],[-161.61,55.12],[-161.61,55.07],[-161.55,55.08]]],[[[-162.54,54.42],[-162.83,54.5],[-162.62,54.37],[-162.54,54.42]]],[[[-161.57,55.25],[-161.69,55.21],[-161.57,55.21],[-161.57,55.25]]],[[[-161.77,55.17],[-161.88,55.16],[-161.77,55.15],[-161.75,55.06],[-161.66,55.1],[-161.77,55.17]]],[[[-162.23,54.89],[-162.25,54.98],[-162.43,54.93],[-162.31,54.83],[-162.23,54.89]]],[[[-154.98,59.18],[-155.59,59.04],[-155.34,58.97],[-155.48,58.76],[-154.76,58.66],[-154.77,58.52],[-155.2,58.43],[-155.5,58.55],[-156.05,58.33],[-155.65,58.2],[-155.97,58.09],[-156.03,57.98],[-155.97,57.93],[-155.45,58.02],[-155.58,57.84],[-156.19,57.63],[-156.65,57.58],[-157.34,57.18],[-158.35,56.91],[-158.4,56.81],[-158.35,56.62],[-158.9,56.56],[-158.77,56.39],[-159.55,56.32],[-159.67,56.14],[-160.11,56.09],[-160.47,55.93],[-160.25,55.84],[-160.31,55.82],[-160.27,55.77],[-160.72,55.87],[-160.75,55.79],[-160.66,55.73],[-160.96,55.84],[-161.5,55.69],[-161.86,55.72],[-161.91,55.55],[-162.24,55.44],[-162.53,55.11],[-162.25,55.02],[-162.18,55.15],[-161.96,55.11],[-162.03,55.24],[-161.87,55.23],[-161.59,55.62],[-161.14,55.54],[-161.35,55.59],[-161.51,55.38],[-161.23,55.36],[-160.89,55.53],[-160.66,55.47],[-160.77,55.54],[-160.61,55.58],[-160.51,55.48],[-160.35,55.61],[-160.42,55.66],[-160.13,55.67],[-160.02,55.72],[-160.03,55.79],[-159.81,55.86],[-159.61,55.82],[-159.69,55.67],[-159.61,55.64],[-159.75,55.6],[-159.64,55.58],[-159.49,55.77],[-159.52,55.89],[-159.45,55.9],[-159.41,55.79],[-159.37,55.87],[-159,55.89],[-158.84,56.02],[-158.66,55.96],[-158.68,56.11],[-158.59,56.19],[-158.49,56.17],[-158.59,56.04],[-158.43,55.99],[-158.4,56.16],[-158.11,56.24],[-158.32,56.18],[-158.2,56.29],[-158.43,56.34],[-158.54,56.31],[-158.53,56.25],[-158.67,56.27],[-158.41,56.45],[-158.13,56.46],[-158.13,56.52],[-157.86,56.47],[-157.83,56.56],[-158.13,56.54],[-157.8,56.68],[-157.46,56.63],[-157.56,56.71],[-157.41,56.77],[-157.47,56.83],[-157.42,56.86],[-157.19,56.77],[-156.93,56.96],[-156.8,56.91],[-156.78,57.05],[-156.55,56.98],[-156.58,57.05],[-156.34,57.18],[-156.41,57.24],[-156.33,57.29],[-156.55,57.33],[-156.2,57.48],[-156.02,57.44],[-156.03,57.57],[-155.73,57.55],[-155.76,57.64],[-155.59,57.66],[-155.58,57.79],[-155.3,57.73],[-155.34,57.82],[-155.08,57.88],[-155.11,57.94],[-155.03,58.02],[-154.58,58.02],[-154.46,58.15],[-154.27,58.13],[-154.11,58.28],[-154.36,58.28],[-154.01,58.38],[-154.08,58.48],[-153.93,58.52],[-153.9,58.61],[-153.61,58.64],[-153.3,58.87],[-153.72,59.07],[-154.18,59.03],[-154.22,59.16],[-154.09,59.31],[-154.33,59.4],[-154.81,59.42],[-154.92,59.31],[-154.87,59.21],[-154.98,59.18]]],[[[-162.91,55.11],[-163.01,55.08],[-162.87,54.94],[-162.57,54.99],[-162.6,55.16],[-162.91,55.11]]],[[[-163.29,54.99],[-163.36,54.82],[-163.03,54.95],[-163.29,54.99]]],[[[-163.95,54.9],[-164.92,54.6],[-164.93,54.53],[-164.83,54.42],[-164.65,54.39],[-164.41,54.44],[-164.13,54.62],[-163.42,54.66],[-163.37,54.75],[-163.05,54.67],[-163.15,54.77],[-163.34,54.77],[-163.42,54.95],[-163.95,54.9]]]]}},{"type":"Feature","properties":{"code":"7.1.3","name":"Cook Inlet"},"geometry":{"type":"MultiPolygon","coordinates":[[[[-149.47,61.43],[-150.07,61.16],[-149.8,61.06],[-149.47,61.43]]],[[[-150.15,61.17],[-150.22,61.17],[-150.28,61.13],[-150.15,61.17]]],[[[-151.06,60.79],[-151.42,60.72],[-151.28,60.55],[-151.3,60.39],[-151.71,60.03],[-151.88,59.78],[-150.8,59.93],[-150.71,60.3],[-150.1,60.44],[-150.16,60.55],[-149.91,60.94],[-150.22,60.93],[-150.39,61.04],[-151.06,60.79]]],[[[-151.84,60.49],[-151.95,60.52],[-152.09,60.35],[-151.84,60.49]]],[[[-151.54,62.38],[-151.91,62.46],[-152.14,62.36],[-152,62.22],[-152.08,62],[-151.8,61.92],[-151.59,61.69],[-151.59,61.6],[-151.92,61.44],[-151.76,61.27],[-151.79,61.21],[-151.98,61.17],[-152.19,60.92],[-152.37,60.85],[-152.53,60.25],[-152.24,60.4],[-152.34,60.46],[-152.26,60.55],[-151.86,60.75],[-151.71,60.71],[-151.8,60.87],[-151.52,61],[-151.15,61.05],[-151.02,61.18],[-150.59,61.28],[-150.57,61.36],[-150.48,61.25],[-149.97,61.24],[-149.87,61.38],[-149.6,61.5],[-148.66,61.51],[-148.92,61.58],[-148.73,61.73],[-148.73,61.83],[-149.38,61.71],[-149.69,61.78],[-149.8,62.26],[-149.62,62.34],[-149.81,62.52],[-150,62.52],[-150.08,62.67],[-149.76,62.9],[-149.83,62.98],[-150.17,62.86],[-150.85,62.41],[-150.98,62.49],[-151.28,62.5],[-151.54,62.38]]]]}},{"type":"Feature","properties":{"code":"7.1.4","name":"Pacific Coastal Mountains"},"geometry":{"type":"MultiPolygon","coordinates":[[[[-131.03,55.75],[-131.36,55.76],[-131.41,55.63],[-130.98,55.52],[-130.94,55.66],[-131.03,55.75]]],[[[-134.97,57.38],[-135.43,57.42],[-135.31,57.13],[-135.08,57.03],[-135.27,56.98],[-135.23,56.86],[-134.92,56.83],[-134.8,56.74],[-134.89,56.51],[-134.67,56.26],[-134.63,56.71],[-134.84,57.25],[-135.08,57.34],[-134.92,57.33],[-134.97,57.38]]],[[[-136.09,58.18],[-136.19,58.17],[-136.11,58.07],[-136.22,58.16],[-136.32,58.07],[-135.11,57.58],[-135.75,57.94],[-135.7,57.94],[-135.82,58.08],[-135.72,58.14],[-135.82,58.23],[-135.87,58.16],[-136.09,58.18]]],[[[-135.3,58.9],[-135.3,58.97],[-135.35,59.02],[-135.3,58.9]]],[[[-136.56,58.83],[-136.65,58.84],[-136.49,58.8],[-136.56,58.83]]],[[[-136.79,58.91],[-136.82,58.94],[-136.86,58.94],[-136.79,58.91]]],[[[-139.47,59.99],[-139.63,59.86],[-139.33,59.69],[-139.31,59.86],[-139.47,59.99]]],[[[-147.85,61.81],[-148.66,61.8],[-148.92,61.63],[-148.66,61.51],[-148.72,61.46],[-149.29,61.51],[-149.47,61.43],[-149.8,61.06],[-149.18,60.94],[-148.99,60.84],[-149.91,60.94],[-150.16,60.55],[-150.1,60.44],[-150.71,60.3],[-150.84,59.84],[-151.17,59.51],[-151.38,59.52],[-151.26,59.42],[-151.43,59.42],[-150.88,59.32],[-150.6,59.43],[-150.62,59.53],[-150.55,59.59],[-150.36,59.58],[-150.24,59.73],[-150.28,59.62],[-149.92,59.73],[-150.06,59.79],[-149.76,59.77],[-149.83,59.85],[-149.74,59.85],[-149.73,59.95],[-149.62,59.82],[-149.44,59.95],[-149.51,60.14],[-149.35,60.2],[-149.29,59.96],[-149.06,60.06],[-149.06,59.96],[-148.57,59.97],[-148.39,60.16],[-148.39,60.27],[-148.2,60.33],[-148.43,60.53],[-148.7,60.46],[-148.44,60.57],[-148.52,60.73],[-148.47,60.77],[-148.68,60.67],[-148.45,60.81],[-148.71,60.78],[-148.42,60.83],[-148.16,61.07],[-148.4,61.04],[-148.14,61.1],[-148.06,61],[-147.71,61.27],[-147.72,61.19],[-147.93,61.07],[-147.86,60.91],[-147.52,61.15],[-147.36,61.02],[-146.3,61.13],[-146.24,61.09],[-146.32,61.08],[-146.18,61.05],[-146.38,60.99],[-146.34,60.92],[-145.79,60.76],[-145.31,60.81],[-145.32,60.53],[-145.13,60.47],[-144.89,60.57],[-144.87,60.65],[-144.57,60.48],[-143.9,60.39],[-143.83,60.11],[-143.64,60.07],[-142.42,60.1],[-141.39,60.01],[-141.48,60.11],[-141.39,60.14],[-140.79,59.72],[-140.31,59.69],[-139.83,59.82],[-139.52,60.05],[-139.28,59.88],[-138.98,59.82],[-139.28,59.84],[-139.31,59.73],[-138.9,59.42],[-138.3,59.17],[-137.57,58.66],[-137.44,58.65],[-137.52,58.62],[-136.68,58.34],[-136.45,58.54],[-136.53,58.6],[-136.35,58.69],[-136.75,58.87],[-137.01,58.9],[-137.13,58.83],[-136.91,58.94],[-137.07,59.06],[-136.93,59],[-136.96,59.09],[-136.88,59.12],[-136.34,59.06],[-136.36,58.98],[-136.22,58.89],[-136.11,58.91],[-136.18,59.04],[-136.07,58.94],[-136.1,59.11],[-136.04,59.13],[-135.93,59.02],[-135.64,59.03],[-135.37,58.94],[-135.48,59.18],[-135.64,59.27],[-135.29,59.09],[-135.56,59.32],[-135.4,59.29],[-135.35,59.48],[-135.38,59.27],[-135.16,58.95],[-134.94,58.96],[-134.78,58.83],[-134.9,58.72],[-134.65,58.38],[-134.14,58.27],[-133.97,58.49],[-133.77,58.52],[-133.94,58.49],[-134.04,58.2],[-133.87,57.98],[-133.79,58.06],[-133.52,57.91],[-133.26,57.89],[-133.46,57.86],[-132.94,57.55],[-132.98,57.33],[-132.88,57.26],[-132.88,57.16],[-132.72,57.1],[-132.75,56.85],[-132.29,56.73],[-132.07,56.77],[-132.05,56.71],[-132.28,56.59],[-131.83,56.3],[-131.74,56.35],[-131.61,56.26],[-131.35,56.35],[-131.36,56.28],[-131.26,56.28],[-131.24,56.22],[-131.53,56.16],[-131.53,56.09],[-131.22,56.11],[-130.79,56.3],[-131.03,55.88],[-130.65,56.04],[-130.63,55.99],[-130.71,55.95],[-130.64,55.88],[-130.92,55.81],[-130.47,55.69],[-130.71,55.62],[-130.63,55.37],[-130.16,55.36],[-130.42,55.21],[-130.52,55.01],[-130.66,54.93],[-130.62,54.89],[-129.99,55.29],[-130.14,55.55],[-130.12,55.69],[-129.95,55.28],[-130.14,55.14],[-130.07,54.99],[-129.81,55.28],[-129.77,55.48],[-129.68,55.39],[-129.99,55],[-129.65,55],[-129.21,55.24],[-129.05,55.45],[-129.09,55.56],[-129.27,55.6],[-129.14,55.64],[-129.23,55.76],[-129.39,55.82],[-129.37,55.93],[-129.48,56.02],[-129.38,56.03],[-129.42,56.4],[-129.58,56.5],[-129.76,56.5],[-129.78,56.58],[-130.08,56.62],[-130.79,56.58],[-130.88,56.64],[-130.85,56.72],[-131.11,56.91],[-131,57.12],[-131.16,57.33],[-131.56,57.42],[-131.75,57.61],[-132.03,57.52],[-132.07,57.62],[-132.39,57.78],[-132.37,57.92],[-132.17,57.98],[-132.02,58.12],[-132.21,58.1],[-132.2,58.17],[-132.3,58.16],[-132.21,58.24],[-132.49,58.3],[-132.59,58.42],[-133.15,58.42],[-133.06,58.64],[-133.26,58.63],[-133.25,58.7],[-133.69,59.03],[-133.86,58.97],[-133.98,59.12],[-134.18,59.11],[-134.55,59.26],[-134.74,59.47],[-135.02,59.49],[-135.01,59.57],[-135.42,59.82],[-135.83,59.86],[-136.03,59.76],[-136.5,59.75],[-136.43,59.61],[-136.48,59.55],[-136.8,59.52],[-136.84,59.38],[-137.15,59.22],[-137.46,59.21],[-138.62,59.77],[-138.69,59.91],[-139.19,60.09],[-139.07,60.35],[-139.41,60.35],[-139.99,60.7],[-141.23,60.85],[-142.18,61.12],[-142.63,61.01],[-143.46,61.3],[-143.73,61.26],[-144.54,61.64],[-145.26,61.64],[-145.67,61.88],[-145.92,61.79],[-146.24,61.92],[-146.57,61.85],[-146.76,61.96],[-147.85,61.81]]]]}},{"type":"Feature","properties":{"code":"7.1.5","name":"Coastal Western Hemlock-Sitka Spruce Forests"},"geometry":{"type":"MultiPolygon","coordinates":[[[[-124.47,48.74],[-124.69,48.79],[-124.84,48.67],[-123.97,48.4],[-123.96,48.48],[-123.8,48.52],[-123.93,48.6],[-124.16,48.6],[-124.3,48.75],[-124.47,48.74]]],[[[-124.72,49.03],[-124.83,49.08],[-125.21,48.79],[-124.86,48.67],[-124.53,48.91],[-124.36,48.92],[-124.52,48.95],[-124.54,49.06],[-124.61,48.99],[-124.72,49.03]]],[[[-125.95,49.2],[-126.04,49.2],[-125.97,49.15],[-125.86,49.21],[-125.8,49.12],[-125.77,49.22],[-125.95,49.2]]],[[[-126.19,49.38],[-126.21,49.27],[-126.05,49.27],[-126.08,49.42],[-126.19,49.38]]],[[[-126.53,49.61],[-126.49,49.66],[-126.53,49.69],[-126.53,49.61]]],[[[-126.77,49.87],[-126.96,49.84],[-126.84,49.78],[-126.98,49.74],[-126.83,49.62],[-126.61,49.6],[-126.67,49.85],[-126.77,49.87]]],[[[-127.19,50.06],[-127.32,50],[-127.28,49.97],[-127.19,50.06]]],[[[-126.59,50.54],[-126.66,50.54],[-126.21,50.57],[-126.59,50.54]]],[[[-126.52,50.57],[-126.66,50.59],[-126.64,50.55],[-126.52,50.57]]],[[[-126.41,50.59],[-126.35,50.62],[-126.56,50.6],[-126.41,50.59]]],[[[-126.82,50.62],[-126.89,50.66],[-127.16,50.64],[-126.82,50.62]]],[[[-126.58,50.83],[-126.92,50.83],[-126.78,50.76],[-126.54,50.78],[-126.58,50.83]]],[[[-126.81,50.89],[-126.92,50.85],[-126.73,50.86],[-126.81,50.89]]],[[[-127.65,50.84],[-127.72,50.91],[-127.84,50.88],[-127.65,50.84]]],[[[-128.04,50.87],[-128.41,50.78],[-128.38,50.68],[-128,50.47],[-127.56,50.55],[-127.89,50.62],[-127.42,50.59],[-127.6,50.51],[-127.44,50.33],[-127.57,50.48],[-127.93,50.46],[-127.99,50.34],[-127.81,50.31],[-127.86,50.29],[-127.77,50.22],[-127.88,50.09],[-127.64,50.17],[-127.35,50.02],[-127.26,50.12],[-127.13,50.1],[-127.24,49.97],[-127.16,49.86],[-126.94,49.86],[-126.93,49.94],[-126.9,49.87],[-126.8,49.93],[-126.66,49.89],[-126.59,49.69],[-126.35,49.64],[-126.56,49.58],[-126.53,49.38],[-126.44,49.47],[-126.26,49.35],[-126.25,49.42],[-126.08,49.43],[-126.03,49.32],[-125.94,49.38],[-126.03,49.28],[-125.97,49.23],[-125.8,49.32],[-125.81,49.25],[-125.73,49.25],[-125.79,49.14],[-125.64,49.17],[-125.88,49.09],[-125.54,48.92],[-125.35,49.04],[-125.24,48.94],[-124.87,49.02],[-124.84,49.09],[-124.98,49.17],[-124.96,49.26],[-125.52,49.31],[-125.65,49.41],[-125.59,49.49],[-125.78,49.55],[-125.75,49.64],[-125.91,49.67],[-125.84,49.69],[-125.98,49.78],[-125.87,49.77],[-125.83,49.85],[-126.09,50.13],[-125.95,50.24],[-125.97,50.4],[-127.1,50.59],[-127.53,50.77],[-128.04,50.87]]],[[[-127.84,50.9],[-127.92,50.94],[-127.93,50.89],[-127.84,50.9]]],[[[-128.61,50.81],[-128.63,50.79],[-128.57,50.8],[-128.61,50.81]]],[[[-128.66,50.82],[-128.71,50.84],[-128.71,50.81],[-128.66,50.82]]],[[[-127.58,51.26],[-127.77,51.24],[-127.79,51.17],[-127.52,51.09],[-127.52,51],[-127.4,50.92],[-127.02,50.82],[-126.9,50.88],[-126.88,50.94],[-127.01,51.05],[-127.4,51.14],[-127.34,51.28],[-127.58,51.26]]],[[[-127.41,51.3],[-127.61,51.29],[-127.57,51.27],[-127.41,51.3]]],[[[-127.71,51.47],[-127.73,51.51],[-127.77,51.49],[-127.71,51.47]]],[[[-127.57,51.53],[-127.59,51.57],[-127.68,51.49],[-127.57,51.53]]],[[[-127.41,51.58],[-127.51,51.62],[-127.54,51.5],[-127.78,51.32],[-127.32,51.31],[-127.24,51.56],[-127.41,51.58]]],[[[-127.99,51.73],[-128.15,51.6],[-128.09,51.48],[-127.9,51.42],[-127.99,51.73]]],[[[-128.01,51.75],[-128.01,51.8],[-128.05,51.76],[-128.01,51.75]]],[[[-127.56,51.98],[-127.59,52.13],[-127.67,51.95],[-127.88,51.89],[-127.88,51.67],[-127.68,51.6],[-127.8,51.53],[-127.67,51.51],[-127.42,51.67],[-127.39,51.79],[-127.51,51.75],[-127.56,51.98]]],[[[-127.97,51.92],[-127.95,52.06],[-128.12,52.06],[-128.24,51.88],[-128.11,51.87],[-128.07,51.79],[-127.97,51.92]]],[[[-128.43,51.94],[-128.44,52],[-128.47,51.95],[-128.43,51.94]]],[[[-127.7,51.99],[-127.64,52.13],[-127.76,52.16],[-127.69,52.26],[-127.84,52.16],[-127.9,52.01],[-127.89,51.93],[-127.7,51.99]]],[[[-127.94,52.28],[-128.09,52.2],[-128.04,52.15],[-128.24,52.17],[-128.25,52.03],[-128.18,52.01],[-128.14,52.1],[-127.93,52.08],[-127.88,52.14],[-127.94,52.28]]],[[[-128.07,52.23],[-128.01,52.29],[-128.19,52.23],[-128.07,52.23]]],[[[-128.22,52.22],[-128.43,52.23],[-128.5,52.15],[-128.35,52.15],[-128.33,52.08],[-128.22,52.22]]],[[[-128.13,52.28],[-128.05,52.32],[-128.1,52.43],[-128.2,52.29],[-128.13,52.28]]],[[[-127.98,52.53],[-128,52.65],[-128.16,52.69],[-128.35,52.26],[-128.28,52.26],[-128.09,52.51],[-128.02,52.5],[-128.08,52.42],[-128.04,52.32],[-127.93,52.32],[-127.88,52.2],[-127.62,52.35],[-127.9,52.42],[-127.98,52.53]]],[[[-128.3,52.78],[-128.45,52.74],[-128.43,52.31],[-128.29,52.42],[-128.29,52.58],[-128.15,52.84],[-128.3,52.78]]],[[[-128.1,52.82],[-128.1,52.83],[-128.14,52.86],[-128.1,52.82]]],[[[-128.48,52.69],[-128.51,52.88],[-128.55,52.7],[-128.52,52.64],[-128.48,52.69]]],[[[-128.41,52.83],[-128.5,52.9],[-128.43,52.81],[-128.41,52.83]]],[[[-128.52,52.9],[-128.65,52.93],[-128.76,52.75],[-128.71,52.53],[-128.82,52.53],[-128.67,52.28],[-128.62,52.46],[-128.46,52.47],[-128.57,52.66],[-128.52,52.9]]],[[[-128.93,52.6],[-129.29,52.82],[-129,52.45],[-128.93,52.6]]],[[[-129.31,52.83],[-129.35,52.85],[-129.37,52.81],[-129.31,52.83]]],[[[-131.36,52.43],[-131.35,52.46],[-131.39,52.45],[-131.36,52.43]]],[[[-131.37,52.58],[-131.44,52.56],[-131.35,52.55],[-131.37,52.58]]],[[[-129.62,53.04],[-129.68,52.99],[-129.54,52.95],[-129.6,53.01],[-129.53,53.03],[-129.62,53.04]]],[[[-128.96,53.12],[-129.08,53.23],[-129.2,52.95],[-129.09,52.9],[-128.9,53.03],[-129.13,52.84],[-129.01,52.7],[-128.76,52.66],[-128.69,52.94],[-128.96,53.12]]],[[[-129.48,53.19],[-129.56,53.13],[-129.3,52.97],[-129.48,53.19]]],[[[-129.59,53.07],[-129.76,53.13],[-129.73,53.07],[-129.59,53.07]]],[[[-129.15,53.1],[-129.17,53.28],[-129.28,53.31],[-129.34,53.13],[-129.15,53.1]]],[[[-131.64,52.78],[-131.76,52.73],[-131.61,52.58],[-131.46,52.62],[-131.48,52.74],[-131.73,52.74],[-131.64,52.78]]],[[[-129.33,53.32],[-129.45,53.37],[-129.41,53.29],[-129.33,53.32]]],[[[-129.15,53.39],[-129.12,53.49],[-129.18,53.57],[-129.15,53.39]]],[[[-131.63,52.91],[-131.66,53],[-131.92,53],[-131.83,52.88],[-131.63,52.91]]],[[[-129.89,53.52],[-130.02,53.5],[-129.93,53.46],[-129.89,53.52]]],[[[-132.18,52.98],[-132.38,53],[-132.31,52.96],[-132.18,52.98]]],[[[-130.58,53.47],[-130.63,53.5],[-130.61,53.47],[-130.58,53.47]]],[[[-132.05,53.22],[-132.12,53.2],[-132.03,53.2],[-132.05,53.22]]],[[[-132.4,53.1],[-132.58,53.08],[-132.14,52.99],[-132.36,52.93],[-131.27,52.12],[-131.28,52.22],[-131.18,52.12],[-131.12,52.19],[-131.1,51.99],[-131.01,51.94],[-130.98,52.01],[-131.05,52.05],[-130.93,52.09],[-131.05,52.14],[-131.01,52.22],[-131.17,52.22],[-131.09,52.24],[-131.13,52.31],[-131.34,52.3],[-131.24,52.44],[-131.38,52.36],[-131.47,52.5],[-131.64,52.55],[-131.81,52.82],[-131.64,52.83],[-131.88,52.84],[-131.96,53.04],[-131.61,53.04],[-131.8,53.25],[-132.4,53.1]]],[[[-129.75,53.21],[-130.11,53.51],[-130.54,53.61],[-130.55,53.55],[-130.38,53.51],[-130.38,53.44],[-129.96,53.17],[-129.75,53.21]]],[[[-132.39,53.1],[-132.59,53.13],[-132.54,53.1],[-132.39,53.1]]],[[[-130.08,53.56],[-130.24,53.79],[-130.4,53.7],[-130.33,53.61],[-130.08,53.56]]],[[[-130.41,53.75],[-130.42,53.79],[-130.48,53.77],[-130.41,53.75]]],[[[-129.75,53.64],[-130.14,53.88],[-130.29,53.86],[-130.04,53.58],[-129.89,53.57],[-129.91,53.47],[-129.81,53.37],[-129.6,53.22],[-129.49,53.22],[-129.42,53.41],[-129.75,53.64]]],[[[-130.51,53.81],[-130.57,53.85],[-130.64,53.81],[-130.51,53.81]]],[[[-129.56,53.63],[-129.69,53.76],[-130.02,53.86],[-130.08,54.09],[-130.04,53.86],[-129.27,53.36],[-129.25,53.58],[-129.41,53.66],[-129.56,53.63]]],[[[-130.15,53.98],[-130.19,54.08],[-130.22,54.02],[-130.15,53.98]]],[[[-130.41,54.1],[-130.6,54.03],[-130.71,53.86],[-130.62,53.84],[-130.7,53.9],[-130.63,53.96],[-130.34,53.83],[-130.23,53.97],[-130.41,54.1]]],[[[-130.14,54.14],[-130.29,54.15],[-130.15,54.09],[-130.14,54.14]]],[[[-130.64,54.12],[-130.75,54.2],[-130.81,54.18],[-130.64,54.12]]],[[[-130.36,54.26],[-130.46,54.3],[-130.37,54.23],[-130.25,54.3],[-130.36,54.26]]],[[[-130.72,54.41],[-130.8,54.38],[-130.71,54.36],[-130.72,54.41]]],[[[-130.39,54.62],[-130.45,54.61],[-130.46,54.33],[-130.26,54.35],[-130.21,54.26],[-130.29,54.22],[-130.12,54.15],[-129.92,54.21],[-129.94,54.3],[-130.39,54.62]]],[[[-130.83,54.6],[-130.93,54.61],[-130.94,54.47],[-130.75,54.57],[-130.83,54.6]]],[[[-130.2,54.79],[-130.22,54.8],[-130.38,54.69],[-130.2,54.79]]],[[[-130.45,54.79],[-130.63,54.76],[-130.47,54.7],[-130.45,54.79]]],[[[-132.66,53.94],[-132.58,54.12],[-133.08,54.18],[-133.12,53.79],[-132.93,53.7],[-133.01,53.54],[-132.42,53.34],[-132.76,53.32],[-132.63,53.32],[-132.67,53.25],[-132.55,53.17],[-132.21,53.15],[-132.13,53.19],[-132.28,53.2],[-131.97,53.27],[-131.88,53.77],[-131.7,53.99],[-131.66,54.16],[-132.15,54.02],[-132.08,53.88],[-132.21,53.77],[-132.16,53.7],[-132.32,53.62],[-132.47,53.6],[-132.4,53.67],[-132.63,53.69],[-132.16,53.84],[-132.18,54.02],[-132.35,54.11],[-132.66,53.94]]],[[[-130.04,54.96],[-130.17,54.85],[-130.17,54.82],[-130.04,54.96]]],[[[-132.95,54.22],[-133.07,54.25],[-133,54.19],[-132.95,54.22]]],[[[-130.34,54.8],[-130.15,54.95],[-130.18,55.03],[-130.48,54.82],[-130.34,54.8]]],[[[-130.07,54.99],[-130.14,55.14],[-130.16,55.08],[-130.07,54.99]]],[[[-131.34,54.96],[-131.49,54.94],[-131.35,54.86],[-131.2,54.91],[-131.24,55],[-131.34,54.96]]],[[[-131.19,55.04],[-131.21,55.11],[-131.24,55.07],[-131.19,55.04]]],[[[-130.94,55.32],[-130.96,55.38],[-130.97,55.32],[-130.94,55.32]]],[[[-132.61,54.76],[-132.63,54.89],[-132.82,54.92],[-132.61,54.76]]],[[[-131.43,55.21],[-131.59,55.27],[-131.53,55.14],[-131.64,55.02],[-131.37,55.02],[-131.36,55.16],[-131.43,55.21]]],[[[-133.52,54.78],[-133.55,54.83],[-133.55,54.78],[-133.52,54.78]]],[[[-131.78,55.39],[-131.85,55.42],[-131.87,55.32],[-131.75,55.13],[-131.68,55.3],[-131.61,55.29],[-131.78,55.39]]],[[[-132.68,55.03],[-132.77,55.16],[-132.89,55.15],[-132.81,55.08],[-132.88,55.03],[-132.68,55.03]]],[[[-130.98,55.52],[-131.35,55.58],[-131.29,55.43],[-131.48,55.29],[-131.34,55.26],[-131.2,55.39],[-131.3,55.24],[-131.16,55.2],[-131.03,55.4],[-130.97,55.39],[-130.98,55.52]]],[[[-131.79,55.5],[-131.79,55.54],[-131.84,55.51],[-131.79,55.5]]],[[[-133.03,55.14],[-133.22,55.24],[-133.23,55.09],[-133.13,54.93],[-132.84,54.69],[-132.67,54.67],[-133.03,55.04],[-133.04,55.09],[-132.97,55.06],[-133.03,55.14]]],[[[-133.25,55.22],[-133.33,55.35],[-133.45,55.31],[-133.43,55.21],[-133.25,55.22]]],[[[-133.24,55.42],[-133.29,55.44],[-133.32,55.41],[-133.24,55.42]]],[[[-131.51,55.91],[-131.59,55.9],[-131.51,55.84],[-131.71,55.83],[-131.5,55.79],[-131.72,55.74],[-131.65,55.55],[-131.83,55.45],[-131.54,55.29],[-131.48,55.36],[-131.52,55.51],[-131.46,55.5],[-131.49,55.33],[-131.32,55.45],[-131.41,55.63],[-131.36,55.76],[-131.04,55.77],[-131.26,55.97],[-131.51,55.91]]],[[[-131.59,55.86],[-131.63,55.91],[-131.69,55.87],[-131.59,55.86]]],[[[-133.55,55.41],[-133.68,55.32],[-133.63,55.25],[-133.45,55.38],[-133.55,55.41]]],[[[-131.4,55.97],[-131.44,55.99],[-131.61,55.92],[-131.4,55.97]]],[[[-133.51,55.52],[-133.62,55.45],[-133.43,55.45],[-133.51,55.52]]],[[[-133.31,55.48],[-133.34,55.56],[-133.45,55.56],[-133.31,55.48]]],[[[-133.64,55.45],[-133.6,55.55],[-133.73,55.56],[-133.78,55.46],[-133.64,55.45]]],[[[-132.35,55.86],[-132.34,55.89],[-132.4,55.91],[-132.35,55.86]]],[[[-132.01,55.98],[-132.03,56.1],[-132.07,56.04],[-132.01,55.98]]],[[[-133.25,55.78],[-133.23,55.86],[-133.3,55.91],[-133.34,55.84],[-133.25,55.78]]],[[[-133.35,55.8],[-133.69,55.78],[-133.54,55.7],[-133.35,55.8]]],[[[-133.38,55.9],[-133.38,55.98],[-133.49,55.99],[-133.38,55.9]]],[[[-132.98,56.08],[-133.05,56.12],[-133.08,56.09],[-132.98,56.08]]],[[[-133.87,55.84],[-133.85,55.93],[-133.94,55.92],[-133.87,55.84]]],[[[-132.38,56.31],[-132.54,56.34],[-132.72,56.22],[-132.72,56.14],[-132.66,56.05],[-132.46,56.06],[-132.45,55.96],[-132.35,55.91],[-132.15,55.93],[-132.18,56.04],[-132.1,56.1],[-132.41,56.21],[-132.38,56.31]]],[[[-132.92,56.22],[-133.01,56.24],[-132.99,56.21],[-132.92,56.22]]],[[[-134.24,55.9],[-134.37,55.91],[-134.29,55.83],[-134.12,55.91],[-134.24,55.9]]],[[[-133.54,56.12],[-133.7,56.07],[-133.78,55.92],[-133.3,56.02],[-133.29,56.15],[-133.54,56.12]]],[[[-132.4,56.41],[-132.51,56.44],[-132.56,56.36],[-132.4,56.41]]],[[[-132.15,56.35],[-132.4,56.49],[-132.31,56.23],[-132.07,56.12],[-131.94,56.22],[-132.03,56.35],[-132.15,56.35]]],[[[-132.58,56.45],[-132.6,56.48],[-132.66,56.49],[-132.58,56.45]]],[[[-132.46,56.52],[-132.44,56.54],[-132.48,56.55],[-132.46,56.52]]],[[[-132.56,56.49],[-132.58,56.51],[-132.62,56.51],[-132.56,56.49]]],[[[-132.65,56.28],[-132.63,56.42],[-132.73,56.46],[-132.94,56.46],[-133.07,56.36],[-132.87,56.24],[-132.65,56.28]]],[[[-132.53,56.53],[-132.52,56.56],[-132.57,56.53],[-132.53,56.53]]],[[[-132.42,56.58],[-132.4,56.61],[-132.46,56.59],[-132.42,56.58]]],[[[-133.06,56.46],[-133.08,56.47],[-133.1,56.47],[-133.06,56.46]]],[[[-133.15,56.31],[-133.66,56.31],[-133.58,56.18],[-133.27,56.14],[-133.26,55.91],[-133.16,55.82],[-133.37,55.72],[-133.39,55.62],[-133.03,55.61],[-133.14,55.48],[-132.91,55.35],[-133.27,55.33],[-133.01,55.2],[-132.83,55.27],[-132.7,55.14],[-132.63,55.15],[-132.66,55.25],[-132.58,55.17],[-132.63,55.05],[-132.52,55.11],[-132.61,54.96],[-132.36,54.91],[-132.3,54.71],[-132.02,54.7],[-131.96,54.79],[-131.98,55.03],[-132.23,54.99],[-132.1,55.04],[-131.99,55.26],[-132.26,55.21],[-132.1,55.27],[-132.25,55.41],[-132.44,55.42],[-132.28,55.44],[-132.41,55.51],[-132.69,55.46],[-132.51,55.6],[-132.14,55.46],[-132.37,55.66],[-132.48,55.67],[-132.48,55.79],[-132.62,55.91],[-133.1,56.05],[-133.04,56.18],[-133.15,56.31]]],[[[-132.99,56.51],[-132.98,56.59],[-133.08,56.58],[-132.99,56.51]]],[[[-133.79,56.4],[-133.82,56.42],[-133.83,56.41],[-133.79,56.4]]],[[[-132.4,56.77],[-132.57,56.63],[-132.33,56.64],[-132.36,56.53],[-131.99,56.35],[-131.93,56.24],[-131.63,56.2],[-131.97,56.16],[-131.97,55.97],[-132.07,55.95],[-132.05,55.89],[-132.22,55.74],[-132.15,55.56],[-131.93,55.54],[-131.97,55.63],[-131.89,55.62],[-131.77,55.81],[-131.9,55.87],[-131.08,56.08],[-131.2,55.98],[-130.89,55.71],[-130.85,55.3],[-131.08,55.2],[-131.07,55.13],[-130.79,55.11],[-130.52,55.28],[-130.73,55.09],[-130.98,55.06],[-130.94,54.83],[-130.84,54.77],[-130.72,54.84],[-130.66,54.77],[-130.23,55.04],[-130.14,55.16],[-130.62,54.89],[-130.66,54.93],[-130.52,55.01],[-130.42,55.21],[-130.16,55.36],[-130.63,55.37],[-130.71,55.62],[-130.47,55.69],[-130.92,55.81],[-130.64,55.88],[-130.71,55.95],[-130.63,55.99],[-130.65,56.04],[-131.03,55.88],[-130.79,56.3],[-131.22,56.11],[-131.53,56.09],[-131.53,56.16],[-131.24,56.22],[-131.26,56.28],[-131.36,56.28],[-131.35,56.35],[-131.61,56.26],[-131.74,56.35],[-131.83,56.3],[-132.28,56.59],[-132.05,56.71],[-132.07,56.77],[-132.4,56.77]]],[[[-133.78,56.46],[-133.82,56.49],[-133.85,56.49],[-133.78,56.46]]],[[[-132.68,56.7],[-132.98,56.81],[-132.9,56.64],[-132.96,56.51],[-132.54,56.59],[-132.68,56.7]]],[[[-134.04,56.88],[-134.26,56.94],[-134.12,56.85],[-134.3,56.91],[-134.43,56.84],[-134.25,56.56],[-134.06,56.51],[-134.05,56.39],[-134.22,56.42],[-134.29,56.36],[-134.29,56.29],[-134.2,56.32],[-134.28,56.26],[-134.13,56.01],[-134.1,56.23],[-133.97,56.08],[-133.88,56.23],[-133.98,56.35],[-133.87,56.28],[-133.83,56.32],[-133.93,56.38],[-133.84,56.43],[-133.89,56.6],[-133.7,56.61],[-133.77,56.68],[-133.73,56.78],[-133.88,56.81],[-133.86,56.74],[-133.95,56.69],[-133.95,56.81],[-134.04,56.88]]],[[[-133.39,57],[-133.88,57.1],[-134.03,57.03],[-133.78,56.89],[-133.9,56.9],[-133.88,56.86],[-133.68,56.8],[-133.66,56.44],[-133.16,56.46],[-133.1,56.62],[-133.25,56.66],[-133.34,56.8],[-133.01,56.61],[-132.94,56.67],[-133,56.8],[-132.95,56.87],[-133.09,57],[-133.39,57]]],[[[-133.81,57.29],[-133.84,57.31],[-133.83,57.29],[-133.81,57.29]]],[[[-133.85,57.3],[-133.86,57.31],[-133.86,57.28],[-133.85,57.3]]],[[[-135.51,56.84],[-135.55,56.87],[-135.57,56.85],[-135.51,56.84]]],[[[-135.18,57.07],[-135.37,57.14],[-135.38,57.07],[-135.23,57.02],[-135.39,56.98],[-135.37,56.83],[-135.27,56.73],[-135.05,56.82],[-135.23,56.69],[-135,56.76],[-135.14,56.68],[-135.12,56.6],[-134.96,56.62],[-134.83,56.75],[-135.06,56.57],[-134.9,56.32],[-134.67,56.17],[-134.65,56.24],[-134.89,56.51],[-134.8,56.74],[-134.92,56.83],[-135.23,56.86],[-135.27,56.98],[-135.08,57.03],[-135.18,57.07]]],[[[-135.45,57.18],[-135.55,57.23],[-135.56,57.16],[-135.45,57.18]]],[[[-134.8,57.31],[-134.83,57.41],[-135,57.41],[-134.8,57.31]]],[[[-135.63,57.23],[-135.72,57.33],[-135.87,57.33],[-135.83,57.17],[-135.73,57.15],[-135.86,57],[-135.63,57.01],[-135.56,57.15],[-135.63,57.23]]],[[[-133.57,57.97],[-133.65,58.02],[-133.7,57.94],[-133.85,57.95],[-133.68,57.79],[-133.59,57.92],[-133.55,57.77],[-133.03,57.52],[-133.64,57.71],[-133.62,57.58],[-133.46,57.58],[-133.53,57.5],[-133.47,57.37],[-133.19,57.32],[-133.49,57.29],[-133.52,57.17],[-133.31,57.1],[-133.18,57.17],[-132.91,57.02],[-132.82,57.09],[-132.78,56.97],[-132.95,56.99],[-132.52,56.76],[-132.75,56.85],[-132.72,57.1],[-132.88,57.16],[-132.88,57.26],[-132.98,57.33],[-132.94,57.55],[-133.46,57.86],[-133.26,57.89],[-133.57,57.97]]],[[[-135.29,57.51],[-135.44,57.56],[-135.59,57.4],[-135.49,57.37],[-135.68,57.36],[-135.55,57.23],[-135.34,57.25],[-135.4,57.14],[-135.3,57.19],[-135.43,57.42],[-134.97,57.38],[-135.29,57.51]]],[[[-134.1,57.78],[-134.22,57.89],[-134.19,57.83],[-134.1,57.78]]],[[[-134.18,57.92],[-134.29,57.96],[-134.24,57.9],[-134.18,57.92]]],[[[-133.87,57.98],[-134.06,58.26],[-134.05,58.06],[-133.87,57.98]]],[[[-136.14,57.69],[-136.25,57.68],[-136.18,57.64],[-136.14,57.69]]],[[[-134.27,58.25],[-134.33,58.27],[-134.21,58.2],[-134.1,58.25],[-134.27,58.25]]],[[[-136.27,57.73],[-136.27,57.77],[-136.32,57.75],[-136.27,57.73]]],[[[-134.39,58.28],[-134.53,58.34],[-134.69,58.3],[-134.26,58.2],[-134.39,58.28]]],[[[-134.68,58.16],[-134.96,58.41],[-134.92,58.22],[-134.79,58.1],[-134.67,57.61],[-134.58,57.51],[-134.36,57.57],[-134.56,57.49],[-134.46,57.38],[-134.57,57.4],[-134.65,57.21],[-134.6,57.03],[-134.16,57.2],[-134.09,57.28],[-134.16,57.37],[-133.97,57.3],[-133.87,57.36],[-134.08,57.47],[-133.86,57.47],[-134.34,57.99],[-134.23,57.97],[-134.31,58.08],[-134.24,58.05],[-133.81,57.57],[-133.9,57.8],[-134.19,58.08],[-134.18,58.15],[-134.68,58.16]]],[[[-134.82,58.37],[-134.93,58.49],[-134.84,58.37],[-134.82,58.37]]],[[[-136.33,58.01],[-136.54,58.09],[-136.57,57.92],[-136.45,57.85],[-136.33,58.01]]],[[[-136.07,58.21],[-136.17,58.2],[-135.87,58.16],[-135.82,58.23],[-135.72,58.14],[-135.82,58.08],[-135.7,57.94],[-135.23,57.78],[-134.95,57.81],[-135.2,57.94],[-134.99,57.88],[-134.92,57.92],[-134.97,58.05],[-135.42,58.14],[-135.63,57.99],[-135.67,58.05],[-135.5,58.17],[-135.8,58.28],[-136.07,58.21]]],[[[-134.94,58.47],[-135.03,58.52],[-135,58.48],[-134.94,58.47]]],[[[-135.53,58.34],[-135.73,58.37],[-135.65,58.33],[-135.53,58.34]]],[[[-135.98,57.91],[-136.32,58.07],[-136.22,58.16],[-136.28,58.22],[-136.44,58.12],[-136.07,57.86],[-136.35,58],[-136.42,57.82],[-136.13,57.71],[-136.15,57.64],[-135.84,57.39],[-135.7,57.37],[-135.55,57.46],[-135.57,57.59],[-135.77,57.66],[-135.63,57.67],[-135.67,57.71],[-135.09,57.46],[-134.82,57.5],[-134.94,57.76],[-135.3,57.74],[-135.67,57.91],[-135.11,57.58],[-135.98,57.91]]],[[[-136.03,58.29],[-136.15,58.28],[-136.09,58.26],[-136.03,58.29]]],[[[-135.94,58.47],[-136,58.48],[-135.98,58.46],[-135.94,58.47]]],[[[-136,58.51],[-135.99,58.52],[-136.03,58.51],[-136,58.51]]],[[[-136.1,58.56],[-136.11,58.6],[-136.15,58.6],[-136.1,58.56]]],[[[-134.89,58.86],[-134.94,58.96],[-135.16,58.95],[-135.03,58.73],[-135,58.81],[-134.94,58.78],[-134.93,58.69],[-134.99,58.67],[-134.79,58.49],[-134.78,58.39],[-134.65,58.38],[-134.9,58.72],[-134.78,58.83],[-134.89,58.86]]],[[[-136.21,58.67],[-136.25,58.66],[-136.21,58.63],[-136.21,58.67]]],[[[-137.18,58.48],[-137.6,58.6],[-136.92,58.39],[-136.68,58.21],[-136.57,58.25],[-136.65,58.34],[-136.37,58.3],[-136.45,58.4],[-136.27,58.32],[-136.04,58.38],[-136.09,58.51],[-136.31,58.67],[-136.68,58.34],[-137.18,58.48]]],[[[-135.64,59.03],[-135.93,59.02],[-136.1,59.11],[-136.06,58.88],[-135.78,58.89],[-136.09,58.82],[-135.84,58.54],[-135.92,58.38],[-135.44,58.41],[-135.31,58.24],[-135.09,58.24],[-135.05,58.33],[-135.24,58.61],[-135.14,58.58],[-135.24,58.78],[-135.37,58.94],[-135.64,59.03]]],[[[-136.73,59.06],[-136.96,59.09],[-136.87,58.96],[-136.63,58.89],[-136.69,59],[-136.24,58.75],[-136.1,58.86],[-136.28,58.91],[-136.36,58.98],[-136.34,59.06],[-136.73,59.06]]],[[[-139.32,59.67],[-139.59,59.79],[-139.5,59.7],[-139.61,59.6],[-139.87,59.54],[-138.63,59.12],[-138.47,59.2],[-138.49,59.13],[-137.97,58.9],[-137.94,58.79],[-137.57,58.66],[-138.3,59.17],[-139.25,59.65],[-139.31,59.57],[-139.32,59.67]]],[[[-141.25,60.03],[-141.28,59.94],[-141.46,59.88],[-140.79,59.72],[-141.25,60.03]]],[[[-141.76,60.04],[-142.46,60.07],[-141.73,59.95],[-141.39,60.01],[-141.76,60.04]]],[[[-144.58,59.8],[-144.19,60],[-144.41,59.94],[-144.58,59.8]]],[[[-145.11,60.33],[-145.07,60.4],[-145.15,60.34],[-145.11,60.33]]],[[[-144.91,60.51],[-145.05,60.45],[-144.95,60.45],[-144.91,60.51]]],[[[-144.72,60.56],[-144.8,60.6],[-144.93,60.29],[-144.2,60.18],[-144,60.04],[-144.25,60.02],[-143.34,60.05],[-143.4,60.12],[-143.83,60.11],[-143.9,60.39],[-144.72,60.56]]],[[[-145.48,60.3],[-145.6,60.34],[-145.57,60.3],[-145.48,60.3]]],[[[-145.73,60.38],[-145.9,60.39],[-145.75,60.36],[-145.73,60.38]]],[[[-151.79,58.22],[-151.83,58.27],[-151.89,58.2],[-151.79,58.22]]],[[[-146.21,60.52],[-146.33,60.46],[-145.75,60.59],[-146.21,60.52]]],[[[-152.74,57.94],[-152.72,57.99],[-152.81,57.98],[-152.74,57.94]]],[[[-146.52,60.48],[-146.72,60.39],[-146.51,60.35],[-146.69,60.27],[-146.64,60.23],[-146.07,60.4],[-146.52,60.48]]],[[[-147.86,59.99],[-147.84,60.08],[-148.05,59.95],[-147.86,59.99]]],[[[-147.99,60.03],[-148.25,59.94],[-148.09,59.95],[-147.99,60.03]]],[[[-147.08,60.37],[-147.92,59.79],[-147.44,59.87],[-147.49,59.94],[-146.91,60.29],[-147.1,60.26],[-147.04,60.31],[-147.08,60.37]]],[[[-147.43,60.27],[-147.5,60.23],[-147.33,60.3],[-147.43,60.27]]],[[[-147.88,60.1],[-147.98,60.13],[-148.12,60.02],[-147.88,60.1]]],[[[-148.06,60.15],[-148.31,60.02],[-148.16,60.03],[-148.06,60.15]]],[[[-149.59,59.65],[-149.66,59.7],[-149.66,59.66],[-149.59,59.65]]],[[[-152.78,58.29],[-152.84,58.33],[-152.94,58.33],[-152.78,58.29]]],[[[-152.7,58.42],[-152.82,58.41],[-152.76,58.26],[-152.95,58.28],[-152.79,58.2],[-152.76,58.11],[-152.91,58.09],[-152.84,58],[-152.66,58.06],[-152.59,58.19],[-152.52,58.12],[-152.27,58.13],[-152.32,58.25],[-152.11,58.15],[-151.97,58.23],[-151.99,58.35],[-152.15,58.24],[-152.13,58.39],[-152.26,58.36],[-152.3,58.43],[-152.4,58.32],[-152.49,58.34],[-152.54,58.46],[-152.7,58.42]]],[[[-150.33,59.46],[-150.43,59.4],[-150.29,59.43],[-150.33,59.46]]],[[[-147.98,60.35],[-148.15,60.3],[-148.01,60.28],[-147.98,60.35]]],[[[-147.62,60.48],[-147.79,60.47],[-147.88,60.32],[-147.73,60.32],[-147.9,60.23],[-147.75,60.16],[-147.62,60.48]]],[[[-147.55,60.54],[-147.56,60.58],[-147.62,60.56],[-147.55,60.54]]],[[[-149.51,59.74],[-149.66,59.8],[-149.6,59.73],[-149.51,59.74]]],[[[-149.73,59.64],[-149.76,59.77],[-149.86,59.74],[-149.73,59.64]]],[[[-150.62,59.4],[-150.77,59.31],[-150.67,59.32],[-150.62,59.4]]],[[[-152.57,58.62],[-152.66,58.52],[-152.48,58.47],[-152.33,58.63],[-152.57,58.62]]],[[[-147.37,60.65],[-147.48,60.69],[-147.47,60.63],[-147.3,60.66],[-147.37,60.65]]],[[[-150.12,59.67],[-150.28,59.62],[-150.4,59.47],[-150.24,59.5],[-150.11,59.68],[-150.03,59.62],[-149.92,59.72],[-150.12,59.67]]],[[[-151.43,59.11],[-151.52,59.15],[-151.52,59.13],[-151.43,59.11]]],[[[-146.32,61.08],[-146.63,61.08],[-146.73,60.94],[-146.55,60.81],[-146.13,60.85],[-146.69,60.74],[-146.66,60.69],[-146.04,60.78],[-146.25,60.63],[-145.66,60.66],[-145.95,60.46],[-145.56,60.45],[-145.32,60.34],[-144.83,60.62],[-145.13,60.47],[-145.32,60.53],[-145.31,60.81],[-145.79,60.76],[-146.34,60.92],[-146.38,60.99],[-146.18,61.05],[-146.32,61.08]]],[[[-150.36,59.58],[-150.46,59.63],[-150.56,59.54],[-150.48,59.46],[-150.36,59.58]]],[[[-151.64,59.11],[-151.69,59.13],[-151.73,59.12],[-151.64,59.11]]],[[[-147.07,60.88],[-147.12,60.91],[-147.32,60.88],[-147.07,60.88]]],[[[-148.07,60.59],[-148.31,60.48],[-148.2,60.33],[-147.93,60.44],[-148.07,60.59]]],[[[-152.3,58.95],[-152.36,58.92],[-152.21,58.93],[-152.3,58.95]]],[[[-151.8,59.14],[-151.81,59.18],[-151.88,59.16],[-151.8,59.14]]],[[[-149.33,60.2],[-149.51,60.14],[-149.44,59.95],[-149.42,60.11],[-149.36,60.11],[-149.28,59.87],[-149.06,60.05],[-149.12,59.97],[-148.44,59.94],[-148.33,60.16],[-148.23,60.12],[-148.08,60.21],[-148.26,60.25],[-148.57,59.97],[-148.86,59.96],[-149.07,59.97],[-149.03,60.06],[-149.29,59.96],[-149.33,60.2]]],[[[-147.84,60.68],[-147.95,60.75],[-148,60.71],[-147.84,60.68]]],[[[-148.11,60.65],[-148.11,60.75],[-148.24,60.72],[-148.11,60.65]]],[[[-147.49,61.07],[-147.53,60.93],[-147.37,60.89],[-147.22,61],[-146.92,60.94],[-146.66,61.09],[-147.36,61.02],[-147.49,61.07]]],[[[-148.41,60.63],[-148.36,60.77],[-148.52,60.73],[-148.43,60.56],[-148.31,60.53],[-148.19,60.61],[-148.24,60.76],[-148.41,60.63]]],[[[-147.88,61.03],[-148.1,60.91],[-148.14,60.8],[-147.91,60.81],[-147.95,60.9],[-147.76,60.81],[-147.72,60.94],[-147.6,60.85],[-147.54,61.09],[-147.86,60.91],[-147.88,61.03]]],[[[-148.3,60.84],[-148.16,61.07],[-148.42,60.83],[-148.3,60.84]]],[[[-151.17,59.84],[-151.88,59.78],[-151.5,59.64],[-150.97,59.78],[-151.45,59.47],[-151.87,59.42],[-151.98,59.25],[-151.72,59.15],[-151.4,59.25],[-151.15,59.2],[-151.1,59.24],[-151.18,59.28],[-151.05,59.3],[-150.96,59.2],[-150.88,59.32],[-151.43,59.42],[-151.26,59.42],[-151.38,59.52],[-151.17,59.51],[-150.8,59.93],[-151.17,59.84]]],[[[-125.09,48.9],[-125.05,48.95],[-125.12,48.9],[-125.09,48.9]]]]}},{"type":"Feature","properties":{"code":"7.1.6","name":"Pacific and Nass Ranges"},"geometry":{"type":"MultiPolygon","coordinates":[[[[-124.82,50.28],[-125,50.24],[-124.97,50.18],[-125.07,50.11],[-124.99,50.02],[-124.88,50.06],[-124.92,50.19],[-124.84,50.12],[-124.75,50.16],[-124.82,50.25],[-124.75,50.21],[-124.72,50.29],[-124.73,50.16],[-124.65,50.21],[-124.7,50.3],[-124.82,50.28]]],[[[-124.99,50.28],[-124.99,50.32],[-125.04,50.3],[-124.99,50.28]]],[[[-125.12,50.33],[-125.21,50.29],[-125.11,50.24],[-125.13,50.13],[-125.03,50.2],[-125.12,50.33]]],[[[-125.15,50.38],[-125.28,50.44],[-125.41,50.31],[-125.22,50.3],[-125.15,50.38]]],[[[-125.32,50.44],[-125.55,50.38],[-125.39,50.36],[-125.32,50.44]]],[[[-125.69,50.41],[-125.78,50.4],[-125.5,50.41],[-125.69,50.41]]],[[[-125.81,50.47],[-125.97,50.44],[-125.73,50.43],[-125.81,50.47]]],[[[-126.16,50.75],[-126.34,50.83],[-126.61,50.66],[-126.33,50.64],[-126.16,50.75]]],[[[-127.23,52.42],[-127.69,52.26],[-127.75,52.14],[-127.3,52.27],[-127.21,52.32],[-127.23,52.42]]],[[[-128.53,53],[-128.64,53.15],[-128.92,53.29],[-129.09,53.28],[-128.69,52.94],[-128.52,52.9],[-128.53,53]]],[[[-128.92,53.36],[-129.01,53.53],[-129.15,53.33],[-128.92,53.36]]],[[[-128.86,53.6],[-128.87,53.71],[-129.17,53.62],[-129.15,53.39],[-129.03,53.54],[-128.86,53.6]]],[[[-130.25,54.71],[-130.2,54.79],[-130.34,54.7],[-130.25,54.71]]],[[[-129.7,54.99],[-129.87,55],[-129.9,54.99],[-129.7,54.99]]],[[[-128.96,56.13],[-129.08,56.29],[-129.56,56.46],[-129.39,56.34],[-129.38,56.03],[-129.48,56.03],[-129.37,55.93],[-129.39,55.82],[-129.19,55.73],[-129.14,55.63],[-129.27,55.6],[-129.09,55.56],[-129.05,55.44],[-129.21,55.24],[-129.66,54.97],[-130.04,54.96],[-130.21,54.72],[-129.91,54.61],[-130.18,54.71],[-130.38,54.63],[-130.13,54.42],[-129.99,54.51],[-130.08,54.4],[-129.92,54.21],[-129.56,54.22],[-129.85,54.21],[-130.08,54.09],[-130.02,53.86],[-129.69,53.76],[-129.56,53.63],[-129.41,53.66],[-129.25,53.58],[-128.66,54.02],[-128.66,53.86],[-128.81,53.76],[-128.77,53.55],[-128.54,53.42],[-128.37,53.5],[-128.12,53.45],[-128.53,53.4],[-128.81,53.56],[-128.94,53.54],[-128.88,53.3],[-128.6,53.16],[-128.41,52.81],[-128.24,52.8],[-128.08,52.9],[-128.14,52.87],[-128.1,52.78],[-127.93,52.73],[-128.16,52.69],[-128,52.65],[-127.9,52.42],[-127.62,52.35],[-127.67,52.29],[-127.27,52.45],[-126.96,52.79],[-126.99,52.63],[-127.23,52.53],[-127.22,52.44],[-127.1,52.33],[-126.77,52.38],[-126.96,52.3],[-126.68,52.02],[-127.03,52.3],[-127.46,52.19],[-127.46,52.08],[-127.6,52.04],[-127.46,52.13],[-127.59,52.13],[-127.52,51.76],[-127.41,51.8],[-127.42,51.67],[-127.26,51.68],[-127.43,51.64],[-127.24,51.56],[-127.32,51.31],[-127.14,51.33],[-127.35,51.28],[-127.4,51.14],[-127.02,51.05],[-126.71,50.87],[-126.51,50.94],[-126.52,51.05],[-126.47,50.95],[-126.18,50.95],[-126.5,50.93],[-126.58,50.85],[-126.18,50.87],[-126.19,50.78],[-126.03,50.8],[-126.18,50.67],[-125.71,50.71],[-125.64,50.78],[-125.68,50.87],[-125.54,50.94],[-125.59,51.08],[-125.5,50.94],[-125.64,50.86],[-125.59,50.79],[-125.7,50.69],[-126.3,50.63],[-126.18,50.58],[-126.28,50.51],[-125.96,50.47],[-125.77,50.53],[-125.71,50.42],[-125.54,50.56],[-125.59,50.45],[-125.25,50.5],[-125.18,50.41],[-125.1,50.43],[-124.91,50.61],[-124.89,50.72],[-124.98,50.8],[-124.82,50.92],[-124.91,50.8],[-124.83,50.73],[-124.88,50.57],[-125.05,50.48],[-125.08,50.32],[-124.98,50.43],[-124.96,50.33],[-124.82,50.31],[-124.67,50.42],[-124.37,50.5],[-124.7,50.34],[-124.6,50.25],[-124.64,50.13],[-124.5,50.12],[-124.67,50.05],[-124.15,49.78],[-124.03,49.92],[-124,49.81],[-123.92,49.85],[-124.01,50],[-123.8,50.09],[-123.98,50.2],[-123.84,50.15],[-123.75,50.09],[-123.97,49.98],[-123.87,49.88],[-123.98,49.76],[-123.94,49.67],[-123.88,49.59],[-123.65,49.6],[-123.48,49.43],[-123.48,49.52],[-123.17,49.7],[-123.24,49.57],[-123.17,49.36],[-122.98,49.4],[-122.95,49.3],[-122.88,49.46],[-122.9,49.33],[-122.54,49.39],[-122.48,49.29],[-122.31,49.34],[-122.18,49.2],[-121.98,49.29],[-121.99,49.35],[-121.86,49.3],[-121.92,49.24],[-121.7,49.31],[-121.7,49.21],[-121.63,49.35],[-121.1,49.48],[-121.18,49.74],[-121.31,49.85],[-121.79,49.99],[-122.71,50.52],[-124.01,50.99],[-124.9,51.57],[-125.82,51.85],[-125.89,52.27],[-126.17,52.77],[-126.49,52.85],[-126.56,53.05],[-126.86,53.38],[-127.3,53.7],[-127.62,53.82],[-127.71,53.91],[-127.67,54.05],[-127.87,54.12],[-127.79,54.28],[-127.65,54.34],[-127.69,54.61],[-127.56,54.65],[-127.74,54.65],[-127.7,54.84],[-127.45,54.9],[-127.38,55.05],[-127.35,55],[-127.27,55.06],[-127.36,55.27],[-127.61,55.27],[-127.58,55.46],[-127.75,55.63],[-128.13,55.64],[-128.56,55.79],[-128.7,56.04],[-128.58,56.37],[-128.77,56.39],[-128.81,56.09],[-128.96,56.13]]]]}},{"type":"Feature","properties":{"code":"7.1.7","name":"Strait of Georgia/Puget Lowland"},"geometry":{"type":"MultiPolygon","coordinates":[[[[-122.64,47.15],[-122.63,47.16],[-122.63,47.17],[-122.64,47.15]]],[[[-122.7,47.18],[-122.74,47.15],[-122.7,47.12],[-122.7,47.18]]],[[[-122.94,47.19],[-122.94,47.19],[-122.94,47.18],[-122.94,47.19]]],[[[-122.69,47.23],[-122.73,47.21],[-122.64,47.2],[-122.69,47.23]]],[[[-122.92,47.22],[-122.92,47.2],[-122.89,47.17],[-122.92,47.22]]],[[[-122.67,47.28],[-122.61,47.22],[-122.59,47.23],[-122.67,47.28]]],[[[-122.83,47.27],[-122.84,47.26],[-122.83,47.26],[-122.83,47.27]]],[[[-122.67,47.33],[-122.68,47.33],[-122.66,47.33],[-122.67,47.33]]],[[[-122.85,47.3],[-122.92,47.28],[-122.88,47.16],[-122.85,47.3]]],[[[-122.82,47.33],[-122.83,47.33],[-122.83,47.32],[-122.82,47.33]]],[[[-122.83,47.34],[-122.82,47.34],[-122.82,47.35],[-122.83,47.34]]],[[[-122.46,47.49],[-122.52,47.33],[-122.37,47.39],[-122.46,47.49]]],[[[-122.5,47.55],[-122.49,47.53],[-122.48,47.54],[-122.5,47.55]]],[[[-122.53,47.7],[-122.58,47.6],[-122.48,47.58],[-122.53,47.7]]],[[[-122.6,47.93],[-122.56,47.82],[-122.61,47.86],[-122.76,47.67],[-122.97,47.59],[-123.12,47.39],[-122.84,47.43],[-123.13,47.32],[-123.05,47.53],[-123.24,47.5],[-123.15,47.45],[-123.31,47.39],[-123.31,47.29],[-123.56,47.24],[-123.49,47.1],[-123.23,47.11],[-123.22,47.2],[-123.02,47.07],[-122.92,47.17],[-123.08,47.09],[-122.94,47.2],[-123.1,47.21],[-123.02,47.26],[-123.07,47.21],[-122.94,47.21],[-122.83,47.41],[-122.77,47.17],[-122.74,47.35],[-122.63,47.41],[-122.7,47.28],[-122.57,47.26],[-122.5,47.51],[-122.55,47.59],[-122.7,47.53],[-122.62,47.57],[-122.71,47.61],[-122.61,47.57],[-122.65,47.75],[-122.59,47.69],[-122.56,47.77],[-122.47,47.75],[-122.53,47.91],[-122.6,47.93]]],[[[-122.32,48.02],[-122.33,48.02],[-122.3,48.01],[-122.32,48.02]]],[[[-122.69,48.1],[-122.7,48.02],[-122.75,48.07],[-122.69,48.01],[-122.69,48.1]]],[[[-122.92,48.13],[-122.93,48.13],[-122.95,48.12],[-122.92,48.13]]],[[[-123.56,48.15],[-123.6,48.1],[-123.33,48],[-123.44,47.96],[-123.21,47.96],[-123.29,47.89],[-122.93,47.9],[-122.93,47.81],[-122.84,47.78],[-122.81,47.86],[-122.81,47.68],[-122.61,47.89],[-122.8,48.09],[-122.75,48.14],[-122.88,48.11],[-122.83,48.04],[-122.89,47.99],[-122.92,48.1],[-123.04,48.08],[-123.01,48.02],[-123.19,48.15],[-123.1,48.18],[-123.25,48.12],[-123.56,48.15]],[[-123.41,48.06],[-123.37,48.06],[-123.35,48.04],[-123.41,48.06]]],[[[-122.57,48.4],[-122.58,48.4],[-122.56,48.4],[-122.57,48.4]]],[[[-122.63,48.4],[-122.63,48.4],[-122.63,48.4],[-122.63,48.4]]],[[[-122.65,48.4],[-122.77,48.22],[-122.61,48.15],[-122.55,47.97],[-122.48,48],[-122.38,47.9],[-122.38,48.03],[-122.52,48.1],[-122.54,48.02],[-122.61,48.21],[-122.73,48.23],[-122.5,48.3],[-122.65,48.4]]],[[[-122.83,48.49],[-122.83,48.48],[-122.82,48.49],[-122.83,48.49]]],[[[-122.8,48.52],[-122.84,48.52],[-122.83,48.48],[-122.8,48.52]]],[[[-122.58,48.55],[-122.65,48.59],[-122.65,48.53],[-122.58,48.55]]],[[[-123,48.54],[-123.01,48.54],[-123.01,48.54],[-123,48.54]]],[[[-122.88,48.57],[-122.95,48.47],[-122.81,48.42],[-122.88,48.57]]],[[[-122.81,48.59],[-122.81,48.53],[-122.77,48.56],[-122.81,48.59]]],[[[-122.71,48.61],[-122.74,48.57],[-122.68,48.54],[-122.71,48.61]]],[[[-122.67,48.62],[-122.7,48.62],[-122.66,48.61],[-122.67,48.62]]],[[[-123.01,48.59],[-122.95,48.55],[-122.9,48.58],[-123.01,48.59]]],[[[-123,48.6],[-123.01,48.6],[-122.99,48.59],[-123,48.6]]],[[[-122.61,48.71],[-122.65,48.71],[-122.62,48.69],[-122.61,48.71]]],[[[-123.17,48.62],[-123.17,48.62],[-123.16,48.61],[-123.17,48.62]]],[[[-123.15,48.62],[-123.14,48.51],[-122.96,48.45],[-123.02,48.49],[-122.98,48.53],[-123.15,48.62]]],[[[-123.17,48.62],[-123.2,48.59],[-123.18,48.59],[-123.17,48.62]]],[[[-123.16,48.65],[-123.12,48.63],[-123.11,48.63],[-123.16,48.65]]],[[[-122.66,48.7],[-122.72,48.75],[-122.61,48.64],[-122.66,48.7]]],[[[-122.94,48.71],[-123.03,48.61],[-122.87,48.59],[-122.91,48.69],[-122.83,48.6],[-122.74,48.66],[-122.94,48.71]]],[[[-123.03,48.72],[-123.07,48.7],[-123.02,48.68],[-123.03,48.72]]],[[[-122.9,48.75],[-122.9,48.75],[-122.9,48.75],[-122.9,48.75]]],[[[-123.24,48.69],[-123.19,48.66],[-123.16,48.67],[-123.24,48.69]]],[[[-122.89,48.75],[-122.9,48.76],[-122.89,48.75],[-122.89,48.75]]],[[[-122.88,48.75],[-122.89,48.76],[-122.89,48.76],[-122.88,48.75]]],[[[-122.9,48.76],[-122.9,48.76],[-122.9,48.76],[-122.9,48.76]]],[[[-122.92,48.76],[-122.92,48.76],[-122.92,48.75],[-122.92,48.76]]],[[[-122.88,48.76],[-122.88,48.76],[-122.89,48.76],[-122.88,48.76]]],[[[-122.89,48.76],[-122.89,48.76],[-122.89,48.76],[-122.89,48.76]]],[[[-122.89,48.76],[-122.89,48.76],[-122.89,48.76],[-122.89,48.76]]],[[[-122.88,48.76],[-122.89,48.77],[-122.88,48.76],[-122.88,48.76]]],[[[-122.88,48.77],[-122.88,48.77],[-122.88,48.77],[-122.88,48.77]]],[[[-122.91,48.77],[-122.91,48.75],[-122.88,48.75],[-122.91,48.77]]],[[[-123.18,48.81],[-123.23,48.83],[-123.09,48.78],[-123.18,48.81]]],[[[-123.26,48.79],[-123.32,48.82],[-123.22,48.74],[-123.26,48.79]]],[[[-123.29,48.87],[-123.33,48.83],[-123.25,48.83],[-123.29,48.87]]],[[[-122.76,48.99],[-122.77,48.99],[-122.76,48.99],[-122.76,48.99]]],[[[-123.59,48.94],[-123.56,48.76],[-123.38,48.76],[-123.59,48.94]]],[[[-123.31,48.86],[-123.59,49.01],[-123.39,48.87],[-123.31,48.86]]],[[[-123.62,48.94],[-123.63,48.98],[-123.7,49.02],[-123.62,48.94]]],[[[-123.1,49.11],[-123.01,49.16],[-123.2,49.16],[-123.1,49.11]]],[[[-123.59,49.02],[-123.68,49.12],[-123.71,49.12],[-123.59,49.02]]],[[[-123.22,49.27],[-123.14,49.2],[-122.88,49.21],[-123.15,49.06],[-123.08,48.97],[-122.86,49.09],[-122.87,49.03],[-122.73,48.97],[-122.82,48.94],[-122.75,48.93],[-122.79,48.89],[-122.65,48.79],[-122.67,48.73],[-122.48,48.75],[-122.51,48.67],[-122.43,48.6],[-122.56,48.58],[-122.47,48.45],[-122.61,48.52],[-122.7,48.5],[-122.67,48.43],[-122.55,48.45],[-122.53,48.38],[-122.36,48.31],[-122.53,48.25],[-122.51,48.13],[-122.36,48.06],[-122.48,48.18],[-122.39,48.23],[-122.34,48.1],[-122.15,48.02],[-122.31,47.95],[-122.44,47.66],[-122.34,47.6],[-122.42,47.58],[-122.32,47.35],[-122.44,47.31],[-122.36,47.26],[-122.55,47.32],[-122.73,47.07],[-122.82,47.18],[-122.82,47.09],[-122.84,47.16],[-122.91,47.14],[-122.91,47.04],[-122.93,47.15],[-123.1,46.87],[-123.26,46.84],[-123.03,46.78],[-123.02,46.65],[-123.17,46.61],[-122.97,46.55],[-123,46.41],[-122.93,46.3],[-122.98,46.3],[-122.9,46.25],[-123.01,46.15],[-122.77,45.95],[-122.8,46.02],[-122.74,46.06],[-122.82,46.06],[-122.76,46.13],[-122.85,46.15],[-122.82,46.22],[-122.63,46.29],[-122.65,46.4],[-122.49,46.6],[-122.71,46.67],[-122.76,46.72],[-122.67,46.75],[-122.84,46.85],[-122.47,46.78],[-122.35,46.83],[-122.19,47.04],[-121.88,47.16],[-121.92,47.35],[-121.84,47.41],[-122.08,47.51],[-121.72,47.45],[-121.81,47.78],[-121.63,47.85],[-121.9,48.01],[-121.93,48.1],[-121.86,48.12],[-121.99,48.12],[-121.98,48.22],[-122.12,48.32],[-122.06,48.33],[-122.21,48.41],[-122.03,48.52],[-122.2,48.53],[-122.35,48.75],[-122.24,48.97],[-121.81,49.08],[-121.86,49.1],[-121.7,49.21],[-121.69,49.31],[-121.92,49.24],[-121.86,49.3],[-121.99,49.35],[-121.98,49.29],[-122.17,49.2],[-122.31,49.34],[-122.52,49.31],[-122.54,49.39],[-122.92,49.32],[-122.86,49.28],[-123.22,49.27]]],[[[-123.69,49.13],[-123.87,49.19],[-123.84,49.15],[-123.69,49.13]]],[[[-123.34,49.34],[-123.31,49.42],[-123.43,49.34],[-123.34,49.34]]],[[[-123.33,49.49],[-123.44,49.52],[-123.44,49.44],[-123.33,49.49]]],[[[-123.08,49.37],[-123.19,49.37],[-123.24,49.57],[-123.28,49.35],[-122.97,49.3],[-122.98,49.4],[-123.08,49.37]]],[[[-124.27,49.5],[-124.38,49.51],[-124.16,49.45],[-124.27,49.5]]],[[[-124.59,49.52],[-124.71,49.53],[-124.67,49.49],[-124.59,49.52]]],[[[-123.91,49.63],[-123.98,49.76],[-124.07,49.66],[-123.89,49.47],[-123.48,49.43],[-123.66,49.61],[-123.91,49.63]]],[[[-124.73,49.5],[-124.83,49.6],[-124.68,49.48],[-124.73,49.5]]],[[[-124.2,49.75],[-124.09,49.65],[-123.99,49.77],[-124.2,49.75]]],[[[-124.12,49.49],[-124.35,49.71],[-124.64,49.8],[-124.62,49.72],[-124.12,49.49]]],[[[-124.88,49.99],[-124.94,50],[-124.91,49.96],[-124.88,49.99]]],[[[-124.63,50.13],[-124.83,50.05],[-124.52,49.81],[-124.2,49.78],[-124.54,50.01],[-124.56,49.95],[-124.67,50.05],[-124.5,50.12],[-124.63,50.13]]],[[[-125.23,50.27],[-125.37,50.27],[-125.35,50.14],[-125.17,50],[-125.22,50.12],[-125.13,50.2],[-125.23,50.27]]],[[[-125.71,50.35],[-125.97,50.4],[-125.95,50.24],[-126.09,50.13],[-125.83,49.85],[-125.87,49.77],[-125.98,49.78],[-125.84,49.69],[-125.91,49.67],[-125.59,49.49],[-125.64,49.4],[-125.42,49.29],[-124.96,49.26],[-124.98,49.17],[-124.84,49.09],[-124.83,49.25],[-124.83,49.08],[-124.62,48.99],[-124.54,49.06],[-124.52,48.95],[-124.36,48.92],[-124.53,48.91],[-124.69,48.79],[-124.3,48.75],[-124.16,48.6],[-123.93,48.6],[-123.8,48.52],[-123.96,48.48],[-123.97,48.4],[-123.57,48.31],[-123.45,48.43],[-123.29,48.41],[-123.4,48.68],[-123.48,48.69],[-123.52,48.56],[-123.53,48.69],[-123.65,48.76],[-123.56,48.79],[-123.81,48.99],[-123.74,49.04],[-123.81,49.13],[-123.93,49.15],[-123.96,49.23],[-124.79,49.47],[-124.98,49.67],[-124.86,49.7],[-125.39,50.13],[-125.44,50.33],[-125.71,50.35]]]]}},{"type":"Feature","properties":{"code":"7.1.8","name":"Coast Range"},"geometry":{"type":"MultiPolygon","coordinates":[[[[-122.5,37.63],[-122.52,37.52],[-122.34,37.12],[-122.13,36.97],[-121.96,37.01],[-121.68,36.94],[-122.06,37.24],[-122.26,37.51],[-122.5,37.63]]],[[[-124.16,40.81],[-124.17,40.81],[-124.16,40.81],[-124.16,40.81]]],[[[-124.17,40.82],[-124.18,40.81],[-124.16,40.82],[-124.17,40.82]]],[[[-123.95,45.43],[-123.96,45.39],[-123.95,45.42],[-123.95,45.43]]],[[[-123.66,46.18],[-123.66,46.17],[-123.63,46.18],[-123.66,46.18]]],[[[-124.02,46.28],[-124.03,46.27],[-124.01,46.26],[-124.02,46.28]]],[[[-123.98,46.5],[-124,46.46],[-123.94,46.41],[-123.98,46.5]]],[[[-123.35,48.04],[-123.41,48.06],[-123.41,48.04],[-123.35,48.04]]],[[[-124.72,48.39],[-124.66,48.33],[-124.73,48.16],[-124.68,47.97],[-124.43,47.74],[-124.18,47.13],[-124.18,46.93],[-124.11,46.94],[-124.12,47.04],[-123.81,46.97],[-124.05,46.89],[-124.03,46.84],[-124.14,46.91],[-124.09,46.74],[-123.84,46.71],[-123.93,46.67],[-123.9,46.6],[-123.96,46.64],[-123.89,46.52],[-123.94,46.47],[-123.82,46.38],[-123.94,46.46],[-123.95,46.36],[-124.02,46.37],[-124.06,46.65],[-124.08,46.27],[-124,46.31],[-123.88,46.24],[-123.71,46.31],[-123.47,46.27],[-123.38,46.15],[-123.5,46.24],[-123.87,46.19],[-123.82,46.15],[-124.02,46.23],[-123.93,46.05],[-123.99,45.95],[-123.98,45.76],[-123.94,45.66],[-123.9,45.7],[-123.96,45.57],[-123.87,45.5],[-123.95,45.56],[-123.98,45.49],[-123.93,45.4],[-124.01,45.34],[-123.93,45.17],[-124.02,45.06],[-124.08,44.68],[-124,44.62],[-124.07,44.61],[-124.09,44.5],[-124.01,44.42],[-124.08,44.42],[-124.2,43.66],[-124.35,43.36],[-124.19,43.47],[-124.17,43.36],[-124.24,43.42],[-124.31,43.29],[-124.39,43.33],[-124.57,42.84],[-124.4,42.63],[-124.41,42.25],[-124.21,42],[-124.25,41.77],[-124.15,41.72],[-124.06,41.46],[-124.17,41.14],[-124.11,40.99],[-124.23,40.76],[-124.15,40.86],[-124.08,40.83],[-124.24,40.69],[-124.24,40.75],[-124.41,40.44],[-124.36,40.26],[-123.85,39.83],[-123.77,39.56],[-123.83,39.35],[-123.69,39.05],[-123.73,38.92],[-122.98,38.36],[-122.89,38.48],[-123.19,38.8],[-123.18,38.98],[-123.49,39.43],[-123.55,39.8],[-123.86,40.43],[-123.85,41.12],[-124.03,42],[-124.11,42.04],[-124.07,42.1],[-124.17,42.09],[-124.13,42.19],[-124.21,42.11],[-124.31,42.13],[-124.37,42.25],[-124.25,42.29],[-124.36,42.3],[-124.3,42.38],[-124.38,42.4],[-124.29,42.49],[-124.22,42.44],[-124.24,42.54],[-124.11,42.66],[-123.66,42.85],[-123.79,42.98],[-123.37,43.55],[-123.45,43.67],[-123.36,43.74],[-123.41,43.87],[-123.28,43.88],[-123.55,44.04],[-123.4,44.19],[-123.51,44.58],[-123.41,44.96],[-123.68,45.08],[-123.35,45.22],[-123.4,45.37],[-123.27,45.58],[-123.3,45.68],[-123.05,45.72],[-122.69,45.49],[-122.88,45.68],[-122.85,46],[-123.01,46.15],[-122.9,46.25],[-122.98,46.3],[-122.93,46.3],[-123,46.41],[-122.97,46.54],[-123.17,46.61],[-123,46.71],[-123.04,46.79],[-123.26,46.83],[-123.1,46.87],[-123.02,47.08],[-123.22,47.2],[-123.23,47.11],[-123.48,47.09],[-123.56,47.2],[-123.51,47.28],[-123.31,47.29],[-123.31,47.39],[-123.15,47.45],[-123.25,47.49],[-123.05,47.53],[-122.85,47.76],[-122.93,47.9],[-123.04,47.89],[-123.11,47.74],[-123.27,47.8],[-123.28,47.71],[-123.17,47.71],[-123.32,47.65],[-123.11,47.67],[-123.34,47.54],[-123.29,47.61],[-123.4,47.59],[-123.38,47.68],[-123.53,47.62],[-123.7,47.69],[-123.63,47.77],[-123.82,47.78],[-123.66,47.87],[-123.8,47.89],[-123.76,47.97],[-123.56,47.85],[-123.51,47.91],[-123.43,47.81],[-123.58,48],[-123.33,48],[-123.43,48.06],[-124.72,48.39]],[[-123.26,47.52],[-123.26,47.56],[-123.21,47.57],[-123.26,47.52]]]]}},{"type":"Feature","properties":{"code":"7.1.9","name":"Willamette Valley"},"geometry":{"type":"Polygon","coordinates":[[[-122.85,46],[-122.88,45.68],[-122.69,45.49],[-123.05,45.72],[-123.3,45.68],[-123.27,45.58],[-123.4,45.37],[-123.35,45.22],[-123.68,45.08],[-123.41,44.96],[-123.51,44.58],[-123.4,44.19],[-123.55,44.04],[-123.28,43.89],[-123.41,43.86],[-123.35,43.67],[-123.13,43.6],[-123.04,43.77],[-122.97,43.69],[-122.96,43.77],[-122.89,43.74],[-122.98,43.9],[-122.77,43.83],[-122.79,43.9],[-122.7,43.89],[-122.76,43.93],[-122.66,43.9],[-122.72,43.95],[-122.67,43.98],[-122.87,44.02],[-122.71,44.1],[-122.91,44.1],[-122.79,44.21],[-122.97,44.12],[-123.02,44.18],[-122.92,44.3],[-122.69,44.31],[-122.71,44.66],[-122.6,44.76],[-122.46,44.75],[-122.72,44.85],[-122.7,45.01],[-122.56,45.04],[-122.27,45.3],[-122.33,45.53],[-122.19,45.61],[-122.43,45.67],[-122.52,45.91],[-122.85,46]]]}},{"type":"Feature","properties":{"code":"8.1.1","name":"Eastern Great Lakes Lowlands"},"geometry":{"type":"MultiPolygon","coordinates":[[[[-78.96,42.96],[-78.96,42.96],[-78.96,42.96],[-78.96,42.96]]],[[[-79.07,43.08],[-79.07,43.08],[-79.06,43.08],[-79.07,43.08]]],[[[-78.96,43.06],[-79.02,43],[-78.95,42.96],[-78.89,43.03],[-78.96,43.06]]],[[[-76.44,43.89],[-76.38,43.92],[-76.41,43.92],[-76.44,43.89]]],[[[-76.44,43.89],[-76.44,43.89],[-76.44,43.89],[-76.44,43.89]]],[[[-76.46,43.91],[-76.43,43.94],[-76.48,43.92],[-76.46,43.91]]],[[[-76.3,43.92],[-76.36,43.88],[-76.33,43.88],[-76.3,43.92]]],[[[-76.34,44.05],[-76.38,44.04],[-76.36,44.03],[-76.34,44.05]]],[[[-76.32,44.05],[-76.34,44.03],[-76.32,44.03],[-76.32,44.05]]],[[[-76.39,44.04],[-76.38,44.07],[-76.41,44.07],[-76.39,44.04]]],[[[-80.15,44.85],[-80.24,44.83],[-80.16,44.78],[-80.15,44.85]]],[[[-76.7,44.11],[-76.62,44.18],[-76.82,44.12],[-76.7,44.11]]],[[[-76.28,44.19],[-76.31,44.17],[-76.26,44.18],[-76.28,44.19]]],[[[-76.19,44.23],[-76.51,44.14],[-76.43,44.11],[-76.36,44.14],[-76.38,44.2],[-76.19,44.23]]],[[[-76.08,44.25],[-76.08,44.25],[-76.08,44.24],[-76.08,44.25]]],[[[-81.71,45.29],[-81.7,45.31],[-81.77,45.31],[-81.71,45.29]]],[[[-76.05,44.26],[-76.06,44.26],[-76.07,44.25],[-76.05,44.26]]],[[[-76.35,44.25],[-76.2,44.3],[-76.3,44.29],[-76.35,44.25]]],[[[-82.94,45.63],[-82.94,45.68],[-82.97,45.69],[-82.94,45.63]]],[[[-81.78,45.44],[-81.69,45.53],[-81.84,45.47],[-81.78,45.44]]],[[[-75.88,44.39],[-75.85,44.43],[-75.91,44.38],[-75.88,44.39]]],[[[-75.79,44.43],[-75.81,44.42],[-75.79,44.42],[-75.79,44.43]]],[[[-83.01,45.75],[-83.01,45.77],[-83.03,45.76],[-83.01,45.75]]],[[[-81.47,45.54],[-81.48,45.56],[-81.49,45.56],[-81.47,45.54]]],[[[-83.32,45.96],[-83.42,45.98],[-83.49,45.89],[-83.35,45.85],[-83.27,45.93],[-83.32,45.96]]],[[[-82.64,45.89],[-82.57,45.96],[-82.74,45.93],[-82.64,45.89]]],[[[-81.91,45.88],[-81.88,45.95],[-81.96,45.99],[-82.16,45.82],[-82.29,45.99],[-82.49,45.94],[-82.59,45.9],[-82.5,45.84],[-82.54,45.78],[-82.76,45.83],[-82.84,45.91],[-82.81,45.99],[-83.23,45.9],[-82.52,45.75],[-82.06,45.55],[-81.75,45.69],[-82,45.55],[-81.84,45.51],[-81.58,45.8],[-81.7,45.79],[-81.68,45.9],[-81.79,45.73],[-81.81,45.87],[-81.91,45.88]]],[[[-83.95,46.29],[-84.09,46.31],[-83.92,46.07],[-83.77,46.22],[-83.95,46.29]]],[[[-82.21,46.02],[-82.23,46.06],[-82.27,46.02],[-82.21,46.02]]],[[[-71.13,46.84],[-70.89,46.92],[-70.8,47.02],[-71.13,46.84]]],[[[-70.57,47.04],[-70.42,47.17],[-70.52,47.12],[-70.57,47.04]]],[[[-69.82,47.54],[-69.8,47.6],[-70.03,47.46],[-70.49,47.02],[-71.28,46.74],[-71.05,46.95],[-71.64,46.73],[-71.84,46.8],[-72.11,46.77],[-72.21,46.72],[-72.18,46.64],[-72.32,46.61],[-72.43,46.71],[-72.31,46.83],[-72.58,46.78],[-72.66,46.6],[-72.94,46.47],[-73.14,46.23],[-73.35,46.16],[-73.41,46.22],[-73.33,46.26],[-73.41,46.28],[-73.75,45.9],[-74.11,45.71],[-75.08,45.67],[-75.05,45.61],[-75.63,45.5],[-75.82,45.35],[-76.1,45.51],[-76.29,45.44],[-76.64,45.55],[-76.82,45.88],[-76.91,45.89],[-76.89,45.81],[-76.95,45.77],[-77.17,45.85],[-76.95,45.52],[-76.42,45.35],[-76.26,45.18],[-76.34,45.01],[-76.25,44.94],[-76.28,44.62],[-76.53,44.46],[-77.71,44.48],[-78.65,44.69],[-79.89,44.75],[-79.95,44.86],[-80.12,44.79],[-79.99,44.66],[-80.09,44.47],[-80.58,44.6],[-80.64,44.72],[-80.93,44.59],[-80.9,44.79],[-81.13,44.75],[-80.96,44.95],[-81.14,44.9],[-81.11,44.95],[-81.27,45],[-81.29,45.24],[-81.69,45.25],[-81.43,44.97],[-81.37,44.98],[-81.26,44.63],[-81.75,44.08],[-81.71,43.38],[-81.52,43.27],[-81.43,43.31],[-81.25,43.16],[-81.14,43.23],[-81.04,43.05],[-80.99,43.16],[-80.77,43.22],[-80.67,43.15],[-80.35,43.18],[-80.24,43.34],[-79.97,43.42],[-80.06,43.6],[-79.97,43.61],[-79.97,43.8],[-79.88,43.79],[-79.71,43.97],[-79.6,43.89],[-79.2,44.05],[-79.2,43.99],[-79.05,44.01],[-78.96,44.09],[-79.02,43.92],[-78.85,43.86],[-77.6,44.04],[-77.49,43.93],[-77.25,43.96],[-77.31,43.93],[-77.15,43.85],[-76.85,43.94],[-77.04,43.93],[-76.84,44.11],[-77.11,44.04],[-77.06,44.17],[-77.59,44.07],[-77.34,44.17],[-76.99,44.2],[-77.05,44.11],[-76.89,44.17],[-77.07,44.08],[-76.98,44.06],[-76.7,44.21],[-75.97,44.37],[-75.73,44.53],[-75.86,44.35],[-76.37,44.1],[-76.28,43.96],[-76.2,44.08],[-76.12,44.03],[-76.2,43.97],[-76.06,43.99],[-76.3,43.86],[-76.16,43.65],[-76.23,43.53],[-76.42,43.52],[-76.71,43.32],[-76.94,43.28],[-76.93,43.21],[-77.11,43.29],[-77.55,43.24],[-77.76,43.34],[-78.1,43.38],[-79.06,43.26],[-79.07,43.09],[-78.89,43.05],[-78.94,42.98],[-78.85,42.84],[-79.15,42.55],[-80.33,42.04],[-81.28,41.77],[-81.73,41.49],[-82.01,41.52],[-82.56,41.4],[-82.8,41.23],[-82.65,41.2],[-82.27,41.37],[-82.11,41.31],[-81.8,41.45],[-81.63,41.41],[-81.55,41.56],[-81.18,41.73],[-80.37,41.96],[-79.23,42.48],[-79.02,42.53],[-78.93,42.47],[-78.86,42.68],[-78.72,42.77],[-78.6,42.74],[-78.42,42.89],[-78.09,42.9],[-77.84,42.67],[-77.79,42.68],[-77.8,42.8],[-77.61,42.75],[-77.3,42.86],[-77.29,42.77],[-77.11,42.81],[-76.89,42.54],[-76.83,42.68],[-76.63,42.61],[-76.6,42.81],[-76.5,42.8],[-76.32,42.96],[-76.17,42.9],[-75.94,43.04],[-75.66,43.07],[-75.6,43.01],[-75.41,43.08],[-75.51,42.9],[-75.42,42.84],[-75.31,42.96],[-75.24,42.84],[-74.69,42.81],[-74.58,42.68],[-74.05,42.61],[-73.96,42.68],[-74.02,42.78],[-73.98,42.99],[-73.88,43.03],[-74.3,43.13],[-74.58,43.02],[-75,43.25],[-75.31,43.54],[-75.54,44],[-75.49,44.13],[-74.87,44.59],[-74.5,44.76],[-73.62,44.91],[-73.58,44.77],[-73.75,44.65],[-73.64,44.67],[-73.6,44.49],[-73.51,44.48],[-73.6,44.25],[-73.52,44.24],[-73.47,44.08],[-73.55,44.12],[-73.58,44.05],[-73.42,43.93],[-73.45,43.46],[-73.35,43.45],[-73.25,43.71],[-73.3,43.78],[-73.05,43.81],[-73.05,44.28],[-73.14,44.41],[-73.01,44.46],[-73.13,44.56],[-72.93,45.02],[-72.55,45.28],[-72.26,45.75],[-71.99,45.86],[-71.75,46.18],[-70.85,46.57],[-70.81,46.74],[-70.24,47.08],[-69.77,47.56],[-69.82,47.54]],[[-75.87,43.96],[-75.59,43.83],[-75.22,43.35],[-75.68,43.28],[-75.96,43.46],[-76.04,43.69],[-75.99,43.87],[-75.87,43.96]]],[[[-76.07,44.3],[-76.16,44.26],[-76.12,44.25],[-76.07,44.3]]],[[[-75.92,44.37],[-76.06,44.32],[-76.02,44.29],[-75.92,44.37]]],[[[-76.04,44.3],[-76.06,44.28],[-76.04,44.29],[-76.04,44.3]]],[[[-76.95,43.26],[-76.95,43.26],[-76.95,43.25],[-76.95,43.26]]],[[[-76.94,43.27],[-76.94,43.27],[-76.94,43.26],[-76.94,43.27]]],[[[-76.95,43.27],[-76.97,43.27],[-76.96,43.27],[-76.95,43.27]]],[[[-78.89,43.03],[-78.89,43.02],[-78.88,43.03],[-78.89,43.03]]],[[[-78.91,42.93],[-78.9,42.91],[-78.9,42.93],[-78.91,42.93]]]]}},{"type":"Feature","properties":{"code":"8.1.2","name":"Lake Erie Lowland"},"geometry":{"type":"MultiPolygon","coordinates":[[[[-82.43,42.41],[-82.44,42.44],[-82.43,42.41],[-82.43,42.41]]],[[[-79.03,43.98],[-78.94,44.09],[-79.6,43.89],[-79.71,43.97],[-79.81,43.94],[-79.88,43.79],[-79.97,43.8],[-79.97,43.61],[-80.06,43.6],[-79.96,43.43],[-80.24,43.34],[-80.36,43.18],[-80.67,43.15],[-80.77,43.22],[-80.99,43.16],[-81.04,43.05],[-81.14,43.23],[-81.25,43.16],[-81.43,43.31],[-81.52,43.27],[-81.71,43.38],[-82.18,43.06],[-82.42,43],[-82.52,42.61],[-82.68,42.52],[-82.42,42.49],[-82.45,42.33],[-83.06,42.32],[-83.12,42.06],[-82.93,41.98],[-82.62,42.03],[-82.51,41.92],[-82.41,42.11],[-81.87,42.32],[-81.85,42.25],[-81.8,42.4],[-81.34,42.65],[-80.1,42.54],[-80.04,42.55],[-80.45,42.62],[-80.2,42.78],[-78.94,42.88],[-78.92,42.93],[-79.08,43.08],[-79.06,43.26],[-79.36,43.18],[-79.72,43.24],[-79.78,43.32],[-79.47,43.64],[-78.85,43.86],[-78.96,43.88],[-79.02,43.93],[-78.96,43.99],[-79.03,43.98]]],[[[-82.92,42.34],[-82.92,42.35],[-82.94,42.35],[-82.92,42.34]]],[[[-83.12,42.24],[-83.13,42.18],[-83.11,42.2],[-83.12,42.24]]],[[[-82.67,41.73],[-82.62,41.75],[-82.64,41.84],[-82.67,41.73]]]]}},{"type":"Feature","properties":{"code":"8.1.3","name":"Northern Allegheny Plateau"},"geometry":{"type":"Polygon","coordinates":[[[-75.43,43.02],[-75.4,43.08],[-75.6,43.01],[-75.66,43.07],[-75.93,43.04],[-76.17,42.9],[-76.31,42.96],[-76.5,42.8],[-76.6,42.81],[-76.63,42.61],[-76.83,42.68],[-76.89,42.54],[-77.11,42.81],[-77.29,42.77],[-77.3,42.86],[-77.61,42.75],[-77.8,42.8],[-77.79,42.68],[-77.84,42.67],[-78.09,42.9],[-78.43,42.89],[-78.6,42.74],[-78.72,42.77],[-78.86,42.68],[-79.02,42.23],[-78.89,42.12],[-78.8,42.28],[-78.46,42.32],[-77.98,42.02],[-78.04,41.97],[-77.85,41.83],[-77.43,41.99],[-77.35,41.97],[-77.64,41.82],[-76.97,41.92],[-77.38,41.75],[-77.44,41.65],[-76.85,41.78],[-76.87,41.68],[-77.34,41.51],[-76.38,41.67],[-76.78,41.53],[-75.95,41.51],[-76.17,41.33],[-76.44,41.27],[-76.13,41.19],[-75.62,41.5],[-75.46,41.73],[-75.42,41.59],[-75.58,41.29],[-75.31,41.38],[-75.24,41.45],[-75.32,41.5],[-75.11,41.58],[-75.05,41.76],[-74.97,41.66],[-74.75,41.68],[-74.72,41.62],[-74.44,41.66],[-74,41.99],[-73.84,42.43],[-73.99,42.65],[-74.05,42.6],[-74.52,42.66],[-74.69,42.81],[-75.25,42.84],[-75.31,42.96],[-75.42,42.84],[-75.51,42.9],[-75.43,43.02]],[[-74.17,42.32],[-74.01,42.24],[-74.07,42.08],[-74.17,42.05],[-74.12,42.01],[-74.28,42],[-74.25,41.92],[-74.46,41.81],[-74.59,41.81],[-74.73,41.98],[-74.89,41.97],[-74.87,42.08],[-74.52,42.16],[-74.44,42.26],[-74.25,42.23],[-74.17,42.32]]]}},{"type":"Feature","properties":{"code":"8.1.4","name":"North Central Hardwood Forests"},"geometry":{"type":"MultiPolygon","coordinates":[[[[-86.11,45.05],[-86.16,45],[-86.09,45.01],[-86.11,45.05]]],[[[-86.04,45.16],[-86.06,45.1],[-85.96,45.06],[-86.04,45.16]]],[[[-84.84,45.38],[-84.92,45.42],[-85.37,45.27],[-85.38,44.97],[-85.53,44.75],[-85.58,44.76],[-85.48,44.99],[-85.59,44.77],[-85.65,44.85],[-85.54,45.21],[-85.81,44.95],[-86.07,44.91],[-86.09,44.74],[-86.26,44.69],[-86.25,44.41],[-86.4,44.16],[-85.97,44.35],[-85.92,44.48],[-85.61,44.71],[-85.28,44.78],[-85.16,44.97],[-85.19,45.09],[-84.91,45.13],[-84.91,45.33],[-84.84,45.38]]],[[[-86.64,45.54],[-86.62,45.56],[-86.66,45.59],[-86.64,45.54]]],[[[-85.84,45.38],[-85.84,45.43],[-85.88,45.44],[-85.84,45.38]]],[[[-86.99,45.3],[-87.24,45.17],[-87.41,44.91],[-87.38,44.83],[-87.44,44.89],[-87.64,44.81],[-87.7,44.75],[-87.63,44.66],[-87.46,44.56],[-87.05,45.09],[-87.08,45.14],[-86.99,45.3]]],[[[-86.95,45.31],[-86.96,45.3],[-86.94,45.3],[-86.95,45.31]]],[[[-86.93,45.33],[-86.9,45.3],[-86.92,45.34],[-86.93,45.33]]],[[[-86.93,45.4],[-86.95,45.34],[-86.84,45.39],[-86.93,45.4]]],[[[-86.82,45.43],[-86.83,45.4],[-86.81,45.41],[-86.82,45.43]]],[[[-86.76,45.48],[-86.76,45.5],[-86.78,45.51],[-86.76,45.48]]],[[[-87.33,45.2],[-87.38,45.18],[-87.33,45.16],[-87.33,45.2]]],[[[-87.5,45.06],[-87.51,45.06],[-87.49,45.06],[-87.5,45.06]]],[[[-95.05,47.74],[-95.56,47.69],[-95.7,47.59],[-95.82,47.42],[-95.92,46.87],[-96.29,46.87],[-96.29,46.48],[-96.02,46],[-95.77,45.84],[-95.76,45.66],[-95.57,45.37],[-94.91,45.12],[-94.63,45.18],[-94.49,44.94],[-94.06,44.86],[-94.01,44.7],[-94.06,44.5],[-93.97,44.41],[-94.03,44.28],[-93.76,44.11],[-93.22,44.28],[-93.16,44.44],[-93.22,44.71],[-92.95,44.81],[-92.56,45.11],[-91.98,45.04],[-91.74,44.77],[-91.52,44.72],[-91.33,44.79],[-91.03,44.62],[-90.82,44.41],[-90.87,44.22],[-90.7,44.12],[-90.53,44.14],[-90.46,43.97],[-90.14,43.82],[-90.13,43.73],[-89.84,43.67],[-89.76,43.52],[-89.62,43.51],[-89.49,43.65],[-89.1,43.75],[-89.17,43.98],[-88.85,44.28],[-88.65,44.24],[-88.31,44.38],[-88.01,44.63],[-87.98,44.58],[-87.96,44.85],[-87.77,45.08],[-87.75,45.19],[-87.98,45.07],[-87.95,45.17],[-88.08,45.2],[-88.47,45.01],[-89.43,45.4],[-89.75,45.22],[-90.2,45.3],[-90.7,45.02],[-91.19,44.99],[-91.28,45.03],[-91.18,45.15],[-91.36,45.01],[-91.38,45.18],[-91.72,45.39],[-91.57,45.55],[-91.88,45.8],[-92.05,45.84],[-92.15,45.72],[-92.31,45.7],[-92.46,45.85],[-92.49,45.78],[-92.58,45.83],[-92.71,45.76],[-92.66,45.66],[-92.73,45.54],[-92.88,45.58],[-92.84,45.89],[-92.97,46.05],[-93.27,46.03],[-93.46,45.87],[-93.8,45.84],[-93.97,45.92],[-94.01,46.11],[-94.22,46.02],[-94.37,46.14],[-94.73,46.05],[-94.69,46.83],[-95.13,46.96],[-95.61,46.7],[-95.69,46.76],[-95.71,47.08],[-95.58,47.46],[-95.28,47.63],[-94.9,47.68],[-95.05,47.74]]]]}},{"type":"Feature","properties":{"code":"8.1.5","name":"Driftless Area"},"geometry":{"type":"Polygon","coordinates":[[[-92.08,45.04],[-92.25,45.05],[-92.14,44.86],[-92.2,44.76],[-92.79,44.74],[-92.77,44.61],[-93.01,44.46],[-92.98,44.28],[-92.7,44.11],[-92.77,44.07],[-92.68,44.04],[-92.75,43.95],[-92.57,43.71],[-91.94,43.37],[-91.99,43.23],[-91.9,43],[-91.79,42.94],[-91.81,42.83],[-91.32,42.58],[-91.02,42.57],[-90.97,42.45],[-90.71,42.39],[-90.36,42.12],[-90.07,42.1],[-89.92,42.29],[-90.02,42.4],[-89.66,42.61],[-89.55,42.82],[-89.6,43.07],[-89.54,43.32],[-89.69,43.38],[-89.5,43.5],[-89.76,43.52],[-89.83,43.67],[-90.13,43.73],[-90.14,43.82],[-90.45,43.97],[-90.53,44.14],[-90.7,44.12],[-90.87,44.22],[-90.83,44.43],[-91.23,44.75],[-91.73,44.76],[-91.91,45.01],[-92.08,45.04]]]}},{"type":"Feature","properties":{"code":"8.1.6","name":"Southern Michigan/Northern Indiana Drift Plains"},"geometry":{"type":"MultiPolygon","coordinates":[[[[-87.31,41.62],[-87.31,41.62],[-87.31,41.62],[-87.31,41.62]]],[[[-86.26,44.15],[-86.4,44.16],[-86.52,44.06],[-86.43,43.83],[-86.54,43.64],[-86.23,42.99],[-86.26,42.44],[-86.68,41.84],[-87.3,41.62],[-87,41.6],[-87.02,41.48],[-87.1,41.47],[-87.03,41.36],[-87.09,41.29],[-86.94,41.51],[-87,41.3],[-86.93,41.29],[-86.51,41.55],[-86.43,41.73],[-86.4,41.63],[-86.28,41.68],[-86.43,41.46],[-86.41,41.29],[-86.61,41.22],[-86.82,40.85],[-86.77,40.75],[-85.99,40.86],[-85.63,41.07],[-85.7,41.15],[-85.61,41.17],[-85.63,41.29],[-85.43,41.24],[-85.46,41.29],[-85.34,41.34],[-85.44,41.4],[-85.15,41.43],[-84.93,41.59],[-84.96,41.73],[-84.86,41.81],[-84.5,41.85],[-84.41,42.01],[-84.23,41.94],[-84.07,42.06],[-84.12,42.17],[-84,42.21],[-84.04,42.31],[-83.97,42.38],[-83.79,42.46],[-83.67,42.41],[-83.39,42.46],[-83.02,42.76],[-83.09,43.05],[-83.03,43.16],[-83.2,43.23],[-83.2,43.42],[-83.63,43.24],[-83.79,43.05],[-83.99,43.14],[-84.56,43.15],[-84.38,43.37],[-84.78,43.62],[-84.67,43.71],[-84.69,43.83],[-84.89,43.81],[-84.95,43.71],[-84.89,43.33],[-85.14,43.14],[-85.32,43.16],[-85.63,43.43],[-85.87,43.34],[-85.95,43.53],[-86.31,43.7],[-86.21,43.71],[-86.21,43.89],[-86.1,44.02],[-86.26,44.15]]]]}},{"type":"Feature","properties":{"code":"8.1.7","name":"Northeastern Coastal Zone"},"geometry":{"type":"MultiPolygon","coordinates":[[[[-74.04,40.69],[-74.04,40.69],[-74.05,40.69],[-74.04,40.69]]],[[[-74.01,40.69],[-74.02,40.69],[-74.03,40.69],[-74.01,40.69]]],[[[-73.95,40.76],[-73.94,40.77],[-73.96,40.75],[-73.95,40.76]]],[[[-73.92,40.79],[-73.93,40.8],[-73.94,40.78],[-73.92,40.79]]],[[[-73.9,40.8],[-73.9,40.8],[-73.9,40.8],[-73.9,40.8]]],[[[-73.89,40.8],[-73.89,40.79],[-73.87,40.79],[-73.89,40.8]]],[[[-73.9,40.8],[-73.9,40.8],[-73.9,40.8],[-73.9,40.8]]],[[[-73.79,40.86],[-73.79,40.85],[-73.78,40.84],[-73.79,40.86]]],[[[-73.77,40.86],[-73.77,40.85],[-73.77,40.86],[-73.77,40.86]]],[[[-73.82,40.88],[-73.82,40.88],[-73.82,40.88],[-73.82,40.88]]],[[[-73.78,40.89],[-73.79,40.88],[-73.78,40.88],[-73.78,40.89]]],[[[-73.77,40.88],[-73.77,40.89],[-73.77,40.88],[-73.77,40.88]]],[[[-73.66,40.98],[-73.67,40.97],[-73.66,40.97],[-73.66,40.98]]],[[[-73.51,41.04],[-73.51,41.04],[-73.5,41.04],[-73.51,41.04]]],[[[-73.5,41.05],[-73.5,41.04],[-73.5,41.05],[-73.5,41.05]]],[[[-73.38,41.1],[-73.38,41.09],[-73.38,41.09],[-73.38,41.1]]],[[[-72.58,40.99],[-73.12,40.98],[-73.17,40.89],[-73.4,40.96],[-73.35,40.89],[-73.42,40.88],[-73.48,40.95],[-73.46,40.86],[-73.57,40.92],[-73.65,40.8],[-73.71,40.87],[-73.75,40.77],[-73.91,40.79],[-74.04,40.62],[-73.5,40.66],[-73.32,40.85],[-72.58,40.99]]],[[[-72.76,41.25],[-72.76,41.24],[-72.76,41.24],[-72.76,41.25]]],[[[-72.75,41.25],[-72.75,41.25],[-72.75,41.25],[-72.75,41.25]]],[[[-72.75,41.25],[-72.75,41.25],[-72.76,41.25],[-72.75,41.25]]],[[[-72.76,41.25],[-72.76,41.25],[-72.76,41.25],[-72.76,41.25]]],[[[-72.75,41.25],[-72.75,41.25],[-72.75,41.25],[-72.75,41.25]]],[[[-72.75,41.25],[-72.75,41.25],[-72.75,41.25],[-72.75,41.25]]],[[[-72.75,41.25],[-72.75,41.25],[-72.75,41.25],[-72.75,41.25]]],[[[-72.75,41.25],[-72.75,41.25],[-72.75,41.25],[-72.75,41.25]]],[[[-72.75,41.25],[-72.75,41.26],[-72.76,41.25],[-72.75,41.25]]],[[[-72.76,41.26],[-72.76,41.26],[-72.76,41.26],[-72.76,41.26]]],[[[-72.74,41.25],[-72.74,41.25],[-72.74,41.25],[-72.74,41.25]]],[[[-72.75,41.26],[-72.75,41.26],[-72.75,41.25],[-72.75,41.26]]],[[[-72.76,41.26],[-72.76,41.26],[-72.76,41.26],[-72.76,41.26]]],[[[-72.74,41.25],[-72.74,41.26],[-72.74,41.26],[-72.74,41.25]]],[[[-72.75,41.26],[-72.75,41.26],[-72.75,41.26],[-72.75,41.26]]],[[[-72.77,41.26],[-72.77,41.26],[-72.77,41.26],[-72.77,41.26]]],[[[-72.76,41.26],[-72.76,41.26],[-72.76,41.26],[-72.76,41.26]]],[[[-72.76,41.26],[-72.76,41.26],[-72.76,41.26],[-72.76,41.26]]],[[[-72.76,41.26],[-72.75,41.26],[-72.76,41.26],[-72.76,41.26]]],[[[-72.75,41.26],[-72.75,41.26],[-72.76,41.26],[-72.75,41.26]]],[[[-72.34,41.3],[-72.32,41.28],[-72.33,41.29],[-72.34,41.3]]],[[[-71.96,41.32],[-71.96,41.32],[-71.96,41.32],[-71.96,41.32]]],[[[-71.33,41.49],[-71.33,41.48],[-71.33,41.49],[-71.33,41.49]]],[[[-71.32,41.51],[-71.33,41.51],[-71.33,41.51],[-71.32,41.51]]],[[[-71.37,41.57],[-71.4,41.45],[-71.35,41.48],[-71.37,41.57]]],[[[-71.35,41.66],[-71.37,41.66],[-71.36,41.65],[-71.35,41.66]]],[[[-71.28,41.65],[-71.29,41.64],[-71.27,41.64],[-71.28,41.65]]],[[[-71.34,41.65],[-71.33,41.58],[-71.3,41.62],[-71.34,41.65]]],[[[-71.22,41.65],[-71.36,41.45],[-71.24,41.48],[-71.22,41.65]],[[-71.26,41.63],[-71.26,41.63],[-71.26,41.63],[-71.26,41.63]]],[[[-70.92,41.64],[-70.92,41.64],[-70.92,41.64],[-70.92,41.64]]],[[[-70.91,41.64],[-70.92,41.64],[-70.91,41.64],[-70.91,41.64]]],[[[-70.82,41.63],[-70.82,41.62],[-70.82,41.63],[-70.82,41.63]]],[[[-71,42.32],[-71.02,42.31],[-71.01,42.31],[-71,42.32]]],[[[-70.93,42.3],[-70.95,42.29],[-70.94,42.28],[-70.93,42.3]]],[[[-70.99,42.32],[-70.98,42.33],[-70.99,42.33],[-70.99,42.32]]],[[[-70.98,42.31],[-70.97,42.31],[-70.95,42.33],[-70.98,42.31]]],[[[-73.48,43.45],[-73.51,43.5],[-73.54,43.41],[-73.65,43.44],[-73.73,43.27],[-73.84,43.29],[-73.98,43.09],[-73.87,43.02],[-73.99,42.98],[-73.99,42.58],[-73.84,42.43],[-74.06,41.92],[-74.09,41.39],[-73.66,41.61],[-73.65,41.72],[-73.72,41.61],[-73.79,41.65],[-73.8,42],[-73.54,42.41],[-73.7,42.62],[-73.37,43.39],[-73.36,43.44],[-73.48,43.45]]],[[[-70.75,43.07],[-70.74,43.07],[-70.75,43.07],[-70.75,43.07]]],[[[-70.74,43.07],[-70.74,43.07],[-70.74,43.07],[-70.74,43.07]]],[[[-70.74,43.07],[-70.75,43.08],[-70.74,43.07],[-70.74,43.07]]],[[[-70.75,43.08],[-70.75,43.08],[-70.75,43.08],[-70.75,43.08]]],[[[-70.75,43.08],[-70.75,43.08],[-70.76,43.08],[-70.75,43.08]]],[[[-70.71,43.07],[-70.74,43.07],[-70.71,43.05],[-70.71,43.07]]],[[[-70.72,43.08],[-70.73,43.08],[-70.72,43.08],[-70.72,43.08]]],[[[-70.73,43.08],[-70.75,43.08],[-70.73,43.07],[-70.73,43.08]]],[[[-70.43,43.37],[-70.43,43.37],[-70.43,43.37],[-70.43,43.37]]],[[[-70.23,43.54],[-70.23,43.55],[-70.24,43.54],[-70.23,43.54]]],[[[-70.19,43.65],[-70.21,43.65],[-70.21,43.63],[-70.19,43.65]]],[[[-70.21,43.67],[-70.21,43.66],[-70.2,43.67],[-70.21,43.67]]],[[[-70.18,43.67],[-70.2,43.65],[-70.18,43.66],[-70.18,43.67]]],[[[-70.23,43.69],[-70.24,43.69],[-70.23,43.69],[-70.23,43.69]]],[[[-70.19,43.69],[-70.21,43.67],[-70.19,43.67],[-70.19,43.69]]],[[[-70.26,43.98],[-70.52,43.76],[-70.73,43.81],[-70.7,43.72],[-70.8,43.66],[-70.74,43.52],[-71,43.36],[-71.08,43.38],[-71.18,43.09],[-71.35,43.19],[-71.34,43.29],[-71.65,43.37],[-71.62,43.28],[-71.78,43.2],[-71.58,42.98],[-71.85,42.57],[-71.87,42.28],[-71.98,42.32],[-71.98,42.47],[-72.18,42.4],[-72.27,42.63],[-72.33,42.32],[-72.45,42.34],[-72.56,42.47],[-72.43,42.72],[-72.56,42.96],[-72.6,42.89],[-72.47,42.71],[-72.64,42.62],[-72.64,42.39],[-72.82,42.14],[-72.88,41.84],[-73.12,41.72],[-73.23,41.75],[-73.38,41.66],[-73.46,41.47],[-73.95,41.29],[-73.89,41],[-74.03,40.71],[-73.93,40.88],[-73.93,40.8],[-73.79,40.8],[-73.82,40.89],[-73.59,41.04],[-73.19,41.19],[-73.1,41.15],[-72.91,41.3],[-72.9,41.24],[-72.54,41.25],[-71.48,41.36],[-71.4,41.6],[-71.45,41.7],[-71.35,41.72],[-71.38,41.87],[-71.36,41.75],[-71.28,41.76],[-71.3,41.65],[-71.11,41.79],[-71.21,41.64],[-71.2,41.45],[-71.07,41.57],[-71.04,41.48],[-70.95,41.51],[-70.92,41.68],[-70.85,41.58],[-70.76,41.72],[-70.72,41.68],[-70.8,41.92],[-70.67,42.05],[-70.6,42],[-70.64,42.09],[-70.88,42.31],[-70.87,42.25],[-70.97,42.22],[-70.99,42.31],[-71.06,42.28],[-71.01,42.34],[-71.1,42.41],[-70.95,42.34],[-70.98,42.45],[-70.91,42.41],[-70.83,42.5],[-70.93,42.57],[-70.59,42.64],[-70.84,42.7],[-70.81,42.76],[-70.77,42.7],[-70.86,42.81],[-70.84,42.92],[-70.71,43.04],[-70.86,43.12],[-70.84,43.04],[-70.92,43.05],[-70.86,43.09],[-70.92,43.13],[-70.83,43.12],[-70.83,43.18],[-70.67,43.07],[-70.56,43.32],[-70.33,43.45],[-70.36,43.53],[-70.2,43.57],[-70.22,43.65],[-70.31,43.66],[-70.24,43.66],[-70.12,43.92],[-70.26,43.98]]]]}},{"type":"Feature","properties":{"code":"8.1.8","name":"Acadian Plains and Hills"},"geometry":{"type":"MultiPolygon","coordinates":[[[[-70.15,43.65],[-70.14,43.66],[-70.15,43.66],[-70.15,43.65]]],[[[-70.1,43.67],[-70.08,43.69],[-70.1,43.68],[-70.1,43.67]]],[[[-70.14,43.71],[-70.17,43.69],[-70.17,43.68],[-70.14,43.71]]],[[[-70.19,43.72],[-70.2,43.71],[-70.19,43.72],[-70.19,43.72]]],[[[-70.16,43.71],[-70.14,43.72],[-70.16,43.71],[-70.16,43.71]]],[[[-70.12,43.7],[-70.11,43.71],[-70.12,43.7],[-70.12,43.7]]],[[[-70.09,43.71],[-70.12,43.68],[-70.09,43.69],[-70.09,43.71]]],[[[-70.1,43.76],[-70.13,43.75],[-70.13,43.71],[-70.1,43.76]]],[[[-70.12,43.76],[-70.13,43.76],[-70.13,43.75],[-70.12,43.76]]],[[[-70.13,43.77],[-70.15,43.77],[-70.16,43.75],[-70.13,43.77]]],[[[-70.07,43.8],[-70.08,43.8],[-70.07,43.8],[-70.07,43.8]]],[[[-69.95,43.79],[-69.97,43.78],[-70.01,43.72],[-69.95,43.79]]],[[[-69.91,43.79],[-69.92,43.78],[-69.92,43.77],[-69.91,43.79]]],[[[-70,43.83],[-70.01,43.82],[-70.01,43.81],[-70,43.83]]],[[[-69.88,43.82],[-69.88,43.82],[-69.89,43.81],[-69.88,43.82]]],[[[-69.72,43.78],[-69.72,43.78],[-69.72,43.78],[-69.72,43.78]]],[[[-69.89,43.86],[-69.95,43.77],[-69.89,43.78],[-69.89,43.86]]],[[[-69.68,43.82],[-69.69,43.82],[-69.68,43.81],[-69.68,43.82]]],[[[-69.63,43.81],[-69.64,43.8],[-69.62,43.81],[-69.63,43.81]]],[[[-69.65,43.83],[-69.65,43.82],[-69.65,43.82],[-69.65,43.83]]],[[[-69.7,43.85],[-69.71,43.85],[-69.71,43.84],[-69.7,43.85]]],[[[-69.67,43.85],[-69.69,43.82],[-69.65,43.79],[-69.67,43.85]]],[[[-69.57,43.83],[-69.56,43.82],[-69.56,43.83],[-69.57,43.83]]],[[[-69.68,43.87],[-69.69,43.86],[-69.68,43.86],[-69.68,43.87]]],[[[-69.3,43.77],[-69.32,43.77],[-69.32,43.76],[-69.3,43.77]]],[[[-69.55,43.86],[-69.57,43.86],[-69.56,43.83],[-69.55,43.86]]],[[[-69.55,43.9],[-69.55,43.89],[-69.54,43.89],[-69.55,43.9]]],[[[-69.32,43.85],[-69.31,43.88],[-69.33,43.86],[-69.32,43.85]]],[[[-69.28,43.87],[-69.3,43.87],[-69.3,43.86],[-69.28,43.87]]],[[[-69.31,43.89],[-69.32,43.9],[-69.32,43.9],[-69.31,43.89]]],[[[-69.31,43.91],[-69.31,43.92],[-69.32,43.92],[-69.31,43.91]]],[[[-69.43,43.95],[-69.44,43.91],[-69.42,43.92],[-69.43,43.95]]],[[[-69.27,43.91],[-69.27,43.93],[-69.28,43.92],[-69.27,43.91]]],[[[-69.3,43.93],[-69.3,43.94],[-69.3,43.93],[-69.3,43.93]]],[[[-69.22,43.91],[-69.22,43.92],[-69.23,43.92],[-69.22,43.91]]],[[[-69.13,43.87],[-69.12,43.9],[-69.13,43.88],[-69.13,43.87]]],[[[-69.29,43.96],[-69.32,43.94],[-69.31,43.94],[-69.29,43.96]]],[[[-68.88,43.84],[-68.89,43.84],[-68.9,43.82],[-68.88,43.84]]],[[[-69.38,44.01],[-69.4,44],[-69.39,43.97],[-69.38,44.01]]],[[[-68.89,43.88],[-68.91,43.85],[-68.88,43.86],[-68.89,43.88]]],[[[-69.38,44.03],[-69.38,44.03],[-69.38,44.03],[-69.38,44.03]]],[[[-69.13,43.98],[-69.13,43.98],[-69.12,43.98],[-69.13,43.98]]],[[[-69.12,43.99],[-69.12,43.99],[-69.12,43.99],[-69.12,43.99]]],[[[-69.14,44],[-69.15,44],[-69.15,43.99],[-69.14,44]]],[[[-69.12,44],[-69.13,44],[-69.11,44],[-69.12,44]]],[[[-69.05,44.01],[-69.06,44],[-69.06,43.99],[-69.05,44.01]]],[[[-68.88,44.03],[-68.9,44.04],[-68.89,44.03],[-68.88,44.03]]],[[[-68.86,44.04],[-68.87,44.04],[-68.85,44.03],[-68.86,44.04]]],[[[-68.83,44.04],[-68.84,44.04],[-68.83,44.03],[-68.83,44.04]]],[[[-68.89,44.08],[-68.91,44.08],[-68.9,44.07],[-68.89,44.08]]],[[[-68.84,44.13],[-68.91,44.1],[-68.82,44.03],[-68.84,44.13]]],[[[-68.64,44.07],[-68.64,44.08],[-68.67,44.08],[-68.64,44.07]]],[[[-68.6,44.09],[-68.65,44.01],[-68.61,44.01],[-68.6,44.09]]],[[[-68.63,44.1],[-68.66,44.11],[-68.65,44.1],[-68.63,44.1]]],[[[-68.82,44.18],[-68.94,44.11],[-68.82,44.15],[-68.82,44.18]]],[[[-68.67,44.14],[-68.68,44.14],[-68.67,44.14],[-68.67,44.14]]],[[[-68.72,44.2],[-68.73,44.2],[-68.73,44.2],[-68.72,44.2]]],[[[-68.78,44.2],[-68.77,44.22],[-68.79,44.21],[-68.78,44.2]]],[[[-68.95,44.27],[-68.96,44.24],[-68.94,44.26],[-68.95,44.27]]],[[[-68.94,44.27],[-68.95,44.28],[-68.94,44.27],[-68.94,44.27]]],[[[-68.82,44.23],[-68.82,44.24],[-68.83,44.24],[-68.82,44.23]]],[[[-68.79,44.22],[-68.78,44.23],[-68.79,44.24],[-68.79,44.22]]],[[[-68.35,44.13],[-68.37,44.1],[-68.33,44.11],[-68.35,44.13]]],[[[-68.76,44.25],[-68.77,44.24],[-68.75,44.24],[-68.76,44.25]]],[[[-68.73,44.26],[-68.76,44.27],[-68.75,44.26],[-68.73,44.26]]],[[[-68.58,44.23],[-68.57,44.23],[-68.59,44.23],[-68.58,44.23]]],[[[-68.42,44.19],[-68.5,44.15],[-68.41,44.13],[-68.42,44.19]]],[[[-68.49,44.2],[-68.47,44.21],[-68.48,44.22],[-68.49,44.2]]],[[[-68.24,44.16],[-68.25,44.15],[-68.25,44.14],[-68.24,44.16]]],[[[-68.48,44.22],[-68.47,44.23],[-68.48,44.23],[-68.48,44.22]]],[[[-68.73,44.31],[-68.71,44.16],[-68.56,44.19],[-68.73,44.31]]],[[[-68.32,44.21],[-68.34,44.2],[-68.31,44.2],[-68.32,44.21]]],[[[-68.87,44.38],[-68.94,44.28],[-68.93,44.23],[-68.87,44.38]]],[[[-68.47,44.27],[-68.49,44.28],[-68.49,44.27],[-68.47,44.27]]],[[[-68.25,44.26],[-68.28,44.24],[-68.24,44.24],[-68.25,44.26]]],[[[-68.3,44.28],[-68.3,44.28],[-68.29,44.28],[-68.3,44.28]]],[[[-68.21,44.26],[-68.24,44.27],[-68.24,44.25],[-68.21,44.26]]],[[[-68.25,44.27],[-68.25,44.27],[-68.27,44.27],[-68.25,44.27]]],[[[-68.48,44.32],[-68.51,44.39],[-68.53,44.33],[-68.48,44.32]]],[[[-68.42,44.36],[-68.46,44.34],[-68.44,44.32],[-68.42,44.36]]],[[[-68.25,44.44],[-68.42,44.34],[-68.36,44.23],[-68.29,44.25],[-68.33,44.38],[-68.29,44.29],[-68.17,44.33],[-68.25,44.44]]],[[[-68.12,44.39],[-68.13,44.4],[-68.15,44.39],[-68.12,44.39]]],[[[-67.87,44.44],[-67.87,44.46],[-67.85,44.42],[-67.87,44.44]]],[[[-67.79,44.49],[-67.82,44.51],[-67.81,44.49],[-67.79,44.49]]],[[[-67.84,44.52],[-67.83,44.52],[-67.83,44.54],[-67.84,44.52]]],[[[-67.61,44.52],[-67.62,44.5],[-67.6,44.51],[-67.61,44.52]]],[[[-67.58,44.51],[-67.59,44.45],[-67.56,44.47],[-67.58,44.51]]],[[[-67.53,44.51],[-67.56,44.51],[-67.51,44.49],[-67.53,44.51]]],[[[-67.52,44.56],[-67.53,44.56],[-67.51,44.55],[-67.52,44.56]]],[[[-67.49,44.56],[-67.52,44.56],[-67.51,44.55],[-67.49,44.56]]],[[[-67.51,44.59],[-67.53,44.56],[-67.49,44.58],[-67.51,44.59]]],[[[-67.27,44.61],[-67.32,44.61],[-67.31,44.6],[-67.27,44.61]]],[[[-66.37,44.23],[-66.22,44.4],[-66.38,44.26],[-66.37,44.23]]],[[[-66.87,44.62],[-66.74,44.69],[-66.78,44.8],[-66.92,44.61],[-66.87,44.62]]],[[[-66.93,44.83],[-66.91,44.95],[-66.98,44.87],[-66.93,44.83]]],[[[-66.99,44.93],[-66.95,45.03],[-67.02,44.97],[-66.99,44.93]]],[[[-64.25,45.93],[-64.35,45.97],[-64.44,45.88],[-64.39,45.98],[-64.52,45.93],[-64.57,46.03],[-64.6,45.9],[-64.5,45.81],[-64.56,45.72],[-64.34,45.86],[-64.29,45.79],[-64.92,45.42],[-64.95,45.32],[-64.72,45.31],[-64.56,45.4],[-63.41,45.35],[-64.13,45.21],[-64.21,45.13],[-64.14,45.02],[-64.39,45.13],[-64.33,45.28],[-64.43,45.32],[-64.46,45.24],[-64.83,45.15],[-65.65,44.77],[-65.75,44.67],[-65.46,44.76],[-65.69,44.61],[-65.79,44.69],[-65.95,44.61],[-66.2,44.37],[-65.94,44.58],[-65.63,44.62],[-65.37,44.8],[-64.97,44.85],[-64.66,45.01],[-64,44.94],[-63.59,45.15],[-63.74,45.05],[-63.59,45.05],[-63.57,44.9],[-63.33,45.02],[-63.26,44.89],[-62.92,45.12],[-62.94,45.17],[-63.31,45.06],[-62.86,45.27],[-63.11,45.26],[-63.09,45.41],[-64.48,45.45],[-64.82,45.39],[-64.57,45.6],[-64.26,45.73],[-64.2,45.79],[-64.26,45.81],[-64.14,45.88],[-64.28,45.85],[-64.25,45.93]]],[[[-66.69,48],[-66.44,48.13],[-66.65,48.16],[-67.37,47.9],[-67.41,47.76],[-67.53,47.79],[-67.57,47.68],[-67.96,47.51],[-68.09,47.68],[-68.07,47.77],[-68.15,47.79],[-68.27,47.65],[-68.41,47.75],[-68.6,47.73],[-69,47.51],[-69.04,47.24],[-68.9,47.18],[-68.61,47.25],[-68.63,47],[-68.7,46.92],[-68.59,46.85],[-68.68,46.74],[-68.61,46.61],[-68.69,46.48],[-68.98,46.37],[-69.05,46.24],[-68.8,46.15],[-68.63,45.87],[-68.7,45.79],[-68.97,45.81],[-69.06,45.66],[-68.98,45.59],[-69.01,45.47],[-69.49,45.33],[-69.61,45.15],[-69.79,45.04],[-69.88,45.09],[-69.98,44.92],[-70.05,44.92],[-70,44.79],[-70.26,44.54],[-70.32,44.08],[-70.12,43.92],[-70.18,43.76],[-69.95,43.87],[-70.03,43.73],[-69.87,43.91],[-69.85,43.7],[-69.72,43.78],[-69.7,43.89],[-69.6,43.81],[-69.54,43.92],[-69.51,43.83],[-69.38,44.09],[-69.31,43.95],[-69.16,44.07],[-69.28,43.95],[-69.21,43.93],[-69.04,44.09],[-69.11,44.11],[-68.95,44.32],[-68.99,44.42],[-68.81,44.47],[-68.8,44.56],[-68.83,44.31],[-68.52,44.23],[-68.57,44.4],[-68.46,44.39],[-68.5,44.49],[-68.42,44.5],[-68.43,44.4],[-68.27,44.46],[-68.32,44.54],[-68.23,44.47],[-68.3,44.56],[-68.24,44.59],[-68.06,44.33],[-67.96,44.4],[-68.04,44.48],[-67.97,44.51],[-67.94,44.41],[-67.9,44.49],[-67.9,44.39],[-67.81,44.62],[-67.79,44.52],[-67.74,44.62],[-67.71,44.5],[-67.66,44.57],[-67.57,44.53],[-67.57,44.66],[-67.46,44.6],[-67.43,44.67],[-67.41,44.59],[-67.4,44.72],[-67.3,44.71],[-67.29,44.62],[-67.19,44.64],[-66.95,44.82],[-67.06,44.91],[-67.02,44.85],[-67.07,44.82],[-67.1,44.89],[-67.17,44.79],[-67.23,44.93],[-66.98,44.91],[-67.19,45.23],[-67.09,45.08],[-67.03,45.16],[-66.89,45.04],[-66.51,45.14],[-66.46,45.06],[-66.04,45.27],[-65.9,45.19],[-64.87,45.63],[-64.78,45.6],[-64.57,45.82],[-64.7,45.99],[-65.22,45.89],[-65.14,45.98],[-65.35,46.04],[-65.79,45.7],[-66.15,45.7],[-66.59,45.42],[-66.64,45.51],[-66.76,45.46],[-66.62,45.62],[-66.91,45.61],[-66.82,45.93],[-66.96,46.07],[-66.8,46.21],[-66.9,46.26],[-66.64,46.28],[-66.65,46.39],[-66.54,46.38],[-66.35,46.66],[-66.06,46.87],[-66.19,46.9],[-65.87,46.96],[-65.95,47.1],[-65.85,47.07],[-65.88,47.2],[-65.7,47.46],[-65.69,47.64],[-65.74,47.83],[-65.85,47.9],[-66.38,48.06],[-66.69,48]]]]}},{"type":"Feature","properties":{"code":"8.1.9","name":"Maritime Lowlands"},"geometry":{"type":"MultiPolygon","coordinates":[[[[-62.6,45.8],[-62.51,45.82],[-62.58,45.82],[-62.6,45.8]]],[[[-63.72,46.57],[-63.84,46.63],[-63.8,46.6],[-63.72,46.57]]],[[[-62.28,46.35],[-61.98,46.46],[-62.63,46.46],[-62.61,46.4],[-63.01,46.38],[-63.23,46.4],[-63.37,46.5],[-63.58,46.46],[-63.49,46.51],[-63.68,46.56],[-63.72,46.44],[-63.84,46.46],[-63.84,46.51],[-63.92,46.5],[-63.84,46.61],[-64,46.74],[-64.09,46.71],[-63.98,46.88],[-64,47.06],[-64.42,46.7],[-64.39,46.62],[-64.09,46.62],[-64.14,46.41],[-63.79,46.39],[-63.74,46.35],[-63.82,46.32],[-63.64,46.22],[-63.23,46.13],[-63.14,46.19],[-63.22,46.2],[-63.17,46.22],[-63.22,46.28],[-63.15,46.23],[-63,46.3],[-63.13,46.21],[-62.89,46.14],[-63,46.07],[-62.83,45.96],[-62.47,46],[-62.55,46.03],[-62.46,46.09],[-62.54,46.13],[-62.52,46.2],[-62.28,46.35]]],[[[-64.74,47.7],[-64.68,47.71],[-64.82,47.8],[-65.06,47.77],[-64.97,47.82],[-65.02,47.83],[-65.56,47.65],[-65.71,47.69],[-65.7,47.46],[-65.88,47.2],[-65.85,47.07],[-65.95,47.1],[-65.87,46.96],[-66.19,46.9],[-66.06,46.87],[-66.35,46.66],[-66.54,46.38],[-66.65,46.39],[-66.64,46.28],[-66.9,46.26],[-66.8,46.21],[-66.96,46.07],[-66.82,45.93],[-66.91,45.61],[-66.62,45.62],[-66.76,45.46],[-66.64,45.51],[-66.59,45.42],[-66.15,45.7],[-65.79,45.7],[-65.35,46.04],[-65.14,45.98],[-65.22,45.89],[-64.7,46],[-64.6,45.9],[-64.56,46.04],[-64.52,45.93],[-64.39,45.98],[-64.44,45.88],[-64.34,45.97],[-64.25,45.95],[-64.28,45.85],[-64.15,45.88],[-64.26,45.81],[-64.2,45.79],[-64.26,45.73],[-63.95,45.78],[-63.91,45.74],[-64.01,45.67],[-63.04,45.61],[-62.88,45.68],[-62.86,45.55],[-62.8,45.61],[-62.74,45.54],[-62.27,45.61],[-62.11,45.78],[-62.49,45.6],[-62.66,45.73],[-63,45.79],[-63.3,45.72],[-63.38,45.76],[-63.23,45.8],[-63.72,45.86],[-64.1,46.02],[-63.8,46.13],[-64.56,46.22],[-64.52,46.32],[-64.62,46.33],[-64.72,46.48],[-64.72,46.69],[-64.83,46.69],[-65,46.84],[-64.81,46.97],[-64.81,47.07],[-65.36,47.08],[-64.98,47.28],[-64.74,47.7]]],[[[-64.47,47.95],[-64.55,48],[-64.6,47.91],[-64.5,47.94],[-64.52,47.88],[-64.68,47.86],[-64.71,47.81],[-64.62,47.79],[-64.7,47.76],[-64.56,47.79],[-64.47,47.95]]],[[[-64.96,48.14],[-65.58,48.23],[-65.75,48.18],[-65.97,48.3],[-65.95,48.22],[-66.04,48.18],[-65.47,48],[-64.96,48.14]]],[[[-61.39,47.62],[-61.55,47.63],[-61.94,47.41],[-62.02,47.23],[-61.83,47.23],[-61.79,47.27],[-61.99,47.27],[-61.95,47.35],[-61.78,47.4],[-61.56,47.62],[-61.49,47.62],[-61.53,47.55],[-61.39,47.62]]],[[[-61.47,47.8],[-61.43,47.8],[-61.52,47.79],[-61.47,47.8]]]]}},{"type":"Feature","properties":{"code":"8.1.10","name":"Erie Drift Plain"},"geometry":{"type":"Polygon","coordinates":[[[-78.95,42.42],[-79.01,42.52],[-79.24,42.48],[-80.37,41.96],[-81.5,41.59],[-81.63,41.41],[-81.8,41.45],[-82.34,41.21],[-82.74,40.68],[-82.84,40.41],[-82.6,39.99],[-82.37,39.92],[-82.38,39.8],[-82.51,39.68],[-82.33,39.67],[-82.17,39.85],[-82.19,39.96],[-82.38,40],[-82.26,40.09],[-82.42,40.12],[-82.14,40.31],[-82.24,40.39],[-82.31,40.61],[-81.9,40.53],[-81.24,40.79],[-80.92,40.73],[-80.41,40.81],[-79.98,41.12],[-79.99,41.36],[-79.83,41.37],[-80,41.45],[-79.9,41.43],[-79.85,41.57],[-79.77,41.51],[-79.69,41.56],[-79.51,41.89],[-79.15,41.91],[-79.05,42.1],[-78.92,42.13],[-79.02,42.23],[-78.95,42.42]]]}},{"type":"Feature","properties":{"code":"8.2.1","name":"Southeastern Wisconsin Till Plains"},"geometry":{"type":"Polygon","coordinates":[[[-87.49,44.58],[-87.7,44.75],[-87.94,44.53],[-88.1,44.56],[-88.66,44.24],[-88.85,44.27],[-89.17,43.98],[-89.09,43.75],[-89.49,43.65],[-89.62,43.51],[-89.5,43.48],[-89.69,43.41],[-89.54,43.32],[-89.6,43.07],[-89.54,42.82],[-89.64,42.63],[-89.95,42.43],[-89.66,42.41],[-89.47,42.28],[-89.02,42.44],[-89.06,42.18],[-88.56,42.49],[-88.32,42.07],[-87.99,42.19],[-87.86,42.36],[-88.06,42.7],[-87.98,42.81],[-87.81,42.82],[-87.91,43.25],[-87.7,43.69],[-87.72,43.94],[-87.51,44.2],[-87.49,44.58]]]}},{"type":"Feature","properties":{"code":"8.2.2","name":"Huron/Erie Lake Plains"},"geometry":{"type":"MultiPolygon","coordinates":[[[[-82.67,41.46],[-82.67,41.46],[-82.67,41.46],[-82.67,41.46]]],[[[-82.85,41.68],[-82.85,41.68],[-82.84,41.68],[-82.85,41.68]]],[[[-82.78,41.7],[-82.83,41.68],[-82.81,41.67],[-82.78,41.7]]],[[[-82.82,41.72],[-82.84,41.71],[-82.81,41.71],[-82.82,41.72]]],[[[-82.96,42.35],[-82.97,42.35],[-83,42.33],[-82.96,42.35]]],[[[-82.64,42.56],[-82.68,42.54],[-82.67,42.54],[-82.64,42.56]]],[[[-82.64,42.59],[-82.66,42.59],[-82.67,42.57],[-82.64,42.59]]],[[[-82.63,42.63],[-82.67,42.6],[-82.59,42.62],[-82.63,42.63]]],[[[-82.53,42.62],[-82.53,42.61],[-82.53,42.61],[-82.53,42.62]]],[[[-82.52,42.61],[-82.67,42.57],[-82.59,42.55],[-82.52,42.61]]],[[[-82.92,44.07],[-83.4,43.92],[-83.33,43.88],[-83.68,43.58],[-83.95,43.75],[-83.84,43.99],[-84.22,43.8],[-84.44,43.89],[-84.69,43.83],[-84.67,43.71],[-84.78,43.62],[-84.38,43.37],[-84.56,43.15],[-83.99,43.14],[-83.79,43.05],[-83.63,43.24],[-83.2,43.42],[-83.2,43.23],[-83.03,43.16],[-83.09,43.04],[-83.02,42.78],[-83.21,42.55],[-83.49,42.44],[-83.66,42.15],[-83.83,42.11],[-84,41.82],[-84.99,41.14],[-84.95,41.01],[-84.23,40.8],[-83.78,40.98],[-83.68,41.05],[-83.83,41.08],[-83.62,41.15],[-82.96,41.06],[-82.56,41.4],[-82.83,41.48],[-83.01,41.43],[-82.71,41.54],[-82.84,41.59],[-82.97,41.52],[-83.48,41.73],[-83.19,42.03],[-83.12,42.28],[-82.89,42.4],[-82.87,42.52],[-82.77,42.59],[-82.81,42.64],[-82.69,42.69],[-82.52,42.63],[-82.42,42.97],[-82.63,43.83],[-82.75,44],[-82.92,44.07]]],[[[-83.15,42.09],[-83.15,42.09],[-83.16,42.09],[-83.15,42.09]]],[[[-83.15,42.09],[-83.16,42.09],[-83.15,42.09],[-83.15,42.09]]],[[[-83.14,42.2],[-83.17,42.09],[-83.14,42.13],[-83.14,42.2]]],[[[-83.44,41.77],[-83.44,41.77],[-83.44,41.77],[-83.44,41.77]]],[[[-83.44,41.78],[-83.45,41.78],[-83.44,41.78],[-83.44,41.78]]],[[[-82.68,41.61],[-82.74,41.6],[-82.7,41.58],[-82.68,41.61]]],[[[-82.8,41.67],[-82.84,41.66],[-82.84,41.63],[-82.8,41.67]]],[[[-82.68,41.48],[-82.69,41.49],[-82.62,41.43],[-82.68,41.48]]],[[[-82.82,41.69],[-82.83,41.69],[-82.83,41.69],[-82.82,41.69]]]]}},{"type":"Feature","properties":{"code":"8.2.3","name":"Central Corn Belt Plains"},"geometry":{"type":"Polygon","coordinates":[[[-87.76,42.79],[-87.96,42.81],[-88.06,42.71],[-87.85,42.33],[-88.17,42.07],[-88.33,42.08],[-88.56,42.49],[-89.06,42.18],[-89.03,42.44],[-89.47,42.28],[-89.67,42.42],[-90.02,42.4],[-89.92,42.29],[-90.1,42.09],[-90.08,41.91],[-90.24,41.75],[-89.97,41.68],[-90.36,41.49],[-90.49,41.35],[-90.37,41.32],[-90.54,41.23],[-90.37,41.16],[-90.43,41.09],[-90.3,41.03],[-89.82,40.97],[-89.67,40.84],[-89.65,40.67],[-89.57,40.71],[-89.61,40.97],[-89.48,40.99],[-89.44,41.25],[-89.27,41.3],[-89.26,41.18],[-89.15,41.09],[-89.35,41.02],[-89.42,40.68],[-89.6,40.51],[-89.64,40.6],[-89.79,40.51],[-90.28,40.09],[-89.85,40.15],[-89.99,40.09],[-89.94,39.95],[-90.15,39.93],[-90.07,39.86],[-90.18,39.77],[-90.22,39.62],[-90.01,39.63],[-89.8,39.4],[-89.68,39.42],[-89.71,39.18],[-89.11,39.38],[-88.22,39.33],[-87.84,39.5],[-87.48,39.48],[-87.43,39.81],[-87.78,40.06],[-87.79,40.23],[-87.66,40.26],[-87.46,40.16],[-87.33,40.31],[-87.36,40.45],[-87.25,40.45],[-87.27,40.36],[-86.93,40.48],[-86.94,40.67],[-86.77,40.75],[-86.82,40.85],[-86.63,41.2],[-86.41,41.29],[-86.43,41.46],[-86.28,41.67],[-86.4,41.63],[-86.41,41.74],[-86.63,41.45],[-86.68,41.49],[-87,41.29],[-86.94,41.51],[-87.08,41.28],[-87.03,41.36],[-87.1,41.47],[-87.02,41.48],[-87,41.6],[-87.32,41.61],[-87.53,41.71],[-87.83,42.29],[-87.76,42.79]]]}},{"type":"Feature","properties":{"code":"8.2.4","name":"Eastern Corn Belt Plains"},"geometry":{"type":"Polygon","coordinates":[[[-83.49,42.43],[-83.79,42.46],[-83.97,42.38],[-84.04,42.31],[-84,42.21],[-84.12,42.17],[-84.11,42.01],[-84.24,41.94],[-84.41,42.01],[-84.5,41.85],[-84.86,41.81],[-84.96,41.73],[-84.93,41.59],[-85.15,41.43],[-85.44,41.4],[-85.34,41.34],[-85.46,41.29],[-85.43,41.24],[-85.63,41.29],[-85.61,41.17],[-85.7,41.15],[-85.63,41.07],[-85.99,40.86],[-86.86,40.73],[-86.94,40.67],[-86.94,40.48],[-87.27,40.36],[-87.25,40.45],[-87.36,40.45],[-87.33,40.31],[-87.48,40.2],[-87.38,40.11],[-87.31,39.72],[-87.01,39.79],[-86.88,39.7],[-86.85,39.6],[-86.77,39.63],[-86.78,39.51],[-86.68,39.43],[-86.41,39.58],[-86.35,39.42],[-86.08,39.33],[-86.03,39.01],[-86.22,38.78],[-86,38.75],[-85.79,38.6],[-85.82,38.48],[-85.95,38.47],[-85.82,38.43],[-85.84,38.28],[-85.68,38.3],[-85.62,38.44],[-85.43,38.54],[-85.47,38.7],[-85.44,38.77],[-85.31,38.75],[-85.37,38.87],[-85.29,38.84],[-85.31,38.93],[-85.22,38.94],[-85.16,38.78],[-85.16,38.86],[-85.06,38.79],[-84.9,38.84],[-84.97,38.95],[-85.17,38.91],[-85.23,39.01],[-85.22,39.07],[-85.09,38.96],[-84.97,39.02],[-85.13,39.08],[-85.01,39.05],[-85.11,39.14],[-84.94,39.13],[-85.05,39.24],[-84.84,39.2],[-85.07,39.41],[-85.1,39.33],[-85.17,39.43],[-85.23,39.37],[-85.24,39.58],[-84.9,39.41],[-84.88,39.32],[-84.58,39.3],[-84.54,39.14],[-84.24,39.02],[-84.16,38.81],[-84.02,38.79],[-83.92,38.88],[-83.94,38.81],[-83.84,38.83],[-83.88,38.78],[-83.81,38.76],[-83.49,38.84],[-83.46,39],[-83.63,39.11],[-83.32,39.16],[-83.27,39.23],[-83.33,39.29],[-83.25,39.34],[-83.1,39.31],[-82.78,39.43],[-82.69,39.68],[-82.51,39.68],[-82.38,39.8],[-82.37,39.93],[-82.6,39.99],[-82.84,40.41],[-82.5,41.05],[-82.13,41.31],[-82.16,41.36],[-82.39,41.35],[-82.66,41.2],[-82.8,41.23],[-82.99,41.05],[-83.46,41.17],[-83.79,41.11],[-83.83,41.06],[-83.68,41.05],[-84.23,40.8],[-84.63,40.87],[-84.99,41.05],[-84.99,41.14],[-84.49,41.54],[-84,41.82],[-83.99,41.93],[-83.82,42.12],[-83.66,42.15],[-83.49,42.43]]]}},{"type":"Feature","properties":{"code":"8.3.1","name":"Northern Piedmont"},"geometry":{"type":"MultiPolygon","coordinates":[[[[-74.08,40.65],[-74.19,40.64],[-74.25,40.5],[-74.1,40.56],[-74.08,40.65]]],[[[-74.04,40.7],[-74.04,40.7],[-74.04,40.7],[-74.04,40.7]]],[[[-73.97,41.25],[-74.59,40.71],[-74.68,40.76],[-75.39,40.53],[-75.65,40.32],[-75.78,40.4],[-75.95,40.3],[-76.55,40.28],[-77.06,40.14],[-77.12,40.01],[-77.37,39.88],[-77.35,39.68],[-77.58,39.13],[-77.51,39.43],[-77.57,39.5],[-77.73,39.18],[-77.72,39.3],[-77.84,39.08],[-78.25,38.68],[-78.32,38.37],[-78.36,38.44],[-78.63,38.23],[-78.61,38.13],[-78.68,38.21],[-78.69,38.11],[-78.85,38.02],[-78.93,37.87],[-78.77,37.79],[-78.91,37.63],[-78.64,37.89],[-77.56,38.56],[-77.35,39],[-77.18,38.81],[-76.59,39.38],[-75.48,39.79],[-74.22,40.56],[-74.09,40.74],[-74.15,40.65],[-74.07,40.66],[-73.89,41],[-73.97,41.25]],[[-78.81,37.88],[-78.68,38],[-78.76,37.83],[-78.81,37.88]]]]}},{"type":"Feature","properties":{"code":"8.3.2","name":"Interior River Valleys and Hills"},"geometry":{"type":"Polygon","coordinates":[[[-87.46,40.16],[-87.7,40.26],[-87.81,40.16],[-87.78,40.06],[-87.43,39.81],[-87.48,39.48],[-87.84,39.5],[-88.22,39.33],[-89.11,39.38],[-89.71,39.18],[-89.68,39.42],[-89.8,39.4],[-90.01,39.63],[-90.22,39.62],[-90.18,39.77],[-90.07,39.86],[-90.15,39.93],[-89.94,39.95],[-89.99,40.09],[-89.85,40.15],[-90.28,40.09],[-89.79,40.51],[-89.64,40.6],[-89.6,40.51],[-89.42,40.68],[-89.35,41.02],[-89.15,41.09],[-89.26,41.18],[-89.27,41.3],[-89.44,41.25],[-89.48,40.99],[-89.61,40.97],[-89.57,40.71],[-89.65,40.67],[-89.67,40.84],[-89.83,40.97],[-90.43,41.09],[-90.37,41.16],[-90.54,41.23],[-90.36,41.32],[-90.49,41.36],[-89.97,41.68],[-90.23,41.74],[-90.07,41.92],[-90.09,42.07],[-90.17,42.09],[-90.19,41.81],[-90.31,41.75],[-90.34,41.59],[-90.67,41.46],[-91.14,41.41],[-91.14,41.23],[-91.22,41.35],[-91.08,41.59],[-91.36,41.46],[-91.46,41.64],[-91.54,41.62],[-91.51,41.56],[-91.59,41.6],[-91.53,41.5],[-91.59,41.47],[-91.03,40.99],[-91.1,40.76],[-91.46,40.59],[-91.38,40.4],[-91.61,40.5],[-91.5,40.04],[-91.52,39.95],[-91.63,39.97],[-91.53,39.92],[-91.66,39.83],[-91.99,39.93],[-91.92,39.87],[-91.98,39.82],[-91.75,39.79],[-91.86,39.69],[-91.43,39.72],[-91.5,39.74],[-91.47,39.66],[-91.62,39.66],[-91.66,39.57],[-91.8,39.62],[-91.79,39.54],[-91.95,39.66],[-92.01,39.59],[-91.9,39.51],[-91.98,39.5],[-91.98,39.42],[-91.85,39.39],[-91.91,39.33],[-91.77,39.28],[-91.79,39.45],[-91.71,39.46],[-91.68,39.37],[-91.61,39.51],[-91.39,39.58],[-91.57,39.41],[-91.45,39.45],[-91.39,39.36],[-91.36,39.44],[-91.1,39.31],[-91.08,39.26],[-91.19,39.29],[-91.2,39.23],[-91.41,39.27],[-91.13,39.05],[-91.4,39.18],[-91.52,39.11],[-91.28,39.04],[-91.32,38.97],[-91.24,39],[-91.24,38.89],[-91.19,38.97],[-90.93,38.98],[-90.93,38.9],[-91.1,38.96],[-91.2,38.86],[-90.93,38.82],[-90.99,38.81],[-90.89,38.75],[-90.93,38.67],[-91.05,38.79],[-91.52,38.89],[-91.6,38.99],[-91.57,39.07],[-91.72,39.1],[-91.77,38.96],[-91.65,38.91],[-91.74,38.88],[-91.95,39],[-91.9,38.95],[-91.99,38.93],[-91.98,38.82],[-92.16,38.88],[-92.26,38.76],[-92.26,38.96],[-92.46,39.08],[-92.45,39.28],[-92.57,39.31],[-92.96,39.12],[-93.01,38.99],[-93.24,39.03],[-93.27,38.93],[-93.16,38.94],[-93.25,38.88],[-93.09,38.88],[-93.29,38.75],[-93.15,38.77],[-93.02,38.69],[-92.95,38.87],[-92.86,38.8],[-92.84,38.87],[-92.8,38.8],[-92.73,38.89],[-92.67,38.81],[-92.57,38.84],[-92.55,38.78],[-92.8,38.73],[-92.63,38.68],[-92.72,38.6],[-92.51,38.53],[-92.61,38.44],[-92.54,38.4],[-91.57,38.64],[-91.02,38.45],[-90.46,38.63],[-90.29,38.46],[-90.38,38.16],[-89.98,37.8],[-89.92,37.71],[-89.98,37.63],[-89.85,37.53],[-89.76,37.29],[-89.49,37.25],[-89.69,37.15],[-89.63,37.05],[-89.33,37.19],[-89.25,37.11],[-89.11,37.13],[-89.18,37.03],[-89.1,36.95],[-88.94,37.2],[-88.66,37.1],[-88.56,36.93],[-88.46,36.93],[-88.55,37.04],[-88.27,37.02],[-88.45,37.05],[-88.4,37.16],[-88.49,37.29],[-88.46,37.38],[-88.05,37.5],[-88.01,37.24],[-87.62,37.05],[-87.24,37.07],[-87.23,36.96],[-87.03,36.96],[-86.71,37.15],[-86.28,37.13],[-85.79,37.34],[-86.1,37.31],[-86.09,37.43],[-86.47,37.47],[-86.59,37.68],[-86.54,37.75],[-86.67,37.91],[-86.77,37.92],[-86.96,38.53],[-86.82,39.02],[-86.92,39.05],[-86.92,39.39],[-87,39.4],[-86.95,39.52],[-87.06,39.65],[-86.88,39.7],[-87.02,39.79],[-87.31,39.72],[-87.38,40.11],[-87.46,40.16]],[[-88.11,37.77],[-88.24,37.66],[-88.2,37.74],[-88.11,37.77]],[[-88.29,37.69],[-88.09,37.49],[-88.44,37.42],[-88.51,37.3],[-88.66,37.36],[-88.79,37.28],[-88.89,37.37],[-89.26,37.28],[-89.4,37.62],[-89.35,37.7],[-88.73,37.6],[-88.29,37.69]],[[-88.62,37.33],[-88.5,37.25],[-88.46,37.15],[-88.62,37.33]]]}},{"type":"Feature","properties":{"code":"8.3.3","name":"Interior Plateau"},"geometry":{"type":"MultiPolygon","coordinates":[[[[-88.49,37.23],[-88.65,37.32],[-88.46,37.15],[-88.49,37.23]]],[[[-88.29,37.69],[-88.73,37.6],[-89.35,37.7],[-89.4,37.62],[-89.26,37.28],[-88.89,37.37],[-88.79,37.28],[-88.66,37.36],[-88.51,37.3],[-88.44,37.42],[-88.09,37.49],[-88.29,37.69]]],[[[-88.11,37.77],[-88.2,37.74],[-88.24,37.66],[-88.11,37.77]]],[[[-85.21,39.57],[-85.29,39.56],[-85.2,39.46],[-85.24,39.37],[-85.17,39.43],[-85.1,39.33],[-85.07,39.41],[-84.84,39.2],[-85.05,39.24],[-84.94,39.13],[-85.11,39.14],[-85.01,39.05],[-85.13,39.08],[-84.97,39.02],[-85.09,38.96],[-85.22,39.07],[-85.23,39.01],[-85.17,38.91],[-84.97,38.95],[-84.9,38.84],[-85.06,38.79],[-85.16,38.86],[-85.16,38.78],[-85.22,38.94],[-85.31,38.93],[-85.29,38.84],[-85.37,38.87],[-85.31,38.75],[-85.44,38.77],[-85.47,38.7],[-85.42,38.55],[-85.75,38.27],[-85.84,38.28],[-85.82,38.43],[-85.95,38.47],[-85.82,38.48],[-85.79,38.6],[-86,38.75],[-86.22,38.78],[-86.03,39.01],[-86.08,39.33],[-86.35,39.42],[-86.41,39.58],[-86.67,39.43],[-86.78,39.51],[-86.78,39.64],[-86.85,39.6],[-86.88,39.7],[-87.06,39.67],[-86.95,39.52],[-87,39.4],[-86.92,39.39],[-86.89,39.3],[-86.94,39.1],[-86.82,39.02],[-86.96,38.53],[-86.8,37.96],[-86.54,37.75],[-86.59,37.68],[-86.47,37.47],[-86.09,37.43],[-86.1,37.31],[-85.78,37.35],[-86.3,37.13],[-86.71,37.15],[-87.05,36.96],[-87.25,36.97],[-87.25,37.07],[-87.6,37.05],[-87.86,37.15],[-87.87,37.23],[-88.01,37.25],[-88.05,37.5],[-88.46,37.37],[-88.49,37.29],[-88.4,37.16],[-88.45,37.05],[-88.27,37.04],[-88.37,36.97],[-88.26,36.85],[-88.24,36.68],[-88.15,36.69],[-88.24,36.5],[-88.06,36.27],[-88.01,36.07],[-88.08,36.01],[-88.05,35.85],[-88.13,35.73],[-88.1,35.29],[-87.89,35.1],[-87.69,35.24],[-87.72,35.12],[-87.66,35.01],[-87.83,34.97],[-88.03,34.76],[-87.72,34.57],[-87.81,34.48],[-87.77,34.43],[-87.34,34.46],[-87,34.32],[-86.85,34.36],[-86.84,34.43],[-86.66,34.38],[-86.64,34.53],[-86.33,34.51],[-86.23,34.61],[-86.31,34.7],[-86.22,34.75],[-86.24,34.82],[-86.39,34.71],[-86.4,34.97],[-86.2,35.04],[-86.19,35.12],[-85.99,35.13],[-86,35.25],[-85.83,35.26],[-85.83,35.38],[-85.9,35.33],[-85.95,35.43],[-85.8,35.5],[-85.8,35.61],[-85.74,35.65],[-85.76,35.51],[-85.72,35.57],[-85.65,35.49],[-85.7,35.69],[-85.61,35.73],[-85.57,35.66],[-85.57,35.79],[-85.38,35.82],[-85.4,35.89],[-85.46,35.83],[-85.45,35.94],[-85.32,36.02],[-85.45,36.03],[-85.39,36.11],[-85.45,36.11],[-85.43,36.2],[-85.22,36.39],[-85.18,36.31],[-85.14,36.43],[-85,36.38],[-84.99,36.48],[-85.06,36.44],[-85.08,36.52],[-84.92,36.52],[-84.99,36.61],[-85.05,36.56],[-85.04,36.7],[-85.16,36.73],[-85.07,36.79],[-84.94,36.71],[-84.94,36.78],[-84.79,36.8],[-84.82,36.94],[-84.59,36.94],[-84.56,37.16],[-84.45,37.17],[-84.33,37.42],[-84.22,37.5],[-84.23,37.61],[-83.96,37.68],[-83.99,37.8],[-83.81,37.85],[-83.95,37.92],[-83.78,37.94],[-83.68,38.12],[-83.54,38.11],[-83.65,38.19],[-83.65,38.4],[-83.39,38.76],[-83.4,38.9],[-83.33,38.96],[-83.39,39.1],[-83.64,39.1],[-83.46,39],[-83.51,38.82],[-83.81,38.76],[-83.88,38.78],[-83.84,38.83],[-83.94,38.81],[-83.92,38.88],[-84.02,38.79],[-84.15,38.8],[-84.24,39.02],[-84.54,39.14],[-84.58,39.3],[-84.88,39.32],[-84.9,39.41],[-85.21,39.57]],[[-86.6,34.83],[-86.42,34.71],[-86.52,34.71],[-86.51,34.53],[-86.56,34.8],[-86.66,34.79],[-86.6,34.83]],[[-86.37,34.69],[-86.33,34.61],[-86.43,34.56],[-86.37,34.69]]]]}},{"type":"Feature","properties":{"code":"8.3.4","name":"Piedmont"},"geometry":{"type":"Polygon","coordinates":[[[-77.19,38.81],[-77.35,39],[-77.56,38.56],[-78.64,37.89],[-78.81,37.69],[-78.91,37.63],[-78.77,37.79],[-78.93,37.73],[-78.94,37.82],[-79.01,37.82],[-79.43,37.52],[-79.25,37.48],[-79.31,37.42],[-79.4,37.39],[-79.46,37.47],[-79.64,37.42],[-79.85,37.28],[-79.81,37.2],[-80.06,37.11],[-80.07,36.93],[-80.31,36.75],[-80.11,36.75],[-80.28,36.61],[-80.47,36.57],[-80.63,36.65],[-80.83,36.5],[-80.88,36.55],[-80.89,36.41],[-81.07,36.38],[-81.07,36.32],[-81.13,36.37],[-81.12,36.28],[-81.32,36.2],[-81.45,36.06],[-81.32,36.1],[-81.33,36.02],[-80.95,36.15],[-80.91,36.12],[-81.01,36.04],[-80.96,35.98],[-81.23,36],[-81.45,35.87],[-81.51,35.9],[-81.47,35.96],[-81.68,35.94],[-81.91,35.81],[-82,35.69],[-81.89,35.57],[-81.61,35.73],[-81.49,35.71],[-81.58,35.56],[-81.77,35.52],[-81.74,35.41],[-81.97,35.53],[-82.07,35.48],[-82.08,35.55],[-82.28,35.33],[-82.18,35.3],[-82.26,35.14],[-82.67,35.05],[-82.82,34.92],[-83.02,34.95],[-83.14,34.77],[-83.34,34.65],[-83.39,34.73],[-83.57,34.71],[-83.58,34.79],[-83.82,34.64],[-84.1,34.63],[-84.26,34.51],[-84.25,34.32],[-84.96,34.06],[-85.02,33.96],[-85.44,33.93],[-85.66,33.78],[-85.66,33.64],[-86.2,33.28],[-86.25,33.15],[-86.45,33.04],[-86.64,33.18],[-86.85,32.97],[-86.68,32.97],[-86.5,32.75],[-86.27,32.62],[-86,32.64],[-85.89,32.54],[-85.82,32.6],[-85.49,32.62],[-85.47,32.53],[-85,32.5],[-84.35,32.68],[-84.09,32.66],[-84,32.78],[-83.75,32.79],[-83.51,32.96],[-83.16,33.03],[-83.13,33.2],[-83.11,33.06],[-83.05,33.08],[-83.11,33.28],[-82.99,33.11],[-82.91,33.25],[-82.73,33.24],[-82.7,33.34],[-82.6,33.24],[-82.63,33.36],[-82.46,33.37],[-82.44,33.56],[-82.37,33.42],[-82.14,33.53],[-82.01,33.49],[-81.87,33.73],[-81.89,33.81],[-81.09,34.02],[-80.95,34.12],[-81,34.22],[-80.75,34.22],[-80.87,34.28],[-80.65,34.31],[-80.59,34.57],[-80.52,34.55],[-80.57,34.64],[-80.42,34.64],[-80.45,34.75],[-80.08,34.73],[-80.13,34.84],[-80.01,34.88],[-79.94,34.82],[-79.96,34.97],[-79.77,35.02],[-79.82,35.07],[-79.75,35.11],[-79.78,35.31],[-79.6,35.36],[-79.6,35.28],[-79.53,35.29],[-79.21,35.41],[-78.98,35.35],[-79.08,35.45],[-79.23,35.43],[-79.06,35.5],[-78.82,35.42],[-78.77,35.52],[-78.83,35.44],[-78.83,35.55],[-78.87,35.48],[-78.94,35.52],[-78.84,35.65],[-78.67,35.59],[-78.66,35.66],[-78.44,35.55],[-78.45,35.65],[-78.33,35.59],[-78.32,35.7],[-78.15,35.66],[-78.09,35.73],[-78.14,35.85],[-78.06,35.88],[-78.13,35.95],[-77.96,36.16],[-77.81,36.22],[-77.78,36.44],[-77.65,36.48],[-77.7,36.52],[-77.6,36.69],[-77.5,37.35],[-77.57,38.27],[-77.08,38.89],[-77.19,38.81]],[[-79.18,37.63],[-79.09,37.6],[-79.23,37.53],[-79.18,37.63]],[[-80.32,36.4],[-80.19,36.39],[-80.39,36.35],[-80.32,36.4]],[[-80.47,36.35],[-80.46,36.33],[-80.49,36.33],[-80.47,36.35]],[[-81.28,35.91],[-81.23,35.86],[-81.27,35.86],[-81.28,35.91]]]}},{"type":"Feature","properties":{"code":"8.3.5","name":"Southeastern Plains"},"geometry":{"type":"MultiPolygon","coordinates":[[[[-76.99,37.24],[-77,37.24],[-76.99,37.24],[-76.99,37.24]]],[[[-76.76,37.22],[-76.78,37.21],[-76.74,37.2],[-76.76,37.22]]],[[[-76.49,37.41],[-76.49,37.41],[-76.49,37.41],[-76.49,37.41]]],[[[-76.41,37.65],[-76.44,37.65],[-76.43,37.64],[-76.41,37.65]]],[[[-76.41,37.65],[-76.41,37.65],[-76.41,37.65],[-76.41,37.65]]],[[[-76.86,38.31],[-76.86,38.31],[-76.86,38.31],[-76.86,38.31]]],[[[-76.56,38.38],[-76.56,38.38],[-76.56,38.39],[-76.56,38.38]]],[[[-76.5,38.9],[-76.49,38.91],[-76.51,38.9],[-76.5,38.9]]],[[[-76.4,39.03],[-76.4,39.03],[-76.41,39.03],[-76.4,39.03]]],[[[-76.09,39.54],[-76.09,39.54],[-76.09,39.54],[-76.09,39.54]]],[[[-75.77,39.62],[-75.71,39.69],[-76.02,39.64],[-76.39,39.41],[-76.59,39.38],[-76.92,39.1],[-77.54,38.33],[-77.5,37.35],[-77.6,36.69],[-77.7,36.52],[-77.65,36.48],[-77.78,36.44],[-77.81,36.22],[-77.96,36.16],[-78.13,35.95],[-78.06,35.88],[-78.14,35.84],[-78.11,35.69],[-78.32,35.7],[-78.33,35.59],[-78.45,35.65],[-78.44,35.55],[-78.66,35.66],[-78.67,35.59],[-78.84,35.65],[-78.94,35.52],[-78.87,35.48],[-78.83,35.55],[-78.83,35.44],[-78.77,35.52],[-78.82,35.42],[-79.06,35.5],[-79.23,35.43],[-79.08,35.45],[-78.98,35.35],[-79.21,35.41],[-79.53,35.29],[-79.6,35.28],[-79.6,35.36],[-79.78,35.31],[-79.75,35.11],[-79.82,35.07],[-79.77,35.02],[-79.96,34.97],[-79.94,34.82],[-80.01,34.88],[-80.13,34.84],[-80.08,34.73],[-80.45,34.75],[-80.42,34.64],[-80.57,34.64],[-80.52,34.55],[-80.59,34.57],[-80.65,34.31],[-80.87,34.28],[-80.75,34.22],[-81,34.22],[-80.95,34.12],[-81.09,34.02],[-81.89,33.81],[-81.87,33.73],[-82.01,33.49],[-82.14,33.53],[-82.37,33.42],[-82.44,33.56],[-82.46,33.37],[-82.63,33.36],[-82.6,33.24],[-82.7,33.34],[-82.73,33.24],[-82.91,33.25],[-82.99,33.11],[-83.11,33.28],[-83.05,33.08],[-83.11,33.06],[-83.13,33.2],[-83.16,33.03],[-83.51,32.96],[-83.75,32.79],[-84,32.78],[-84.09,32.66],[-84.35,32.68],[-85,32.5],[-85.47,32.53],[-85.49,32.62],[-85.82,32.6],[-85.89,32.54],[-86,32.64],[-86.28,32.62],[-86.71,32.98],[-87.15,32.97],[-87.17,33.17],[-87.47,33.22],[-87.66,33.58],[-87.69,33.91],[-87.83,34.11],[-87.79,34.19],[-87.67,34.17],[-87.57,34.26],[-87.8,34.28],[-87.68,34.33],[-87.81,34.47],[-87.71,34.56],[-88.03,34.76],[-87.83,34.97],[-87.66,35.03],[-87.72,35.12],[-87.69,35.24],[-87.89,35.1],[-88.1,35.29],[-88.13,35.73],[-88.05,35.85],[-88.08,36.01],[-88.01,36.06],[-88.06,36.27],[-88.27,36.49],[-88.76,36.39],[-88.66,36.29],[-88.93,35.95],[-88.82,35.72],[-88.84,35.6],[-89.12,35.47],[-89.16,35.34],[-89.3,35.25],[-89.27,35.11],[-89.1,34.98],[-89.16,34.84],[-89.33,34.81],[-89.4,34.69],[-89.67,34.61],[-89.85,34.44],[-89.77,34.24],[-89.84,33.91],[-89.78,33.74],[-89.84,33.61],[-89.7,33.52],[-89.68,33.29],[-89.92,32.87],[-89.64,32.67],[-90.02,32.42],[-89.96,32.26],[-90.02,32.11],[-90.18,32],[-90.12,31.85],[-90.37,31.66],[-90.44,31.42],[-90.4,31.21],[-90.81,30.98],[-90.83,30.69],[-90.65,30.66],[-90.51,30.74],[-90.36,30.55],[-89.95,30.5],[-89.81,30.64],[-89.8,30.78],[-89.8,30.63],[-89.57,30.45],[-89.25,30.41],[-89.1,30.52],[-88.71,30.51],[-88.64,30.62],[-88.77,30.79],[-88.72,30.84],[-88.35,30.44],[-88.25,30.44],[-88.01,31.08],[-87.91,31.13],[-87.86,31.07],[-87.89,30.46],[-87.68,30.31],[-87.45,30.41],[-87.45,30.56],[-87.36,30.5],[-87.23,30.55],[-87.26,30.69],[-87.17,30.6],[-86.84,30.63],[-86.96,30.51],[-86.8,30.47],[-86.5,30.57],[-85.92,30.56],[-85.87,30.69],[-85.85,30.48],[-85.68,30.37],[-85.34,30.42],[-84.88,30.28],[-84.4,30.5],[-84.27,30.4],[-83.84,30.35],[-83.82,30.55],[-83.61,30.51],[-83.58,30.36],[-83.39,30.41],[-83.32,30.11],[-83.22,30.04],[-82.59,29.86],[-82.51,29.95],[-82.57,30.19],[-83.06,30.6],[-83.1,30.84],[-83.17,30.8],[-83.26,30.86],[-83.12,31.09],[-83.26,31.17],[-83.26,31.34],[-82.99,31.43],[-82.96,31.33],[-82.75,31.41],[-82.73,31.61],[-82.82,31.6],[-82.82,31.73],[-82.69,31.84],[-82.38,31.88],[-82.35,31.8],[-82.07,31.8],[-81.95,31.72],[-81.86,31.98],[-81.92,32.04],[-81.99,32.02],[-81.95,31.94],[-82.03,31.97],[-82.05,32.17],[-81.95,32.16],[-81.98,32.08],[-81.8,32.09],[-81.81,32.21],[-81.57,32.43],[-81.46,32.86],[-81.23,32.93],[-81.02,33.35],[-80.8,33.45],[-80.16,33.4],[-80.14,34.09],[-79.82,34.15],[-79.68,34.04],[-79.34,34.02],[-79.19,34.24],[-78.87,34.11],[-78.74,34.19],[-78.44,34.5],[-78.76,34.76],[-78.77,35.02],[-78.43,34.75],[-78.26,34.72],[-77.97,34.92],[-77.67,34.99],[-77.64,35.15],[-77.42,35.35],[-77.5,35.63],[-77.4,35.85],[-77.43,36.01],[-77.27,36.16],[-77.56,36.43],[-77.02,36.4],[-77.18,36.6],[-77.11,36.84],[-77.06,36.8],[-76.96,37.03],[-76.77,37.17],[-77.23,37.32],[-76.49,37.22],[-76.81,37.51],[-76.5,37.25],[-76.43,37.51],[-76.55,37.56],[-76.44,37.52],[-76.41,37.58],[-76.55,37.62],[-76.86,37.93],[-76.59,37.78],[-76.51,37.64],[-76.52,37.75],[-76.41,37.73],[-76.47,37.67],[-76.41,37.65],[-76.35,37.79],[-76.45,37.88],[-76.32,37.87],[-76.78,38.17],[-76.98,38.16],[-77.06,38.39],[-77.25,38.39],[-77.03,38.46],[-76.86,38.31],[-76.92,38.39],[-76.36,38.12],[-76.42,38.27],[-76.7,38.5],[-76.7,38.74],[-76.63,38.47],[-76.39,38.36],[-76.51,38.51],[-76.57,38.78],[-76.49,38.9],[-76.61,38.98],[-76.45,38.94],[-76.62,39.08],[-76.47,38.99],[-76.4,39.03],[-76.53,39.07],[-76.43,39.06],[-76.43,39.13],[-76.56,39.14],[-76.55,39.22],[-76.6,39.15],[-76.56,39.23],[-76.63,39.27],[-75.95,39.59],[-76,39.45],[-75.77,39.62]]]]}},{"type":"Feature","properties":{"code":"8.3.6","name":"Mississippi Valley Loess Plains"},"geometry":{"type":"MultiPolygon","coordinates":[[[[-90.61,34.5],[-90.72,34.77],[-90.72,34.61],[-90.61,34.5]]],[[[-89.83,37.09],[-90.2,36.95],[-90.2,36.87],[-90.09,36.9],[-90.04,36.79],[-90.11,36.52],[-90.61,36.2],[-90.84,35.84],[-90.68,35.71],[-90.82,35.08],[-90.71,34.88],[-90.67,35.82],[-90.43,36.17],[-90.05,36.49],[-90.04,36.68],[-89.82,36.91],[-89.83,37.09]]],[[[-88.92,37.19],[-88.98,37.2],[-89.09,37.01],[-89.1,36.6],[-89.31,36.47],[-89.43,36.26],[-89.37,36.18],[-89.49,36.11],[-89.43,35.97],[-89.89,35.61],[-89.83,35.6],[-90.08,35.3],[-90.04,35.19],[-90.22,34.62],[-90.03,34.32],[-90.08,34.08],[-90.01,33.76],[-90.2,33.1],[-90.58,32.62],[-90.78,32.52],[-90.96,32.11],[-91.42,31.54],[-91.45,31.38],[-91.35,31.34],[-91.54,31.11],[-91.57,30.94],[-91.3,30.69],[-91.18,30.41],[-91.01,30.32],[-90.95,30.16],[-90.8,30.2],[-90.84,30.31],[-90.54,30.35],[-90.52,30.42],[-90.7,30.57],[-90.68,30.67],[-90.83,30.69],[-90.82,30.96],[-90.41,31.2],[-90.44,31.42],[-90.36,31.69],[-90.14,31.83],[-90.18,32],[-89.97,32.23],[-90.02,32.42],[-89.64,32.67],[-89.92,32.87],[-89.68,33.29],[-89.7,33.52],[-89.84,33.61],[-89.78,33.74],[-89.84,33.91],[-89.77,34.24],[-89.85,34.44],[-89.67,34.61],[-89.4,34.69],[-89.33,34.81],[-89.16,34.84],[-89.1,34.98],[-89.27,35.11],[-89.3,35.25],[-89.16,35.34],[-89.12,35.47],[-88.84,35.6],[-88.82,35.72],[-88.93,35.95],[-88.66,36.29],[-88.78,36.37],[-88.42,36.49],[-88.22,36.45],[-88.23,36.61],[-88.15,36.69],[-88.24,36.68],[-88.34,37.03],[-88.55,37.04],[-88.45,36.94],[-88.55,36.93],[-88.66,37.1],[-88.92,37.19]]]]}},{"type":"Feature","properties":{"code":"8.3.7","name":"South Central Plains"},"geometry":{"type":"MultiPolygon","coordinates":[[[[-91.74,31.88],[-91.79,31.85],[-91.77,31.79],[-91.74,31.88]]],[[[-91.8,32.89],[-92.02,32.66],[-92.01,32.54],[-91.8,32.89]]],[[[-92.28,34.75],[-92.71,34.52],[-93.04,34.21],[-93.43,34.05],[-93.94,34.15],[-94.47,34.07],[-95.03,34.08],[-95.25,34.21],[-95.52,34.2],[-96.11,34.38],[-96.27,34.32],[-96.36,34.47],[-96.41,34.37],[-96.36,34.25],[-96.54,34.32],[-96.43,34.19],[-96.19,34.17],[-96.07,34.08],[-96.16,33.99],[-96.26,34.08],[-96.41,34.01],[-96.12,33.91],[-96.36,33.69],[-95.62,33.89],[-95.27,33.83],[-95.17,33.69],[-94.84,33.65],[-94.62,33.28],[-94.92,33.08],[-95.29,33.02],[-95.58,32.61],[-95.56,32.47],[-95.77,32.29],[-95.7,32.01],[-95.75,31.66],[-95.57,30.99],[-95.86,30.76],[-95.92,30.56],[-95.81,30.56],[-95.86,30.4],[-95.75,30.45],[-95.66,30.34],[-95.94,30.34],[-96,30.23],[-95.8,30.08],[-95.6,30.13],[-95.36,30.07],[-95.18,29.9],[-94.94,30.17],[-94.72,29.85],[-94.72,30.21],[-94.57,30],[-94.19,30.17],[-94.06,30.07],[-94.02,30.19],[-93.82,30.22],[-93.73,30.11],[-93.58,30.27],[-93.28,30.28],[-93.23,30.22],[-92.78,30.64],[-92.57,30.59],[-92.38,30.78],[-92.21,30.77],[-92.04,30.63],[-92.02,30.79],[-92.15,31.01],[-92.03,31.06],[-92.07,31.21],[-92.15,31.21],[-92.17,31.47],[-91.82,31.83],[-92.14,32.21],[-92.17,32.66],[-91.93,32.88],[-91.71,32.97],[-91.52,33.57],[-91.66,33.86],[-91.99,34.1],[-92.28,34.75]]]]}},{"type":"Feature","properties":{"code":"8.3.8","name":"East Central Texas Plains"},"geometry":{"type":"Polygon","coordinates":[[[-96.39,33.99],[-96.54,34],[-96.68,33.79],[-96.34,33.62],[-95.6,33.76],[-95.63,33.65],[-95.39,33.66],[-95.17,33.49],[-95.49,33.47],[-95.6,33.22],[-95.92,33.04],[-96.07,33.16],[-96.23,32.97],[-96.28,32.86],[-96.14,32.74],[-96.19,32.44],[-96.28,32.4],[-96.5,32.51],[-96.54,32.45],[-96.19,32.15],[-96.23,31.99],[-96.92,30.94],[-96.9,30.85],[-97.42,30.29],[-97.54,30.29],[-97.51,30.19],[-97.63,30.04],[-97.57,29.77],[-97.7,29.8],[-97.71,29.71],[-97.89,29.67],[-97.86,29.56],[-98.02,29.53],[-98.35,29.23],[-98.79,29.25],[-98.84,29.19],[-98.67,28.93],[-98.36,28.92],[-98.17,28.47],[-98.06,28.31],[-97.88,28.24],[-97.88,28.32],[-97.71,28.31],[-97.7,28.4],[-97.39,28.46],[-97.36,28.52],[-97.49,28.6],[-97.11,28.74],[-97.16,28.82],[-97.12,29.05],[-96.92,29.13],[-96.75,29.08],[-96.54,29.61],[-96.58,29.66],[-96.42,29.68],[-96.34,29.86],[-96.14,29.87],[-96.1,30.07],[-95.86,30.13],[-96.05,30.25],[-96.2,30.2],[-96.19,30.05],[-96.31,30.04],[-96.4,29.9],[-96.53,29.9],[-96.51,29.81],[-96.63,29.91],[-96.67,29.79],[-96.6,29.71],[-96.73,29.66],[-96.87,29.37],[-97.22,29.22],[-97.31,29.04],[-97.63,28.94],[-97.7,28.99],[-96.84,29.9],[-96.83,30.01],[-96.49,30.27],[-96.12,30.38],[-95.86,30.62],[-95.85,30.77],[-95.62,30.9],[-95.57,30.99],[-95.75,31.66],[-95.7,32.01],[-95.77,32.29],[-95.56,32.47],[-95.58,32.61],[-95.29,33.02],[-94.92,33.08],[-94.62,33.25],[-94.84,33.65],[-95.17,33.69],[-95.24,33.82],[-95.62,33.89],[-96.35,33.68],[-96.12,33.91],[-96.39,33.99]]]}},{"type":"Feature","properties":{"code":"8.4.1","name":"Ridge and Valley"},"geometry":{"type":"MultiPolygon","coordinates":[[[[-79.3,39.63],[-79.29,39.7],[-79.37,39.57],[-79.3,39.63]]],[[[-74.04,41.78],[-74.05,41.95],[-74.37,41.76],[-74.95,41.13],[-75.66,40.87],[-75.63,41.01],[-75.94,41.08],[-75.87,41.12],[-75.98,41.08],[-75.68,41.28],[-75.6,41.26],[-75.42,41.59],[-75.46,41.73],[-75.62,41.5],[-76.13,41.19],[-76.57,41.33],[-77.09,41.36],[-77.88,41.02],[-78.4,40.64],[-78.75,40.05],[-79.1,39.64],[-79.54,39.32],[-79.47,39.53],[-79.54,39.56],[-79.79,39.26],[-80.09,38.6],[-80.04,38.47],[-79.57,39.15],[-78.73,39.88],[-79.33,38.99],[-79.53,39.04],[-79.63,38.95],[-79.88,38.43],[-80.37,37.77],[-80.42,37.63],[-80.31,37.66],[-80.88,37.36],[-82.04,37.07],[-82.2,36.93],[-82.81,36.72],[-82.76,36.86],[-83.54,36.65],[-84.21,36.33],[-84.18,36.15],[-84.69,35.88],[-85.1,35.46],[-85.71,34.52],[-86.31,33.94],[-86.21,33.96],[-86.61,33.77],[-86.15,34.15],[-86.45,34],[-86.78,33.59],[-87.29,33.15],[-87.17,33.17],[-87.13,32.97],[-86.85,32.97],[-86.63,33.18],[-86.45,33.04],[-86.24,33.15],[-86.2,33.28],[-85.9,33.54],[-85.66,33.64],[-85.6,33.84],[-85.43,33.93],[-85.02,33.96],[-84.96,34.06],[-84.75,34.1],[-84.76,34.22],[-84.66,34.33],[-84.75,34.76],[-84.67,34.82],[-84.73,34.92],[-84.63,35.16],[-83.68,35.83],[-83.54,35.77],[-83.24,35.95],[-83.27,35.87],[-83.19,35.85],[-83.25,35.81],[-83.07,35.96],[-82.46,36.17],[-82.34,36.29],[-82.34,36.2],[-82.13,36.34],[-82.2,36.41],[-81.49,36.83],[-81.3,36.85],[-81.45,36.76],[-80.91,36.83],[-80.69,37],[-80.25,37.1],[-80.1,37.26],[-80.01,37.2],[-79.84,37.23],[-79.87,37.31],[-79.65,37.46],[-79.91,37.32],[-79.87,37.41],[-79.44,37.63],[-79.14,37.97],[-78.96,37.96],[-78.76,38.28],[-78.57,38.39],[-78.56,38.55],[-78.39,38.62],[-78.35,38.79],[-78.23,38.85],[-78.2,38.8],[-78.21,38.89],[-77.87,39.14],[-77.53,39.7],[-77.49,40.01],[-76.67,40.26],[-76.17,40.35],[-75.95,40.3],[-75.9,40.43],[-74.94,40.72],[-74.8,40.87],[-75.14,40.73],[-74.58,41.1],[-74.51,41.28],[-74.51,41.2],[-74.29,41.25],[-74.26,41.35],[-74.07,41.44],[-74.04,41.78]],[[-78.31,40.06],[-78.14,40.34],[-77.96,40.44],[-78.13,40],[-78.27,39.87],[-78.2,40.06],[-78.31,40.06]],[[-81.01,36.93],[-80.94,36.93],[-81.13,36.86],[-81.01,36.93]],[[-85.35,35.02],[-85.46,34.64],[-85.31,34.77],[-85.37,34.63],[-85.74,34.21],[-86.07,34.02],[-85.65,34.51],[-85.35,35.02]]]]}},{"type":"Feature","properties":{"code":"8.4.2","name":"Central Appalachians"},"geometry":{"type":"MultiPolygon","coordinates":[[[[-78.1,40.06],[-77.96,40.44],[-78.24,40.21],[-78.31,40.06],[-78.2,40.06],[-78.27,39.87],[-78.1,40.06]]],[[[-77.76,41.12],[-77.74,41.19],[-77.99,41.2],[-78.53,41.05],[-78.64,41.11],[-78.82,40.97],[-78.96,40.82],[-78.97,40.69],[-79.93,39.54],[-80.12,39.4],[-80,39.39],[-79.94,39.2],[-80.29,38.83],[-80.54,38.79],[-80.58,38.68],[-80.78,38.59],[-81.41,38.47],[-82.04,38.08],[-82.59,38.11],[-82.87,37.93],[-83.01,37.95],[-83.3,37.69],[-83.42,37.69],[-83.65,37.54],[-83.85,37.3],[-83.88,37.05],[-84.02,36.92],[-84.14,36.91],[-84.14,36.78],[-84.46,36.52],[-84.39,36.41],[-84.63,36.27],[-84.65,36.18],[-84.49,36.17],[-84.6,36.11],[-84.43,36.09],[-84.57,36.05],[-84.3,36.05],[-84.16,36.2],[-84.22,36.33],[-83.65,36.62],[-82.76,36.86],[-82.81,36.72],[-82.2,36.93],[-82.04,37.07],[-80.88,37.36],[-80.36,37.61],[-80.31,37.67],[-80.42,37.63],[-80.37,37.77],[-79.88,38.43],[-79.63,38.95],[-79.53,39.04],[-79.33,38.99],[-78.73,39.88],[-79.57,39.15],[-80.04,38.47],[-80.09,38.6],[-79.79,39.26],[-79.54,39.56],[-79.47,39.53],[-79.54,39.32],[-79.1,39.64],[-78.75,40.05],[-78.4,40.64],[-77.62,41.11],[-77.76,41.12]],[[-79.36,39.64],[-79.27,39.69],[-79.36,39.57],[-79.36,39.64]]]]}},{"type":"Feature","properties":{"code":"8.4.3","name":"Western Allegheny Plateau"},"geometry":{"type":"Polygon","coordinates":[[[-79.35,41.41],[-79.98,41.36],[-80.04,41.03],[-80.45,40.79],[-80.92,40.73],[-81.24,40.79],[-81.9,40.53],[-82.31,40.61],[-82.24,40.39],[-82.14,40.31],[-82.42,40.12],[-82.26,40.09],[-82.38,40],[-82.19,39.96],[-82.18,39.84],[-82.33,39.67],[-82.69,39.68],[-82.78,39.42],[-83.33,39.3],[-83.27,39.23],[-83.41,39.12],[-83.33,38.96],[-83.4,38.9],[-83.39,38.76],[-83.65,38.4],[-83.65,38.19],[-83.54,38.11],[-83.68,38.12],[-83.78,37.94],[-83.95,37.92],[-83.81,37.85],[-83.98,37.81],[-83.95,37.68],[-84.23,37.61],[-84.26,37.5],[-84,37.5],[-84.01,37.42],[-83.89,37.36],[-83.91,37.12],[-83.65,37.54],[-83.42,37.69],[-83.3,37.69],[-83.01,37.95],[-82.87,37.93],[-82.59,38.11],[-82.04,38.08],[-81.41,38.47],[-80.78,38.59],[-80.58,38.68],[-80.54,38.79],[-80.29,38.83],[-79.94,39.2],[-80,39.39],[-80.12,39.4],[-79.93,39.54],[-78.97,40.69],[-78.84,40.95],[-78.67,41.06],[-78.8,41.15],[-78.69,41.27],[-79.26,41.21],[-79.36,41.27],[-79.28,41.39],[-79.35,41.41]]]}},{"type":"Feature","properties":{"code":"8.4.4","name":"Blue Ridge"},"geometry":{"type":"MultiPolygon","coordinates":[[[[-81.26,35.86],[-81.23,35.87],[-81.27,35.91],[-81.26,35.86]]],[[[-80.46,36.35],[-80.5,36.34],[-80.47,36.33],[-80.46,36.35]]],[[[-80.21,36.39],[-80.37,36.39],[-80.39,36.35],[-80.21,36.39]]],[[[-80.98,36.92],[-81.08,36.93],[-81.13,36.86],[-80.98,36.92]]],[[[-79.92,37.2],[-80.1,37.26],[-80.25,37.1],[-80.69,37],[-80.91,36.83],[-81.45,36.76],[-81.3,36.85],[-81.49,36.83],[-82.2,36.41],[-82.13,36.34],[-82.34,36.2],[-82.34,36.29],[-82.46,36.17],[-83.07,35.96],[-83.25,35.81],[-83.19,35.85],[-83.27,35.87],[-83.24,35.95],[-83.54,35.77],[-83.68,35.83],[-84.08,35.59],[-84.28,35.36],[-84.53,35.28],[-84.69,35.03],[-84.73,34.9],[-84.67,34.81],[-84.75,34.76],[-84.66,34.33],[-84.76,34.22],[-84.75,34.1],[-84.25,34.32],[-84.26,34.51],[-84.09,34.63],[-83.82,34.64],[-83.58,34.79],[-83.57,34.71],[-83.39,34.73],[-83.34,34.64],[-83.14,34.77],[-83.02,34.95],[-82.82,34.92],[-82.67,35.05],[-82.26,35.14],[-82.18,35.3],[-82.28,35.33],[-82.09,35.55],[-82.07,35.48],[-81.97,35.53],[-81.74,35.41],[-81.77,35.52],[-81.58,35.56],[-81.5,35.72],[-81.87,35.57],[-81.98,35.74],[-81.68,35.94],[-81.47,35.96],[-81.51,35.9],[-81.45,35.87],[-81.23,36],[-80.96,35.99],[-81.01,36.04],[-80.91,36.12],[-80.95,36.15],[-81.33,36.02],[-81.32,36.1],[-81.45,36.06],[-81.32,36.2],[-81.12,36.28],[-81.13,36.37],[-81.07,36.32],[-81.07,36.38],[-80.89,36.41],[-80.88,36.55],[-80.83,36.5],[-80.63,36.65],[-80.47,36.57],[-80.28,36.61],[-80.11,36.75],[-80.31,36.74],[-80.3,36.82],[-80.07,36.93],[-80.06,37.11],[-79.8,37.2],[-79.92,37.2]]],[[[-79.14,37.61],[-79.2,37.62],[-79.23,37.53],[-79.14,37.61]]],[[[-78.69,37.95],[-78.83,37.91],[-78.76,37.83],[-78.69,37.95]]],[[[-77.06,40.11],[-77.37,40.08],[-77.54,39.97],[-77.53,39.7],[-77.87,39.14],[-78.21,38.89],[-78.2,38.8],[-78.23,38.85],[-78.35,38.79],[-78.39,38.62],[-78.56,38.55],[-78.57,38.39],[-78.76,38.28],[-78.96,37.96],[-79.14,37.97],[-79.44,37.63],[-79.87,37.41],[-79.91,37.32],[-79.67,37.47],[-79.7,37.37],[-79.87,37.3],[-79.46,37.47],[-79.38,37.39],[-79.25,37.48],[-79.45,37.5],[-79.29,37.64],[-79.05,37.73],[-78.99,37.83],[-78.93,37.73],[-78.78,37.78],[-78.93,37.87],[-78.85,38.02],[-78.69,38.11],[-78.68,38.21],[-78.61,38.13],[-78.63,38.23],[-78.36,38.44],[-78.32,38.37],[-78.25,38.68],[-77.84,39.08],[-77.72,39.3],[-77.73,39.18],[-77.57,39.5],[-77.51,39.43],[-77.58,39.13],[-77.35,39.68],[-77.37,39.88],[-77.06,40.11]]]]}},{"type":"Feature","properties":{"code":"8.4.5","name":"Ozark Highlands"},"geometry":{"type":"Polygon","coordinates":[[[-92.69,38.85],[-92.77,38.88],[-92.8,38.8],[-92.84,38.87],[-92.86,38.8],[-92.95,38.87],[-93.03,38.66],[-93.28,38.66],[-93.15,38.59],[-93.15,38.5],[-93.08,38.53],[-93.31,38.42],[-93.29,38.32],[-93.36,38.3],[-93.4,38.41],[-93.61,38.3],[-93.65,38.1],[-93.95,38.08],[-93.88,37.97],[-93.75,37.98],[-94.05,37.71],[-93.93,37.71],[-94,37.43],[-94.17,37.47],[-94.14,37.39],[-94.57,37.31],[-94.84,36.69],[-95.13,36.57],[-95.3,36.02],[-95.2,35.92],[-95.04,35.99],[-95.15,35.9],[-94.98,35.89],[-95.06,35.81],[-94.95,35.84],[-95.03,35.72],[-94.85,35.73],[-94.97,35.65],[-94.56,35.72],[-94.48,35.87],[-94.41,35.85],[-94.09,36.13],[-93.64,36.13],[-93.52,36.04],[-93.55,36.12],[-93.4,36.2],[-93.45,36.29],[-93.4,36.3],[-93.38,36.21],[-93.2,36.22],[-93.2,36],[-93.03,35.97],[-93.01,35.88],[-92.89,35.97],[-92.84,35.88],[-92.59,35.92],[-92.13,35.79],[-92.01,35.87],[-91.85,35.73],[-91.5,35.64],[-91.53,35.71],[-91.4,35.73],[-90.75,36.5],[-90.29,36.83],[-90.08,37.14],[-89.81,37.23],[-89.8,37.3],[-89.66,37.25],[-89.98,37.62],[-89.92,37.71],[-89.98,37.8],[-90.38,38.16],[-90.29,38.46],[-90.46,38.63],[-91.02,38.45],[-91.57,38.64],[-92.54,38.4],[-92.61,38.44],[-92.51,38.53],[-92.72,38.6],[-92.63,38.68],[-92.8,38.73],[-92.54,38.79],[-92.69,38.85]]]}},{"type":"Feature","properties":{"code":"8.4.6","name":"Boston Mountains"},"geometry":{"type":"Polygon","coordinates":[[[-93.36,36.28],[-93.45,36.3],[-93.4,36.21],[-93.54,36.12],[-93.52,36.04],[-93.64,36.13],[-94.09,36.13],[-94.41,35.85],[-94.48,35.87],[-94.56,35.72],[-94.84,35.63],[-94.97,35.65],[-94.86,35.74],[-95.04,35.73],[-94.94,35.83],[-95.06,35.81],[-94.98,35.89],[-95.15,35.9],[-95.04,35.99],[-95.19,35.92],[-95.24,36],[-95.3,35.83],[-95.19,35.78],[-95.33,35.65],[-95.15,35.71],[-95.26,35.58],[-95.08,35.55],[-95.05,35.46],[-94.94,35.53],[-94.65,35.52],[-94.55,35.49],[-94.61,35.41],[-94.1,35.62],[-92.77,35.42],[-92.44,35.61],[-92.36,35.55],[-92.15,35.61],[-92.02,35.5],[-91.61,35.65],[-92.01,35.87],[-92.13,35.79],[-92.59,35.92],[-92.84,35.88],[-92.89,35.97],[-93.01,35.88],[-93.03,35.97],[-93.2,36],[-93.2,36.22],[-93.33,36.19],[-93.39,36.22],[-93.36,36.28]]]}},{"type":"Feature","properties":{"code":"8.4.7","name":"Arkansas Valley"},"geometry":{"type":"Polygon","coordinates":[[[-91.45,35.57],[-91.55,35.67],[-92.02,35.5],[-92.15,35.61],[-92.36,35.55],[-92.43,35.62],[-92.78,35.42],[-94.1,35.62],[-94.61,35.41],[-94.55,35.5],[-94.93,35.53],[-95.04,35.45],[-95.16,35.55],[-95.32,35.29],[-95.53,35.28],[-95.71,35.37],[-96.08,35.22],[-96.18,35.04],[-96.62,34.8],[-96.66,34.73],[-96.54,34.67],[-96.65,34.62],[-96.4,34.5],[-96.26,34.31],[-95.91,34.67],[-95.34,34.89],[-94.61,34.83],[-94.21,34.93],[-94.12,34.86],[-93.33,35.07],[-93.08,35.01],[-92.56,35.1],[-92.74,34.97],[-92.49,34.94],[-92.46,34.83],[-92.25,34.75],[-92.44,34.86],[-92.34,34.94],[-92.45,34.92],[-92.56,34.98],[-92.53,35.03],[-91.97,35.03],[-92.02,35.08],[-91.91,35.08],[-91.44,35.43],[-91.39,35.5],[-91.45,35.57]]]}},{"type":"Feature","properties":{"code":"8.4.8","name":"Ouachita Mountains"},"geometry":{"type":"MultiPolygon","coordinates":[[[[-92.05,34.96],[-91.97,35.03],[-92.4,34.98],[-92.46,35.05],[-92.56,34.98],[-92.34,34.94],[-92.44,34.87],[-92.27,34.76],[-92.05,34.96]]],[[[-92.74,34.98],[-92.55,35.09],[-93.08,35.01],[-93.33,35.07],[-94.12,34.86],[-94.21,34.93],[-94.61,34.83],[-95.34,34.89],[-95.91,34.67],[-96.13,34.38],[-95.52,34.2],[-95.25,34.21],[-95.03,34.08],[-94.47,34.07],[-93.94,34.15],[-93.43,34.05],[-93.04,34.21],[-92.71,34.52],[-92.29,34.75],[-92.46,34.83],[-92.49,34.94],[-92.74,34.98]]]]}},{"type":"Feature","properties":{"code":"8.4.9","name":"Southwestern Appalachians"},"geometry":{"type":"MultiPolygon","coordinates":[[[[-86.35,34.68],[-86.43,34.68],[-86.43,34.56],[-86.33,34.61],[-86.35,34.68]]],[[[-86.59,34.83],[-86.66,34.79],[-86.56,34.8],[-86.51,34.53],[-86.52,34.71],[-86.42,34.71],[-86.59,34.83]]],[[[-85.39,34.85],[-85.34,35.02],[-85.65,34.51],[-86.07,34.02],[-85.74,34.21],[-85.42,34.56],[-85.3,34.77],[-85.45,34.62],[-85.39,34.85]]],[[[-84.01,37.48],[-84.22,37.5],[-84.33,37.43],[-84.47,37.15],[-84.56,37.16],[-84.59,36.94],[-84.82,36.94],[-84.81,36.78],[-84.85,36.83],[-84.94,36.71],[-85.07,36.79],[-85.16,36.73],[-85.04,36.7],[-85.05,36.56],[-84.99,36.61],[-84.92,36.52],[-85.08,36.52],[-85.06,36.44],[-84.99,36.48],[-85,36.38],[-85.14,36.43],[-85.18,36.31],[-85.22,36.39],[-85.43,36.2],[-85.45,36.11],[-85.39,36.11],[-85.45,36.03],[-85.32,36.02],[-85.45,35.94],[-85.46,35.83],[-85.4,35.89],[-85.38,35.82],[-85.57,35.79],[-85.57,35.66],[-85.61,35.73],[-85.7,35.69],[-85.65,35.49],[-85.72,35.57],[-85.76,35.51],[-85.74,35.65],[-85.8,35.61],[-85.8,35.5],[-85.95,35.43],[-85.9,35.33],[-85.83,35.38],[-85.83,35.26],[-86,35.25],[-85.99,35.13],[-86.19,35.12],[-86.2,35.04],[-86.4,34.97],[-86.39,34.71],[-86.24,34.82],[-86.22,34.75],[-86.31,34.7],[-86.23,34.61],[-86.33,34.51],[-86.64,34.53],[-86.66,34.38],[-86.84,34.43],[-86.85,34.36],[-87,34.32],[-87.34,34.46],[-87.47,34.4],[-87.75,34.45],[-87.68,34.33],[-87.8,34.28],[-87.56,34.24],[-87.67,34.17],[-87.79,34.19],[-87.83,34.11],[-87.69,33.91],[-87.66,33.58],[-87.47,33.22],[-87.29,33.15],[-86.78,33.59],[-86.45,34],[-86.15,34.15],[-86.61,33.77],[-86.22,33.94],[-86.2,33.99],[-86.31,33.94],[-85.71,34.52],[-85.1,35.46],[-84.69,35.88],[-84.34,36.05],[-84.56,36.04],[-84.43,36.09],[-84.6,36.11],[-84.49,36.17],[-84.59,36.21],[-84.62,36.16],[-84.63,36.27],[-84.5,36.3],[-84.51,36.4],[-84.39,36.41],[-84.46,36.52],[-84.14,36.78],[-84.14,36.91],[-84.02,36.92],[-83.88,37.06],[-83.89,37.36],[-84.01,37.48]]]]}},{"type":"Feature","properties":{"code":"8.5.1","name":"Middle Atlantic Coastal Plain"},"geometry":{"type":"MultiPolygon","coordinates":[[[[-78.53,33.86],[-78.53,33.86],[-78.54,33.85],[-78.53,33.86]]],[[[-78.53,33.87],[-78.55,33.87],[-78.52,33.87],[-78.53,33.87]]],[[[-78.5,33.88],[-78.53,33.86],[-78.48,33.87],[-78.5,33.88]]],[[[-78.48,33.88],[-78.5,33.88],[-78.49,33.88],[-78.48,33.88]]],[[[-78.47,33.89],[-78.48,33.89],[-78.48,33.88],[-78.47,33.89]]],[[[-78.39,33.9],[-78.44,33.9],[-78.48,33.88],[-78.39,33.9]]],[[[-78.24,33.91],[-78.38,33.9],[-78.23,33.91],[-78.24,33.91]]],[[[-77.97,33.89],[-77.99,33.89],[-77.97,33.88],[-77.97,33.89]]],[[[-78.06,33.92],[-78.23,33.92],[-78.02,33.89],[-78.06,33.92]]],[[[-77.95,33.92],[-78.01,33.86],[-77.96,33.84],[-77.95,33.92]]],[[[-77.83,34.16],[-77.82,34.18],[-77.88,34.08],[-77.83,34.16]]],[[[-77.8,34.22],[-77.81,34.22],[-77.8,34.21],[-77.8,34.22]]],[[[-77.77,34.24],[-77.81,34.22],[-77.81,34.19],[-77.77,34.24]]],[[[-77.77,34.25],[-77.75,34.27],[-77.78,34.25],[-77.77,34.25]]],[[[-77.77,34.25],[-77.72,34.29],[-77.74,34.29],[-77.77,34.25]]],[[[-77.71,34.32],[-77.73,34.32],[-77.73,34.3],[-77.71,34.32]]],[[[-77.67,34.35],[-77.7,34.34],[-77.71,34.3],[-77.67,34.35]]],[[[-77.24,34.59],[-77.24,34.6],[-77.34,34.53],[-77.24,34.59]]],[[[-77.21,34.63],[-77.2,34.61],[-77.19,34.62],[-77.21,34.63]]],[[[-77.19,34.61],[-77.18,34.62],[-77.23,34.6],[-77.19,34.61]]],[[[-77.13,34.64],[-77.17,34.62],[-77.12,34.64],[-77.13,34.64]]],[[[-76.81,34.7],[-76.8,34.7],[-76.82,34.7],[-76.81,34.7]]],[[[-76.66,34.69],[-76.53,34.63],[-76.54,34.65],[-76.66,34.69]]],[[[-76.68,34.7],[-76.82,34.7],[-77.1,34.64],[-76.68,34.7]]],[[[-76.7,34.71],[-76.7,34.7],[-76.69,34.7],[-76.7,34.71]]],[[[-76.67,34.72],[-76.67,34.72],[-76.67,34.72],[-76.67,34.72]]],[[[-76.67,34.73],[-76.69,34.72],[-76.69,34.71],[-76.67,34.73]]],[[[-76.56,34.71],[-76.59,34.71],[-76.53,34.68],[-76.56,34.71]]],[[[-76.47,34.7],[-76.47,34.7],[-76.47,34.7],[-76.47,34.7]]],[[[-76.44,34.73],[-76.44,34.73],[-76.45,34.73],[-76.44,34.73]]],[[[-76.34,34.83],[-76.55,34.63],[-76.54,34.58],[-76.34,34.83]]],[[[-76.21,34.93],[-76.31,34.86],[-76.31,34.86],[-76.21,34.93]]],[[[-76.19,34.96],[-76.2,34.96],[-76.19,34.95],[-76.19,34.96]]],[[[-76.18,34.96],[-76.19,34.96],[-76.19,34.96],[-76.18,34.96]]],[[[-76.18,34.97],[-76.19,34.97],[-76.18,34.96],[-76.18,34.97]]],[[[-76.17,34.97],[-76.18,34.97],[-76.18,34.96],[-76.17,34.97]]],[[[-76.33,35.03],[-76.38,34.93],[-76.3,34.92],[-76.33,35.03]]],[[[-76.15,34.99],[-76.15,34.99],[-76.15,34.99],[-76.15,34.99]]],[[[-76.16,34.98],[-76.13,35],[-76.21,34.94],[-76.16,34.98]]],[[[-76.14,35.01],[-76.14,35],[-76.14,35],[-76.14,35.01]]],[[[-76.08,35.06],[-76.09,35.06],[-76.08,35.05],[-76.08,35.06]]],[[[-76.07,35.07],[-76.08,35.07],[-76.08,35.07],[-76.07,35.07]]],[[[-76.06,35.07],[-76.07,35.06],[-76.05,35.07],[-76.06,35.07]]],[[[-76.05,35.07],[-76.13,35],[-76.04,35.06],[-76.05,35.07]]],[[[-75.76,35.19],[-75.98,35.12],[-76.01,35.07],[-75.76,35.19]]],[[[-75.52,35.28],[-75.52,35.28],[-75.52,35.27],[-75.52,35.28]]],[[[-75.52,35.77],[-75.47,35.58],[-75.52,35.27],[-75.75,35.19],[-75.53,35.23],[-75.46,35.58],[-75.52,35.77]]],[[[-75.62,35.9],[-75.62,35.9],[-75.62,35.9],[-75.62,35.9]]],[[[-75.87,35.97],[-75.95,35.96],[-75.92,35.94],[-75.87,35.97]]],[[[-75.69,35.93],[-75.73,35.93],[-75.63,35.82],[-75.69,35.93]]],[[[-76.68,37.2],[-76.96,37.03],[-77.06,36.8],[-77.11,36.84],[-77.18,36.6],[-77.02,36.4],[-77.56,36.43],[-77.27,36.16],[-77.43,36.01],[-77.4,35.85],[-77.5,35.63],[-77.42,35.35],[-77.64,35.15],[-77.7,34.96],[-77.96,34.92],[-78.26,34.72],[-78.43,34.75],[-78.77,35.02],[-78.76,34.76],[-78.44,34.5],[-78.74,34.19],[-78.87,34.11],[-79.19,34.24],[-79.34,34.02],[-79.68,34.04],[-79.82,34.15],[-80.06,34.05],[-80.14,34.09],[-80.16,33.4],[-80.92,33.41],[-81.11,33.25],[-81.23,32.93],[-81.43,32.89],[-81.32,32.63],[-81.14,32.49],[-81.05,32.18],[-80.86,32.25],[-80.94,32.29],[-80.88,32.49],[-80.94,32.59],[-80.85,32.57],[-80.85,32.63],[-80.69,32.55],[-80.79,32.69],[-80.7,32.73],[-80.62,32.65],[-80.55,32.78],[-80.39,32.69],[-80.21,32.74],[-80.08,32.84],[-80.15,32.93],[-80.05,32.89],[-80.05,32.97],[-79.95,32.95],[-79.98,33.15],[-79.82,33.1],[-79.88,32.93],[-79.71,32.95],[-79.32,33.29],[-79.43,33.36],[-79.29,33.49],[-79.05,33.55],[-78.55,33.87],[-78.22,33.95],[-78.02,33.92],[-77.93,34.02],[-77.94,33.93],[-77.73,34.31],[-77.34,34.53],[-77.43,34.57],[-77.37,34.64],[-77.44,34.75],[-77.35,34.73],[-77.31,34.63],[-77.4,34.58],[-77.32,34.55],[-77.12,34.69],[-77.15,34.77],[-77.09,34.67],[-76.69,34.72],[-76.78,34.75],[-76.72,34.8],[-76.66,34.71],[-76.61,34.79],[-76.52,34.72],[-76.4,34.89],[-76.32,34.89],[-76.4,34.96],[-76.44,34.9],[-76.46,35.08],[-76.49,34.96],[-76.58,34.99],[-76.54,34.88],[-76.61,34.99],[-76.68,34.97],[-76.63,34.9],[-76.71,34.96],[-76.76,34.86],[-76.97,35],[-77.09,35.17],[-76.8,34.96],[-76.54,35.15],[-76.77,35.14],[-76.61,35.22],[-76.53,35.18],[-76.59,35.24],[-76.49,35.22],[-76.47,35.28],[-76.97,35.43],[-77.06,35.54],[-76.58,35.39],[-76.63,35.52],[-76.45,35.55],[-76.59,35.51],[-76.53,35.4],[-76.4,35.43],[-76.4,35.35],[-76.35,35.42],[-76.15,35.33],[-75.88,35.57],[-75.9,35.64],[-75.77,35.58],[-75.73,35.82],[-75.86,35.98],[-75.81,35.92],[-75.99,35.89],[-76.04,35.65],[-76.13,35.68],[-76.04,35.69],[-76.01,35.92],[-76.13,35.95],[-76.02,35.95],[-76.06,35.99],[-76.72,35.94],[-76.7,36.29],[-76.79,36.36],[-76.67,36.28],[-76.69,36.06],[-76.58,36.01],[-76.3,36.09],[-76.46,36.2],[-76.22,36.1],[-76.29,36.22],[-76.19,36.13],[-76.06,36.15],[-76.22,36.3],[-75.91,36.16],[-76.05,36.36],[-75.79,36.07],[-75.92,36.43],[-75.95,36.36],[-76.08,36.5],[-76.05,36.62],[-75.99,36.49],[-75.9,36.49],[-75.99,36.57],[-75.94,36.72],[-75.68,36.02],[-75.73,36.01],[-75.54,35.78],[-75.99,36.92],[-76.33,36.96],[-76.33,36.87],[-76.2,36.83],[-76.4,36.81],[-76.34,36.86],[-76.44,36.91],[-76.55,36.83],[-76.49,36.96],[-76.62,36.98],[-76.58,37.02],[-76.67,37.05],[-76.68,37.2]]],[[[-75.98,37.1],[-75.98,37.09],[-75.95,37.09],[-75.98,37.1]]],[[[-76.42,37.22],[-76.63,37.21],[-76.63,37.13],[-76.41,36.96],[-76.27,37.09],[-76.36,37.05],[-76.39,37.11],[-76.29,37.13],[-76.45,37.13],[-76.42,37.22]]],[[[-75.94,37.13],[-75.96,37.12],[-75.95,37.12],[-75.94,37.13]]],[[[-75.92,37.14],[-75.93,37.14],[-75.92,37.13],[-75.92,37.14]]],[[[-75.83,37.17],[-75.86,37.17],[-75.92,37.11],[-75.83,37.17]]],[[[-75.81,37.2],[-75.86,37.19],[-75.88,37.16],[-75.81,37.2]]],[[[-75.82,37.24],[-75.84,37.21],[-75.81,37.22],[-75.82,37.24]]],[[[-76.5,37.4],[-76.5,37.25],[-76.39,37.26],[-76.49,37.31],[-76.4,37.34],[-76.5,37.4]]],[[[-76.49,37.41],[-76.5,37.4],[-76.49,37.4],[-76.49,37.41]]],[[[-75.9,37.29],[-75.9,37.29],[-75.91,37.29],[-75.9,37.29]]],[[[-75.88,37.28],[-75.91,37.15],[-75.87,37.16],[-75.88,37.28]]],[[[-75.83,37.28],[-75.84,37.29],[-75.85,37.28],[-75.83,37.28]]],[[[-75.91,37.29],[-75.91,37.32],[-75.91,37.29],[-75.91,37.29]]],[[[-75.81,37.24],[-75.8,37.26],[-75.8,37.3],[-75.81,37.24]]],[[[-75.77,37.34],[-75.79,37.33],[-75.77,37.33],[-75.77,37.34]]],[[[-75.76,37.33],[-75.76,37.34],[-75.77,37.33],[-75.76,37.33]]],[[[-75.87,37.34],[-75.85,37.37],[-75.9,37.3],[-75.87,37.34]]],[[[-75.78,37.3],[-75.74,37.32],[-75.73,37.36],[-75.78,37.3]]],[[[-76.36,37.52],[-76.49,37.41],[-76.41,37.37],[-76.44,37.45],[-76.35,37.37],[-76.36,37.45],[-76.28,37.31],[-76.32,37.37],[-76.25,37.44],[-76.36,37.52]]],[[[-76.28,37.51],[-76.32,37.49],[-76.26,37.47],[-76.28,37.51]]],[[[-75.83,37.4],[-75.84,37.4],[-75.83,37.39],[-75.83,37.4]]],[[[-75.81,37.4],[-75.79,37.41],[-75.81,37.42],[-75.81,37.4]]],[[[-76.33,37.57],[-76.41,37.58],[-76.42,37.51],[-76.33,37.57]]],[[[-75.7,37.44],[-75.7,37.45],[-75.71,37.44],[-75.7,37.44]]],[[[-75.72,37.37],[-75.66,37.46],[-75.69,37.45],[-75.72,37.37]]],[[[-75.69,37.47],[-75.72,37.48],[-75.72,37.46],[-75.69,37.47]]],[[[-76.41,37.66],[-76.41,37.66],[-76.41,37.66],[-76.41,37.66]]],[[[-76.41,37.66],[-76.41,37.66],[-76.41,37.66],[-76.41,37.66]]],[[[-75.64,37.57],[-75.67,37.57],[-75.65,37.55],[-75.64,37.57]]],[[[-75.67,37.48],[-75.6,37.58],[-75.67,37.53],[-75.67,37.48]]],[[[-75.63,37.58],[-75.67,37.58],[-75.63,37.57],[-75.63,37.58]]],[[[-75.63,37.6],[-75.64,37.6],[-75.64,37.6],[-75.63,37.6]]],[[[-75.65,37.6],[-75.68,37.6],[-75.64,37.59],[-75.65,37.6]]],[[[-75.59,37.68],[-75.59,37.69],[-75.6,37.68],[-75.59,37.68]]],[[[-75.59,37.68],[-75.64,37.64],[-75.61,37.58],[-75.59,37.68]]],[[[-75.61,37.69],[-75.6,37.69],[-75.61,37.69],[-75.61,37.69]]],[[[-76,37.83],[-76,37.81],[-75.98,37.8],[-76,37.83]]],[[[-75.59,37.69],[-75.53,37.78],[-75.57,37.73],[-75.59,37.69]]],[[[-75.51,37.82],[-75.53,37.81],[-75.52,37.8],[-75.51,37.82]]],[[[-76.04,37.97],[-76.03,37.92],[-76.02,37.95],[-76.04,37.97]]],[[[-76.02,37.97],[-76.02,37.97],[-76.03,37.97],[-76.02,37.97]]],[[[-76.04,37.96],[-76.05,37.98],[-76.04,37.94],[-76.04,37.96]]],[[[-76.83,38.16],[-76.83,38.16],[-76.84,38.16],[-76.83,38.16]]],[[[-76.86,38.17],[-76.86,38.17],[-76.86,38.17],[-76.86,38.17]]],[[[-76.77,38.16],[-76.72,38.11],[-76.72,38.13],[-76.77,38.16]]],[[[-76.01,37.98],[-76.01,37.99],[-76,37.95],[-76.01,37.98]]],[[[-76.03,38],[-76.05,38],[-76.04,37.97],[-76.03,38]]],[[[-76.77,38.17],[-76.79,38.17],[-76.77,38.16],[-76.77,38.17]]],[[[-76.95,38.21],[-77.01,38.2],[-76.88,38.17],[-76.95,38.21]]],[[[-76.61,38.15],[-76.65,38.1],[-76.7,38.16],[-76.73,38.09],[-76.33,37.89],[-76.45,37.88],[-76.34,37.83],[-76.42,37.64],[-76.28,37.61],[-76.37,37.69],[-76.3,37.69],[-76.34,37.77],[-76.3,37.73],[-76.24,37.89],[-76.55,38.02],[-76.61,38.15]]],[[[-76.5,38.13],[-76.48,38.1],[-76.47,38.11],[-76.5,38.13]]],[[[-75.42,37.89],[-75.46,37.89],[-75.51,37.82],[-75.42,37.89]]],[[[-76.02,38.03],[-76.05,38.01],[-76,37.97],[-76.02,38.03]]],[[[-76.97,38.27],[-77.03,38.27],[-77.01,38.2],[-76.97,38.27]]],[[[-76.86,38.27],[-76.85,38.26],[-76.84,38.26],[-76.86,38.27]]],[[[-75.42,37.94],[-75.43,37.94],[-75.43,37.93],[-75.42,37.94]]],[[[-76.45,38.18],[-76.57,38.2],[-76.53,38.13],[-76.45,38.18]]],[[[-75.42,37.95],[-75.45,37.94],[-75.43,37.94],[-75.42,37.95]]],[[[-75.39,37.93],[-75.37,37.94],[-75.39,37.93],[-75.39,37.93]]],[[[-76.03,38.11],[-76.06,38.09],[-76.01,38.07],[-76.03,38.11]]],[[[-76.6,38.24],[-76.69,38.24],[-76.56,38.21],[-76.6,38.24]]],[[[-76.65,38.26],[-76.71,38.28],[-76.72,38.24],[-76.65,38.26]]],[[[-76.72,38.28],[-76.82,38.3],[-76.75,38.22],[-76.72,38.28]]],[[[-76.01,38.13],[-76.02,38.13],[-76.03,38.11],[-76.01,38.13]]],[[[-75.3,37.97],[-75.3,37.98],[-75.3,37.98],[-75.3,37.97]]],[[[-75.31,37.98],[-75.41,37.9],[-75.35,37.92],[-75.31,37.98]]],[[[-75.94,38.16],[-75.96,38.14],[-75.93,38.13],[-75.94,38.16]]],[[[-76.05,38.2],[-76.09,38.16],[-76.03,38.15],[-76.05,38.2]]],[[[-76.4,38.31],[-76.45,38.29],[-76.36,38.13],[-76.43,38.19],[-76.44,38.13],[-76.32,38.04],[-76.4,38.31]]],[[[-76.49,38.33],[-76.51,38.33],[-76.45,38.29],[-76.49,38.33]]],[[[-77,38.41],[-77.07,38.46],[-77.25,38.39],[-77.06,38.39],[-77.03,38.27],[-77.01,38.36],[-76.83,38.27],[-77,38.41]]],[[[-76.51,38.35],[-76.53,38.35],[-76.51,38.32],[-76.51,38.35]]],[[[-76.42,38.34],[-76.45,38.32],[-76.42,38.32],[-76.42,38.34]]],[[[-76.43,38.34],[-76.43,38.34],[-76.43,38.34],[-76.43,38.34]]],[[[-76.43,38.34],[-76.45,38.35],[-76.45,38.33],[-76.43,38.34]]],[[[-76.52,38.37],[-76.53,38.35],[-76.5,38.34],[-76.52,38.37]]],[[[-76.55,38.38],[-76.55,38.38],[-76.55,38.38],[-76.55,38.38]]],[[[-76.54,38.38],[-76.55,38.38],[-76.53,38.37],[-76.54,38.38]]],[[[-76.58,38.39],[-76.59,38.39],[-76.55,38.39],[-76.58,38.39]]],[[[-76.47,38.37],[-76.48,38.33],[-76.46,38.32],[-76.47,38.37]]],[[[-76.49,38.39],[-76.48,38.36],[-76.47,38.37],[-76.49,38.39]]],[[[-76.18,38.34],[-76.2,38.32],[-76.17,38.33],[-76.18,38.34]]],[[[-76.23,38.35],[-76.15,38.24],[-76.16,38.29],[-76.23,38.35]]],[[[-76.54,38.42],[-76.54,38.43],[-76.54,38.43],[-76.54,38.42]]],[[[-76.53,38.42],[-76.54,38.41],[-76.49,38.39],[-76.53,38.42]]],[[[-76.59,38.45],[-76.55,38.4],[-76.54,38.43],[-76.59,38.45]]],[[[-76.67,38.49],[-76.68,38.46],[-76.58,38.39],[-76.67,38.49]]],[[[-76.69,38.54],[-76.68,38.5],[-76.67,38.53],[-76.69,38.54]]],[[[-75.1,38.33],[-75.39,37.87],[-75.2,38.09],[-75.1,38.33]]],[[[-76.69,38.7],[-76.69,38.54],[-76.61,38.45],[-76.69,38.7]]],[[[-76.54,38.73],[-76.53,38.69],[-76.53,38.72],[-76.54,38.73]]],[[[-76.54,38.88],[-76.55,38.88],[-76.55,38.88],[-76.54,38.88]]],[[[-76.52,38.88],[-76.55,38.75],[-76.49,38.84],[-76.52,38.88]]],[[[-75.07,38.62],[-75.09,38.62],[-75.08,38.61],[-75.07,38.62]]],[[[-76.13,38.9],[-76.19,38.86],[-76.1,38.88],[-76.13,38.9]]],[[[-76.46,39],[-76.48,38.99],[-76.45,38.97],[-76.46,39]]],[[[-76.46,39.01],[-76.47,39],[-76.46,39],[-76.46,39.01]]],[[[-76.4,39.03],[-76.46,39.01],[-76.42,38.99],[-76.4,39.03]]],[[[-76.29,38.99],[-76.38,38.84],[-76.32,38.98],[-76.25,38.92],[-76.29,38.99]]],[[[-76.22,39.05],[-76.24,39.03],[-76.2,39.01],[-76.22,39.05]]],[[[-76.56,39.27],[-76.57,39.26],[-76.54,39.25],[-76.56,39.27]]],[[[-76.48,39.32],[-76.48,39.32],[-76.48,39.32],[-76.48,39.32]]],[[[-76.48,39.32],[-76.48,39.32],[-76.48,39.32],[-76.48,39.32]]],[[[-76.49,39.32],[-76.54,39.25],[-76.42,39.2],[-76.49,39.32]]],[[[-76.35,39.33],[-76.36,39.32],[-76.34,39.3],[-76.35,39.33]]],[[[-76.35,39.38],[-76.49,39.3],[-76.4,39.25],[-76.44,39.33],[-76.38,39.3],[-76.35,39.38]]],[[[-76.35,39.4],[-76.39,39.38],[-76.37,39.38],[-76.35,39.4]]],[[[-76.35,39.4],[-76.35,39.4],[-76.35,39.4],[-76.35,39.4]]],[[[-76.35,39.4],[-76.35,39.4],[-76.35,39.4],[-76.35,39.4]]],[[[-76.09,39.54],[-76.31,39.45],[-76.3,39.3],[-76.25,39.46],[-76.23,39.35],[-76.23,39.41],[-76.06,39.45],[-76.13,39.49],[-76.09,39.54]]],[[[-75.84,39.58],[-75.84,39.58],[-75.84,39.58],[-75.84,39.58]]],[[[-74.78,40.22],[-75.74,39.68],[-75.92,39.5],[-75.86,39.46],[-76.04,39.39],[-75.88,39.36],[-76.11,39.37],[-76.27,39.17],[-76.23,39.05],[-76.19,39.18],[-76.12,39.18],[-76.17,39.09],[-76.06,39.21],[-76,39.15],[-76.25,38.97],[-76.18,38.93],[-76.21,38.85],[-76.16,38.98],[-76.17,38.91],[-76.06,38.89],[-76.19,38.86],[-76.13,38.78],[-76.18,38.74],[-76.25,38.86],[-76.34,38.67],[-76.29,38.81],[-76.3,38.72],[-76.24,38.81],[-76.2,38.67],[-76.1,38.77],[-76.18,38.68],[-76.09,38.69],[-76.15,38.65],[-76.03,38.58],[-75.95,38.67],[-76,38.76],[-75.94,38.68],[-76.02,38.55],[-76.29,38.63],[-76.28,38.53],[-76.24,38.6],[-76.23,38.54],[-76.2,38.59],[-76.12,38.53],[-76.22,38.54],[-76.27,38.45],[-76.33,38.5],[-76.27,38.37],[-76.22,38.4],[-76.03,38.22],[-76.06,38.31],[-75.98,38.37],[-76.02,38.31],[-75.95,38.24],[-75.82,38.48],[-75.92,38.26],[-75.76,38.29],[-75.95,38.18],[-75.74,38.17],[-75.87,38.06],[-75.74,38.09],[-75.9,37.97],[-75.85,38],[-75.85,37.92],[-75.62,37.99],[-75.94,37.56],[-75.83,37.57],[-75.94,37.54],[-75.96,37.47],[-75.89,37.48],[-76.02,37.33],[-75.97,37.12],[-75.81,37.51],[-75.73,37.58],[-75.81,37.47],[-75.67,37.53],[-75.43,37.99],[-75.09,38.33],[-75.19,38.43],[-75.1,38.39],[-75.13,38.45],[-75.06,38.51],[-75.09,38.32],[-75.05,38.44],[-75.06,38.61],[-75.1,38.55],[-75.29,38.6],[-75.1,38.62],[-75.16,38.7],[-75.08,38.69],[-75.06,38.61],[-75.09,38.8],[-75.19,38.81],[-75.4,39.07],[-75.41,39.26],[-75.59,39.46],[-75.57,39.56],[-75.51,39.56],[-75.54,39.46],[-75.14,39.18],[-74.9,39.18],[-74.95,38.95],[-74.78,39.21],[-74.95,39.34],[-74.92,39.4],[-74.98,39.35],[-74.96,39.47],[-75.03,39.39],[-75.07,39.52],[-75.03,39.3],[-75.36,39.41],[-75.43,39.68],[-74.7,40.16],[-74.78,40.22]]]]}},{"type":"Feature","properties":{"code":"8.5.2","name":"Mississippi Alluvial Plain"},"geometry":{"type":"MultiPolygon","coordinates":[[[[-90.87,29.04],[-90.9,29.05],[-90.9,29.04],[-90.87,29.04]]],[[[-90.82,29.04],[-90.82,29.04],[-90.8,29.04],[-90.82,29.04]]],[[[-90.96,29.06],[-90.91,29.05],[-90.93,29.06],[-90.96,29.06]]],[[[-90.84,29.05],[-90.84,29.04],[-90.82,29.04],[-90.84,29.05]]],[[[-90.78,29.05],[-90.8,29.05],[-90.8,29.04],[-90.78,29.05]]],[[[-90.8,29.06],[-90.82,29.06],[-90.81,29.04],[-90.8,29.06]]],[[[-90.72,29.05],[-90.75,29.04],[-90.72,29.05],[-90.72,29.05]]],[[[-90.73,29.06],[-90.74,29.05],[-90.71,29.05],[-90.73,29.06]]],[[[-89.41,28.93],[-89.4,28.93],[-89.41,28.93],[-89.41,28.93]]],[[[-89.41,28.93],[-89.41,28.94],[-89.42,28.93],[-89.41,28.93]]],[[[-89.41,28.94],[-89.41,28.94],[-89.41,28.94],[-89.41,28.94]]],[[[-89.41,28.95],[-89.41,28.95],[-89.41,28.94],[-89.41,28.95]]],[[[-90.64,29.07],[-90.67,29.07],[-90.72,29.05],[-90.64,29.07]]],[[[-90.43,29.05],[-90.44,29.05],[-90.42,29.05],[-90.43,29.05]]],[[[-90.45,29.07],[-90.45,29.07],[-90.44,29.05],[-90.45,29.07]]],[[[-90.47,29.07],[-90.48,29.07],[-90.47,29.07],[-90.47,29.07]]],[[[-90.51,29.08],[-90.49,29.07],[-90.48,29.07],[-90.51,29.08]]],[[[-89.38,28.96],[-89.37,28.96],[-89.38,28.96],[-89.38,28.96]]],[[[-89.38,28.96],[-89.38,28.97],[-89.4,28.93],[-89.38,28.96]]],[[[-90.54,29.09],[-90.44,29.06],[-90.46,29.07],[-90.54,29.09]]],[[[-89.37,28.97],[-89.37,28.97],[-89.38,28.96],[-89.37,28.97]]],[[[-90.28,29.08],[-90.34,29.06],[-90.28,29.08],[-90.28,29.08]]],[[[-90.28,29.09],[-90.28,29.08],[-90.27,29.08],[-90.28,29.09]]],[[[-90.25,29.09],[-90.27,29.09],[-90.25,29.09],[-90.25,29.09]]],[[[-90.35,29.11],[-90.36,29.1],[-90.34,29.11],[-90.35,29.11]]],[[[-89.34,29.01],[-89.37,28.97],[-89.34,29],[-89.34,29.01]]],[[[-89.34,29.01],[-89.34,29.02],[-89.34,29.01],[-89.34,29.01]]],[[[-89.35,29.02],[-89.39,28.98],[-89.41,28.95],[-89.35,29.02]]],[[[-90.35,29.13],[-90.38,29.11],[-90.34,29.12],[-90.35,29.13]]],[[[-89.34,29.03],[-89.34,29.03],[-89.34,29.02],[-89.34,29.03]]],[[[-89.15,29],[-89.15,29],[-89.17,29.02],[-89.15,29]]],[[[-89.16,29.01],[-89.17,29.02],[-89.15,29.01],[-89.16,29.01]]],[[[-89.18,29.02],[-89.19,29.02],[-89.17,29.01],[-89.18,29.02]]],[[[-89.17,29.03],[-89.17,29.02],[-89.16,29.02],[-89.17,29.03]]],[[[-89.33,29.03],[-89.33,29.04],[-89.33,29.04],[-89.33,29.03]]],[[[-89.32,29.04],[-89.32,29.05],[-89.32,29.05],[-89.32,29.04]]],[[[-89.19,29.03],[-89.19,29.03],[-89.18,29.03],[-89.19,29.03]]],[[[-89.17,29.03],[-89.16,29.03],[-89.18,29.03],[-89.17,29.03]]],[[[-89.17,29.03],[-89.17,29.03],[-89.16,29.03],[-89.17,29.03]]],[[[-89.19,29.04],[-89.2,29.04],[-89.19,29.03],[-89.19,29.04]]],[[[-89.3,29.05],[-89.31,29.04],[-89.29,29.05],[-89.3,29.05]]],[[[-89.17,29.04],[-89.18,29.04],[-89.17,29.03],[-89.17,29.04]]],[[[-89.29,29.06],[-89.29,29.06],[-89.29,29.05],[-89.29,29.06]]],[[[-89.2,29.05],[-89.2,29.05],[-89.2,29.04],[-89.2,29.05]]],[[[-89.2,29.05],[-89.2,29.05],[-89.2,29.05],[-89.2,29.05]]],[[[-89.2,29.05],[-89.21,29.05],[-89.21,29.05],[-89.2,29.05]]],[[[-89.28,29.06],[-89.29,29.06],[-89.3,29.06],[-89.28,29.06]]],[[[-89.21,29.05],[-89.21,29.06],[-89.21,29.05],[-89.21,29.05]]],[[[-89.17,29.05],[-89.17,29.05],[-89.15,29.05],[-89.17,29.05]]],[[[-89.16,29.06],[-89.16,29.06],[-89.15,29.05],[-89.16,29.06]]],[[[-89.27,29.07],[-89.27,29.07],[-89.28,29.07],[-89.27,29.07]]],[[[-89.3,29.07],[-89.31,29.07],[-89.32,29.06],[-89.3,29.07]]],[[[-89.16,29.06],[-89.16,29.06],[-89.17,29.06],[-89.16,29.06]]],[[[-89.29,29.07],[-89.3,29.05],[-89.28,29.06],[-89.29,29.07]]],[[[-89.21,29.06],[-89.21,29.07],[-89.21,29.05],[-89.21,29.06]]],[[[-89.28,29.08],[-89.28,29.07],[-89.26,29.07],[-89.28,29.08]]],[[[-89.16,29.06],[-89.16,29.06],[-89.16,29.06],[-89.16,29.06]]],[[[-89.28,29.08],[-89.28,29.07],[-89.27,29.07],[-89.28,29.08]]],[[[-89.21,29.06],[-89.21,29.07],[-89.21,29.07],[-89.21,29.06]]],[[[-89.27,29.08],[-89.28,29.08],[-89.27,29.07],[-89.27,29.08]]],[[[-89.17,29.07],[-89.17,29.06],[-89.16,29.06],[-89.17,29.07]]],[[[-89.15,29.06],[-89.16,29.06],[-89.14,29.06],[-89.15,29.06]]],[[[-89.15,29.07],[-89.15,29.07],[-89.15,29.07],[-89.15,29.07]]],[[[-89.14,29.07],[-89.15,29.07],[-89.14,29.06],[-89.14,29.07]]],[[[-89.17,29.07],[-89.17,29.07],[-89.17,29.07],[-89.17,29.07]]],[[[-89.15,29.07],[-89.16,29.07],[-89.16,29.07],[-89.15,29.07]]],[[[-89.19,29.07],[-89.2,29.07],[-89.19,29.07],[-89.19,29.07]]],[[[-89.26,29.08],[-89.26,29.06],[-89.25,29.08],[-89.26,29.08]]],[[[-89.14,29.07],[-89.13,29.07],[-89.13,29.07],[-89.14,29.07]]],[[[-89.13,29.07],[-89.13,29.07],[-89.13,29.07],[-89.13,29.07]]],[[[-89.18,29.08],[-89.18,29.08],[-89.18,29.07],[-89.18,29.08]]],[[[-89.28,29.09],[-89.34,29.02],[-89.27,29.08],[-89.28,29.09]]],[[[-89.25,29.09],[-89.26,29.08],[-89.26,29.08],[-89.25,29.09]]],[[[-89.17,29.08],[-89.18,29.08],[-89.17,29.07],[-89.17,29.08]]],[[[-89.17,29.07],[-89.17,29.08],[-89.17,29.07],[-89.17,29.07]]],[[[-89.16,29.08],[-89.16,29.07],[-89.15,29.07],[-89.16,29.08]]],[[[-89.14,29.08],[-89.14,29.08],[-89.14,29.07],[-89.14,29.08]]],[[[-89.23,29.09],[-89.23,29.08],[-89.22,29.06],[-89.23,29.09]]],[[[-89.12,29.08],[-89.12,29.07],[-89.12,29.07],[-89.12,29.08]]],[[[-89.13,29.08],[-89.14,29.08],[-89.12,29.07],[-89.13,29.08]]],[[[-89.13,29.08],[-89.13,29.08],[-89.13,29.08],[-89.13,29.08]]],[[[-89.16,29.09],[-89.16,29.07],[-89.16,29.08],[-89.16,29.09]]],[[[-89.15,29.09],[-89.16,29.09],[-89.14,29.08],[-89.15,29.09]]],[[[-89.16,29.09],[-89.16,29.09],[-89.16,29.08],[-89.16,29.09]]],[[[-89.22,29.1],[-89.23,29.1],[-89.22,29.09],[-89.22,29.1]]],[[[-89.16,29.09],[-89.16,29.09],[-89.16,29.09],[-89.16,29.09]]],[[[-89.28,29.1],[-89.27,29.11],[-89.3,29.07],[-89.28,29.1]]],[[[-89.17,29.1],[-89.18,29.09],[-89.17,29.09],[-89.17,29.1]]],[[[-89.17,29.1],[-89.18,29.1],[-89.18,29.09],[-89.17,29.1]]],[[[-89.18,29.1],[-89.18,29.1],[-89.18,29.1],[-89.18,29.1]]],[[[-89.11,29.09],[-89.12,29.09],[-89.11,29.08],[-89.11,29.09]]],[[[-89.21,29.11],[-89.22,29.09],[-89.22,29.08],[-89.21,29.11]]],[[[-89.18,29.1],[-89.19,29.1],[-89.18,29.1],[-89.18,29.1]]],[[[-89.27,29.12],[-89.27,29.12],[-89.27,29.11],[-89.27,29.12]]],[[[-89.19,29.11],[-89.19,29.11],[-89.19,29.1],[-89.19,29.11]]],[[[-89.17,29.1],[-89.18,29.11],[-89.16,29.09],[-89.17,29.1]]],[[[-89.07,29.09],[-89.07,29.08],[-89.06,29.07],[-89.07,29.09]]],[[[-89.27,29.12],[-89.27,29.12],[-89.27,29.12],[-89.27,29.12]]],[[[-89.11,29.1],[-89.13,29.1],[-89.11,29.09],[-89.11,29.1]]],[[[-89.11,29.1],[-89.1,29.07],[-89.09,29.07],[-89.11,29.1]]],[[[-89.12,29.11],[-89.12,29.1],[-89.12,29.1],[-89.12,29.11]]],[[[-89.21,29.12],[-89.21,29.12],[-89.21,29.11],[-89.21,29.12]]],[[[-89.14,29.11],[-89.15,29.11],[-89.14,29.11],[-89.14,29.11]]],[[[-89.22,29.12],[-89.23,29.11],[-89.23,29.11],[-89.22,29.12]]],[[[-89.13,29.11],[-89.14,29.1],[-89.13,29.11],[-89.13,29.11]]],[[[-89.08,29.11],[-89.07,29.1],[-89.07,29.1],[-89.08,29.11]]],[[[-89.17,29.12],[-89.16,29.11],[-89.15,29.11],[-89.17,29.12]]],[[[-89.21,29.12],[-89.21,29.13],[-89.22,29.12],[-89.21,29.12]]],[[[-89.2,29.12],[-89.21,29.13],[-89.18,29.09],[-89.2,29.12]]],[[[-89.22,29.12],[-89.22,29.13],[-89.22,29.12],[-89.22,29.12]]],[[[-89.2,29.13],[-89.2,29.12],[-89.18,29.11],[-89.2,29.13]]],[[[-89.07,29.11],[-89.07,29.11],[-89.07,29.11],[-89.07,29.11]]],[[[-89.07,29.11],[-89.07,29.11],[-89.07,29.11],[-89.07,29.11]]],[[[-89.21,29.13],[-89.22,29.13],[-89.22,29.12],[-89.21,29.13]]],[[[-89.11,29.11],[-89.11,29.12],[-89.11,29.11],[-89.11,29.11]]],[[[-89.07,29.12],[-89.08,29.12],[-89.07,29.11],[-89.07,29.12]]],[[[-89.14,29.12],[-89.15,29.12],[-89.12,29.11],[-89.14,29.12]]],[[[-89.08,29.12],[-89.08,29.12],[-89.07,29.12],[-89.08,29.12]]],[[[-89.07,29.12],[-89.07,29.12],[-89.06,29.12],[-89.07,29.12]]],[[[-89.06,29.12],[-89.07,29.12],[-89.07,29.11],[-89.06,29.12]]],[[[-89.24,29.13],[-89.27,29.08],[-89.23,29.09],[-89.24,29.13]]],[[[-89.05,29.12],[-89.07,29.11],[-89.06,29.08],[-89.05,29.12]]],[[[-89.13,29.13],[-89.13,29.13],[-89.11,29.12],[-89.13,29.13]]],[[[-89.11,29.13],[-89.12,29.13],[-89.08,29.11],[-89.11,29.13]]],[[[-89.2,29.14],[-89.21,29.14],[-89.21,29.13],[-89.2,29.14]]],[[[-89.07,29.12],[-89.07,29.13],[-89.07,29.12],[-89.07,29.12]]],[[[-89.24,29.14],[-89.17,29.03],[-89.22,29.14],[-89.24,29.14]]],[[[-89.07,29.12],[-89.08,29.13],[-89.07,29.12],[-89.07,29.12]]],[[[-89.19,29.14],[-89.2,29.14],[-89.2,29.13],[-89.19,29.14]]],[[[-89.18,29.14],[-89.21,29.13],[-89.16,29.1],[-89.18,29.14]]],[[[-89.14,29.13],[-89.15,29.14],[-89.13,29.13],[-89.14,29.13]]],[[[-89.08,29.13],[-89.09,29.13],[-89.08,29.12],[-89.08,29.13]]],[[[-89.15,29.14],[-89.15,29.14],[-89.15,29.14],[-89.15,29.14]]],[[[-89.04,29.13],[-89.04,29.12],[-89.04,29.12],[-89.04,29.13]]],[[[-89.14,29.14],[-89.13,29.14],[-89.13,29.14],[-89.14,29.14]]],[[[-89.05,29.13],[-89.07,29.12],[-89.06,29.12],[-89.05,29.13]]],[[[-89.15,29.14],[-89.15,29.14],[-89.15,29.14],[-89.15,29.14]]],[[[-89.13,29.14],[-89.13,29.14],[-89.12,29.14],[-89.13,29.14]]],[[[-89.11,29.14],[-89.14,29.13],[-89.09,29.13],[-89.11,29.14]]],[[[-89.07,29.14],[-89.07,29.13],[-89.07,29.13],[-89.07,29.14]]],[[[-89.16,29.14],[-89.17,29.15],[-89.16,29.14],[-89.16,29.14]]],[[[-89.14,29.14],[-89.15,29.14],[-89.14,29.14],[-89.14,29.14]]],[[[-89.07,29.14],[-89.08,29.14],[-89.07,29.13],[-89.07,29.14]]],[[[-89.18,29.15],[-89.18,29.15],[-89.17,29.15],[-89.18,29.15]]],[[[-89.04,29.13],[-89.04,29.13],[-89.05,29.13],[-89.04,29.13]]],[[[-89.12,29.14],[-89.13,29.14],[-89.12,29.14],[-89.12,29.14]]],[[[-89.03,29.13],[-89.06,29.12],[-89.05,29.12],[-89.03,29.13]]],[[[-89.11,29.14],[-89.11,29.14],[-89.11,29.14],[-89.11,29.14]]],[[[-89.14,29.15],[-89.14,29.15],[-89.14,29.15],[-89.14,29.15]]],[[[-89.15,29.15],[-89.15,29.15],[-89.14,29.15],[-89.15,29.15]]],[[[-89.12,29.15],[-89.12,29.15],[-89.12,29.15],[-89.12,29.15]]],[[[-89.16,29.16],[-89.18,29.15],[-89.15,29.15],[-89.16,29.16]]],[[[-89.08,29.15],[-89.08,29.15],[-89.08,29.13],[-89.08,29.15]]],[[[-89.11,29.15],[-89.11,29.15],[-89.11,29.15],[-89.11,29.15]]],[[[-89.03,29.14],[-89.04,29.14],[-89.03,29.14],[-89.03,29.14]]],[[[-89.13,29.16],[-89.13,29.15],[-89.11,29.15],[-89.13,29.16]]],[[[-89.11,29.15],[-89.11,29.16],[-89.11,29.15],[-89.11,29.15]]],[[[-89.14,29.16],[-89.15,29.15],[-89.13,29.15],[-89.14,29.16]]],[[[-89.14,29.17],[-89.16,29.16],[-89.15,29.15],[-89.14,29.17]]],[[[-89.13,29.17],[-89.14,29.17],[-89.13,29.16],[-89.13,29.17]]],[[[-89.11,29.17],[-89.13,29.17],[-89.12,29.15],[-89.11,29.17]]],[[[-89.95,29.26],[-90.01,29.24],[-90.04,29.2],[-89.95,29.26]]],[[[-89.12,29.18],[-89.14,29.17],[-89.14,29.17],[-89.12,29.18]]],[[[-89.06,29.17],[-89.06,29.17],[-89.06,29.17],[-89.06,29.17]]],[[[-89.13,29.18],[-89.14,29.18],[-89.14,29.17],[-89.13,29.18]]],[[[-89.04,29.16],[-89.05,29.17],[-89.06,29.16],[-89.04,29.16]]],[[[-89.01,29.17],[-89.02,29.17],[-89.01,29.16],[-89.01,29.17]]],[[[-89.01,29.17],[-89.01,29.17],[-89.01,29.16],[-89.01,29.17]]],[[[-89.13,29.18],[-89.13,29.19],[-89.13,29.19],[-89.13,29.18]]],[[[-89.11,29.19],[-89.12,29.18],[-89.12,29.18],[-89.11,29.19]]],[[[-89.02,29.17],[-89.02,29.18],[-89.04,29.17],[-89.02,29.17]]],[[[-89.13,29.19],[-89.13,29.19],[-89.13,29.19],[-89.13,29.19]]],[[[-89.13,29.19],[-89.14,29.19],[-89.13,29.19],[-89.13,29.19]]],[[[-89.07,29.18],[-89.11,29.17],[-89.08,29.15],[-89.07,29.18]]],[[[-89.09,29.19],[-89.09,29.19],[-89.11,29.18],[-89.09,29.19]]],[[[-89.05,29.19],[-89.07,29.18],[-89.02,29.18],[-89.05,29.19]]],[[[-89.13,29.19],[-89.12,29.19],[-89.13,29.19],[-89.13,29.19]]],[[[-89.1,29.19],[-89.1,29.19],[-89.1,29.19],[-89.1,29.19]]],[[[-89.13,29.2],[-89.13,29.2],[-89.13,29.19],[-89.13,29.2]]],[[[-89.09,29.2],[-89.09,29.19],[-89.09,29.2],[-89.09,29.2]]],[[[-89.01,29.19],[-89.02,29.18],[-89.01,29.18],[-89.01,29.19]]],[[[-89.13,29.2],[-89.13,29.2],[-89.12,29.2],[-89.13,29.2]]],[[[-89.09,29.2],[-89.1,29.19],[-89.1,29.19],[-89.09,29.2]]],[[[-89.05,29.2],[-89.07,29.2],[-89.09,29.19],[-89.05,29.2]]],[[[-89.04,29.19],[-89.04,29.2],[-89.03,29.19],[-89.04,29.19]]],[[[-89.02,29.2],[-89.02,29.2],[-89.04,29.2],[-89.02,29.2]]],[[[-89.02,29.2],[-89.03,29.19],[-89.02,29.18],[-89.02,29.2]]],[[[-89.12,29.21],[-89.13,29.21],[-89.12,29.21],[-89.12,29.21]]],[[[-89.04,29.2],[-89.03,29.21],[-89.04,29.21],[-89.04,29.2]]],[[[-89.03,29.2],[-89.02,29.21],[-89.04,29.2],[-89.03,29.2]]],[[[-89.04,29.21],[-89.05,29.2],[-89.03,29.21],[-89.04,29.21]]],[[[-89.03,29.21],[-89.03,29.21],[-89.03,29.21],[-89.03,29.21]]],[[[-89.03,29.22],[-89.03,29.21],[-89.03,29.21],[-89.03,29.22]]],[[[-89.03,29.22],[-89.02,29.22],[-89.02,29.22],[-89.03,29.22]]],[[[-89.02,29.21],[-89.03,29.22],[-89.03,29.22],[-89.02,29.21]]],[[[-89.13,29.23],[-89.27,29.19],[-89.21,29.15],[-89.13,29.23]]],[[[-89.13,29.25],[-89.17,29.23],[-89.13,29.24],[-89.13,29.25]]],[[[-89.35,29.27],[-89.34,29.19],[-89.27,29.12],[-89.35,29.27]]],[[[-89.14,29.28],[-89.2,29.22],[-89.13,29.25],[-89.14,29.28]]],[[[-89.18,29.33],[-89.26,29.2],[-89.14,29.29],[-89.18,29.33]]],[[[-89.2,29.35],[-89.24,29.31],[-89.24,29.25],[-89.2,29.35]]],[[[-92.03,29.63],[-92.13,29.58],[-92.05,29.58],[-92.03,29.63]]],[[[-91.9,29.64],[-92.04,29.58],[-91.82,29.47],[-91.7,29.57],[-91.9,29.64]]],[[[-90.06,29.47],[-90,29.43],[-90,29.46],[-90.06,29.47]]],[[[-90.08,29.51],[-90.13,29.49],[-90.05,29.48],[-90.08,29.51]]],[[[-89.43,29.74],[-89.45,29.75],[-89.42,29.73],[-89.43,29.74]]],[[[-88.88,29.73],[-88.87,29.75],[-88.89,29.72],[-88.88,29.73]]],[[[-88.86,29.78],[-88.87,29.77],[-88.87,29.75],[-88.86,29.78]]],[[[-88.86,29.86],[-88.86,29.86],[-88.86,29.85],[-88.86,29.86]]],[[[-88.86,29.86],[-88.86,29.86],[-88.87,29.86],[-88.86,29.86]]],[[[-88.91,29.87],[-88.92,29.86],[-88.9,29.87],[-88.91,29.87]]],[[[-88.91,29.87],[-88.9,29.88],[-88.91,29.88],[-88.91,29.87]]],[[[-88.9,29.88],[-88.9,29.88],[-88.89,29.88],[-88.9,29.88]]],[[[-88.88,29.9],[-88.9,29.88],[-88.88,29.87],[-88.88,29.9]]],[[[-88.88,30.05],[-88.85,29.78],[-88.82,29.93],[-88.88,30.05]]],[[[-89.53,30.18],[-89.62,30.16],[-89.59,30.15],[-89.53,30.18]]],[[[-89.55,37.3],[-89.8,37.3],[-89.81,37.23],[-90.2,37.03],[-90.29,36.83],[-90.75,36.5],[-91.4,35.73],[-91.53,35.71],[-91.4,35.51],[-91.44,35.43],[-91.91,35.08],[-92.02,35.08],[-92,34.98],[-92.27,34.76],[-91.99,34.1],[-91.66,33.86],[-91.52,33.57],[-91.71,32.97],[-91.93,32.88],[-92.17,32.66],[-92.14,32.21],[-91.82,31.83],[-92.17,31.47],[-92.15,31.21],[-92.07,31.21],[-92.03,31.06],[-92.15,31.01],[-92.01,30.77],[-92.07,30.45],[-91.98,30.41],[-91.98,30.18],[-91.64,29.88],[-91.92,29.95],[-92.11,29.75],[-91.83,29.83],[-91.88,29.71],[-91.62,29.74],[-91.66,29.63],[-91.55,29.63],[-91.55,29.52],[-91.41,29.55],[-91.29,29.48],[-91.26,29.55],[-91.12,29.26],[-91.23,29.37],[-91.33,29.3],[-90.86,29.09],[-90.69,29.12],[-90.66,29.24],[-90.55,29.2],[-90.61,29.32],[-90.48,29.28],[-90.44,29.35],[-90.4,29.26],[-90.35,29.34],[-90.24,29.23],[-90.23,29.09],[-90.05,29.19],[-90.14,29.32],[-90.04,29.3],[-90.06,29.45],[-90.23,29.5],[-90.17,29.58],[-89.98,29.46],[-89.86,29.49],[-89.77,29.4],[-89.83,29.31],[-89.64,29.33],[-89.42,29.14],[-89.35,29.17],[-89.36,29.29],[-89.27,29.2],[-89.24,29.25],[-89.28,29.36],[-89.56,29.39],[-89.52,29.46],[-89.69,29.52],[-89.72,29.61],[-89.64,29.68],[-89.49,29.62],[-89.65,29.75],[-89.43,29.68],[-89.47,29.78],[-89.27,29.76],[-89.42,29.82],[-89.34,29.89],[-89.48,30.08],[-89.61,29.87],[-89.84,29.95],[-89.84,30.03],[-89.72,30.03],[-89.61,30.19],[-90.17,30.41],[-90.41,30.42],[-90.58,30.32],[-90.84,30.31],[-90.8,30.2],[-90.95,30.16],[-91.01,30.32],[-91.18,30.41],[-91.3,30.69],[-91.57,30.94],[-91.54,31.11],[-91.35,31.34],[-91.45,31.38],[-91.36,31.68],[-90.96,32.11],[-90.78,32.52],[-90.58,32.62],[-90.25,33.03],[-90.06,33.5],[-90.01,33.76],[-90.08,34.2],[-90.03,34.32],[-90.22,34.63],[-90.04,35.19],[-90.08,35.3],[-89.83,35.6],[-89.89,35.61],[-89.43,35.97],[-89.5,36.06],[-89.37,36.18],[-89.42,36.27],[-89.31,36.47],[-89.1,36.6],[-89.06,36.93],[-89.18,37.03],[-89.11,37.13],[-89.25,37.11],[-89.33,37.19],[-89.64,37.05],[-89.7,37.15],[-89.49,37.25],[-89.55,37.3]],[[-89.91,37.08],[-89.81,37.08],[-89.87,36.95],[-89.82,36.91],[-90.04,36.68],[-90.05,36.49],[-90.43,36.17],[-90.67,35.82],[-90.71,34.88],[-90.82,35.08],[-90.68,35.71],[-90.84,35.84],[-90.61,36.2],[-90.11,36.52],[-90.04,36.79],[-90.09,36.9],[-90.2,36.87],[-90.21,36.94],[-89.91,37.08]],[[-90.61,34.5],[-90.72,34.61],[-90.72,34.77],[-90.61,34.5]],[[-91.89,32.85],[-91.78,32.89],[-92.01,32.54],[-92.03,32.65],[-91.89,32.85]],[[-91.74,31.88],[-91.71,31.84],[-91.77,31.79],[-91.74,31.88]]]]}},{"type":"Feature","properties":{"code":"8.5.3","name":"Southern Coastal Plain"},"geometry":{"type":"MultiPolygon","coordinates":[[[[-81.86,26.38],[-81.86,26.36],[-81.85,26.36],[-81.86,26.38]]],[[[-81.86,26.39],[-81.87,26.39],[-81.86,26.39],[-81.86,26.39]]],[[[-81.87,26.41],[-81.89,26.4],[-81.86,26.38],[-81.87,26.41]]],[[[-81.97,26.47],[-81.88,26.4],[-81.9,26.43],[-81.97,26.47]]],[[[-81.95,26.47],[-81.95,26.46],[-81.94,26.46],[-81.95,26.47]]],[[[-82.06,26.5],[-82.07,26.5],[-82.06,26.49],[-82.06,26.5]]],[[[-82,26.49],[-82,26.49],[-81.99,26.49],[-82,26.49]]],[[[-82.19,26.54],[-82.13,26.44],[-82.01,26.45],[-82.18,26.48],[-82.19,26.54]]],[[[-82.22,26.6],[-82.22,26.59],[-82.2,26.56],[-82.22,26.6]]],[[[-82.07,26.63],[-82.07,26.63],[-82.07,26.63],[-82.07,26.63]]],[[[-82.07,26.63],[-82.07,26.63],[-82.07,26.63],[-82.07,26.63]]],[[[-82.08,26.64],[-82.07,26.62],[-82.07,26.63],[-82.08,26.64]]],[[[-82.25,26.71],[-82.26,26.68],[-82.22,26.61],[-82.25,26.71]]],[[[-82.12,26.7],[-82.18,26.68],[-82.06,26.49],[-82.12,26.7]]],[[[-82.16,26.71],[-82.18,26.7],[-82.15,26.7],[-82.16,26.71]]],[[[-82.26,26.76],[-82.26,26.76],[-82.25,26.75],[-82.26,26.76]]],[[[-82.25,26.77],[-82.26,26.76],[-82.25,26.76],[-82.25,26.77]]],[[[-82.28,26.81],[-82.26,26.72],[-82.25,26.75],[-82.28,26.81]]],[[[-82.35,26.93],[-82.36,26.93],[-82.36,26.93],[-82.35,26.93]]],[[[-82.51,27.21],[-82.47,27.11],[-82.47,27.14],[-82.51,27.21]]],[[[-82.55,27.3],[-82.57,27.28],[-82.51,27.21],[-82.55,27.3]]],[[[-82.56,27.31],[-82.56,27.32],[-82.56,27.32],[-82.56,27.31]]],[[[-82.56,27.31],[-82.56,27.32],[-82.56,27.32],[-82.56,27.31]]],[[[-82.56,27.32],[-82.56,27.32],[-82.56,27.32],[-82.56,27.32]]],[[[-82.56,27.32],[-82.56,27.32],[-82.56,27.32],[-82.56,27.32]]],[[[-82.56,27.33],[-82.56,27.33],[-82.56,27.32],[-82.56,27.33]]],[[[-82.57,27.34],[-82.59,27.32],[-82.57,27.3],[-82.57,27.34]]],[[[-82.69,27.44],[-82.59,27.33],[-82.62,27.38],[-82.69,27.44]]],[[[-82.73,27.53],[-82.69,27.44],[-82.71,27.52],[-82.73,27.53]]],[[[-82.61,27.54],[-82.65,27.53],[-82.62,27.52],[-82.61,27.54]]],[[[-82.76,27.58],[-82.76,27.6],[-82.77,27.59],[-82.76,27.58]]],[[[-82.71,27.65],[-82.74,27.64],[-82.74,27.61],[-82.71,27.65]]],[[[-80.19,27.18],[-80.19,27.18],[-80.19,27.18],[-80.19,27.18]]],[[[-82.72,27.69],[-82.73,27.67],[-82.72,27.65],[-82.72,27.69]]],[[[-82.73,27.71],[-82.73,27.69],[-82.73,27.7],[-82.73,27.71]]],[[[-82.71,27.71],[-82.7,27.71],[-82.71,27.71],[-82.71,27.71]]],[[[-82.71,27.7],[-82.71,27.72],[-82.72,27.71],[-82.71,27.7]]],[[[-82.7,27.71],[-82.7,27.71],[-82.69,27.71],[-82.7,27.71]]],[[[-82.7,27.71],[-82.7,27.72],[-82.71,27.72],[-82.7,27.71]]],[[[-82.73,27.72],[-82.73,27.72],[-82.73,27.72],[-82.73,27.72]]],[[[-82.74,27.75],[-82.74,27.75],[-82.73,27.74],[-82.74,27.75]]],[[[-82.75,27.75],[-82.75,27.75],[-82.75,27.75],[-82.75,27.75]]],[[[-82.73,27.71],[-82.76,27.76],[-82.74,27.68],[-82.73,27.71]]],[[[-82.63,27.74],[-82.64,27.74],[-82.63,27.72],[-82.63,27.74]]],[[[-82.76,27.77],[-82.76,27.77],[-82.76,27.76],[-82.76,27.77]]],[[[-82.75,27.77],[-82.75,27.75],[-82.75,27.76],[-82.75,27.77]]],[[[-82.77,27.79],[-82.78,27.78],[-82.76,27.74],[-82.77,27.79]]],[[[-82.62,27.79],[-82.61,27.79],[-82.62,27.79],[-82.62,27.79]]],[[[-82.6,27.82],[-82.59,27.82],[-82.6,27.82],[-82.6,27.82]]],[[[-82.83,27.91],[-82.83,27.91],[-82.83,27.9],[-82.83,27.91]]],[[[-82.84,27.92],[-82.83,27.92],[-82.84,27.92],[-82.84,27.92]]],[[[-82.83,27.92],[-82.83,27.92],[-82.83,27.91],[-82.83,27.92]]],[[[-82.82,27.92],[-82.82,27.93],[-82.83,27.93],[-82.82,27.92]]],[[[-82.84,27.93],[-82.84,27.92],[-82.84,27.93],[-82.84,27.93]]],[[[-82.82,27.93],[-82.82,27.93],[-82.82,27.93],[-82.82,27.93]]],[[[-82.84,27.93],[-82.84,27.94],[-82.84,27.94],[-82.84,27.93]]],[[[-80.29,27.47],[-80.32,27.46],[-80.16,27.17],[-80.29,27.47]]],[[[-80.31,27.48],[-80.32,27.47],[-80.32,27.47],[-80.31,27.48]]],[[[-82.83,27.97],[-82.85,27.86],[-82.78,27.78],[-82.83,27.97]]],[[[-82.82,27.99],[-82.82,27.98],[-82.81,27.97],[-82.82,27.99]]],[[[-82.82,27.99],[-82.82,27.99],[-82.82,27.99],[-82.82,27.99]]],[[[-82.82,27.99],[-82.82,28],[-82.82,27.99],[-82.82,27.99]]],[[[-82.82,27.99],[-82.82,27.99],[-82.82,28],[-82.82,27.99]]],[[[-82.83,27.99],[-82.83,28.01],[-82.82,27.96],[-82.83,27.99]]],[[[-82.82,28.05],[-82.83,28.02],[-82.82,28.01],[-82.82,28.05]]],[[[-82.79,28.05],[-82.79,28.05],[-82.79,28.05],[-82.79,28.05]]],[[[-82.8,28.05],[-82.81,28.06],[-82.8,28.05],[-82.8,28.05]]],[[[-82.83,28.08],[-82.83,28.06],[-82.82,28.05],[-82.83,28.08]]],[[[-82.8,28.15],[-82.8,28.15],[-82.8,28.15],[-82.8,28.15]]],[[[-82.8,28.15],[-82.81,28.16],[-82.81,28.15],[-82.8,28.15]]],[[[-80.39,27.71],[-80.39,27.72],[-80.4,27.72],[-80.39,27.71]]],[[[-80.41,27.75],[-80.41,27.74],[-80.4,27.72],[-80.41,27.75]]],[[[-80.42,27.76],[-80.42,27.76],[-80.41,27.75],[-80.42,27.76]]],[[[-80.45,27.86],[-80.33,27.5],[-80.29,27.47],[-80.45,27.86]]],[[[-80.47,27.87],[-80.47,27.88],[-80.47,27.87],[-80.47,27.87]]],[[[-82.66,28.73],[-82.67,28.71],[-82.65,28.73],[-82.66,28.73]]],[[[-80.65,28.36],[-80.66,28.36],[-80.65,28.36],[-80.65,28.36]]],[[[-80.62,28.36],[-80.64,28.36],[-80.62,28.36],[-80.62,28.36]]],[[[-82.65,28.78],[-82.69,28.76],[-82.64,28.76],[-82.65,28.78]]],[[[-80.66,28.41],[-80.73,28.4],[-80.6,28.14],[-80.66,28.41]]],[[[-82.67,28.8],[-82.69,28.79],[-82.67,28.79],[-82.67,28.8]]],[[[-82.65,28.79],[-82.7,28.77],[-82.64,28.78],[-82.65,28.79]]],[[[-80.59,28.41],[-80.64,28.41],[-80.61,28.17],[-80.46,27.86],[-80.59,28.19],[-80.59,28.41]]],[[[-82.65,28.82],[-82.69,28.8],[-82.65,28.8],[-82.65,28.82]]],[[[-82.64,28.85],[-82.67,28.84],[-82.66,28.82],[-82.64,28.85]]],[[[-82.67,28.86],[-82.72,28.83],[-82.67,28.82],[-82.67,28.86]]],[[[-82.67,28.87],[-82.67,28.87],[-82.66,28.87],[-82.67,28.87]]],[[[-82.66,28.89],[-82.64,28.85],[-82.64,28.88],[-82.66,28.89]]],[[[-83.06,29.1],[-83.08,29.1],[-83.07,29.1],[-83.06,29.1]]],[[[-83.03,29.1],[-83.04,29.1],[-83.03,29.1],[-83.03,29.1]]],[[[-83.03,29.1],[-83.03,29.1],[-83.03,29.1],[-83.03,29.1]]],[[[-83.04,29.14],[-83.06,29.13],[-83.05,29.13],[-83.04,29.14]]],[[[-83.03,29.15],[-83.04,29.14],[-83.03,29.14],[-83.03,29.15]]],[[[-83.05,29.16],[-83.05,29.14],[-83.03,29.14],[-83.05,29.16]]],[[[-83.03,29.16],[-83.03,29.16],[-83.03,29.15],[-83.03,29.16]]],[[[-83.13,29.32],[-83.16,29.29],[-83.11,29.28],[-83.13,29.32]]],[[[-85.11,29.69],[-85.22,29.68],[-85.12,29.63],[-85.11,29.69]]],[[[-88.95,30.21],[-88.94,30.22],[-88.99,30.21],[-88.95,30.21]]],[[[-89.07,30.24],[-89.15,30.23],[-89.1,30.2],[-89.07,30.24]]],[[[-80.92,29.01],[-80.91,29.01],[-80.92,29.02],[-80.92,29.01]]],[[[-88.92,30.22],[-88.86,30.25],[-88.93,30.22],[-88.92,30.22]]],[[[-88.41,30.21],[-88.51,30.21],[-88.46,30.2],[-88.41,30.21]]],[[[-80.91,29.02],[-80.92,29.03],[-80.91,29.01],[-80.91,29.02]]],[[[-88.69,30.25],[-88.78,30.24],[-88.56,30.23],[-88.69,30.25]]],[[[-84.71,29.75],[-85,29.6],[-85.1,29.62],[-85,29.6],[-84.71,29.75]]],[[[-88.12,30.27],[-88.31,30.23],[-88.07,30.25],[-88.12,30.27]]],[[[-80.98,29.15],[-80.98,29.15],[-80.98,29.14],[-80.98,29.15]]],[[[-88.57,30.34],[-88.58,30.34],[-88.57,30.33],[-88.57,30.34]]],[[[-84.57,29.83],[-84.67,29.78],[-84.58,29.81],[-84.57,29.83]]],[[[-88.25,30.34],[-88.26,30.37],[-88.26,30.32],[-88.25,30.34]]],[[[-87.46,30.3],[-87.5,30.3],[-87.54,30.28],[-87.46,30.3]]],[[[-85.62,30.07],[-85.63,30.07],[-85.63,30.07],[-85.62,30.07]]],[[[-87.31,30.33],[-87.44,30.31],[-87.55,30.28],[-87.31,30.33]]],[[[-86.53,30.39],[-86.76,30.4],[-87.3,30.33],[-86.53,30.39]]],[[[-81.27,29.9],[-81.31,29.86],[-81.23,29.71],[-81.27,29.9]]],[[[-81.5,30.82],[-81.52,30.81],[-81.5,30.79],[-81.5,30.82]]],[[[-81.51,30.83],[-81.52,30.84],[-81.53,30.83],[-81.51,30.83]]],[[[-81.46,30.97],[-81.51,30.96],[-81.5,30.92],[-81.46,30.97]]],[[[-81.4,30.96],[-81.51,30.88],[-81.46,30.71],[-81.4,30.96]]],[[[-81.4,31.06],[-81.41,31.12],[-81.43,31.01],[-81.4,31.06]]],[[[-81.42,31.17],[-81.42,31.18],[-81.43,31.16],[-81.42,31.17]]],[[[-81.39,31.24],[-81.42,31.25],[-81.42,31.19],[-81.39,31.24]]],[[[-81.31,31.3],[-81.39,31.31],[-81.41,31.14],[-81.26,31.26],[-81.31,31.3]]],[[[-81.29,31.37],[-81.32,31.33],[-81.25,31.32],[-81.29,31.37]]],[[[-81.32,31.43],[-81.33,31.46],[-81.34,31.45],[-81.32,31.43]]],[[[-81.29,31.48],[-81.33,31.48],[-81.31,31.45],[-81.29,31.48]]],[[[-81.19,31.53],[-81.29,31.49],[-81.28,31.38],[-81.19,31.53]]],[[[-81.11,31.85],[-81.18,31.82],[-81.14,31.72],[-81.04,31.81],[-81.11,31.85]]],[[[-80.84,32.13],[-80.89,32.13],[-80.9,32.09],[-80.84,32.13]]],[[[-80.75,32.27],[-80.79,32.22],[-80.75,32.24],[-80.75,32.27]]],[[[-80.72,32.27],[-80.82,32.11],[-80.67,32.22],[-80.72,32.27]]],[[[-80.68,32.36],[-80.74,32.35],[-80.66,32.29],[-80.68,32.36]]],[[[-80.44,32.36],[-80.47,32.38],[-80.58,32.27],[-80.44,32.36]]],[[[-80.43,32.4],[-80.43,32.4],[-80.43,32.4],[-80.43,32.4]]],[[[-80.44,32.41],[-80.46,32.39],[-80.46,32.37],[-80.44,32.41]]],[[[-80.55,32.48],[-80.69,32.49],[-80.64,32.26],[-80.46,32.4],[-80.55,32.48]]],[[[-80.74,32.54],[-80.81,32.47],[-80.74,32.35],[-80.66,32.44],[-80.74,32.54]]],[[[-80.5,32.48],[-80.55,32.49],[-80.54,32.46],[-80.5,32.48]]],[[[-79.89,32.69],[-79.9,32.7],[-79.98,32.64],[-79.89,32.69]]],[[[-79.81,32.77],[-79.87,32.77],[-79.85,32.75],[-79.81,32.77]]],[[[-79.73,32.83],[-79.81,32.78],[-79.73,32.8],[-79.73,32.83]]],[[[-79.7,32.85],[-79.73,32.85],[-79.73,32.83],[-79.7,32.85]]],[[[-79.48,33.03],[-79.51,33.03],[-79.48,33.01],[-79.48,33.03]]],[[[-79.4,33.01],[-79.37,33.01],[-79.4,33.02],[-79.4,33.01]]],[[[-79.39,33.05],[-79.41,33.05],[-79.36,33.03],[-79.39,33.05]]],[[[-79.34,33.05],[-79.33,33.08],[-79.36,33.01],[-79.34,33.05]]],[[[-79.03,33.54],[-79,33.58],[-79.29,33.49],[-79.43,33.36],[-79.32,33.29],[-79.72,32.95],[-79.88,32.93],[-79.82,33.1],[-79.98,33.15],[-79.95,32.95],[-80.05,32.97],[-80.05,32.89],[-80.15,32.93],[-80.08,32.84],[-80.21,32.74],[-80.39,32.69],[-80.55,32.78],[-80.62,32.65],[-80.7,32.73],[-80.79,32.69],[-80.69,32.55],[-80.85,32.63],[-80.85,32.57],[-80.94,32.59],[-80.88,32.49],[-80.94,32.29],[-80.86,32.25],[-81.01,32.16],[-81.11,32.26],[-81.14,32.5],[-81.32,32.63],[-81.43,32.89],[-81.55,32.68],[-81.5,32.65],[-81.57,32.43],[-81.81,32.21],[-81.8,32.09],[-81.98,32.08],[-81.95,32.16],[-82.05,32.17],[-82.03,31.97],[-81.95,31.94],[-81.99,32.02],[-81.92,32.04],[-81.86,31.98],[-81.95,31.72],[-82.07,31.8],[-82.35,31.8],[-82.38,31.88],[-82.69,31.84],[-82.82,31.73],[-82.82,31.6],[-82.73,31.61],[-82.75,31.41],[-82.96,31.33],[-82.99,31.43],[-83.26,31.34],[-83.26,31.17],[-83.12,31.09],[-83.26,30.86],[-83.17,30.8],[-83.1,30.84],[-83.06,30.6],[-82.57,30.19],[-82.51,29.95],[-82.6,29.85],[-83.22,30.04],[-83.32,30.11],[-83.39,30.41],[-83.58,30.36],[-83.61,30.51],[-83.82,30.55],[-83.84,30.35],[-84.27,30.4],[-84.4,30.5],[-84.88,30.28],[-85.34,30.42],[-85.68,30.37],[-85.85,30.48],[-85.87,30.69],[-85.92,30.56],[-86.5,30.57],[-86.8,30.47],[-86.96,30.51],[-86.84,30.63],[-87.17,30.6],[-87.26,30.69],[-87.23,30.55],[-87.36,30.5],[-87.45,30.56],[-87.45,30.41],[-87.68,30.31],[-87.89,30.46],[-87.86,31.07],[-87.91,31.13],[-88.01,31.08],[-88.25,30.44],[-88.35,30.44],[-88.72,30.84],[-88.77,30.79],[-88.64,30.62],[-88.71,30.51],[-89.1,30.52],[-89.23,30.41],[-89.57,30.45],[-89.8,30.63],[-89.8,30.78],[-89.9,30.5],[-90.35,30.55],[-90.51,30.75],[-90.7,30.58],[-90.51,30.41],[-90.17,30.41],[-89.7,30.19],[-89.46,30.17],[-89.32,30.31],[-89.35,30.37],[-89.28,30.3],[-88.85,30.44],[-88.73,30.34],[-88.48,30.32],[-88.36,30.41],[-88.13,30.34],[-88,30.78],[-87.91,30.41],[-87.75,30.28],[-88.03,30.22],[-87.56,30.27],[-87.4,30.42],[-87.44,30.5],[-87.34,30.43],[-87.5,30.31],[-87.27,30.34],[-87.35,30.36],[-87.18,30.43],[-87.19,30.58],[-87.09,30.44],[-86.99,30.58],[-87.02,30.5],[-86.87,30.44],[-87.18,30.34],[-86.6,30.4],[-86.5,30.52],[-86.42,30.45],[-86.2,30.5],[-86.12,30.38],[-86.51,30.39],[-86.1,30.31],[-85.73,30.12],[-85.74,30.22],[-85.85,30.28],[-85.61,30.28],[-85.73,30.18],[-85.39,30.05],[-85.47,30.02],[-85.69,30.12],[-85.32,29.84],[-85.36,29.68],[-85.42,29.84],[-85.35,29.65],[-84.99,29.71],[-84.85,29.82],[-84.89,29.72],[-84.51,29.92],[-84.35,29.9],[-84.45,29.98],[-84.34,29.97],[-84.39,30],[-84.34,30.07],[-84,30.11],[-83.4,29.67],[-83.4,29.52],[-83.22,29.43],[-83.05,29.17],[-82.8,29.17],[-82.73,29],[-82.78,28.94],[-82.64,28.89],[-82.67,28.43],[-82.85,27.87],[-82.68,27.69],[-82.58,27.88],[-82.73,27.93],[-82.7,28.04],[-82.53,27.94],[-82.53,27.83],[-82.47,27.82],[-82.49,27.92],[-82.41,27.95],[-82.39,27.77],[-82.69,27.47],[-82.57,27.4],[-82.28,26.82],[-82.15,26.78],[-82.21,26.96],[-82.06,26.95],[-82.04,26.53],[-81.78,26.71],[-82.01,26.49],[-81.85,26.44],[-81.79,26.1],[-81.77,26.52],[-81.56,26.41],[-81.55,26.26],[-81.36,26.32],[-81.17,26.26],[-81.21,26.42],[-81.08,26.42],[-80.97,26.31],[-80.92,26.38],[-80.98,26.6],[-81.18,26.85],[-80.83,27.2],[-80.71,27.16],[-80.31,26.68],[-80.14,26.7],[-80.05,26.86],[-80.16,27.16],[-80.32,27.24],[-80.19,27.17],[-80.82,28.65],[-80.73,28.6],[-80.72,28.41],[-80.59,28.58],[-80.64,28.41],[-80.53,28.45],[-80.57,28.59],[-80.92,29.07],[-80.64,28.66],[-80.75,28.74],[-80.82,28.65],[-80.85,28.8],[-80.75,28.74],[-81.1,29.35],[-81.1,29.41],[-80.92,29.08],[-81.37,30.03],[-81.29,29.91],[-81.46,30.51],[-81.43,30.7],[-81.53,30.83],[-81.47,30.92],[-81.52,30.97],[-81.43,31.05],[-81.48,31.11],[-81.43,31.3],[-81.37,31.32],[-81.44,31.34],[-81.33,31.33],[-81.3,31.54],[-81.13,31.63],[-81.27,31.79],[-81.16,31.73],[-81.14,31.86],[-80.99,31.86],[-80.93,31.91],[-81.03,31.93],[-80.85,31.99],[-80.91,32.08],[-80.76,32.28],[-80.86,32.53],[-80.41,32.47],[-79.99,32.61],[-79.87,32.73],[-79.93,32.8],[-79.76,32.81],[-79.58,32.91],[-79.56,33.02],[-79.45,33.07],[-79.49,33],[-79.41,33.01],[-79.45,33.06],[-79.19,33.17],[-79.29,33.34],[-79.17,33.21],[-79.03,33.54]]]]}},{"type":"Feature","properties":{"code":"8.5.4","name":"Atlantic Coastal Pine Barrens"},"geometry":{"type":"MultiPolygon","coordinates":[[[[-74.85,39],[-74.84,38.99],[-74.83,38.99],[-74.85,39]]],[[[-74.83,39.01],[-74.83,38.99],[-74.82,39],[-74.83,39.01]]],[[[-74.8,39.02],[-74.87,38.94],[-74.79,39],[-74.8,39.02]]],[[[-74.8,39.02],[-74.81,39.03],[-74.81,39],[-74.8,39.02]]],[[[-74.78,39.04],[-74.8,39.03],[-74.79,39.03],[-74.78,39.04]]],[[[-74.72,39.1],[-74.73,39.1],[-74.73,39.1],[-74.72,39.1]]],[[[-74.73,39.11],[-74.73,39.1],[-74.72,39.1],[-74.73,39.11]]],[[[-74.73,39.12],[-74.75,39.12],[-74.76,39.11],[-74.73,39.12]]],[[[-74.72,39.12],[-74.79,39.02],[-74.7,39.11],[-74.72,39.12]]],[[[-74.66,39.19],[-74.7,39.17],[-74.72,39.12],[-74.66,39.19]]],[[[-74.59,39.27],[-74.59,39.28],[-74.6,39.27],[-74.59,39.27]]],[[[-74.56,39.3],[-74.65,39.24],[-74.65,39.21],[-74.56,39.3]]],[[[-74.54,39.31],[-74.53,39.32],[-74.53,39.32],[-74.54,39.31]]],[[[-74.49,39.37],[-74.5,39.36],[-74.47,39.36],[-74.49,39.37]]],[[[-74.43,39.39],[-74.54,39.3],[-74.41,39.36],[-74.43,39.39]]],[[[-74.47,39.4],[-74.47,39.4],[-74.47,39.4],[-74.47,39.4]]],[[[-74.33,39.43],[-74.42,39.39],[-74.4,39.37],[-74.33,39.43]]],[[[-74.39,39.46],[-74.39,39.46],[-74.39,39.46],[-74.39,39.46]]],[[[-74.39,39.47],[-74.39,39.46],[-74.39,39.46],[-74.39,39.47]]],[[[-74.18,39.66],[-74.19,39.65],[-74.19,39.65],[-74.18,39.66]]],[[[-74.19,39.66],[-74.2,39.66],[-74.2,39.65],[-74.19,39.66]]],[[[-74.19,39.74],[-74.17,39.72],[-74.16,39.74],[-74.19,39.74]]],[[[-74.12,39.77],[-74.3,39.5],[-74.14,39.69],[-74.12,39.77]]],[[[-73.99,40.42],[-73.99,40.42],[-73.99,40.42],[-73.99,40.42]]],[[[-74.23,40.56],[-74.23,40.56],[-74.23,40.56],[-74.23,40.56]]],[[[-74.08,39.94],[-74.1,39.76],[-73.98,40.45],[-73.98,40.32],[-74.05,40.32],[-73.98,40.4],[-74.21,40.44],[-74.29,40.57],[-74.78,40.22],[-74.7,40.17],[-74.74,40.13],[-75.39,39.73],[-75.4,39.45],[-75.04,39.3],[-75.08,39.52],[-75.01,39.38],[-74.96,39.47],[-74.98,39.35],[-74.92,39.4],[-74.95,39.34],[-74.78,39.21],[-74.97,38.94],[-74.87,38.94],[-74.63,39.25],[-74.66,39.32],[-74.39,39.44],[-74.46,39.56],[-74.31,39.51],[-74.34,39.58],[-74.16,39.71],[-74.11,39.93],[-74.2,39.95],[-74.08,39.94],[-74.15,40.01],[-74.06,40.04],[-74.13,40.07],[-74.05,40.07],[-74.08,39.94]]],[[[-74.21,40.57],[-74.21,40.58],[-74.23,40.56],[-74.21,40.57]]],[[[-73.83,40.61],[-73.83,40.61],[-73.84,40.61],[-73.83,40.61]]],[[[-73.82,40.61],[-73.82,40.61],[-73.82,40.61],[-73.82,40.61]]],[[[-73.82,40.61],[-73.82,40.61],[-73.82,40.61],[-73.82,40.61]]],[[[-73.82,40.61],[-73.82,40.61],[-73.82,40.61],[-73.82,40.61]]],[[[-73.84,40.63],[-73.84,40.63],[-73.84,40.63],[-73.84,40.63]]],[[[-73.82,40.64],[-73.83,40.59],[-73.82,40.61],[-73.82,40.64]]],[[[-73.66,40.61],[-73.67,40.6],[-73.66,40.6],[-73.66,40.61]]],[[[-73.67,40.61],[-73.68,40.6],[-73.67,40.6],[-73.67,40.61]]],[[[-73.58,40.59],[-73.76,40.58],[-73.59,40.58],[-73.58,40.59]]],[[[-73.61,40.61],[-73.61,40.61],[-73.61,40.6],[-73.61,40.61]]],[[[-73.58,40.6],[-73.57,40.6],[-73.58,40.6],[-73.58,40.6]]],[[[-73.55,40.61],[-73.57,40.61],[-73.56,40.6],[-73.55,40.61]]],[[[-73.54,40.61],[-73.55,40.61],[-73.53,40.6],[-73.54,40.61]]],[[[-73.56,40.63],[-73.57,40.62],[-73.55,40.62],[-73.56,40.63]]],[[[-73.48,40.62],[-73.47,40.62],[-73.5,40.62],[-73.48,40.62]]],[[[-73.44,40.63],[-73.44,40.64],[-73.45,40.63],[-73.44,40.63]]],[[[-73.4,40.63],[-73.41,40.63],[-73.41,40.62],[-73.4,40.63]]],[[[-73.37,40.63],[-73.37,40.63],[-73.38,40.63],[-73.37,40.63]]],[[[-73.36,40.64],[-73.37,40.64],[-73.36,40.63],[-73.36,40.64]]],[[[-73.34,40.65],[-73.36,40.64],[-73.35,40.64],[-73.34,40.65]]],[[[-73.29,40.65],[-73.31,40.64],[-73.29,40.64],[-73.29,40.65]]],[[[-73.25,40.64],[-73.5,40.61],[-73.58,40.57],[-73.25,40.64]]],[[[-73.28,40.65],[-73.27,40.65],[-73.28,40.65],[-73.28,40.65]]],[[[-73.27,40.66],[-73.27,40.65],[-73.27,40.65],[-73.27,40.66]]],[[[-73.26,40.66],[-73.28,40.65],[-73.25,40.65],[-73.26,40.66]]],[[[-73.2,40.66],[-73.2,40.65],[-73.19,40.66],[-73.2,40.66]]],[[[-73.23,40.72],[-73.23,40.72],[-73.23,40.72],[-73.23,40.72]]],[[[-73.23,40.73],[-73.23,40.73],[-73.23,40.73],[-73.23,40.73]]],[[[-73.07,40.73],[-73.07,40.73],[-73.07,40.73],[-73.07,40.73]]],[[[-72.91,40.72],[-72.91,40.72],[-72.91,40.72],[-72.91,40.72]]],[[[-72.76,40.77],[-73.31,40.62],[-73.06,40.66],[-72.76,40.77]]],[[[-72.56,40.82],[-72.56,40.82],[-72.56,40.82],[-72.56,40.82]]],[[[-72.48,40.84],[-72.73,40.78],[-72.75,40.76],[-72.48,40.84]]],[[[-72.57,40.91],[-72.57,40.91],[-72.57,40.91],[-72.57,40.91]]],[[[-72.47,40.98],[-72.47,40.98],[-72.45,40.96],[-72.47,40.98]]],[[[-72.32,41.1],[-72.37,41.05],[-72.27,41.03],[-72.32,41.1]]],[[[-72.12,41.11],[-72.1,41.05],[-72.08,41.1],[-72.12,41.11]]],[[[-71.86,41.07],[-72.1,40.99],[-72.31,41.04],[-72.48,40.9],[-72.64,40.92],[-72.43,40.98],[-72.4,41.08],[-72.23,41.16],[-72.29,41.16],[-72.62,40.97],[-73.34,40.84],[-73.5,40.66],[-73.82,40.67],[-74.01,40.58],[-73.88,40.58],[-73.92,40.63],[-73.84,40.66],[-73.74,40.63],[-73.94,40.54],[-73.15,40.75],[-72.87,40.74],[-71.86,41.07]]],[[[-72.16,41.19],[-72.21,41.17],[-72.2,41.16],[-72.16,41.19]]],[[[-71.92,41.29],[-72.02,41.28],[-72.04,41.25],[-71.92,41.29]]],[[[-71.57,41.23],[-71.6,41.15],[-71.55,41.16],[-71.57,41.23]]],[[[-70.81,41.26],[-70.83,41.26],[-70.8,41.25],[-70.81,41.26]]],[[[-70.92,41.43],[-70.95,41.41],[-70.91,41.42],[-70.92,41.43]]],[[[-70.86,41.45],[-70.91,41.42],[-70.86,41.43],[-70.86,41.45]]],[[[-70.82,41.46],[-70.84,41.45],[-70.81,41.44],[-70.82,41.46]]],[[[-70.26,41.31],[-70.28,41.31],[-70.26,41.29],[-70.26,41.31]]],[[[-70.3,41.32],[-70.29,41.34],[-70.32,41.33],[-70.3,41.32]]],[[[-70.7,41.51],[-70.7,41.51],[-70.7,41.51],[-70.7,41.51]]],[[[-70.6,41.48],[-70.84,41.35],[-70.45,41.35],[-70.45,41.42],[-70.51,41.35],[-70.6,41.48]]],[[[-70.71,41.51],[-70.81,41.45],[-70.71,41.49],[-70.71,41.51]]],[[[-70.7,41.52],[-70.71,41.52],[-70.71,41.51],[-70.7,41.52]]],[[[-70.68,41.52],[-70.7,41.51],[-70.69,41.5],[-70.68,41.52]]],[[[-70.83,41.6],[-70.84,41.6],[-70.82,41.58],[-70.83,41.6]]],[[[-70.03,41.38],[-70.07,41.3],[-70.23,41.28],[-69.97,41.25],[-70.03,41.38]]],[[[-70.53,41.57],[-70.55,41.55],[-70.53,41.55],[-70.53,41.57]]],[[[-70.46,41.59],[-70.46,41.59],[-70.46,41.58],[-70.46,41.59]]],[[[-70.63,41.69],[-70.64,41.68],[-70.63,41.67],[-70.63,41.69]]],[[[-70.4,41.63],[-70.42,41.61],[-70.4,41.61],[-70.4,41.63]]],[[[-70.64,41.73],[-70.64,41.73],[-70.64,41.73],[-70.64,41.73]]],[[[-69.99,41.6],[-69.98,41.6],[-69.99,41.6],[-69.99,41.6]]],[[[-69.97,41.63],[-70.01,41.54],[-69.99,41.55],[-69.97,41.63]]],[[[-69.95,41.72],[-69.96,41.72],[-69.95,41.72],[-69.95,41.72]]],[[[-70.64,41.96],[-70.8,41.92],[-70.78,41.76],[-70.67,41.69],[-70.68,41.75],[-70.49,41.78],[-70.54,41.93],[-70.64,41.96]]],[[[-70.01,41.9],[-70.02,41.9],[-70.01,41.89],[-70.01,41.9]]],[[[-70.14,42.07],[-70.25,42.06],[-70.1,42.03],[-70.07,41.88],[-69.99,41.91],[-70.02,41.79],[-70.3,41.7],[-70.56,41.77],[-70.66,41.68],[-70.69,41.52],[-70.49,41.55],[-70.41,41.65],[-69.96,41.65],[-69.95,41.77],[-69.95,41.64],[-69.97,41.92],[-70.14,42.07]]],[[[-74.07,40],[-74.07,39.99],[-74.07,39.99],[-74.07,40]]]]}},{"type":"Feature","properties":{"code":"9.2.1","name":"Aspen Parkland/Northern Glaciated Plains"},"geometry":{"type":"Polygon","coordinates":[[[-113.27,53.97],[-113.56,54.13],[-114.03,53.98],[-113.99,53.73],[-113.89,53.66],[-114.05,53.56],[-114.08,53.42],[-113.83,53.12],[-113.87,52.92],[-113.95,52.95],[-113.9,52.65],[-113.79,52.58],[-113.93,52.54],[-114.06,52.61],[-114.01,52.5],[-114.1,52.5],[-114.12,52.41],[-114.03,52.35],[-114.1,52.16],[-114.32,52.33],[-114.39,52.3],[-114.31,52.26],[-114.43,52.23],[-114.36,52.05],[-114.14,51.97],[-114.5,51.69],[-114.61,51.38],[-114.55,51.11],[-114.35,50.94],[-114.45,50.75],[-114.32,50.71],[-114.43,50.55],[-114.55,50.51],[-114.54,50.42],[-114.24,50.21],[-114.24,50.1],[-113.73,50.15],[-113.55,50.24],[-113.49,50.61],[-113.29,50.74],[-113.39,50.92],[-113.24,51.07],[-113.26,51.18],[-113.11,51.28],[-113.1,51.39],[-113.24,51.47],[-113.16,51.58],[-113.22,51.78],[-112.9,51.79],[-112.58,51.93],[-112.49,52.16],[-111.91,52.44],[-111.3,52.25],[-110.77,52.37],[-110.74,52.27],[-110.82,52.21],[-110.31,52.08],[-110,52.11],[-109.9,52.31],[-109.72,52.25],[-109.83,52.43],[-109.74,52.54],[-109.21,52.46],[-109.3,52.61],[-109.13,52.66],[-108.82,52.53],[-108.56,52.58],[-108.56,52.41],[-108.07,52.39],[-107.85,52.25],[-107.68,52.28],[-107.58,52.41],[-107.43,52.34],[-106.75,52.36],[-106.6,52.29],[-106.44,52.35],[-106.35,52.28],[-106.24,52.36],[-106.07,52.3],[-105.78,52.38],[-105.31,52.29],[-105.45,52.02],[-105.27,51.72],[-104.77,51.72],[-104.65,51.83],[-104.39,51.76],[-104.56,51.63],[-104.71,51.34],[-104.51,51.08],[-104.24,50.99],[-104.36,50.8],[-104.66,50.84],[-104.56,50.79],[-104.78,50.68],[-104.22,50.44],[-104.1,50.25],[-104.12,50.14],[-103.88,50],[-103.88,49.67],[-103.68,49.38],[-103.27,49.16],[-103.33,49.07],[-103.67,49],[-103.75,48.87],[-103.45,48.95],[-103.36,48.91],[-103.33,48.78],[-103.08,48.85],[-102.43,48.74],[-101.97,48.47],[-101.81,48.24],[-101.62,48.21],[-101.18,47.91],[-101.04,47.94],[-100.53,47.75],[-100.37,47.58],[-100.08,47.63],[-100.04,47.55],[-99.95,47.58],[-99.92,47.5],[-99.68,47.48],[-99.37,47.31],[-99.25,47.35],[-99.1,47.23],[-99.16,47.16],[-99.03,47.14],[-98.81,46.42],[-98.8,45.98],[-98.95,45.74],[-99.04,45.12],[-99.23,45.01],[-99.14,44.96],[-99.15,44.85],[-99.64,44.61],[-99.44,44.5],[-99.1,44.49],[-98.98,44.34],[-98.83,44.49],[-98.54,43.99],[-98.58,43.76],[-98.2,43.53],[-97.87,43.14],[-97.95,42.88],[-97.44,42.85],[-97.23,42.99],[-96.99,42.88],[-96.94,42.77],[-96.65,42.75],[-96.79,43.02],[-96.71,43.16],[-96.63,43.16],[-96.52,43.39],[-96.62,43.52],[-96.76,43.5],[-96.97,43.72],[-96.76,43.93],[-96.73,44.15],[-96.46,44.01],[-96,44.02],[-95.59,44.26],[-96.39,44.83],[-96.25,45.09],[-95.58,45.37],[-95.76,45.66],[-95.77,45.84],[-96.02,45.97],[-96.22,45.7],[-96.44,45.64],[-97,46.09],[-97.33,46.16],[-97.64,46.36],[-97.5,46.42],[-97.45,46.55],[-97.55,46.65],[-97.39,47.13],[-97.43,47.34],[-97.59,47.37],[-97.72,47.99],[-97.84,48.14],[-97.9,48.73],[-98.22,49.37],[-98.48,49.59],[-98.5,49.74],[-99.05,49.96],[-99.48,50.42],[-99.62,50.35],[-99.64,50.47],[-99.67,50.35],[-99.96,50.42],[-99.97,50.49],[-99.99,50.4],[-100.16,50.41],[-100.52,50.63],[-100.97,50.73],[-101.14,50.85],[-101.16,51.01],[-101.28,51.04],[-101.41,50.97],[-101.4,51.09],[-101.52,51.24],[-101.45,51.28],[-101.63,51.36],[-102.03,51.32],[-102.18,51.41],[-102.21,51.53],[-102.06,51.55],[-102,51.47],[-101.91,51.52],[-102.03,51.67],[-102.41,51.76],[-102.55,51.94],[-102.86,51.81],[-103.49,51.93],[-103.52,52.17],[-103.74,52.43],[-103.95,52.36],[-104.5,52.55],[-104.67,52.42],[-104.76,52.56],[-104.93,52.6],[-105.03,52.54],[-104.99,52.45],[-105.35,52.47],[-105.41,52.49],[-105.37,52.78],[-105.76,52.72],[-105.87,52.78],[-106.17,52.59],[-106.28,52.78],[-106.61,52.87],[-106.7,53.04],[-107.34,52.9],[-107.31,53.09],[-107.78,53.02],[-108.06,53.28],[-108.21,53.17],[-108.44,53.29],[-108.54,53.25],[-108.63,53.18],[-108.59,53.11],[-108.72,53.11],[-108.56,53.05],[-108.56,52.94],[-108.84,53.03],[-109.28,53.39],[-109.56,53.42],[-109.63,53.58],[-110.08,53.59],[-110.63,53.85],[-110.92,53.86],[-110.69,53.69],[-110.94,53.73],[-111.02,53.46],[-111.39,53.62],[-111.55,53.53],[-111.63,53.61],[-111.64,53.84],[-111.89,53.76],[-112,53.94],[-112.22,54.05],[-112.38,53.94],[-112.8,53.99],[-112.95,53.89],[-113.16,54],[-113.27,53.97]]]}},{"type":"Feature","properties":{"code":"9.2.2","name":"Lake Manitoba and Lake Agassiz Plain"},"geometry":{"type":"Polygon","coordinates":[[[-100.41,51.55],[-100.56,51.81],[-100.63,51.35],[-101.22,51.27],[-100.81,51.05],[-99.87,51],[-99.58,50.76],[-99.36,50.22],[-99.22,50.2],[-99,49.93],[-98.5,49.74],[-98.48,49.59],[-98.22,49.37],[-97.9,48.73],[-97.89,48.32],[-97.72,47.99],[-97.59,47.37],[-97.42,47.32],[-97.39,47.13],[-97.55,46.65],[-97.45,46.55],[-97.5,46.42],[-97.64,46.36],[-97.33,46.16],[-97,46.09],[-96.87,45.93],[-96.69,45.9],[-96.47,45.65],[-96.22,45.7],[-96.13,45.9],[-95.99,45.97],[-96.29,46.48],[-96.29,46.86],[-96.19,46.91],[-95.92,46.87],[-95.8,47.47],[-95.64,47.64],[-95.47,47.7],[-95.45,47.84],[-95.67,48.19],[-95.48,48.36],[-95.83,48.49],[-95.57,48.47],[-95.71,48.59],[-95.63,48.69],[-95.74,48.79],[-95.6,48.86],[-96,48.89],[-96.46,48.71],[-96.66,48.88],[-96.5,48.87],[-96.64,49],[-96.42,49.04],[-96.47,49.64],[-96.3,49.92],[-96.41,49.98],[-96.41,49.9],[-96.55,50],[-96.56,49.86],[-96.63,49.84],[-96.71,49.95],[-96.65,49.99],[-96.83,50.08],[-96.8,50],[-96.97,49.96],[-96.88,50.04],[-97.11,50.29],[-97.07,50.52],[-97.41,50.24],[-97.74,50.81],[-98.28,50.78],[-98.89,51.06],[-99.31,51.42],[-99.78,51.56],[-100.41,51.55]]]}},{"type":"Feature","properties":{"code":"9.2.3","name":"Western Corn Belt Plains"},"geometry":{"type":"Polygon","coordinates":[[[-95.29,45.26],[-95.58,45.38],[-96.35,45.01],[-96.37,44.79],[-95.59,44.26],[-96,44.02],[-96.46,44.01],[-96.73,44.15],[-96.76,43.93],[-96.97,43.72],[-96.76,43.5],[-96.62,43.52],[-96.52,43.39],[-96.63,43.16],[-96.71,43.16],[-96.79,43.02],[-96.77,42.87],[-96.65,42.76],[-96.94,42.77],[-96.99,42.88],[-97.23,42.99],[-97.34,42.86],[-97.84,42.87],[-97.97,42.71],[-98.04,42.4],[-98.04,41.92],[-97.87,41.75],[-96.88,41.45],[-97.1,41.31],[-97.01,41.17],[-97.01,40.73],[-96.92,40.39],[-96.6,40.06],[-96.7,39.73],[-96.61,39.63],[-96.44,39.65],[-95.7,39.22],[-94.96,39.39],[-94.61,39.09],[-94.39,39.05],[-94.23,39.12],[-94.19,39.03],[-93.92,39.11],[-93.94,38.99],[-93.82,38.93],[-93.27,38.95],[-93.23,39.03],[-93.01,38.99],[-92.97,39.12],[-92.78,39.18],[-92.75,39.27],[-93.19,39.46],[-93.15,39.63],[-93.28,39.56],[-93.22,39.4],[-93.28,39.37],[-93.61,39.37],[-94.02,39.23],[-94.59,39.44],[-94.7,40.23],[-94.58,40.53],[-94.38,40.63],[-94.22,40.99],[-93.28,41.32],[-92.11,40.99],[-91.6,41],[-91.13,40.75],[-91.05,41.07],[-91.24,41.15],[-91.59,41.47],[-91.53,41.5],[-91.59,41.6],[-91.51,41.56],[-91.54,41.62],[-91.46,41.64],[-91.36,41.46],[-91.08,41.59],[-91.22,41.35],[-91.14,41.23],[-91.14,41.41],[-90.67,41.46],[-90.34,41.59],[-90.31,41.75],[-90.19,41.82],[-90.17,42.09],[-90.4,42.14],[-90.71,42.39],[-90.97,42.45],[-91.02,42.57],[-91.32,42.58],[-91.81,42.83],[-91.79,42.94],[-91.9,43],[-91.99,43.23],[-91.94,43.37],[-92.43,43.6],[-92.75,43.95],[-92.68,44.04],[-92.77,44.07],[-92.7,44.11],[-92.98,44.28],[-93.01,44.46],[-92.77,44.61],[-92.78,44.75],[-92.2,44.76],[-92.14,44.86],[-92.25,45.05],[-92.56,45.11],[-92.95,44.81],[-93.2,44.73],[-93.16,44.42],[-93.21,44.29],[-93.74,44.1],[-94.02,44.28],[-94.01,44.76],[-94.1,44.89],[-94.49,44.94],[-94.53,45.11],[-94.64,45.18],[-94.9,45.12],[-95.29,45.26]]]}},{"type":"Feature","properties":{"code":"9.2.4","name":"Central Irregular Plains"},"geometry":{"type":"MultiPolygon","coordinates":[[[[-94.96,39.39],[-95.66,39.22],[-95.86,39.33],[-95.95,39.11],[-95.91,38.92],[-96.14,38.76],[-96.05,38.63],[-96.12,38.48],[-96.08,38.12],[-95.88,38],[-95.87,37.84],[-95.96,37.76],[-95.79,37.85],[-95.75,37.8],[-95.99,37.58],[-95.86,37.48],[-95.94,37.44],[-95.89,37.37],[-95.94,37.3],[-95.83,37.23],[-96,37.05],[-95.97,36.55],[-96.06,36.34],[-95.99,36.26],[-96.05,36.19],[-96,36.07],[-96.18,35.73],[-95.81,35.91],[-95.68,35.9],[-95.8,35.79],[-95.91,35.79],[-95.98,35.63],[-95.85,35.5],[-95.73,35.57],[-95.76,35.5],[-95.55,35.38],[-95.39,35.56],[-95.3,35.32],[-95.16,35.55],[-95.26,35.59],[-95.14,35.68],[-95.33,35.65],[-95.19,35.78],[-95.3,35.83],[-95.24,36],[-95.3,36.03],[-95.13,36.57],[-94.84,36.69],[-94.57,37.31],[-94.14,37.39],[-94.17,37.47],[-94,37.43],[-93.93,37.71],[-94.05,37.71],[-93.75,37.98],[-93.88,37.97],[-93.95,38.08],[-93.65,38.1],[-93.61,38.3],[-93.4,38.41],[-93.36,38.3],[-93.29,38.32],[-93.31,38.42],[-93.08,38.53],[-93.15,38.5],[-93.15,38.59],[-93.28,38.66],[-93.03,38.68],[-93.15,38.77],[-93.29,38.75],[-93.25,38.83],[-93.09,38.87],[-93.25,38.89],[-93.16,38.96],[-93.82,38.93],[-93.94,38.99],[-93.92,39.11],[-94.19,39.03],[-94.23,39.12],[-94.39,39.05],[-94.61,39.09],[-94.96,39.39]]],[[[-93.26,41.3],[-94.21,40.99],[-94.38,40.63],[-94.58,40.54],[-94.7,40.21],[-94.59,39.44],[-94.02,39.23],[-93.61,39.37],[-93.28,39.37],[-93.22,39.4],[-93.28,39.56],[-93.15,39.63],[-93.19,39.46],[-92.78,39.31],[-92.78,39.18],[-92.6,39.31],[-92.46,39.28],[-92.47,39.08],[-92.26,38.95],[-92.28,38.76],[-92.16,38.88],[-91.98,38.82],[-91.99,38.93],[-91.9,38.95],[-91.95,39],[-91.74,38.88],[-91.65,38.91],[-91.77,38.96],[-91.72,39.1],[-91.57,39.07],[-91.6,38.99],[-91.52,38.89],[-91.05,38.79],[-90.93,38.67],[-90.89,38.75],[-90.99,38.81],[-90.93,38.82],[-91.2,38.86],[-91.1,38.96],[-90.93,38.9],[-90.93,38.98],[-91.19,38.97],[-91.24,38.89],[-91.24,39],[-91.32,38.97],[-91.28,39.04],[-91.52,39.11],[-91.4,39.18],[-91.13,39.05],[-91.41,39.27],[-91.2,39.23],[-91.19,39.29],[-91.08,39.26],[-91.1,39.31],[-91.36,39.44],[-91.39,39.36],[-91.45,39.45],[-91.57,39.41],[-91.39,39.58],[-91.61,39.51],[-91.68,39.37],[-91.71,39.46],[-91.79,39.45],[-91.77,39.28],[-91.91,39.33],[-91.85,39.4],[-91.99,39.47],[-91.9,39.51],[-92.01,39.59],[-91.95,39.66],[-91.79,39.54],[-91.8,39.62],[-91.66,39.57],[-91.62,39.66],[-91.47,39.66],[-91.5,39.74],[-91.43,39.71],[-91.86,39.69],[-91.75,39.79],[-91.98,39.82],[-91.92,39.87],[-91.99,39.93],[-91.66,39.83],[-91.53,39.92],[-91.63,39.97],[-91.52,39.95],[-91.5,40.04],[-91.61,40.5],[-91.38,40.4],[-91.38,40.53],[-91.47,40.58],[-91.28,40.64],[-91.21,40.75],[-91.6,41],[-92,40.97],[-93.26,41.3]]]]}},{"type":"Feature","properties":{"code":"9.3.1","name":"Northwestern Glaciated Plains"},"geometry":{"type":"Polygon","coordinates":[[[-111.3,52.25],[-111.91,52.44],[-112.49,52.16],[-112.58,51.93],[-112.9,51.79],[-113.22,51.78],[-113.16,51.58],[-113.24,51.47],[-113.09,51.38],[-113.4,50.9],[-113.29,50.74],[-113.49,50.61],[-113.55,50.24],[-113.96,50.12],[-113.86,49.79],[-113.98,49.74],[-114.14,49.99],[-114.2,49.7],[-113.87,49.24],[-113.45,49.07],[-113.42,48.94],[-113.32,48.9],[-113.38,48.82],[-113.33,48.68],[-113.23,48.59],[-113.33,48.57],[-113.17,48.52],[-113.27,48.51],[-113.15,48.37],[-112.86,48.27],[-112.86,48.21],[-112.74,48.23],[-112.84,48.17],[-112.71,48.11],[-112.64,47.95],[-112.61,47.79],[-112.71,47.6],[-112.6,47.52],[-112.72,47.46],[-112.41,47.28],[-112.37,47.18],[-112.19,47.14],[-111.98,46.96],[-112.05,46.91],[-111.93,46.89],[-111.91,46.96],[-112.01,47.02],[-111.87,47.01],[-112.07,47.2],[-112,47.3],[-111.96,47.22],[-111.91,47.28],[-111.8,47.19],[-111.55,47.16],[-111.43,47.3],[-111.45,47.4],[-111.31,47.36],[-110.91,47.45],[-110.72,47.3],[-109.91,47.56],[-109.85,47.64],[-110.05,47.68],[-109.97,47.77],[-110.1,47.81],[-110.16,48.04],[-110.01,47.82],[-109.74,47.75],[-109.69,47.78],[-109.75,47.82],[-109.63,47.83],[-109.73,48.03],[-109.35,48.02],[-109.54,47.98],[-109.29,47.94],[-109.25,48.03],[-109.33,48.13],[-109.25,48.15],[-109.32,48.2],[-109.58,48.19],[-109.77,48.07],[-109.83,48.11],[-109.88,48.2],[-109.74,48.35],[-109.61,48.24],[-109.4,48.29],[-109.42,48.22],[-109.26,48.24],[-109.13,48.12],[-109.03,48.27],[-108.88,48.01],[-109.01,47.95],[-108.8,47.89],[-108.87,47.84],[-108.69,47.89],[-108.8,47.78],[-108.72,47.7],[-108.29,47.65],[-108.36,47.72],[-108.22,47.69],[-108.25,47.76],[-108.13,47.77],[-107.89,47.5],[-107.77,47.61],[-107.77,47.73],[-107.52,47.73],[-107.59,47.84],[-107.4,47.87],[-107.36,48.09],[-107.23,48.19],[-106.92,48.16],[-106.5,47.97],[-106.37,48.04],[-105.92,48],[-106.08,47.94],[-106.1,47.79],[-105.71,47.84],[-105.66,47.68],[-105.34,47.5],[-105.08,47.69],[-105.09,47.8],[-104.56,47.78],[-104.44,47.64],[-104.57,47.31],[-104.41,47.39],[-104.05,47.86],[-104.05,47.97],[-104.28,47.96],[-104.82,48.11],[-104.64,48.1],[-104.5,48.21],[-104.54,48.13],[-103.97,48.05],[-103.65,48.15],[-103.7,48.27],[-103.62,48.23],[-103.52,48.3],[-103.52,48.22],[-103.39,48.24],[-103.49,48.14],[-103.45,48.08],[-103.17,48.26],[-102.8,48.25],[-102.79,48.35],[-102.87,48.39],[-102.77,48.41],[-102.75,48.54],[-102.69,48.13],[-102.57,48.03],[-102.55,48.15],[-102.37,48.16],[-102.5,48.09],[-102.46,48],[-102.62,47.84],[-102.46,47.81],[-102.45,47.97],[-102.18,48],[-102.27,47.89],[-102.24,47.77],[-102.11,47.74],[-102.21,47.67],[-102.11,47.62],[-101.69,47.58],[-101.55,47.72],[-101.55,47.56],[-101.37,47.52],[-101.44,47.46],[-101.34,47.29],[-101.03,47.29],[-100.93,47.12],[-100.81,47.11],[-100.82,46.96],[-100.67,46.99],[-100.81,46.88],[-100.79,46.69],[-100.35,46.57],[-100.32,46.52],[-100.49,46.46],[-100.24,46.4],[-100.3,46.35],[-100.25,46.29],[-100.09,46.34],[-100.03,46.25],[-99.89,46.36],[-99.91,46.26],[-100.03,46.23],[-100.55,46.38],[-100.4,46.25],[-100.44,46.19],[-100.33,46.02],[-100.57,46.17],[-100.62,46.1],[-100.42,46.04],[-100.41,45.95],[-100.31,45.94],[-100.35,45.85],[-100.2,45.71],[-100.44,45.54],[-100.25,45.49],[-100.27,45.33],[-100.05,45.41],[-100.05,45.34],[-99.86,45.33],[-100.24,45.29],[-100.17,45.22],[-100.25,45.1],[-100.11,45.07],[-100.38,44.98],[-100.3,44.86],[-100.51,44.75],[-100.5,44.69],[-100.59,44.74],[-100.61,44.61],[-100.46,44.65],[-100.52,44.5],[-100.42,44.49],[-100.32,44.38],[-100.06,44.4],[-100.05,44.3],[-99.96,44.27],[-99.86,44.33],[-99.93,44.2],[-99.88,44.14],[-99.78,44.14],[-99.61,44.29],[-99.34,44.07],[-99.3,44.17],[-99.45,44.33],[-99.23,44.46],[-99.33,44.26],[-99.01,44.02],[-99.21,43.98],[-99.13,43.92],[-99.22,43.89],[-99.32,43.94],[-99.24,43.88],[-99.42,43.68],[-99.33,43.67],[-99.35,43.55],[-99.71,43.42],[-99.73,43.29],[-99.96,43.07],[-99.02,42.9],[-98.76,42.78],[-98.23,42.73],[-99.22,42.79],[-99.12,42.72],[-99.13,42.59],[-98.54,42.42],[-98.03,42.12],[-97.97,42.7],[-97.84,42.86],[-97.98,42.91],[-97.85,43.06],[-97.87,43.14],[-98.2,43.53],[-98.58,43.76],[-98.54,43.99],[-98.83,44.5],[-98.98,44.34],[-99.1,44.49],[-99.44,44.5],[-99.64,44.61],[-99.15,44.85],[-99.14,44.96],[-99.23,45.01],[-99.04,45.12],[-98.95,45.74],[-98.8,45.98],[-98.81,46.42],[-99.01,47.12],[-99.16,47.16],[-99.1,47.23],[-99.25,47.35],[-99.37,47.31],[-99.68,47.48],[-99.92,47.5],[-99.95,47.58],[-100.04,47.55],[-100.08,47.63],[-100.37,47.58],[-100.53,47.75],[-101.04,47.94],[-101.18,47.91],[-101.62,48.21],[-101.81,48.24],[-101.97,48.47],[-102.43,48.74],[-103.08,48.85],[-103.33,48.78],[-103.36,48.91],[-103.45,48.95],[-103.75,48.87],[-103.67,49],[-103.33,49.07],[-103.27,49.16],[-103.68,49.38],[-103.88,49.67],[-103.88,50],[-104.12,50.14],[-104.1,50.25],[-104.22,50.44],[-104.78,50.68],[-104.56,50.79],[-104.66,50.84],[-104.36,50.8],[-104.24,50.99],[-104.51,51.08],[-104.71,51.34],[-104.4,51.77],[-104.65,51.83],[-104.77,51.72],[-105.26,51.72],[-105.45,52.02],[-105.3,52.28],[-105.78,52.38],[-106.07,52.3],[-106.24,52.36],[-106.35,52.28],[-106.44,52.35],[-106.6,52.29],[-106.75,52.36],[-107.43,52.34],[-107.58,52.41],[-107.68,52.28],[-107.85,52.25],[-108.07,52.39],[-108.56,52.41],[-108.56,52.58],[-108.82,52.53],[-109.07,52.66],[-109.3,52.61],[-109.21,52.46],[-109.74,52.54],[-109.83,52.43],[-109.72,52.25],[-109.9,52.31],[-109.94,52.16],[-110.06,52.09],[-110.44,52.08],[-110.8,52.2],[-110.73,52.35],[-110.9,52.39],[-111.3,52.25]],[[-110.25,49.93],[-109.52,49.83],[-108.62,49.92],[-108.54,49.81],[-108.78,49.52],[-109.19,49.39],[-109.99,49.42],[-110.44,49.33],[-110.58,49.37],[-110.76,49.64],[-110.92,49.67],[-110.69,49.86],[-110.25,49.93]],[[-111.59,48.95],[-111.56,48.97],[-111.51,48.93],[-111.59,48.95]],[[-111.11,48.88],[-111.11,48.84],[-111.18,48.86],[-111.11,48.88]],[[-110.52,47.58],[-110.57,47.53],[-110.39,47.49],[-110.47,47.46],[-110.44,47.4],[-110.71,47.4],[-110.64,47.49],[-110.7,47.53],[-110.52,47.58]],[[-109.11,48.25],[-109.04,48.27],[-109.1,48.15],[-109.25,48.2],[-109.11,48.25]],[[-108.65,48.02],[-108.4,47.96],[-108.68,47.84],[-108.65,48.02]]]}},{"type":"Feature","properties":{"code":"9.3.3","name":"Northwestern Great Plains"},"geometry":{"type":"Polygon","coordinates":[[[-108.95,48.19],[-109.03,48.27],[-109.13,48.12],[-109.26,48.24],[-109.42,48.22],[-109.25,48.15],[-109.33,48.13],[-109.25,48.03],[-109.29,47.94],[-109.54,47.98],[-109.35,48.02],[-109.73,48.03],[-109.63,47.83],[-109.75,47.82],[-109.69,47.78],[-109.74,47.75],[-110.01,47.82],[-110.16,48.04],[-110.1,47.81],[-109.97,47.77],[-110.05,47.68],[-109.85,47.64],[-109.91,47.56],[-110.72,47.3],[-110.91,47.45],[-111.45,47.4],[-111.5,47.19],[-111.83,47.18],[-111.57,47.12],[-111.58,47.04],[-111.72,47.02],[-111.68,46.94],[-112.01,47.02],[-111.9,46.94],[-111.94,46.8],[-111.8,46.73],[-111.89,46.86],[-111.79,46.94],[-111.03,46.42],[-111.06,46.25],[-111.19,46.21],[-110.89,46.2],[-110.84,46.07],[-110.97,45.99],[-110.76,45.93],[-110.79,45.85],[-110.69,45.74],[-110.79,45.69],[-110.76,45.62],[-110.47,45.64],[-110.21,45.53],[-110.05,45.55],[-110.09,45.6],[-110,45.69],[-109.74,45.69],[-109.76,45.55],[-109.61,45.51],[-109.7,45.43],[-109.92,45.41],[-109.78,45.42],[-109.8,45.32],[-109.57,45.27],[-109.62,45.22],[-109.53,45.26],[-109.09,45.08],[-109.01,45.13],[-109.07,45.21],[-108.65,45.23],[-108.69,45.35],[-108.42,45.36],[-108.28,45.03],[-108.03,44.92],[-107.96,44.97],[-108.13,45.18],[-107.99,45.26],[-107.73,45],[-107.46,44.93],[-107.18,44.69],[-106.91,44.61],[-106.92,44.46],[-106.79,44.34],[-106.82,43.85],[-106.66,43.7],[-106.81,43.62],[-106.76,43.49],[-106.91,43.33],[-106.4,42.77],[-106.17,42.77],[-106.15,42.68],[-105.88,42.78],[-105.5,42.75],[-105.4,42.63],[-105.51,42.56],[-105.47,42.47],[-105.36,42.6],[-105.22,42.61],[-105.15,42.44],[-104.99,42.35],[-104.93,42.42],[-104.96,42.58],[-105.13,42.68],[-104.76,42.91],[-104.11,42.89],[-103.8,42.77],[-103.6,42.83],[-103.39,42.63],[-102.81,42.86],[-102.79,42.93],[-102.87,42.96],[-102.76,43.28],[-102.56,43.28],[-102.49,43.43],[-102.36,43.38],[-102.39,43.49],[-102.2,43.43],[-102.15,43.52],[-102,43.5],[-101.9,43.36],[-101.62,43.41],[-101.42,43.31],[-101.61,43.32],[-101.71,43.23],[-101.95,43.32],[-102.18,43.26],[-102.59,42.98],[-102.15,43.02],[-102.16,43.1],[-101.42,43.06],[-101.36,43.16],[-101.1,43.13],[-100.79,42.94],[-100.5,42.89],[-100.63,42.8],[-100.58,42.77],[-100.35,42.9],[-100.15,42.82],[-100.17,42.76],[-99.93,42.74],[-100.08,42.66],[-100.06,42.61],[-99.85,42.74],[-99.69,42.71],[-99.81,42.63],[-99.71,42.65],[-99.69,42.49],[-99.65,42.67],[-99.29,42.71],[-99.31,42.77],[-98.99,42.88],[-99.96,43.07],[-99.73,43.29],[-99.71,43.42],[-99.35,43.55],[-99.33,43.67],[-99.42,43.68],[-99.24,43.88],[-99.32,43.94],[-99.22,43.89],[-99.13,43.92],[-99.21,43.98],[-99.01,44],[-99.33,44.26],[-99.23,44.46],[-99.45,44.33],[-99.3,44.17],[-99.34,44.07],[-99.61,44.29],[-99.78,44.14],[-99.88,44.14],[-99.93,44.2],[-99.86,44.33],[-99.96,44.27],[-100.05,44.3],[-100.06,44.4],[-100.32,44.38],[-100.42,44.49],[-100.52,44.5],[-100.46,44.65],[-100.61,44.61],[-100.59,44.74],[-100.5,44.69],[-100.51,44.75],[-100.3,44.86],[-100.38,44.98],[-100.11,45.07],[-100.25,45.1],[-100.17,45.22],[-100.24,45.29],[-99.86,45.33],[-100.05,45.34],[-100.05,45.41],[-100.27,45.33],[-100.25,45.49],[-100.44,45.54],[-100.2,45.71],[-100.35,45.85],[-100.31,45.94],[-100.41,45.95],[-100.42,46.04],[-100.62,46.1],[-100.57,46.17],[-100.33,46.02],[-100.44,46.19],[-100.4,46.25],[-100.55,46.38],[-100.03,46.23],[-99.91,46.26],[-99.89,46.36],[-100.03,46.25],[-100.09,46.34],[-100.25,46.29],[-100.3,46.35],[-100.24,46.4],[-100.49,46.46],[-100.32,46.52],[-100.35,46.57],[-100.79,46.69],[-100.81,46.88],[-100.67,46.99],[-100.82,46.96],[-100.81,47.11],[-100.93,47.12],[-101.03,47.29],[-101.34,47.29],[-101.44,47.46],[-101.37,47.52],[-101.55,47.56],[-101.55,47.72],[-101.69,47.58],[-102.11,47.62],[-102.21,47.67],[-102.11,47.74],[-102.24,47.77],[-102.27,47.89],[-102.18,48],[-102.45,47.97],[-102.46,47.81],[-102.62,47.84],[-102.46,48],[-102.5,48.09],[-102.37,48.16],[-102.55,48.15],[-102.57,48.03],[-102.69,48.13],[-102.75,48.54],[-102.77,48.41],[-102.87,48.39],[-102.79,48.35],[-102.8,48.25],[-103.17,48.26],[-103.45,48.08],[-103.49,48.14],[-103.39,48.24],[-103.52,48.22],[-103.52,48.3],[-103.62,48.23],[-103.7,48.27],[-103.65,48.15],[-103.97,48.05],[-104.54,48.13],[-104.5,48.21],[-104.64,48.1],[-104.82,48.11],[-104.28,47.96],[-104.05,47.97],[-104.05,47.86],[-104.41,47.39],[-104.57,47.31],[-104.44,47.64],[-104.56,47.78],[-105.09,47.8],[-105.08,47.69],[-105.34,47.5],[-105.66,47.68],[-105.71,47.84],[-106.1,47.79],[-106.08,47.94],[-105.92,48],[-106.37,48.04],[-106.5,47.97],[-106.92,48.16],[-107.23,48.19],[-107.36,48.09],[-107.4,47.87],[-107.59,47.84],[-107.52,47.73],[-107.77,47.73],[-107.77,47.61],[-107.89,47.5],[-108.13,47.77],[-108.25,47.76],[-108.22,47.69],[-108.36,47.72],[-108.29,47.65],[-108.72,47.7],[-108.8,47.78],[-108.69,47.89],[-108.87,47.84],[-108.8,47.89],[-109.01,47.95],[-108.88,48.01],[-108.95,48.19]],[[-109.48,47.32],[-109.47,47.24],[-109.53,47.28],[-109.48,47.32]],[[-109.26,47.25],[-109.02,47.25],[-109.26,47.08],[-109.17,47.03],[-109.22,47],[-109.38,47.14],[-109.26,47.25]],[[-109.35,47.01],[-109.3,46.92],[-108.9,46.94],[-108.99,46.84],[-108.86,46.75],[-109.26,46.65],[-109.53,46.68],[-109.65,46.78],[-109.53,46.84],[-109.59,46.89],[-109.43,47.04],[-109.35,47.01]],[[-110.4,46.6],[-110.43,46.45],[-110.54,46.5],[-110.71,46.39],[-110.83,46.43],[-110.77,46.56],[-110.45,46.54],[-110.67,46.7],[-110.85,46.66],[-111.16,46.78],[-110.98,46.85],[-111.23,46.89],[-111.19,46.79],[-111.25,46.82],[-111.32,46.9],[-111.3,47.15],[-111.19,47.17],[-111.15,47.1],[-111,47.18],[-110.8,47.11],[-110.57,47.15],[-110.29,46.99],[-110.34,46.88],[-110.25,46.8],[-109.83,46.7],[-110.4,46.6]],[[-109.53,47.14],[-109.56,47.19],[-109.49,47.19],[-109.53,47.14]],[[-110.55,46.39],[-110.4,46.27],[-110.22,46.28],[-110.24,46.16],[-110.16,46.12],[-110.14,45.96],[-110.49,45.99],[-110.46,46.16],[-110.58,46.21],[-110.55,46.39]],[[-104.9,44.73],[-104.42,44.98],[-104.03,44.64],[-103.66,44.62],[-103.23,44.13],[-103.23,43.81],[-103.47,43.25],[-103.6,43.32],[-103.74,43.26],[-103.81,43.42],[-103.91,43.4],[-104.04,43.56],[-104.15,43.83],[-104.3,43.89],[-104.51,44.17],[-104.68,44.16],[-104.9,44.46],[-104.9,44.73]]]}},{"type":"Feature","properties":{"code":"9.3.4","name":"Nebraska Sand Hills"},"geometry":{"type":"MultiPolygon","coordinates":[[[[-101.06,41.14],[-101.24,41.11],[-101.3,40.91],[-101.09,40.65],[-101.03,40.72],[-100.78,40.48],[-100.79,40.71],[-100.89,40.84],[-100.65,40.78],[-100.67,40.96],[-100.81,41.09],[-101.06,41.14]]],[[[-98.93,42.82],[-98.98,42.88],[-99.09,42.83],[-98.57,42.71],[-98.23,42.73],[-98.93,42.82]]],[[[-101.2,43.12],[-101.42,43.15],[-101.35,43.1],[-101.42,43.06],[-102.17,43.1],[-102.14,43.02],[-102.3,42.99],[-101.98,42.76],[-102.46,42.62],[-102.7,42.41],[-102.82,42.15],[-102.78,42.04],[-103.38,42.13],[-103.42,42.06],[-102.28,41.38],[-101.4,41.18],[-100.83,41.23],[-100.18,40.93],[-100.22,41.31],[-100.61,41.39],[-100.58,41.47],[-99.95,41.53],[-99.47,41.81],[-98.91,41.78],[-98.66,41.55],[-98.55,41.54],[-98.52,41.63],[-98.42,41.64],[-98.45,41.77],[-98.09,41.78],[-98.17,41.92],[-98,42.1],[-98.54,42.42],[-99.13,42.59],[-99.16,42.78],[-99.61,42.69],[-99.69,42.49],[-99.71,42.65],[-99.81,42.63],[-99.69,42.71],[-99.85,42.74],[-100.06,42.61],[-100.08,42.66],[-99.93,42.74],[-100.17,42.76],[-100.15,42.82],[-100.35,42.9],[-100.58,42.77],[-100.63,42.8],[-100.5,42.89],[-101.2,43.12]]]]}},{"type":"Feature","properties":{"code":"9.4.1","name":"High Plains"},"geometry":{"type":"MultiPolygon","coordinates":[[[[-100.71,35.76],[-100.76,35.82],[-101.41,35.4],[-101.59,35.45],[-101.96,35.2],[-102.69,35.33],[-103,35.06],[-103.02,34.95],[-103.38,34.99],[-103.48,34.86],[-103.91,34.83],[-104.05,34.9],[-104.17,34.82],[-104.04,34.67],[-104.1,34.49],[-103.97,34.46],[-104.04,34.29],[-103.94,34.2],[-103.98,34.01],[-103.86,33.9],[-104.11,33.81],[-104.01,33.7],[-103.85,33.67],[-103.87,33.53],[-104.04,33.42],[-103.97,33.39],[-104.07,33.18],[-103.95,33.07],[-104.04,32.79],[-103.66,32.62],[-103.67,32.47],[-103.34,32.4],[-103.3,32.32],[-103.38,32.26],[-103.31,32.19],[-103.15,32.19],[-103.08,31.81],[-102.82,31.54],[-102.82,31.37],[-102.48,31.34],[-102.33,31.42],[-101.98,31.25],[-101.27,31.61],[-101.3,31.76],[-101.49,31.77],[-101.55,31.85],[-101.41,32.06],[-101.48,32.21],[-101.29,32.27],[-101.3,32.35],[-101.44,32.4],[-101.45,32.5],[-101.64,32.52],[-101.73,32.75],[-101.84,32.77],[-101.8,32.89],[-101.57,32.81],[-101.6,32.95],[-101.48,32.98],[-101.6,33.08],[-101.39,33.11],[-101.63,33.5],[-101.24,33.51],[-101.17,33.63],[-101.29,33.84],[-101.06,33.62],[-100.92,33.75],[-101.03,33.82],[-101.08,34.19],[-101.23,34.23],[-101.11,34.5],[-101.32,34.62],[-101.43,34.53],[-101.33,34.71],[-101.48,34.84],[-101.72,34.83],[-101.67,34.88],[-101.76,34.95],[-101.69,34.99],[-101.82,35.06],[-101.23,34.85],[-101.2,34.91],[-101.31,35],[-101.22,35],[-101.21,35.11],[-101.31,35.18],[-100.88,35.16],[-101.03,35.2],[-100.92,35.25],[-100.9,35.35],[-101.04,35.41],[-100.89,35.52],[-100.63,35.53],[-100.52,35.61],[-100.62,35.66],[-100.86,35.58],[-100.65,35.78],[-100.71,35.76]]],[[[-104.15,36.42],[-104.24,36.45],[-104.27,36.32],[-104.21,36.24],[-104.27,36.12],[-104.23,35.91],[-103.96,35.75],[-103.83,35.78],[-103.87,35.9],[-103.98,35.94],[-103.89,35.97],[-103.97,36.03],[-103.92,36.07],[-104.08,36.22],[-104.01,36.23],[-104.07,36.29],[-103.97,36.28],[-103.87,36.15],[-103.81,36.26],[-104.15,36.42]]],[[[-102.12,43.5],[-102.21,43.43],[-102.39,43.49],[-102.36,43.38],[-102.49,43.43],[-102.56,43.28],[-102.76,43.28],[-102.87,42.96],[-102.79,42.93],[-102.81,42.86],[-103.39,42.63],[-103.6,42.83],[-103.8,42.77],[-104.11,42.89],[-104.77,42.91],[-105.12,42.7],[-104.96,42.58],[-104.93,42.42],[-105.2,42.28],[-105.23,42.17],[-105.15,42.08],[-105.26,41.98],[-105.18,41.93],[-105.25,41.81],[-104.9,41.79],[-104.99,41.46],[-105.16,41.38],[-105.08,41.23],[-105.18,41.16],[-105.09,41.05],[-105.18,40.65],[-105.14,40.49],[-105.29,40.1],[-105.27,39.88],[-105.07,39.45],[-104.56,39.55],[-104.51,39.64],[-104.37,39.47],[-104.27,39.64],[-104.17,39.55],[-104.09,39.65],[-104.01,39.56],[-103.97,39.86],[-103.78,39.96],[-103.7,39.45],[-103.77,39.38],[-103.68,39.35],[-103.63,39.14],[-103.14,38.67],[-102.6,38.45],[-102.5,38.22],[-102.1,37.99],[-102.15,37.83],[-102.32,37.71],[-102.79,37.57],[-103.13,37.32],[-102.66,36.97],[-102.49,36.98],[-102.46,36.85],[-102.77,36.89],[-102.92,36.75],[-103.06,36.75],[-103.11,36.66],[-103.29,36.82],[-103.42,36.78],[-103.28,36.67],[-103.64,36.63],[-103.11,36.55],[-103.16,36.4],[-103.33,36.48],[-103.36,36.34],[-103.51,36.34],[-103.5,36.27],[-103.31,36.24],[-103.21,36.06],[-103.66,35.98],[-103.65,35.8],[-103.8,35.88],[-103.69,35.59],[-103.51,35.51],[-103.44,35.36],[-102.96,35.4],[-103.01,35.61],[-102.94,35.6],[-102.82,35.79],[-102.51,35.74],[-102.52,35.94],[-102.41,35.7],[-102.33,35.74],[-101.97,35.58],[-101.91,35.69],[-102.01,35.78],[-101.91,35.85],[-101.58,35.82],[-100.98,36.09],[-100.59,36.09],[-100.81,36.13],[-100.89,36.28],[-100.65,36.26],[-100.39,36.44],[-100.45,36.61],[-100.64,36.57],[-100.68,36.67],[-100.79,36.69],[-101.38,36.16],[-101.17,36.48],[-101.26,36.44],[-101.25,36.54],[-101.35,36.54],[-101.61,36.29],[-101.45,36.51],[-101.61,36.43],[-101.65,36.48],[-101.57,36.52],[-101.68,36.54],[-101.26,36.68],[-101.67,36.66],[-101.8,36.52],[-101.93,36.5],[-101.82,36.61],[-101.99,36.64],[-101.79,36.62],[-101.84,36.71],[-101.6,36.76],[-101.77,36.88],[-101.62,36.87],[-101.48,36.76],[-101.33,36.8],[-101.11,36.67],[-100.93,36.68],[-100.77,36.82],[-100.49,36.83],[-100.43,36.92],[-100.48,37],[-100.22,37.01],[-100.45,37.06],[-100.52,37.16],[-100.35,37.44],[-100.39,37.55],[-99.99,37.75],[-100.03,37.97],[-100.17,38.05],[-100.63,38.06],[-100.62,38.2],[-100.39,38.37],[-100.4,38.62],[-100.99,38.67],[-101.31,38.9],[-100.32,39.1],[-100.59,39.26],[-100.58,39.34],[-100.39,39.44],[-100.57,39.5],[-100.64,39.61],[-100.98,39.5],[-101.06,39.69],[-101.29,39.62],[-101.36,39.67],[-101.32,39.83],[-101.16,39.92],[-101.29,40.07],[-101.05,40.24],[-101.2,40.67],[-101.16,40.8],[-101.3,40.93],[-101.24,41.11],[-101.07,41.22],[-101.4,41.18],[-102.28,41.38],[-103.26,41.91],[-103.42,42.06],[-103.38,42.13],[-102.78,42.04],[-102.82,42.15],[-102.7,42.41],[-102.46,42.62],[-101.97,42.76],[-102.15,42.94],[-102.58,42.98],[-102.57,43.05],[-101.96,43.32],[-101.73,43.23],[-101.61,43.32],[-101.42,43.31],[-101.62,43.41],[-101.9,43.36],[-102,43.5],[-102.12,43.5]]]]}},{"type":"Feature","properties":{"code":"9.4.2","name":"Central Great Plains"},"geometry":{"type":"Polygon","coordinates":[[[-98.05,42.03],[-98.17,41.92],[-98.1,41.77],[-98.45,41.77],[-98.42,41.64],[-98.52,41.63],[-98.53,41.54],[-98.66,41.55],[-98.91,41.78],[-99.47,41.81],[-99.95,41.53],[-100.58,41.47],[-100.61,41.39],[-100.22,41.31],[-100.24,41.08],[-100.17,40.94],[-100.83,41.23],[-101.07,41.22],[-101.15,41.14],[-100.76,41.06],[-100.64,40.79],[-100.73,40.83],[-100.75,40.76],[-100.89,40.84],[-100.79,40.71],[-100.78,40.48],[-101.03,40.72],[-101.07,40.65],[-101.2,40.69],[-101.05,40.24],[-101.29,40.07],[-101.16,39.92],[-101.32,39.83],[-101.36,39.67],[-101.29,39.62],[-101.06,39.69],[-100.98,39.5],[-100.64,39.61],[-100.57,39.5],[-100.39,39.44],[-100.58,39.34],[-100.59,39.26],[-100.32,39.1],[-101.31,38.91],[-101,38.67],[-100.39,38.61],[-100.39,38.37],[-100.62,38.2],[-100.63,38.06],[-100.18,38.06],[-100.03,37.97],[-99.99,37.83],[-100,37.73],[-100.13,37.73],[-100.39,37.55],[-100.27,37.35],[-100.31,37.23],[-100.06,37.36],[-99.84,37.36],[-99.96,37.43],[-99.85,37.49],[-99.69,37.44],[-99.2,37.58],[-98.74,37.53],[-98.52,37.38],[-98.29,37.34],[-98.46,37.01],[-98.92,37.04],[-99.05,36.99],[-99.02,36.89],[-99.33,37],[-99.97,36.93],[-99.98,36.85],[-100.09,36.8],[-99.88,36.7],[-99.79,36.54],[-99.6,36.55],[-99.59,36.34],[-99.95,35.92],[-100,35.68],[-100.36,35.58],[-100.32,35.35],[-100.54,35.36],[-100.63,35.22],[-99.65,35.15],[-99.61,35.08],[-99.81,35],[-99.77,34.93],[-99.87,34.88],[-99.54,34.9],[-99.47,34.75],[-99.54,34.83],[-100,34.85],[-100.37,35.03],[-101.07,35],[-100.82,34.82],[-100.52,34.91],[-100.36,34.88],[-100.15,34.66],[-100.02,34.63],[-100.19,34.43],[-100.1,34.28],[-99.59,34.11],[-99.89,33.89],[-99.72,33.84],[-99.33,33.95],[-99.13,33.77],[-99.22,33.63],[-99.55,33.68],[-99.62,33.62],[-99.55,33.59],[-99.99,33.41],[-100.02,33.32],[-99.94,33.24],[-100.06,33.12],[-99.97,32.98],[-100.38,32.97],[-100.64,32.87],[-100.68,32.63],[-100.58,32.5],[-100.49,32.53],[-100.51,32.36],[-100.3,32.37],[-100.25,32.46],[-100.1,32.42],[-100.18,32.4],[-100.14,32.33],[-99.98,32.37],[-99.78,32.29],[-99.87,32.24],[-99.83,32.16],[-100.18,32.17],[-100.21,31.99],[-100.08,31.72],[-100.3,31.71],[-100.46,31.56],[-100.7,31.64],[-100.52,31.43],[-100.64,31.42],[-100.63,31.31],[-100.51,31.24],[-100.42,31.31],[-100.1,31.22],[-99.88,31.32],[-99.71,31.27],[-99.83,31.18],[-99.66,31.2],[-99.55,31.11],[-99.3,31.13],[-99.12,31.25],[-99.18,31.45],[-98.92,31.67],[-99.2,31.83],[-99.4,32.35],[-99.34,32.39],[-99.22,32.28],[-99.08,32.38],[-99.15,32.5],[-98.82,33.16],[-98.44,33.23],[-98.6,33.4],[-98.56,33.35],[-98.45,33.49],[-98.33,33.46],[-98.32,33.52],[-98.26,33.47],[-97.84,33.55],[-97.84,33.7],[-97.49,34.02],[-97.52,34.23],[-97.74,34.38],[-97.97,34.39],[-98.01,34.29],[-98.05,34.43],[-97.98,34.53],[-98.1,34.66],[-98.1,34.89],[-98.25,34.97],[-98.46,35.45],[-98.31,35.53],[-98.11,35.41],[-98.06,35.28],[-98.15,35.08],[-97.81,34.69],[-97.67,35.18],[-97.5,35.02],[-97.71,34.86],[-97.44,34.6],[-97.19,34.56],[-97.17,34.77],[-97.03,34.92],[-97.24,34.96],[-97.36,35.18],[-97.4,35.5],[-97.51,35.53],[-97.48,35.77],[-97.21,35.93],[-97.28,35.99],[-97.2,36.15],[-97.25,36.19],[-97.15,36.23],[-97.19,36.13],[-97.11,36.08],[-97.18,35.97],[-97.02,35.77],[-96.87,35.89],[-96.8,35.69],[-96.74,35.82],[-96.7,35.72],[-96.61,35.76],[-96.67,35.93],[-96.55,36.44],[-96.92,36.65],[-96.92,37.14],[-97.04,37.3],[-97.03,38.01],[-97.21,38.13],[-97.37,38.38],[-97.07,38.63],[-96.93,39.04],[-97.05,39.29],[-96.85,39.54],[-96.84,39.71],[-96.69,39.69],[-96.59,40],[-96.92,40.39],[-97.01,40.73],[-97.01,41.17],[-97.1,41.31],[-96.87,41.44],[-97.87,41.75],[-98.05,42.03]]]}},{"type":"Feature","properties":{"code":"9.4.3","name":"Southwestern Tablelands"},"geometry":{"type":"Polygon","coordinates":[[[-103.72,39.58],[-103.79,39.77],[-103.73,39.9],[-103.84,39.97],[-103.97,39.86],[-104.01,39.56],[-104.09,39.65],[-104.17,39.55],[-104.27,39.64],[-104.37,39.47],[-104.51,39.64],[-104.56,39.55],[-104.99,39.51],[-105.04,39.41],[-104.82,39],[-104.89,38.86],[-104.84,38.47],[-105.27,38.49],[-105.21,38.31],[-104.99,38.16],[-104.87,37.95],[-105.08,37.52],[-104.99,37.48],[-104.76,37.58],[-104.51,37.27],[-104.52,37.15],[-104.09,36.96],[-103.9,36.99],[-103.86,36.91],[-104.06,36.89],[-104.19,36.78],[-104.43,36.91],[-104.71,36.63],[-105.02,36.48],[-104.95,36.33],[-104.74,36.3],[-104.9,36.27],[-105,36.14],[-105.11,36.2],[-105.24,35.95],[-105.17,35.92],[-105.27,35.74],[-105.24,35.53],[-105.32,35.53],[-105.36,35.42],[-105.52,35.43],[-105.49,35.29],[-105.79,35.54],[-105.88,35.47],[-105.9,35.25],[-106.1,35.28],[-106.28,35.16],[-106.13,35.01],[-106.16,34.85],[-106.31,34.73],[-106.34,34.49],[-106.67,34.27],[-106.73,34.1],[-106.57,34.06],[-106.37,34.16],[-106.26,33.79],[-106.15,33.71],[-106.07,33.84],[-105.81,33.8],[-105.65,33.97],[-105.55,33.91],[-105.51,33.7],[-105.21,33.68],[-105.17,33.5],[-105.31,33.4],[-105.15,33.09],[-105.18,32.89],[-105.27,32.84],[-105.06,32.64],[-104.78,32.75],[-104.84,32.85],[-104.58,33.02],[-104.69,33.07],[-104.77,33.3],[-104.62,33.47],[-104.61,33.76],[-104.28,33.83],[-104.18,33.76],[-104.23,33.66],[-104,33.47],[-103.87,33.53],[-103.86,33.68],[-104.01,33.69],[-104.11,33.8],[-103.86,33.9],[-103.98,34.01],[-103.94,34.2],[-104.04,34.29],[-103.97,34.46],[-104.1,34.49],[-104.04,34.66],[-104.16,34.78],[-104.13,34.87],[-103.78,34.82],[-103.48,34.86],[-103.39,34.99],[-103.02,34.95],[-103,35.06],[-102.69,35.33],[-101.96,35.2],[-101.59,35.45],[-101.41,35.4],[-100.76,35.82],[-100.65,35.79],[-100.86,35.58],[-100.62,35.66],[-100.52,35.61],[-100.63,35.53],[-100.89,35.52],[-101.04,35.41],[-100.9,35.35],[-100.92,35.25],[-101.03,35.2],[-100.88,35.16],[-101.31,35.18],[-101.21,35.11],[-101.22,35],[-101.31,35],[-101.2,34.91],[-101.23,34.85],[-101.82,35.06],[-101.69,34.99],[-101.76,34.95],[-101.67,34.88],[-101.72,34.83],[-101.48,34.84],[-101.33,34.71],[-101.43,34.53],[-101.32,34.62],[-101.11,34.5],[-101.23,34.23],[-101.08,34.19],[-101.03,33.82],[-100.92,33.75],[-101.06,33.62],[-101.29,33.84],[-101.17,33.63],[-101.24,33.51],[-101.63,33.5],[-101.39,33.11],[-101.6,33.08],[-101.48,32.98],[-101.6,32.95],[-101.57,32.81],[-101.8,32.89],[-101.84,32.77],[-101.73,32.75],[-101.64,32.52],[-101.45,32.5],[-101.44,32.4],[-101.3,32.35],[-101.29,32.27],[-101.48,32.22],[-101.41,32.15],[-101.14,32.02],[-100.71,31.97],[-100.72,31.88],[-100.46,31.75],[-100.08,31.72],[-100.24,32.03],[-100.34,31.96],[-100.55,32.08],[-100.61,32],[-100.6,32.08],[-100.68,32.08],[-100.66,32.26],[-100.47,32.43],[-100.5,32.53],[-100.58,32.5],[-100.68,32.63],[-100.64,32.87],[-100.38,32.97],[-99.97,32.98],[-100.06,33.12],[-99.94,33.24],[-100.02,33.32],[-99.99,33.41],[-99.55,33.59],[-99.62,33.62],[-99.55,33.68],[-99.22,33.63],[-99.14,33.77],[-99.35,33.95],[-99.72,33.84],[-99.89,33.89],[-99.59,34.11],[-100.1,34.28],[-100.19,34.43],[-100.02,34.63],[-100.15,34.66],[-100.36,34.88],[-100.52,34.91],[-100.82,34.82],[-101.07,35],[-100.37,35.03],[-100,34.85],[-99.54,34.83],[-99.47,34.75],[-99.54,34.9],[-99.87,34.88],[-99.77,34.93],[-99.81,35],[-99.61,35.08],[-99.65,35.15],[-100.63,35.22],[-100.54,35.36],[-100.32,35.35],[-100.36,35.58],[-100,35.68],[-99.95,35.92],[-99.59,36.34],[-99.6,36.55],[-99.79,36.54],[-99.88,36.7],[-100.09,36.8],[-99.98,36.85],[-99.97,36.93],[-99.33,37],[-99.02,36.89],[-99.05,36.99],[-98.92,37.04],[-98.46,37.01],[-98.29,37.35],[-98.52,37.38],[-98.74,37.53],[-99.2,37.58],[-99.69,37.44],[-99.85,37.49],[-99.96,37.43],[-99.84,37.36],[-100.06,37.36],[-100.3,37.23],[-100.27,37.35],[-100.38,37.43],[-100.52,37.16],[-100.45,37.06],[-100.22,37.01],[-100.48,37],[-100.43,36.92],[-100.49,36.83],[-100.77,36.82],[-100.93,36.68],[-101.11,36.67],[-101.33,36.8],[-101.48,36.76],[-101.62,36.87],[-101.77,36.88],[-101.6,36.76],[-101.84,36.71],[-101.79,36.62],[-101.99,36.63],[-101.82,36.61],[-101.95,36.52],[-101.82,36.51],[-101.67,36.66],[-101.26,36.68],[-101.68,36.54],[-101.57,36.52],[-101.65,36.48],[-101.61,36.43],[-101.45,36.51],[-101.61,36.29],[-101.35,36.54],[-101.25,36.54],[-101.26,36.44],[-101.17,36.48],[-101.38,36.16],[-100.79,36.69],[-100.68,36.67],[-100.64,36.57],[-100.45,36.61],[-100.39,36.44],[-100.65,36.26],[-100.89,36.28],[-100.81,36.13],[-100.59,36.09],[-100.98,36.09],[-101.58,35.82],[-101.91,35.85],[-102.01,35.78],[-101.91,35.69],[-101.97,35.58],[-102.33,35.74],[-102.41,35.7],[-102.52,35.94],[-102.51,35.74],[-102.82,35.79],[-102.94,35.6],[-103.01,35.61],[-102.96,35.4],[-103.45,35.36],[-103.51,35.51],[-103.69,35.59],[-103.8,35.88],[-103.65,35.8],[-103.66,35.98],[-103.21,36.06],[-103.31,36.24],[-103.5,36.27],[-103.51,36.34],[-103.36,36.34],[-103.33,36.48],[-103.16,36.4],[-103.11,36.55],[-103.64,36.63],[-103.28,36.67],[-103.42,36.78],[-103.29,36.82],[-103.11,36.66],[-103.06,36.75],[-102.92,36.75],[-102.77,36.89],[-102.46,36.85],[-102.49,36.98],[-102.66,36.97],[-103.13,37.32],[-102.79,37.57],[-102.32,37.71],[-102.15,37.83],[-102.1,37.99],[-102.5,38.22],[-102.6,38.45],[-103.23,38.74],[-103.64,39.15],[-103.68,39.35],[-103.77,39.37],[-103.7,39.43],[-103.72,39.58]],[[-104.25,36.42],[-104.18,36.45],[-103.81,36.27],[-103.87,36.15],[-103.97,36.28],[-104.07,36.29],[-104.01,36.23],[-104.08,36.22],[-103.92,36.07],[-103.97,36.03],[-103.89,35.97],[-103.98,35.94],[-103.87,35.9],[-103.83,35.78],[-103.96,35.75],[-104.23,35.91],[-104.25,36.42]],[[-105.84,34.21],[-105.8,34.31],[-105.66,34.26],[-105.73,34.13],[-105.84,34.21]]]}},{"type":"Feature","properties":{"code":"9.4.4","name":"Flint Hills"},"geometry":{"type":"Polygon","coordinates":[[[-96.69,39.69],[-96.84,39.71],[-96.85,39.54],[-97.05,39.29],[-96.93,39.04],[-97.07,38.63],[-97.37,38.38],[-97.21,38.13],[-97.03,38.01],[-97.04,37.3],[-96.92,37.14],[-96.92,36.65],[-96.57,36.43],[-96.48,36.61],[-96.4,36.59],[-96.37,37.02],[-96.25,37.1],[-96.3,37.18],[-96.19,37.18],[-96.23,37.28],[-96.13,37.28],[-96.19,37.36],[-96.1,37.44],[-96.06,37.68],[-95.96,37.69],[-95.87,37.84],[-95.88,38],[-96.08,38.12],[-96.12,38.48],[-96.05,38.63],[-96.14,38.76],[-95.91,38.92],[-95.95,39.11],[-95.86,39.31],[-95.91,39.4],[-96.44,39.65],[-96.69,39.69]]]}},{"type":"Feature","properties":{"code":"9.4.5","name":"Cross Timbers"},"geometry":{"type":"Polygon","coordinates":[[[-95.83,37.74],[-95.78,37.85],[-96.05,37.69],[-96.1,37.44],[-96.19,37.37],[-96.13,37.28],[-96.23,37.28],[-96.19,37.18],[-96.3,37.18],[-96.25,37.1],[-96.37,37.02],[-96.33,36.82],[-96.4,36.59],[-96.52,36.55],[-96.67,35.93],[-96.62,35.75],[-96.7,35.72],[-96.73,35.82],[-96.81,35.69],[-96.81,35.86],[-96.87,35.89],[-97.02,35.77],[-97.18,35.97],[-97.11,36.08],[-97.19,36.13],[-97.15,36.23],[-97.25,36.19],[-97.2,36.15],[-97.28,35.99],[-97.21,35.93],[-97.48,35.77],[-97.51,35.53],[-97.4,35.5],[-97.36,35.18],[-97.24,34.96],[-97.03,34.92],[-97.17,34.77],[-97.19,34.56],[-97.44,34.6],[-97.71,34.86],[-97.5,35.02],[-97.67,35.18],[-97.81,34.69],[-98.15,35.08],[-98.06,35.28],[-98.11,35.41],[-98.31,35.53],[-98.46,35.44],[-98.25,34.97],[-98.1,34.89],[-98.1,34.66],[-97.98,34.53],[-98.05,34.43],[-98.01,34.29],[-97.97,34.39],[-97.74,34.38],[-97.52,34.23],[-97.48,34.03],[-97.84,33.7],[-97.84,33.55],[-98.26,33.47],[-98.32,33.52],[-98.33,33.46],[-98.45,33.49],[-98.56,33.35],[-98.6,33.4],[-98.44,33.23],[-98.82,33.16],[-99.15,32.5],[-99.08,32.38],[-99.22,32.28],[-99.34,32.39],[-99.4,32.35],[-99.2,31.83],[-98.92,31.67],[-98.98,31.55],[-99.17,31.47],[-99.18,31.3],[-98.8,31.17],[-98.46,31.21],[-98.27,30.9],[-97.93,30.86],[-97.68,30.67],[-97.58,30.97],[-97.43,31.02],[-97.39,31.37],[-97.12,31.62],[-97.12,31.86],[-97.24,31.97],[-97.27,32.23],[-97.15,32.35],[-97.27,32.45],[-97.04,32.77],[-97.09,32.92],[-96.99,33.1],[-96.92,33.65],[-96.72,33.74],[-96.65,33.91],[-96.5,34.02],[-96.26,34.08],[-96.16,33.99],[-96.07,34.08],[-96.55,34.26],[-96.53,34.33],[-96.35,34.25],[-96.41,34.37],[-96.36,34.47],[-96.64,34.6],[-96.54,34.67],[-96.66,34.73],[-96.18,35.04],[-96.08,35.22],[-95.85,35.32],[-95.28,35.34],[-95.39,35.56],[-95.55,35.38],[-95.76,35.5],[-95.73,35.57],[-95.85,35.5],[-95.98,35.63],[-95.91,35.79],[-95.8,35.79],[-95.68,35.9],[-95.81,35.91],[-96.18,35.73],[-96,36.07],[-96.05,36.19],[-95.99,36.26],[-96.06,36.34],[-95.97,36.55],[-96,37.05],[-95.83,37.23],[-95.94,37.3],[-95.89,37.37],[-95.94,37.44],[-95.86,37.48],[-95.99,37.58],[-95.83,37.74]]]}},{"type":"Feature","properties":{"code":"9.4.6","name":"Edwards Plateau"},"geometry":{"type":"MultiPolygon","coordinates":[[[[-101.14,32.02],[-101.45,32.12],[-101.44,31.94],[-101.55,31.85],[-101.49,31.77],[-101.3,31.76],[-101.27,31.61],[-101.99,31.25],[-102,31.11],[-101.99,31.01],[-101.83,30.91],[-101.78,30.68],[-101.65,30.64],[-101.73,30.43],[-101.66,30.35],[-101.74,30.28],[-101.49,30.13],[-101.33,30.16],[-101.01,29.65],[-100.87,29.7],[-100.94,29.78],[-100.67,29.83],[-100.61,29.76],[-100.78,29.72],[-100.69,29.62],[-99.99,29.45],[-99.86,29.32],[-99.41,29.5],[-99.01,29.47],[-98.48,29.56],[-98.26,29.64],[-97.91,29.91],[-97.67,30.67],[-97.93,30.86],[-98.27,30.9],[-98.46,31.21],[-98.79,31.17],[-99.01,31.28],[-99.3,31.13],[-99.55,31.11],[-99.66,31.2],[-99.83,31.18],[-99.71,31.27],[-99.88,31.32],[-100.1,31.22],[-100.42,31.31],[-100.51,31.24],[-100.63,31.31],[-100.64,31.42],[-100.52,31.43],[-100.7,31.64],[-100.42,31.57],[-100.3,31.75],[-100.46,31.75],[-100.72,31.88],[-100.71,31.97],[-101.14,32.02]]],[[[-100.17,32.44],[-100.26,32.46],[-100.43,32.33],[-100.53,32.35],[-100.66,32.26],[-100.68,32.08],[-100.6,32.08],[-100.61,32],[-100.55,32.08],[-100.33,31.96],[-100.16,32.05],[-100.16,32.19],[-100.04,32.12],[-99.82,32.16],[-99.87,32.24],[-99.79,32.3],[-99.98,32.37],[-100.14,32.33],[-100.18,32.4],[-100.1,32.41],[-100.17,32.44]]]]}},{"type":"Feature","properties":{"code":"9.4.7","name":"Texas Blackland Prairies"},"geometry":{"type":"MultiPolygon","coordinates":[[[[-95.81,30.54],[-95.93,30.56],[-96.13,30.37],[-96.63,30.2],[-97.69,28.98],[-97.63,28.94],[-97.31,29.04],[-97.22,29.22],[-96.87,29.37],[-96.73,29.66],[-96.6,29.71],[-96.67,29.79],[-96.63,29.91],[-96.51,29.81],[-96.53,29.9],[-96.4,29.9],[-96.31,30.04],[-96.19,30.05],[-96.2,30.2],[-95.97,30.25],[-95.94,30.34],[-95.66,30.34],[-95.75,30.45],[-95.86,30.4],[-95.81,30.54]]],[[[-95.62,33.7],[-95.59,33.76],[-96.34,33.62],[-96.68,33.79],[-96.92,33.66],[-96.99,33.1],[-97.09,32.92],[-97.04,32.77],[-97.27,32.45],[-97.15,32.35],[-97.27,32.23],[-97.24,31.97],[-97.12,31.86],[-97.12,31.61],[-97.38,31.37],[-97.43,31.02],[-97.57,30.98],[-97.66,30.8],[-97.7,30.45],[-97.91,29.91],[-98.27,29.63],[-98.88,29.52],[-98.91,29.39],[-98.79,29.25],[-98.35,29.23],[-98.02,29.53],[-97.86,29.56],[-97.89,29.67],[-97.71,29.71],[-97.7,29.8],[-97.57,29.77],[-97.63,30.04],[-97.51,30.19],[-97.54,30.29],[-97.42,30.29],[-96.9,30.85],[-96.92,30.94],[-96.23,31.99],[-96.19,32.15],[-96.54,32.45],[-96.5,32.51],[-96.28,32.4],[-96.19,32.44],[-96.14,32.74],[-96.28,32.86],[-96.23,32.97],[-96.07,33.16],[-95.92,33.04],[-95.6,33.22],[-95.49,33.47],[-95.18,33.49],[-95.39,33.66],[-95.62,33.7]]]]}},{"type":"Feature","properties":{"code":"9.5.1","name":"Western Gulf Coastal Plain"},"geometry":{"type":"MultiPolygon","coordinates":[[[[-97.74,23.99],[-97.68,24.51],[-97.73,24.34],[-97.74,23.99]]],[[[-97.7,24.67],[-97.7,24.7],[-97.73,24.67],[-97.7,24.67]]],[[[-97.68,24.52],[-97.53,25],[-97.54,25.01],[-97.68,24.52]]],[[[-97.51,25.28],[-97.48,25.32],[-97.5,25.31],[-97.51,25.28]]],[[[-97.19,26.07],[-97.21,26.06],[-97.21,26.05],[-97.19,26.07]]],[[[-97.28,26.56],[-97.33,26.56],[-97.26,26.54],[-97.16,26.07],[-97.28,26.56]]],[[[-97.45,27],[-97.48,27],[-97.47,26.97],[-97.45,27]]],[[[-97.44,27.13],[-97.44,27.15],[-97.44,27.12],[-97.44,27.13]]],[[[-97.45,27.31],[-97.45,27.31],[-97.46,27.32],[-97.45,27.31]]],[[[-97.26,27.66],[-97.23,27.59],[-97.39,27.2],[-97.39,26.86],[-97.3,26.56],[-97.38,27.07],[-97.2,27.61],[-97.26,27.66]]],[[[-97.19,27.69],[-97.2,27.62],[-97.16,27.68],[-97.19,27.69]]],[[[-97.05,27.84],[-97.11,27.83],[-97.17,27.68],[-97.05,27.84]]],[[[-97.08,27.86],[-97.08,27.84],[-97.06,27.85],[-97.08,27.86]]],[[[-97.14,27.9],[-97.14,27.89],[-97.14,27.89],[-97.14,27.9]]],[[[-96.88,28.07],[-96.97,28.02],[-97.05,27.85],[-96.88,28.07]]],[[[-97,28.13],[-96.98,28.12],[-96.98,28.13],[-97,28.13]]],[[[-96.47,28.33],[-96.47,28.33],[-96.47,28.33],[-96.47,28.33]]],[[[-96.4,28.37],[-96.82,28.18],[-96.85,28.07],[-96.4,28.37]]],[[[-96.33,28.43],[-96.35,28.43],[-96.39,28.39],[-96.33,28.43]]],[[[-96.23,28.49],[-96.33,28.43],[-96.32,28.42],[-96.23,28.49]]],[[[-95.98,28.61],[-96.23,28.5],[-95.98,28.59],[-95.98,28.61]]],[[[-94.92,29.25],[-94.92,29.25],[-94.93,29.25],[-94.92,29.25]]],[[[-94.91,29.3],[-94.93,29.3],[-94.91,29.29],[-94.91,29.3]]],[[[-94.73,29.34],[-94.88,29.29],[-95.11,29.09],[-94.73,29.34]]],[[[-94.81,29.35],[-94.8,29.31],[-94.78,29.34],[-94.81,29.35]]],[[[-94.51,29.51],[-94.68,29.45],[-94.78,29.37],[-94.51,29.51]]],[[[-94.56,29.53],[-94.71,29.44],[-94.51,29.52],[-94.56,29.53]]],[[[-92.28,30.76],[-92.49,30.73],[-92.58,30.59],[-92.78,30.64],[-93.27,30.2],[-93.28,30.28],[-93.48,30.29],[-93.72,30.11],[-93.82,30.22],[-94.02,30.19],[-94.06,30.07],[-94.19,30.17],[-94.57,30],[-94.72,30.21],[-94.72,29.85],[-94.94,30.17],[-95.18,29.9],[-95.43,30.09],[-95.99,30.13],[-96.13,30.05],[-96.14,29.87],[-96.34,29.86],[-96.42,29.68],[-96.58,29.66],[-96.54,29.61],[-96.75,29.08],[-96.92,29.13],[-97.12,29.05],[-97.16,28.82],[-97.11,28.74],[-97.49,28.6],[-97.36,28.52],[-97.39,28.46],[-97.7,28.4],[-97.75,28.29],[-97.89,28.31],[-97.83,28.12],[-97.87,28.03],[-98.12,27.98],[-98.1,27.85],[-98.31,27.69],[-98.23,27.6],[-98.34,27.57],[-98.27,27.47],[-98.47,27.43],[-98.43,27.34],[-98.66,27.31],[-98.59,27.15],[-98.88,26.98],[-98.61,26.72],[-98.32,26.65],[-98.48,26.47],[-98.41,26.16],[-98.56,26.02],[-98.41,25.82],[-98.39,25.6],[-98.26,25.61],[-98.31,25.48],[-98.21,25.46],[-98.23,25.37],[-98.28,25.41],[-98.42,25.31],[-98.28,25.11],[-98.38,25.03],[-98.16,24.88],[-98.09,24.68],[-98.09,24.55],[-98.19,24.47],[-98.1,24.42],[-98.21,24.4],[-98.12,24.4],[-98.19,24.23],[-98.12,24.02],[-97.78,24.08],[-97.75,24.45],[-97.83,24.41],[-97.86,24.52],[-97.78,24.55],[-97.74,24.48],[-97.74,24.85],[-97.66,24.93],[-97.75,24.98],[-97.69,25.18],[-97.73,25.38],[-97.57,25.28],[-97.56,25.45],[-97.43,25.42],[-97.53,25.02],[-97.18,25.72],[-97.15,26.06],[-97.15,26],[-97.26,26],[-97.2,26.08],[-97.31,26.12],[-97.33,26.35],[-97.41,26.35],[-97.39,26.42],[-97.48,26.46],[-97.42,26.55],[-97.47,26.76],[-97.59,26.85],[-97.42,27.26],[-97.78,27.28],[-97.65,27.3],[-97.77,27.45],[-97.61,27.28],[-97.47,27.4],[-97.56,27.41],[-97.49,27.47],[-97.55,27.29],[-97.41,27.32],[-97.24,27.69],[-97.37,27.74],[-97.38,27.84],[-97.56,27.87],[-97.19,27.82],[-97.02,28.1],[-97.18,27.97],[-97.16,28.05],[-97.26,28.08],[-97.02,28.21],[-96.98,28.13],[-96.92,28.27],[-96.96,28.12],[-96.79,28.23],[-96.86,28.41],[-96.76,28.41],[-96.81,28.48],[-96.67,28.32],[-96.4,28.44],[-96.64,28.57],[-96.64,28.71],[-96.48,28.61],[-96.46,28.67],[-96.49,28.57],[-96.37,28.63],[-96.44,28.73],[-96.36,28.63],[-96.17,28.76],[-96.23,28.58],[-95.99,28.66],[-95.98,28.6],[-95.7,28.73],[-95.96,28.63],[-95.93,28.7],[-95.38,28.86],[-95.12,29.07],[-95.22,29.02],[-95.15,29.18],[-95.21,29.21],[-95.1,29.18],[-94.9,29.3],[-94.89,29.39],[-94.81,29.36],[-95.03,29.61],[-94.74,29.79],[-94.69,29.65],[-94.76,29.52],[-94.55,29.57],[-94.47,29.56],[-94.5,29.51],[-94.05,29.67],[-93.26,29.78],[-92.62,29.58],[-92.13,29.58],[-92.1,29.7],[-92.21,29.75],[-92.14,29.72],[-91.98,29.93],[-91.64,29.88],[-91.98,30.18],[-91.98,30.41],[-92.07,30.45],[-92.04,30.58],[-92.1,30.7],[-92.28,30.76]]],[[[-97.67,24.76],[-97.67,24.76],[-97.67,24.76],[-97.67,24.76]]]]}},{"type":"Feature","properties":{"code":"9.6.1","name":"Southern Texas Plains/Interior Plains and Hills with Xerophytic Shrub and Oak Forest"},"geometry":{"type":"MultiPolygon","coordinates":[[[[-98.53,24.04],[-98.71,24],[-98.65,23.97],[-98.72,23.74],[-98.62,23.65],[-98.73,23.67],[-98.63,23.51],[-98.77,23.54],[-98.86,23.42],[-98.79,23.6],[-98.83,23.77],[-98.72,23.79],[-98.86,23.87],[-99.08,23.75],[-98.96,23.69],[-99.03,23.58],[-99.16,23.71],[-99.2,23.59],[-99.07,23.58],[-99.06,23.48],[-99.09,23.54],[-99.17,23.39],[-98.79,23.33],[-98.77,23.17],[-98.6,23.22],[-98.55,23.64],[-98.61,23.83],[-98.5,23.93],[-98.44,23.83],[-98.23,23.8],[-98.33,23.84],[-98.23,23.88],[-98.26,24.01],[-98.45,23.97],[-98.53,24.04]]],[[[-100.61,29.8],[-100.94,29.78],[-100.86,29.71],[-100.97,29.57],[-100.88,29.49],[-100.97,29.35],[-101.06,29.44],[-101.32,29.49],[-101.41,29.37],[-101.37,29.31],[-101.5,29.26],[-101.26,29.12],[-101.46,29.06],[-101.24,29.04],[-101.29,28.89],[-101.39,28.91],[-101.39,29.02],[-101.8,28.97],[-101.7,29.07],[-101.53,29.06],[-101.75,29.11],[-101.76,29.02],[-101.93,29.02],[-101.86,28.96],[-101.88,28.86],[-102.07,28.74],[-102.14,28.82],[-102.21,28.8],[-101.99,28.73],[-102,28.63],[-101.96,28.71],[-102.03,28.53],[-101.97,28.54],[-101.92,28.37],[-101.93,28.52],[-101.68,28.3],[-101.66,28.18],[-101.78,28.2],[-101.79,28.04],[-101.84,28.02],[-101.84,28.1],[-101.93,28.02],[-101.77,27.9],[-101.41,27.86],[-101.48,27.8],[-101.4,27.77],[-101.46,27.69],[-101.38,27.63],[-101.54,27.66],[-101.53,27.59],[-100.99,27.25],[-100.85,27.02],[-100.65,27.08],[-100.73,26.9],[-100.5,26.74],[-100.59,26.63],[-100.42,26.22],[-100.59,26.53],[-100.43,26.18],[-100.65,26.19],[-100.65,26.09],[-100.48,26],[-100.66,25.87],[-100.49,25.8],[-100.63,25.74],[-100.56,25.72],[-100.62,25.67],[-100.27,25.56],[-100.22,25.64],[-100.05,25.37],[-100.07,25.26],[-99.93,25.17],[-99.87,24.92],[-99.73,24.85],[-99.71,24.62],[-99.64,24.57],[-99.7,24.45],[-99.55,24.46],[-99.66,24.17],[-99.55,24.09],[-99.64,24.04],[-99.49,24.01],[-99.51,24.15],[-99.42,24.13],[-99.19,23.65],[-99.02,24.02],[-99.15,24.01],[-99.28,24.24],[-99.33,24.22],[-99.31,24.47],[-99.53,24.56],[-99.37,24.58],[-99.26,24.44],[-99.31,24.59],[-99.26,24.61],[-99.26,24.51],[-99.18,24.56],[-98.99,24.49],[-99.09,24.43],[-99,24.43],[-98.95,24.29],[-98.9,24.55],[-98.87,24.42],[-98.35,24.26],[-98.22,24.18],[-98.21,24.03],[-98.08,24.01],[-98.19,24.23],[-98.13,24.4],[-98.21,24.4],[-98.1,24.42],[-98.19,24.47],[-98.09,24.55],[-98.09,24.68],[-98.16,24.88],[-98.38,25.03],[-98.28,25.11],[-98.42,25.31],[-98.28,25.41],[-98.23,25.37],[-98.21,25.46],[-98.31,25.48],[-98.26,25.61],[-98.39,25.6],[-98.41,25.82],[-98.56,26.02],[-98.41,26.16],[-98.48,26.47],[-98.32,26.65],[-98.61,26.72],[-98.88,26.98],[-98.59,27.15],[-98.66,27.31],[-98.43,27.34],[-98.47,27.43],[-98.27,27.47],[-98.34,27.57],[-98.23,27.6],[-98.3,27.7],[-98.1,27.85],[-98.12,27.98],[-97.87,28.03],[-97.84,28.15],[-98.17,28.47],[-98.36,28.92],[-98.64,28.92],[-98.85,29.14],[-98.79,29.25],[-98.91,29.39],[-98.88,29.52],[-99.41,29.5],[-99.91,29.32],[-99.99,29.45],[-100.57,29.57],[-100.77,29.69],[-100.61,29.8]]]]}},{"type":"Feature","properties":{"code":"10.1.1","name":"Thompson-Okanogan Plateau"},"geometry":{"type":"Polygon","coordinates":[[[-119.89,51.26],[-119.91,51.38],[-119.69,51.58],[-119.74,51.67],[-120.5,51.9],[-120.63,51.86],[-120.58,51.44],[-120.64,51.14],[-120.73,51.08],[-121.49,51.02],[-121.67,51.26],[-121.98,51.32],[-122.07,51.15],[-122.2,51.11],[-122.87,51.01],[-123.35,51.03],[-123.51,50.85],[-122.71,50.52],[-121.79,49.99],[-121.31,49.85],[-121.18,49.74],[-121.1,49.48],[-120.83,49.54],[-120.58,49.17],[-120.26,49.31],[-120.04,49.17],[-120.1,49.41],[-120.04,49.44],[-119.56,49.38],[-119.34,49.26],[-119.48,49.23],[-119.33,49.09],[-118.39,49.02],[-118.35,49.13],[-118.68,49.33],[-118.77,49.6],[-118.54,49.92],[-118.52,50.18],[-119.02,50.37],[-119.14,50.95],[-119.33,50.98],[-119.62,50.87],[-119.82,51.02],[-119.89,51.26]]]}},{"type":"Feature","properties":{"code":"10.1.2","name":"Columbia Plateau"},"geometry":{"type":"MultiPolygon","coordinates":[[[[-115.89,46.14],[-115.88,46.05],[-115.97,46.11],[-115.94,45.96],[-115.84,46.06],[-115.89,46.14]]],[[[-116.39,46.49],[-116.29,46.45],[-116.27,46.29],[-116.39,46.46],[-116.31,46.35],[-116.48,46.34],[-116.52,46.19],[-116.68,46.23],[-116.6,46.08],[-116.25,45.94],[-116.37,45.93],[-116.25,45.84],[-115.97,45.96],[-116.05,46],[-116.01,46.07],[-116.14,46.08],[-116.02,46.11],[-116.04,46.2],[-116.23,46.16],[-116.07,46.24],[-116.22,46.28],[-116.17,46.32],[-116.24,46.44],[-116.39,46.49]]],[[[-119.6,49.37],[-119.76,49.37],[-119.62,49.16],[-119.71,48.96],[-119.5,48.97],[-119.45,48.83],[-119.62,48.83],[-119.52,48.65],[-119.59,48.59],[-119.55,48.52],[-119.77,48.55],[-119.58,48.45],[-119.81,48.3],[-119.8,48.17],[-120.05,48.19],[-120,48.42],[-120.22,48.6],[-120.31,48.53],[-120.26,48.33],[-120.1,48.32],[-120.25,48.28],[-119.88,47.95],[-119.98,47.95],[-119.97,47.85],[-120.18,47.95],[-120.02,47.84],[-120.14,47.86],[-120.25,47.7],[-120.35,47.69],[-120.27,47.6],[-120.51,47.52],[-120.4,47.36],[-120.25,47.31],[-120.23,47.12],[-120.79,47.16],[-120.77,46.99],[-120.67,46.96],[-120.79,46.92],[-120.74,46.79],[-120.9,46.81],[-120.85,46.77],[-120.95,46.69],[-120.88,46.7],[-120.96,46.65],[-120.87,46.6],[-120.98,46.42],[-120.89,46.27],[-120.77,46.24],[-120.66,46.05],[-120.35,46.01],[-120.41,45.84],[-120.59,45.79],[-120.89,45.89],[-121.28,45.61],[-121.15,45.45],[-121.26,45.23],[-121.41,45.15],[-121.3,45.04],[-121.15,45.04],[-121.19,44.98],[-121.1,45.03],[-121.13,44.99],[-120.98,44.93],[-121.06,44.81],[-120.58,44.95],[-120.51,45.09],[-120.43,44.96],[-120.39,45.05],[-119.79,45.06],[-119.37,45.24],[-119.11,45.22],[-118.5,45.41],[-118.61,45.57],[-118.43,45.65],[-118.35,45.81],[-118.12,45.84],[-118.16,46.08],[-117.82,46.23],[-117.78,46.32],[-117.61,46.27],[-117.55,46.36],[-117.41,46.27],[-117.43,46.2],[-117.06,46.07],[-116.93,46.2],[-116.74,46.23],[-116.63,46.38],[-116.82,46.61],[-117,46.67],[-116.92,46.72],[-117.03,46.8],[-117,46.87],[-116.65,46.95],[-117.01,47.01],[-117.01,47.13],[-116.85,47.05],[-116.78,47.11],[-116.94,47.31],[-117.09,47.27],[-116.93,47.41],[-117.11,47.54],[-117.37,47.54],[-117.68,47.87],[-118.04,47.81],[-118.22,47.95],[-118.41,47.84],[-118.69,47.98],[-118.74,47.92],[-118.97,47.96],[-118.87,48.02],[-118.84,48.22],[-119.3,48.13],[-119.33,48.18],[-119.24,48.2],[-119.43,48.36],[-119.2,48.36],[-119.5,48.51],[-119.25,48.51],[-119.46,48.6],[-119.21,48.68],[-119.41,48.89],[-119.3,49],[-119.36,49.16],[-119.48,49.23],[-119.34,49.26],[-119.6,49.37]]]]}},{"type":"Feature","properties":{"code":"10.1.3","name":"Northern Basin and Range"},"geometry":{"type":"Polygon","coordinates":[[[-120.89,43.93],[-121.1,43.88],[-120.86,43.83],[-120.91,43.78],[-120.78,43.73],[-120.76,43.57],[-120.98,43.55],[-121.16,43.43],[-121.16,43.2],[-121.31,43.11],[-120.79,43.03],[-120.81,42.78],[-120.53,42.68],[-120.43,42.45],[-120.13,42.39],[-120.09,42.3],[-120.17,42.17],[-120.07,42.03],[-120.27,41.82],[-120.12,40.99],[-120.98,40.93],[-120.53,40.51],[-120.5,40.26],[-120.26,40.1],[-120.21,40.31],[-120.05,40.34],[-119.88,40.25],[-119.92,40.52],[-119.85,40.54],[-119.84,40.72],[-119.65,40.66],[-119.54,40.82],[-119.38,40.67],[-119.3,40.75],[-119.41,40.92],[-119.33,40.98],[-119.21,40.94],[-119.16,41.04],[-119.24,41.39],[-119.14,41.42],[-119.13,41.3],[-118.99,41.15],[-118.79,41.5],[-118.61,41.48],[-118.6,41.85],[-118.28,41.54],[-118.33,41.9],[-118.24,41.91],[-118.06,41.46],[-117.87,41.81],[-117.7,41.76],[-117.78,41.42],[-117.67,41.31],[-117.55,41.57],[-117.37,41.54],[-117.35,41.46],[-117.11,41.52],[-117.02,41.16],[-116.51,41.36],[-116.29,41.21],[-116.35,41.09],[-116.27,40.97],[-116.18,41.17],[-115.93,41.32],[-115.95,41.49],[-115.83,41.71],[-115.77,41.6],[-115.63,41.59],[-115.62,41.49],[-115.55,41.55],[-115.55,41.74],[-115.38,41.42],[-115.32,41.65],[-115.14,41.62],[-114.96,41.18],[-114.81,41.25],[-114.43,41.09],[-114.25,41.15],[-114.18,41.45],[-113.95,41.47],[-113.98,41.64],[-113.89,41.72],[-113.85,41.49],[-113.68,41.45],[-113.69,41.64],[-113.58,41.8],[-113.2,41.83],[-113.13,41.97],[-112.93,42.11],[-112.78,41.99],[-112.7,42.12],[-112.61,42.09],[-112.6,41.98],[-112.54,42.03],[-112.43,41.97],[-112.38,42.28],[-112.22,42.26],[-112.18,41.98],[-112.08,41.89],[-112.12,42],[-112.07,42.08],[-112,42.06],[-112.03,42.34],[-111.77,42.21],[-111.8,42.07],[-111.73,42.04],[-111.65,42.46],[-111.7,42.64],[-111.43,42.52],[-111.54,42.71],[-111.47,42.99],[-111.72,43.21],[-111.69,43.35],[-111.76,43.39],[-112,43.37],[-112.02,43.26],[-112.37,43.14],[-112.45,42.93],[-112.4,42.82],[-112.55,42.9],[-113.05,42.63],[-113.22,42.62],[-113.3,42.47],[-113.57,42.51],[-113.87,42.21],[-114.1,42.39],[-114.51,42.46],[-114.6,42.4],[-114.69,42.51],[-114.89,42.47],[-115.55,42.82],[-115.73,42.61],[-116.18,42.76],[-116.58,43.01],[-116.72,43.39],[-117.07,43.59],[-117.13,43.77],[-117.33,43.83],[-117.44,43.77],[-117.48,43.87],[-117.69,43.79],[-117.5,44.05],[-117.76,44.08],[-117.89,44.01],[-117.81,43.86],[-117.98,43.89],[-118.09,43.8],[-118.3,43.92],[-118.39,43.82],[-118.68,43.98],[-118.57,43.73],[-118.61,43.66],[-119.08,43.65],[-119.12,43.52],[-119.68,43.69],[-119.81,43.62],[-120.03,43.93],[-120.22,43.7],[-120.32,43.77],[-120.27,43.85],[-120.32,43.88],[-120.89,43.93]]]}},{"type":"Feature","properties":{"code":"10.1.4","name":"Wyoming Basin"},"geometry":{"type":"Polygon","coordinates":[[[-108.85,45.24],[-109.07,45.21],[-109.04,45.1],[-109.22,45.11],[-109.31,45],[-109.33,44.74],[-109.17,44.54],[-109.53,44.49],[-109.41,44.41],[-109.28,44.46],[-109.63,44.14],[-109.17,44.34],[-109.16,44.24],[-109.32,44.12],[-109.11,44.02],[-109.09,43.93],[-108.89,43.91],[-108.96,43.86],[-108.9,43.83],[-109.19,43.58],[-109.31,43.6],[-109.34,43.69],[-109.67,43.64],[-109.84,43.73],[-109.82,43.66],[-109.91,43.66],[-109.52,43.45],[-108.8,42.74],[-108.77,42.63],[-108.54,42.49],[-108.9,42.48],[-109.36,42.6],[-109.55,42.82],[-110,43.08],[-110.01,43.37],[-110.04,43.18],[-110.39,43.02],[-110.36,42.94],[-110.47,42.82],[-110.3,42.26],[-110.41,42.29],[-110.43,42.12],[-110.52,42.28],[-110.6,41.9],[-110.67,42.15],[-110.76,42.16],[-110.77,42.01],[-110.82,42.06],[-110.86,42],[-110.85,42.24],[-110.94,42.11],[-111.07,42.44],[-111.19,42.44],[-111.19,42.34],[-111.35,42.46],[-111.45,42.31],[-111.26,41.15],[-111.09,41.19],[-111.09,40.97],[-110.98,40.95],[-110.81,40.94],[-110.79,41.06],[-110.6,41.14],[-110.49,41.06],[-110.19,41.14],[-110.3,41],[-110.21,40.93],[-109.92,41],[-109.72,40.94],[-109.38,40.97],[-108.95,40.79],[-108.81,40.61],[-108.38,40.56],[-108.26,40.41],[-108,40.48],[-107.96,40.29],[-107.76,40.29],[-107.69,40.2],[-107.61,40.23],[-107.6,40.34],[-107.7,40.38],[-107.54,40.45],[-107.3,40.38],[-107.22,40.43],[-107.12,40.35],[-107.01,40.41],[-107.13,40.39],[-107.16,40.53],[-107.53,40.75],[-107.52,40.95],[-107.39,40.98],[-107.51,41.26],[-107.4,41.54],[-106.84,41.19],[-106.45,41.05],[-106.62,41.27],[-106.57,41.39],[-106.66,41.67],[-106.55,41.73],[-106.48,41.61],[-106.53,41.52],[-106.26,41.62],[-106.02,41.43],[-106.14,41.24],[-106.09,41.2],[-106.04,41.28],[-105.99,41.21],[-105.95,41.11],[-106.08,40.97],[-105.94,40.84],[-105.85,40.87],[-105.92,40.96],[-105.77,40.93],[-105.62,41.08],[-105.52,41.01],[-105.54,41.66],[-105.43,41.84],[-105.49,41.87],[-105.45,41.99],[-105.7,42.02],[-105.64,42.06],[-105.66,42.19],[-105.75,42.19],[-105.96,42.41],[-106.29,42.39],[-106.41,42.46],[-106.42,42.65],[-106.59,42.73],[-106.4,42.77],[-106.91,43.33],[-106.76,43.49],[-106.81,43.62],[-106.67,43.73],[-106.94,44],[-106.91,43.92],[-106.99,43.77],[-107.12,43.72],[-107.12,43.95],[-107.43,44.19],[-107.4,44.24],[-107.52,44.44],[-108.01,44.82],[-107.98,44.89],[-108.14,45.01],[-108.61,45.1],[-108.66,45.25],[-108.85,45.24]]]}},{"type":"Feature","properties":{"code":"10.1.5","name":"Central Basin and Range"},"geometry":{"type":"Polygon","coordinates":[[[-118.3,41.92],[-118.28,41.54],[-118.6,41.85],[-118.56,41.54],[-118.62,41.47],[-118.79,41.5],[-118.98,41.16],[-119.12,41.27],[-119.14,41.42],[-119.24,41.39],[-119.16,41.04],[-119.21,40.94],[-119.33,40.98],[-119.41,40.92],[-119.3,40.75],[-119.38,40.67],[-119.54,40.82],[-119.65,40.66],[-119.84,40.72],[-119.85,40.54],[-119.92,40.52],[-119.88,40.25],[-120.09,40.34],[-120.27,40.24],[-120.26,40.1],[-120.09,39.88],[-120.34,39.67],[-120.11,39.69],[-119.88,39.58],[-119.97,39.51],[-119.83,39.45],[-119.85,38.93],[-119.77,38.77],[-119.51,38.45],[-119.49,38.3],[-119.33,38.22],[-119.37,38.11],[-119.13,37.75],[-118.93,37.85],[-118.74,37.77],[-118.91,37.72],[-118.91,37.59],[-118.68,37.44],[-118.61,37.26],[-118.49,37.19],[-118.17,36.54],[-118.1,36.61],[-118.2,36.84],[-118.16,36.91],[-117.77,36.55],[-117.85,36.73],[-117.77,36.85],[-117.79,37.23],[-117.72,37.28],[-117.52,37.26],[-117.26,37.03],[-117.11,37.16],[-117.07,36.96],[-116.92,36.93],[-116.84,37.11],[-116.72,37.05],[-116.54,37.14],[-116.45,37.01],[-116.35,37.04],[-116.33,37.16],[-116.2,37.08],[-116.05,37.29],[-115.9,37.17],[-115.56,37.25],[-115.32,37.01],[-115.35,37.14],[-115.24,37.08],[-114.85,37.32],[-114.82,37.24],[-114.75,37.25],[-114.61,37.33],[-114.58,37.49],[-114.44,37.35],[-114.37,37.39],[-114.33,37.24],[-113.97,37.36],[-113.78,37.22],[-113.67,37.2],[-113.63,37.28],[-113.53,37.22],[-113.62,37.39],[-113.35,37.5],[-113.24,37.4],[-113.05,37.72],[-112.76,37.88],[-112.66,38.08],[-112.5,38.12],[-112.58,38.26],[-112.58,38.69],[-112.39,38.77],[-112.17,39.08],[-112.18,39.2],[-112.12,39.22],[-112.02,38.89],[-112.28,38.6],[-112.19,38.52],[-111.93,38.74],[-111.71,39.08],[-111.69,39.25],[-111.81,39.21],[-111.92,39.4],[-111.83,39.56],[-111.8,39.94],[-111.55,40.14],[-111.76,40.47],[-111.9,40.46],[-111.78,40.68],[-111.91,40.81],[-111.85,40.88],[-111.89,41.13],[-112.02,41.37],[-111.99,41.51],[-112.08,41.75],[-111.78,41.47],[-111.8,41.85],[-111.73,42.03],[-111.8,42.07],[-111.77,42.21],[-112,42.36],[-112,42.06],[-112.07,42.08],[-112.12,42],[-112.07,41.9],[-112.18,41.98],[-112.22,42.26],[-112.38,42.28],[-112.43,41.97],[-112.54,42.03],[-112.6,41.98],[-112.67,42.11],[-112.77,41.99],[-112.94,42.1],[-113.2,41.83],[-113.58,41.8],[-113.69,41.64],[-113.68,41.45],[-113.85,41.49],[-113.87,41.72],[-113.97,41.68],[-113.95,41.47],[-114.18,41.45],[-114.25,41.15],[-114.43,41.09],[-114.81,41.25],[-114.96,41.18],[-115.14,41.62],[-115.32,41.65],[-115.38,41.42],[-115.55,41.74],[-115.55,41.55],[-115.62,41.49],[-115.63,41.59],[-115.77,41.6],[-115.83,41.71],[-115.95,41.49],[-115.93,41.32],[-116.18,41.17],[-116.27,40.97],[-116.35,41.09],[-116.29,41.21],[-116.51,41.36],[-117.04,41.17],[-117.11,41.52],[-117.35,41.46],[-117.37,41.54],[-117.55,41.57],[-117.68,41.32],[-117.78,41.42],[-117.7,41.76],[-117.8,41.81],[-117.97,41.72],[-118.06,41.46],[-118.07,41.62],[-118.3,41.92]]]}},{"type":"Feature","properties":{"code":"10.1.6","name":"Colorado Plateaus"},"geometry":{"type":"Polygon","coordinates":[[[-109.01,40.81],[-109.25,40.9],[-109.61,40.59],[-110.09,40.61],[-110.38,40.53],[-110.51,40.6],[-110.46,40.52],[-110.58,40.52],[-110.59,40.38],[-110.82,40.49],[-110.97,40.45],[-110.75,40.37],[-110.78,40.32],[-110.87,40.37],[-110.96,40.29],[-111.09,40.36],[-110.85,40.16],[-111.03,40.09],[-110.44,39.81],[-110.63,39.72],[-110.94,39.8],[-111.23,39.54],[-111.1,39.32],[-111.23,39.38],[-111.19,39.29],[-111.27,39.28],[-111.14,39.2],[-111.22,39.19],[-111.24,39.02],[-111.43,38.91],[-111.38,38.63],[-111.47,38.58],[-111.41,38.35],[-111.48,38.29],[-111.31,38.14],[-111.29,38.02],[-111.79,37.9],[-111.9,37.67],[-111.97,37.88],[-111.99,37.72],[-112.14,37.67],[-112.25,37.46],[-112.37,37.41],[-112.7,37.42],[-112.79,37.5],[-112.84,37.41],[-113.03,37.46],[-113.06,37.36],[-113.18,37.53],[-113.28,37.31],[-113.31,36.98],[-113.13,36.62],[-112.76,36.57],[-112.19,36.82],[-111.66,36.77],[-110.91,37],[-110.67,36.98],[-110.5,36.76],[-110.3,36.72],[-109.9,36.7],[-109.67,36.85],[-109.39,36.73],[-109.35,36.87],[-109.05,36.98],[-108.61,36.72],[-108.38,36.88],[-108.28,36.77],[-107.97,36.85],[-107.78,36.76],[-107.65,36.59],[-107.33,36.6],[-107.28,36.92],[-107.52,37.06],[-107.5,37.24],[-107.84,37.33],[-108,37.14],[-108.04,37.29],[-108.42,37.41],[-108.51,37.46],[-108.47,37.59],[-108.7,37.65],[-108.79,37.88],[-108.53,37.77],[-108.39,37.86],[-108.53,37.99],[-108.18,37.93],[-108.24,38.16],[-108.17,38.2],[-108.64,38.46],[-108.89,38.74],[-108.59,38.76],[-108.59,38.61],[-108.32,38.55],[-107.81,38.2],[-107.91,38.15],[-107.7,38.09],[-107.64,38.21],[-107.72,38.27],[-107.69,38.41],[-107.54,38.35],[-107.43,38.39],[-107.57,38.5],[-107.53,38.92],[-107.75,38.88],[-107.94,38.97],[-108.19,38.87],[-108.29,39.06],[-107.78,39.27],[-107.94,39.32],[-108.13,39.26],[-107.97,39.45],[-107.81,39.49],[-107.72,39.36],[-107.62,39.35],[-107.41,39.57],[-107.89,39.73],[-107.9,39.91],[-107.67,40.01],[-107.74,40.13],[-107.68,40.25],[-107.96,40.29],[-108,40.48],[-108.23,40.4],[-108.38,40.56],[-108.81,40.61],[-109.01,40.81]],[[-108.74,38.92],[-108.61,38.86],[-108.98,38.76],[-108.98,38.85],[-108.85,38.82],[-108.74,38.92]],[[-109.26,38.6],[-109.07,38.54],[-109.14,38.56],[-109.07,38.45],[-109.21,38.33],[-109.33,38.4],[-109.33,38.57],[-109.26,38.6]],[[-110.84,38.17],[-110.71,38.15],[-110.75,37.99],[-110.64,37.91],[-110.67,37.86],[-110.83,37.94],[-110.84,38.17]],[[-109.58,37.91],[-109.53,37.96],[-109.36,37.87],[-109.35,37.78],[-109.54,37.75],[-109.62,37.83],[-109.58,37.91]]]}},{"type":"Feature","properties":{"code":"10.1.7","name":"Arizona/New Mexico Plateau"},"geometry":{"type":"Polygon","coordinates":[[[-105.98,38.38],[-106.09,38.41],[-105.97,38.17],[-106.07,38.1],[-106.28,38.15],[-106.14,38.05],[-106.32,37.74],[-106.57,37.69],[-106.32,37.65],[-106.24,37.53],[-106.22,37.12],[-106.11,37.06],[-106.16,36.99],[-106.07,36.87],[-105.98,36.88],[-106.11,36.83],[-105.96,36.67],[-105.91,36.44],[-106.07,36.32],[-106.56,36.32],[-106.59,36.17],[-106.3,36.2],[-106.14,36],[-106.21,35.79],[-106.5,35.57],[-106.58,35.55],[-106.74,35.67],[-106.85,35.56],[-106.96,35.84],[-106.94,36.04],[-107.02,35.99],[-107.1,36.17],[-107.2,36.19],[-107.22,36.28],[-107.13,36.32],[-107.32,36.4],[-107.22,36.5],[-107.36,36.5],[-107.24,36.59],[-107.65,36.59],[-107.78,36.76],[-107.97,36.85],[-108.28,36.77],[-108.38,36.88],[-108.61,36.72],[-109.05,36.98],[-109.35,36.87],[-109.39,36.73],[-109.67,36.85],[-109.95,36.7],[-110.49,36.75],[-110.67,36.98],[-110.98,37],[-111.66,36.77],[-112.19,36.82],[-112.78,36.56],[-113.1,36.6],[-113.24,36.86],[-113.43,36.93],[-113.84,36.83],[-114.17,36.6],[-114.07,36.53],[-114.04,36.6],[-113.89,36.59],[-113.84,36.45],[-113.9,36.18],[-113.5,35.92],[-113.43,35.93],[-113.35,36.16],[-113.2,36.21],[-113.1,36.13],[-113.32,35.71],[-113.57,35.72],[-113.85,35.94],[-113.95,35.84],[-113.61,35.36],[-113.63,35.27],[-113.8,35.28],[-113.91,35.17],[-113.96,35],[-113.89,34.75],[-113.71,34.61],[-113.71,35],[-113.4,34.91],[-113.08,35.32],[-112.67,34.85],[-112.38,34.75],[-112.36,34.84],[-112.58,35.06],[-112.56,35.21],[-112.69,35.38],[-112.59,35.52],[-112.24,35.64],[-112.39,36.03],[-112,35.95],[-111.79,36],[-111.6,35.83],[-111.64,35.68],[-111.5,35.51],[-111.6,35.44],[-111.32,35.3],[-110.75,34.63],[-110.08,34.4],[-109.77,34.52],[-109.29,34.49],[-108.98,34.12],[-108.66,34.17],[-108.59,34.28],[-108.33,34.2],[-108.05,34.36],[-107.82,34.35],[-107.65,34.45],[-107.51,34.36],[-107.29,34.35],[-107.2,34.17],[-107.47,34.08],[-107.56,34.27],[-107.68,34.28],[-107.81,34.19],[-107.79,34.07],[-108.02,34.05],[-108.24,33.88],[-108.34,33.92],[-108.38,33.77],[-108.26,33.68],[-108.2,33.78],[-108.02,33.79],[-107.91,33.9],[-107.68,33.76],[-107.68,33.91],[-107.58,33.98],[-107.33,33.84],[-107.22,33.87],[-107.29,33.95],[-107.25,34.09],[-107.18,34.13],[-107.03,34],[-106.95,34.06],[-106.99,34.23],[-106.74,34.33],[-106.67,34.27],[-106.5,34.46],[-106.44,34.87],[-106.5,35.27],[-106.24,35.27],[-106.15,35.4],[-106.09,35.28],[-105.9,35.26],[-105.85,35.5],[-105.93,35.6],[-105.92,35.89],[-105.85,36.02],[-105.91,36.16],[-105.52,36.45],[-105.67,36.57],[-105.53,36.95],[-105.39,36.99],[-105.35,37.38],[-105.59,37.55],[-105.5,37.8],[-105.98,38.38]],[[-107.21,35.53],[-107.15,35.38],[-107.4,35.06],[-107.5,35.13],[-107.72,35.08],[-107.79,35.18],[-107.89,35.18],[-107.75,35.23],[-107.78,35.33],[-107.66,35.32],[-107.41,35.59],[-107.26,35.61],[-107.21,35.53]],[[-107.93,35.07],[-107.94,34.95],[-108.01,34.91],[-108.1,34.99],[-108.15,34.84],[-108.34,34.75],[-108.31,34.91],[-108.15,35.01],[-108.5,35.15],[-108.65,35.43],[-108.48,35.47],[-108.09,35.35],[-107.93,35.07]],[[-107.78,34.97],[-107.71,34.97],[-107.75,34.92],[-107.65,34.83],[-107.85,34.68],[-107.92,34.76],[-107.78,34.97]],[[-109.15,35.67],[-109.27,35.52],[-109.31,35.94],[-109.19,36.41],[-109.3,36.86],[-109.14,36.9],[-109.08,36.84],[-109.13,36.76],[-109.08,36.54],[-108.92,36.53],[-108.86,36.26],[-108.71,36.13],[-108.66,35.91],[-108.9,35.72],[-109.02,35.73],[-109.14,35.93],[-109.15,35.67]],[[-112.02,36.44],[-111.92,36.27],[-111.96,36.19],[-112.45,36.46],[-112.17,36.74],[-112.02,36.44]]]}},{"type":"Feature","properties":{"code":"10.1.8","name":"Snake River Plain"},"geometry":{"type":"Polygon","coordinates":[[[-116.39,44.72],[-116.39,44.81],[-116.49,44.83],[-116.48,44.71],[-116.73,44.61],[-116.7,44.55],[-116.8,44.52],[-116.83,44.37],[-116.91,44.42],[-116.99,44.32],[-117.12,44.37],[-117.16,44.28],[-117.31,44.39],[-117.32,44.26],[-117.57,44.27],[-117.45,44.05],[-117.69,43.79],[-117.48,43.87],[-117.44,43.77],[-117.33,43.83],[-117.13,43.77],[-117.07,43.59],[-116.72,43.39],[-116.58,43.01],[-116.16,42.75],[-115.72,42.61],[-115.55,42.82],[-114.89,42.47],[-114.69,42.51],[-114.6,42.4],[-114.51,42.46],[-114.1,42.39],[-113.9,42.22],[-113.57,42.51],[-113.3,42.47],[-113.22,42.62],[-113.05,42.63],[-112.55,42.9],[-112.4,42.82],[-112.45,42.93],[-112.37,43.14],[-112.02,43.26],[-112,43.37],[-111.66,43.36],[-111.7,43.43],[-111.64,43.55],[-111.44,43.49],[-111.45,43.57],[-111.64,43.6],[-111.65,43.67],[-111.34,43.82],[-111.1,43.57],[-111.01,43.76],[-111.18,44.04],[-111.5,44.14],[-111.71,44.36],[-111.43,44.49],[-111.88,44.48],[-111.98,44.45],[-111.94,44.39],[-112,44.35],[-112.39,44.29],[-113.02,43.67],[-113.56,43.53],[-113.65,43.39],[-113.99,43.37],[-113.96,43.27],[-114.18,43.37],[-114.36,43.61],[-114.27,43.45],[-114.32,43.33],[-114.43,43.4],[-114.47,43.35],[-114.9,43.42],[-115.65,43.26],[-116.06,43.51],[-116.15,43.67],[-116.38,43.82],[-116.41,43.9],[-116.27,43.92],[-116.2,44.34],[-116.32,44.38],[-116.32,44.68],[-116.39,44.72]]]}},{"type":"Feature","properties":{"code":"10.2.1","name":"Mojave Basin and Range"},"geometry":{"type":"Polygon","coordinates":[[[-117.59,37.27],[-117.79,37.23],[-117.77,36.85],[-117.85,36.73],[-117.78,36.54],[-118.14,36.91],[-118.2,36.88],[-117.97,35.79],[-118.01,35.71],[-118.19,35.74],[-118.26,35.67],[-118.27,35.3],[-118.65,34.78],[-117.96,34.45],[-116.62,34.26],[-116.54,34.14],[-116.75,33.96],[-116.37,34],[-115.71,33.73],[-115.48,33.8],[-115.23,34.09],[-115.2,34.36],[-114.83,34.33],[-114.69,34.6],[-114.39,34.55],[-114.08,34.63],[-113.9,34.78],[-113.91,35.17],[-113.8,35.28],[-113.63,35.27],[-113.61,35.36],[-113.95,35.78],[-113.87,35.94],[-113.57,35.72],[-113.38,35.7],[-113.25,35.75],[-113.11,36.09],[-113.15,36.2],[-113.35,36.16],[-113.43,35.93],[-113.5,35.92],[-113.9,36.18],[-113.84,36.45],[-113.89,36.59],[-114.04,36.6],[-114.07,36.53],[-114.17,36.59],[-113.84,36.83],[-113.43,36.93],[-113.28,36.89],[-113.28,37.31],[-113.46,37.22],[-113.63,37.28],[-113.68,37.2],[-113.97,37.36],[-114.32,37.24],[-114.37,37.39],[-114.44,37.35],[-114.58,37.49],[-114.61,37.33],[-114.75,37.25],[-114.82,37.24],[-114.85,37.32],[-115.24,37.08],[-115.35,37.14],[-115.32,37.01],[-115.56,37.25],[-115.9,37.17],[-116.05,37.29],[-116.2,37.08],[-116.33,37.16],[-116.35,37.04],[-116.45,37.01],[-116.54,37.14],[-116.72,37.05],[-116.84,37.11],[-116.92,36.93],[-117.07,36.96],[-117.11,37.16],[-117.26,37.03],[-117.59,37.27]]]}},{"type":"Feature","properties":{"code":"10.2.2","name":"Sonoran Desert"},"geometry":{"type":"MultiPolygon","coordinates":[[[[-108.75,26.1],[-108.76,25.99],[-108.64,25.99],[-108.75,26.1]]],[[[-109.34,27.09],[-109.41,27.07],[-109.43,26.92],[-109.2,26.99],[-109.44,26.91],[-109.38,26.8],[-109.51,26.74],[-109.32,26.83],[-109.42,26.69],[-109.11,26.27],[-109.18,26.25],[-109.21,26.34],[-109.32,26.05],[-108.95,25.97],[-108.77,26.1],[-108.78,26.2],[-108.88,26.28],[-109.01,26.76],[-109.12,26.8],[-109.04,26.92],[-109.18,26.93],[-109.16,27.01],[-109.34,27.09]]],[[[-112.3,28.76],[-112.19,29.02],[-112.28,29.22],[-112.45,29.19],[-112.48,28.95],[-112.58,28.88],[-112.3,28.76]]],[[[-114.39,29.97],[-114.42,29.99],[-114.42,29.95],[-114.39,29.97]]],[[[-114.64,31.66],[-114.8,31.81],[-114.77,31.71],[-114.64,31.66]]],[[[-113.05,34.7],[-113.67,35.03],[-113.75,34.87],[-113.71,34.61],[-113.9,34.78],[-114.08,34.63],[-114.39,34.55],[-114.69,34.6],[-114.83,34.33],[-115.23,34.35],[-115.23,34.09],[-115.58,33.76],[-115.98,33.79],[-116.37,34],[-116.75,33.96],[-116.57,33.69],[-116.33,33.54],[-116.31,33.44],[-116.52,33.46],[-116.48,33.08],[-116.05,32.62],[-116.03,32.5],[-115.87,32.43],[-115.92,32.28],[-115.8,32.1],[-115.86,32.07],[-115.79,32.05],[-115.71,31.71],[-115.6,31.66],[-115.47,31.35],[-115.75,31.41],[-115.79,31.35],[-115.59,31.24],[-115.52,31.28],[-115.53,31.19],[-115.32,31.05],[-115.33,30.86],[-115.22,30.76],[-115.26,30.62],[-115.14,30.53],[-115.14,30.43],[-115.03,30.47],[-114.84,30.28],[-114.89,30.16],[-114.79,30.17],[-114.58,29.96],[-114.54,29.7],[-114.44,29.6],[-114.36,29.7],[-114.4,29.88],[-114.65,30.18],[-114.71,30.91],[-114.88,31.12],[-114.86,31.52],[-114.78,31.66],[-114.95,31.9],[-114.17,31.5],[-114.03,31.49],[-113.97,31.62],[-113.66,31.5],[-113.55,31.3],[-113.1,31.22],[-113.04,31.16],[-113.08,30.99],[-113.12,31.05],[-113.09,30.7],[-112.76,30.19],[-112.74,29.91],[-112.38,29.49],[-112.41,29.34],[-112.21,29.27],[-112.15,28.99],[-111.86,28.8],[-111.92,28.72],[-111.71,28.46],[-111.45,28.38],[-111.24,28.06],[-110.98,27.96],[-110.88,27.84],[-110.84,27.96],[-110.55,27.87],[-110.45,27.92],[-110.36,27.72],[-110.13,27.62],[-110.19,27.89],[-109.97,27.73],[-109.93,27.93],[-110.16,27.99],[-110.21,27.93],[-110.32,28],[-110.39,28.2],[-110.31,28.5],[-110.61,28.53],[-110.64,28.78],[-110.54,28.97],[-110.64,28.96],[-110.62,29.09],[-110.71,29.08],[-110.57,29.13],[-110.62,29.22],[-110.58,29.18],[-110.53,29.29],[-110.66,29.32],[-110.63,29.42],[-110.82,30.02],[-110.7,30.17],[-110.9,30.35],[-110.9,30.46],[-111.03,30.6],[-110.87,30.58],[-110.96,30.62],[-110.86,30.66],[-110.91,30.73],[-110.75,30.81],[-110.84,30.8],[-110.86,30.94],[-110.86,30.8],[-110.98,30.64],[-111.15,30.67],[-111.07,30.77],[-111.12,30.88],[-111.26,30.82],[-111.18,30.98],[-111.22,31.29],[-111.3,31.24],[-111.27,31.35],[-111.33,31.27],[-111.35,31.34],[-111.38,31.21],[-111.55,31.33],[-111.53,31.45],[-111.65,31.52],[-111.64,31.91],[-111.52,32.02],[-111.45,32],[-111.36,31.67],[-111.17,32.02],[-111.03,31.93],[-111.09,31.72],[-111.04,31.67],[-110.81,31.93],[-110.61,31.98],[-110.65,32.25],[-110.85,32.37],[-110.83,32.53],[-111.03,32.53],[-110.99,32.93],[-110.6,32.97],[-110.5,33.1],[-110.12,33.07],[-110.08,33.16],[-110.18,33.28],[-110.41,33.35],[-110.7,33.14],[-111.11,33.22],[-111.57,33.55],[-111.59,33.75],[-111.77,33.77],[-112.34,34.15],[-112.57,34.18],[-112.67,34.48],[-113.05,34.7]]]]}},{"type":"Feature","properties":{"code":"10.2.3","name":"Baja Californian Desert"},"geometry":{"type":"MultiPolygon","coordinates":[[[[-111.56,24.38],[-111.67,24.36],[-111.46,24.33],[-111.56,24.38]]],[[[-110.33,24.4],[-110.3,24.47],[-110.4,24.59],[-110.33,24.4]]],[[[-111.71,24.31],[-111.75,24.44],[-111.98,24.52],[-111.71,24.31]]],[[[-110.54,24.88],[-110.59,25.03],[-110.71,25.1],[-110.54,24.88]]],[[[-110.72,25.26],[-110.7,25.32],[-110.74,25.3],[-110.72,25.26]]],[[[-112.21,24.81],[-112.13,25.27],[-112.3,24.79],[-112.17,24.75],[-112.21,24.81]]],[[[-112.11,25.28],[-112.1,25.48],[-112.13,25.32],[-112.11,25.28]]],[[[-110.79,25.6],[-110.81,25.7],[-110.83,25.64],[-110.79,25.6]]],[[[-111.04,25.65],[-111.03,25.69],[-111.07,25.71],[-111.04,25.65]]],[[[-112.09,25.51],[-112.09,25.68],[-112.11,25.53],[-112.09,25.51]]],[[[-111.2,25.82],[-111.1,26.05],[-111.18,26.03],[-111.2,25.82]]],[[[-111.26,26.09],[-111.29,26.11],[-111.3,26.08],[-111.26,26.09]]],[[[-113.14,26.66],[-113.18,26.72],[-113.26,26.71],[-113.14,26.66]]],[[[-112.05,27.18],[-112.05,27.22],[-112.09,27.26],[-112.05,27.18]]],[[[-111.96,27.43],[-111.97,27.45],[-112,27.45],[-111.96,27.43]]],[[[-112.76,28.59],[-112.9,28.68],[-112.79,28.58],[-112.76,28.59]]],[[[-112.55,28.67],[-112.54,28.73],[-112.61,28.73],[-112.55,28.67]]],[[[-113.49,29.04],[-113.52,29.1],[-113.51,29.06],[-113.49,29.04]]],[[[-113.12,29.06],[-113.2,29.29],[-113.39,29.32],[-113.4,29.45],[-113.57,29.56],[-113.6,29.42],[-113.42,29.22],[-113.16,29.01],[-113.12,29.06]]],[[[-115.39,30.58],[-115.49,30.52],[-115.45,30.39],[-115.58,30.21],[-115.47,30.25],[-115.49,30.02],[-115.35,29.85],[-115.39,29.71],[-115.29,29.68],[-115.29,29.59],[-115.42,29.6],[-114.96,29.37],[-114.17,28.65],[-114.04,28.46],[-114.11,28.11],[-114.03,28.04],[-114.11,27.94],[-114.14,28.08],[-114.27,27.9],[-114.15,27.95],[-114.12,27.71],[-113.91,27.71],[-114.1,27.61],[-114.3,27.75],[-114.31,27.87],[-114.49,27.78],[-115.06,27.86],[-115,27.72],[-114.86,27.69],[-114.73,27.52],[-114.52,27.43],[-114.47,27.22],[-114.15,27.12],[-114,26.97],[-113.84,26.97],[-113.6,26.71],[-113.45,26.8],[-113.26,26.75],[-113.15,26.98],[-113.14,26.86],[-113.24,26.78],[-112.7,26.35],[-112.39,26.23],[-112.17,25.95],[-112.06,25.61],[-112.17,24.81],[-112.1,24.98],[-112.1,24.78],[-111.93,24.74],[-111.82,24.52],[-111.66,24.57],[-111.45,24.33],[-110.26,23.54],[-110.17,23.73],[-110.3,24],[-110.19,24.07],[-110.22,24.2],[-110.4,24.1],[-110.43,24.16],[-110.32,24.17],[-110.56,24.21],[-110.67,24.35],[-110.74,24.59],[-110.69,24.89],[-110.91,25.15],[-111.02,25.51],[-111.12,25.53],[-111.3,25.78],[-111.38,26.33],[-111.46,26.54],[-111.56,26.56],[-111.57,26.71],[-111.81,26.9],[-111.81,26.73],[-111.68,26.58],[-111.76,26.56],[-111.9,26.72],[-111.86,26.81],[-112.01,26.99],[-111.96,27.09],[-112.21,27.2],[-112.33,27.52],[-112.67,27.72],[-112.77,27.86],[-112.86,28.44],[-113.09,28.5],[-113.23,28.84],[-113.34,28.8],[-113.43,28.97],[-113.52,28.9],[-113.66,29.3],[-114.24,29.76],[-114.37,29.78],[-114.44,29.6],[-114.54,29.7],[-114.58,29.96],[-114.79,30.17],[-114.89,30.16],[-114.88,30.33],[-115.05,30.48],[-115.11,30.38],[-115.24,30.37],[-115.25,30.49],[-115.39,30.58]]]]}},{"type":"Feature","properties":{"code":"10.2.4","name":"Chihuahuan Desert"},"geometry":{"type":"Polygon","coordinates":[[[-106.74,34.33],[-106.99,34.23],[-106.95,34.06],[-107.15,33.78],[-107.21,33.87],[-107.33,33.84],[-107.26,33.55],[-107.33,33.42],[-107.5,33.46],[-107.49,33.35],[-107.61,33.16],[-107.5,33.11],[-107.51,32.97],[-107.6,32.97],[-107.57,32.7],[-107.69,32.46],[-107.77,32.48],[-107.8,32.64],[-107.91,32.56],[-108.25,32.81],[-108.35,32.75],[-108.34,32.54],[-108.54,32.42],[-108.6,32.68],[-108.79,32.81],[-108.97,32.79],[-109.11,32.94],[-109.21,32.58],[-108.98,32.32],[-108.89,31.94],[-108.68,31.91],[-108.52,31.59],[-108.4,31.71],[-108.26,31.6],[-108.25,31.33],[-108.48,31.33],[-108.07,31.2],[-108.32,30.95],[-108.24,31.07],[-108.03,31.15],[-108.11,31],[-107.93,31.01],[-107.88,30.93],[-107.73,31.01],[-107.87,31.27],[-107.75,31.19],[-107.65,31.23],[-107.88,31.39],[-107.58,31.29],[-107.69,31.3],[-107.54,30.98],[-107.65,30.92],[-107.45,30.7],[-107.52,30.61],[-107.61,30.62],[-107.42,30.45],[-107.5,30.45],[-107.49,30.31],[-107.4,30.23],[-107.16,30.29],[-107.22,30.37],[-107.05,30.31],[-107.14,30.18],[-106.98,30.06],[-107.05,30.2],[-106.94,30.15],[-106.96,30.04],[-106.85,29.97],[-106.93,29.87],[-106.86,29.78],[-106.71,29.93],[-106.78,30],[-106.78,30.2],[-106.44,30.08],[-106.38,29.98],[-106.31,30.07],[-106.4,30.22],[-106.46,30.19],[-106.46,30.3],[-106.29,30.34],[-106.28,30.22],[-106.36,30.24],[-106.36,30.17],[-106.08,29.82],[-106.09,29.69],[-106.26,29.66],[-106.13,29.56],[-106.18,29.36],[-106.03,29.34],[-106.02,29.05],[-105.75,28.76],[-105.87,28.81],[-105.83,28.54],[-105.57,28.26],[-105.62,28.19],[-105.7,28.32],[-105.76,28.25],[-105.95,28.3],[-105.94,28.21],[-106.07,28.23],[-106.08,28.11],[-105.99,28.15],[-105.87,28.08],[-105.98,28.01],[-105.89,27.99],[-105.92,27.94],[-106.06,27.95],[-105.94,27.86],[-105.89,27.9],[-105.89,27.79],[-105.87,27.93],[-105.78,27.79],[-105.71,27.8],[-105.76,27.93],[-105.69,27.81],[-105.58,27.88],[-105.69,27.71],[-105.59,27.7],[-105.56,27.77],[-105.39,27.66],[-105.69,27.67],[-105.6,27.58],[-105.92,27.62],[-105.94,27.51],[-105.83,27.48],[-105.86,27.36],[-105.68,27.16],[-105.64,27.23],[-105.72,27.31],[-105.67,27.37],[-105.58,27.32],[-105.59,27.42],[-105.54,27.41],[-105.48,27.32],[-105.57,27.23],[-105.47,27.2],[-105.55,27.13],[-105.44,27.19],[-105.39,27.46],[-105.23,27.39],[-105.31,27.16],[-105.46,27.12],[-105.38,27.03],[-105.47,26.99],[-105.4,26.94],[-105.46,26.89],[-105.18,26.89],[-105.02,26.8],[-105.03,26.74],[-105.13,26.77],[-105.03,26.61],[-105.12,26.67],[-105.17,26.46],[-105.11,26.38],[-104.9,26.54],[-104.88,26.36],[-104.72,26.23],[-104.65,26.04],[-104.74,26.01],[-104.68,25.94],[-104.63,25.98],[-104.63,25.87],[-104.59,25.94],[-104.5,25.89],[-104.53,25.77],[-104.49,25.72],[-104.44,25.81],[-104.35,25.68],[-104.43,25.57],[-104.52,25.59],[-104.34,25.38],[-104.38,25.23],[-104.62,25.56],[-104.73,25.52],[-104.87,25.7],[-104.97,25.7],[-104.94,25.41],[-104.82,25.5],[-104.67,25.47],[-104.65,25.38],[-104.73,25.34],[-104.59,25.2],[-104.63,25.01],[-104.28,24.99],[-104.25,24.79],[-104.05,24.78],[-104.01,24.71],[-103.93,24.76],[-103.98,24.82],[-103.84,24.74],[-103.89,24.84],[-103.74,24.91],[-103.43,24.68],[-103.07,24.63],[-102.93,24.47],[-103,24.23],[-102.83,24.13],[-102.79,24.24],[-102.68,24.26],[-102.58,24.12],[-102.64,24.04],[-102.64,24.14],[-102.77,24.21],[-102.74,24.13],[-102.89,23.99],[-102.92,23.72],[-102.83,23.59],[-102.74,23.61],[-102.85,23.39],[-102.66,23.13],[-102.24,23.1],[-102.3,22.9],[-102.2,22.79],[-102.26,22.81],[-102.29,22.7],[-102.2,22.76],[-102.15,22.7],[-102.25,22.68],[-102.28,22.43],[-101.86,22.32],[-101.82,22.4],[-101.52,22.47],[-101.44,22.36],[-101.29,22.44],[-101.37,22.34],[-101.2,22.27],[-101.03,22.32],[-101.02,22.14],[-100.88,22.04],[-101.01,21.75],[-100.76,21.73],[-100.83,21.81],[-100.68,21.83],[-100.73,21.92],[-100.65,22.01],[-100.82,22.24],[-100.77,22.38],[-100.86,22.55],[-100.81,22.7],[-100.73,22.34],[-100.54,22.27],[-100.42,23.01],[-100.39,22.81],[-100.28,22.78],[-100.37,22.91],[-100.27,22.9],[-100.12,22.72],[-100.16,22.62],[-100.07,22.48],[-100.14,22.36],[-100.32,22.57],[-100.28,22.44],[-100.4,22.5],[-100.25,22.28],[-100.32,22.23],[-100.21,22.17],[-100.16,22.26],[-100.08,22.04],[-100.27,22.07],[-100.37,22.21],[-100.36,22.14],[-100.07,22.01],[-100.04,21.87],[-100.12,21.8],[-99.94,21.84],[-99.85,21.54],[-99.69,21.54],[-99.67,21.62],[-99.84,21.71],[-99.89,21.85],[-99.78,21.98],[-99.69,21.96],[-99.73,22.07],[-99.57,21.93],[-99.69,22.18],[-99.6,22.18],[-99.62,22.31],[-99.77,22.38],[-99.64,22.39],[-99.73,22.45],[-99.63,22.52],[-99.71,22.7],[-99.71,23],[-99.63,23.02],[-99.67,23.1],[-99.7,23.06],[-99.68,23.26],[-99.74,23.13],[-99.7,23.41],[-99.82,23.42],[-99.78,23.57],[-99.97,23.91],[-100.03,24.23],[-99.94,24.27],[-100.16,24.54],[-100.23,24.52],[-100.27,24.66],[-100.18,24.56],[-100.12,24.61],[-100.68,25.22],[-100.62,25.14],[-100.69,25.13],[-100.66,25.07],[-100.78,25.17],[-100.72,25.08],[-100.88,25.16],[-100.93,25.06],[-101.02,25.16],[-101.64,25.14],[-101.58,25.11],[-102.38,25.44],[-102,25.37],[-101.74,25.2],[-101.72,25.31],[-101.37,25.28],[-101.15,25.13],[-100.98,25.19],[-101.07,25.19],[-100.95,25.27],[-101.07,25.26],[-100.98,25.38],[-100.71,25.46],[-100.85,25.51],[-100.65,25.56],[-100.78,25.61],[-100.49,25.8],[-100.66,25.87],[-100.48,26],[-100.65,26.09],[-100.65,26.19],[-100.43,26.18],[-100.59,26.53],[-100.42,26.22],[-100.59,26.63],[-100.5,26.74],[-100.73,26.9],[-100.65,27.08],[-100.85,27.02],[-100.99,27.25],[-101.53,27.59],[-101.54,27.66],[-101.38,27.63],[-101.46,27.69],[-101.4,27.77],[-101.48,27.8],[-101.41,27.86],[-101.77,27.9],[-101.93,28.02],[-101.84,28.1],[-101.84,28.02],[-101.79,28.04],[-101.78,28.2],[-101.66,28.18],[-101.68,28.3],[-101.93,28.52],[-101.92,28.37],[-101.97,28.54],[-102.03,28.53],[-101.96,28.71],[-102,28.63],[-101.99,28.73],[-102.21,28.79],[-102.14,28.82],[-102.07,28.74],[-101.88,28.86],[-101.86,28.96],[-101.93,29.02],[-101.76,29.02],[-101.75,29.11],[-101.53,29.06],[-101.7,29.07],[-101.8,28.97],[-101.39,29.02],[-101.39,28.91],[-101.29,28.89],[-101.24,29.04],[-101.46,29.06],[-101.26,29.12],[-101.5,29.26],[-101.37,29.31],[-101.41,29.37],[-101.32,29.49],[-101.06,29.44],[-100.97,29.35],[-100.88,29.49],[-100.97,29.54],[-100.93,29.65],[-101.08,29.73],[-101.07,29.83],[-101.33,30.16],[-101.49,30.13],[-101.74,30.28],[-101.66,30.35],[-101.73,30.43],[-101.65,30.64],[-101.77,30.67],[-101.86,30.96],[-101.99,31.01],[-102.01,31.26],[-102.33,31.43],[-102.48,31.34],[-102.83,31.38],[-102.81,31.51],[-103.05,31.74],[-103.15,32.19],[-103.31,32.19],[-103.38,32.26],[-103.3,32.32],[-103.34,32.4],[-103.67,32.47],[-103.66,32.62],[-104.04,32.79],[-103.96,33.12],[-104.07,33.18],[-103.97,33.39],[-104.04,33.41],[-104.02,33.52],[-104.23,33.66],[-104.19,33.78],[-104.29,33.83],[-104.63,33.75],[-104.62,33.47],[-104.77,33.3],[-104.69,33.07],[-104.58,33.01],[-104.84,32.85],[-104.78,32.75],[-105.09,32.65],[-104.87,32.52],[-104.65,32.23],[-104.4,32.19],[-104.86,31.86],[-105.03,32.15],[-105.01,32.24],[-104.9,32.19],[-104.91,32.24],[-105.16,32.5],[-105.35,32.46],[-105.41,32.35],[-105.6,32.53],[-105.8,32.53],[-105.76,32.62],[-105.84,32.61],[-105.92,32.75],[-105.89,32.99],[-105.98,33.17],[-105.94,33.34],[-106.03,33.43],[-105.89,33.59],[-105.72,33.6],[-105.81,33.8],[-106.06,33.85],[-106.18,33.73],[-106.27,33.8],[-106.37,34.16],[-106.56,34.06],[-106.72,34.08],[-106.66,34.25],[-106.74,34.33]]]}},{"type":"Feature","properties":{"code":"11.1.1","name":"California Coastal Sage, Chaparral, and Oak Woodlands"},"geometry":{"type":"MultiPolygon","coordinates":[[[[-115.16,28.21],[-115.26,28.37],[-115.25,28.23],[-115.36,28.1],[-115.18,28.04],[-115.16,28.21]]],[[[-118.37,29.18],[-118.45,29.14],[-118.36,28.87],[-118.3,28.96],[-118.37,29.18]],[[-118.4,29.12],[-118.36,29.09],[-118.39,29.09],[-118.4,29.12]]],[[[-115.9,31.88],[-115.92,31.84],[-115.87,31.83],[-115.9,31.88]]],[[[-116.12,32.28],[-116.1,32.23],[-116.05,32.24],[-116.12,32.28]]],[[[-116.01,32.33],[-116.09,32.32],[-116.04,32.31],[-116.01,32.33]]],[[[-119.58,33.28],[-119.55,33.23],[-119.44,33.23],[-119.58,33.28]]],[[[-118.61,33.48],[-118.47,33.33],[-118.3,33.31],[-118.37,33.41],[-118.61,33.48]]],[[[-119.37,34.02],[-119.38,34.01],[-119.36,34.02],[-119.37,34.02]]],[[[-119.43,34.02],[-119.44,34.01],[-119.38,34.01],[-119.43,34.02]]],[[[-120.24,34.01],[-120.12,33.89],[-119.97,33.94],[-120.05,34.04],[-120.24,34.01]]],[[[-119.92,34.08],[-119.82,33.96],[-119.52,34.03],[-119.92,34.08]]],[[[-120.37,34.08],[-120.45,34.03],[-120.31,34.02],[-120.37,34.08]]],[[[-115.76,31.86],[-115.76,31.86],[-115.76,31.86],[-115.76,31.86]]],[[[-119.5,34.43],[-119.57,34.41],[-119.27,34.26],[-119.13,34.1],[-118.44,33.98],[-118.41,33.74],[-118.12,33.75],[-117.39,33.21],[-117.25,32.76],[-117.21,32.79],[-117.24,32.67],[-117.21,32.73],[-117.12,32.67],[-117.11,32.6],[-117.23,32.7],[-117.03,32.28],[-116.92,32.22],[-116.85,31.99],[-116.61,31.85],[-116.64,31.73],[-116.73,31.74],[-116.64,31.66],[-116.68,31.55],[-116.35,31.24],[-116.33,30.96],[-116.05,30.79],[-116.01,30.37],[-115.97,30.48],[-115.81,30.31],[-115.8,29.96],[-115.7,29.9],[-115.7,29.75],[-115.29,29.59],[-115.3,29.7],[-115.39,29.71],[-115.35,29.85],[-115.49,30.02],[-115.47,30.24],[-115.57,30.17],[-115.57,30.28],[-115.45,30.39],[-115.45,30.57],[-115.25,30.49],[-115.23,30.36],[-115.12,30.46],[-115.26,30.62],[-115.32,30.87],[-115.31,30.66],[-115.46,30.86],[-115.58,30.87],[-115.6,31.04],[-115.53,31.17],[-115.35,30.88],[-115.39,30.99],[-115.28,30.99],[-115.53,31.19],[-115.52,31.28],[-115.59,31.24],[-115.79,31.35],[-115.75,31.41],[-115.51,31.36],[-115.52,31.52],[-115.71,31.71],[-115.68,31.81],[-115.78,31.85],[-115.79,32.05],[-115.86,32.07],[-115.8,32.09],[-115.82,32.18],[-115.86,32.12],[-115.93,32.29],[-115.94,32.22],[-116.11,32.18],[-116.16,32.44],[-116.01,32.38],[-116.13,32.55],[-116.07,32.61],[-116.18,32.56],[-116.05,32.62],[-116.48,33.08],[-116.52,33.46],[-116.64,33.26],[-116.61,33.01],[-116.72,33.03],[-116.92,33.33],[-116.93,33.54],[-116.64,33.56],[-116.85,33.74],[-116.91,33.92],[-117.33,34.2],[-118.17,34.2],[-118.51,34.36],[-118.48,34.44],[-118.57,34.48],[-119.5,34.43]],[[-116.27,32.6],[-116.21,32.57],[-116.28,32.53],[-116.27,32.6]],[[-116.24,32.23],[-116.22,32.24],[-116.23,32.2],[-116.24,32.23]],[[-116.05,32.16],[-116.01,32.2],[-116.01,32.13],[-116.05,32.16]],[[-116.08,32.13],[-116.02,32.11],[-116.08,32.06],[-116.08,32.13]],[[-115.9,32.14],[-115.89,31.95],[-115.97,32],[-115.92,32.09],[-115.98,32.08],[-115.9,32.14]],[[-115.97,31.94],[-115.8,31.82],[-115.95,31.85],[-115.97,31.94]],[[-116.12,32.12],[-116.13,32.09],[-116.14,32.11],[-116.12,32.12]],[[-115.89,31.66],[-115.66,31.54],[-116,31.57],[-115.89,31.66]],[[-115.57,30.81],[-115.54,30.79],[-115.58,30.8],[-115.57,30.81]]],[[[-122.29,37.57],[-122.29,37.57],[-122.29,37.57],[-122.29,37.57]]],[[[-122.28,37.77],[-122.29,37.77],[-122.28,37.76],[-122.28,37.77]]],[[[-122.25,37.78],[-122.25,37.78],[-122.25,37.79],[-122.25,37.78]]],[[[-122.38,37.77],[-122.38,37.77],[-122.38,37.77],[-122.38,37.77]]],[[[-122.38,37.77],[-122.39,37.77],[-122.38,37.77],[-122.38,37.77]]],[[[-122.33,37.8],[-122.33,37.78],[-122.23,37.76],[-122.33,37.8]]],[[[-122.37,37.83],[-122.37,37.81],[-122.36,37.81],[-122.37,37.83]]],[[[-122.43,37.83],[-122.42,37.83],[-122.42,37.83],[-122.43,37.83]]],[[[-122.43,37.87],[-122.45,37.86],[-122.42,37.85],[-122.43,37.87]]],[[[-122.3,40.8],[-122.39,40.83],[-122.59,40.72],[-122.59,40.56],[-122.85,40.39],[-122.72,40.03],[-122.78,39.81],[-122.67,39.53],[-122.66,39.17],[-122.89,39.4],[-122.95,39.2],[-123.13,39.34],[-123.34,39.23],[-123.18,38.98],[-123.18,38.79],[-122.89,38.48],[-122.98,38.36],[-123.1,38.4],[-122.83,38.09],[-123,38.24],[-122.95,38.15],[-123.02,38],[-122.93,38.09],[-122.53,37.82],[-122.47,37.84],[-122.53,37.9],[-122.44,37.88],[-122.53,37.94],[-122.45,37.99],[-122.49,38.11],[-122.41,38.16],[-122.26,38.06],[-122.42,37.93],[-122.21,37.76],[-122.26,37.74],[-122.11,37.5],[-121.94,37.45],[-122.09,37.44],[-122.36,37.59],[-122.41,37.81],[-122.51,37.78],[-122.5,37.63],[-122.26,37.51],[-122.06,37.24],[-121.68,36.95],[-121.96,37.01],[-122.13,36.97],[-121.91,36.97],[-121.79,36.81],[-121.84,36.63],[-121.98,36.58],[-121.9,36.31],[-121.5,36],[-121.29,35.66],[-120.89,35.43],[-120.86,35.21],[-120.65,35.14],[-120.64,34.56],[-120.45,34.44],[-119.78,34.53],[-120.02,34.74],[-120.08,35.01],[-119.75,34.86],[-118.82,34.93],[-118.6,35.29],[-118.66,35.48],[-118.6,35.61],[-118.79,36.47],[-118.97,36.68],[-118.94,36.83],[-119.38,37.04],[-119.32,37.17],[-119.5,37.21],[-119.84,37.46],[-119.9,37.54],[-119.83,37.6],[-120.16,37.74],[-120.16,37.87],[-120.4,38.11],[-120.59,38.18],[-120.64,38.34],[-120.77,38.42],[-120.66,38.62],[-121.06,38.98],[-121.31,39.48],[-121.71,39.97],[-121.71,40.2],[-121.94,40.54],[-121.93,40.68],[-122.3,40.8]],[[-122.27,39.28],[-122.26,40.1],[-122.18,40.24],[-121.82,39.72],[-121.53,39.49],[-121.45,39.15],[-120.76,37.91],[-120.08,37.19],[-119.38,36.76],[-119.13,36.45],[-118.73,35.29],[-118.79,35.02],[-119.12,34.93],[-119.51,35.15],[-119.62,35.3],[-119.53,35.41],[-119.83,35.89],[-120.63,36.57],[-121.07,37.15],[-121.22,37.5],[-121.84,38.03],[-121.68,38.01],[-121.59,38.1],[-121.46,38.03],[-121.55,38.14],[-121.77,38.04],[-121.66,38.17],[-121.79,38.07],[-122,38.17],[-122.09,38.62],[-122.01,38.86],[-122.22,39.04],[-122.27,39.28]]],[[[-118.61,33.03],[-118.5,32.85],[-118.35,32.82],[-118.61,33.03]]],[[[-117.23,32.78],[-117.24,32.78],[-117.23,32.77],[-117.23,32.78]]],[[[-117.21,32.78],[-117.23,32.77],[-117.21,32.77],[-117.21,32.78]]]]}},{"type":"Feature","properties":{"code":"11.1.2","name":"Central California Valley"},"geometry":{"type":"Polygon","coordinates":[[[-120.96,38.37],[-121.45,39.15],[-121.53,39.49],[-121.82,39.72],[-122.13,40.22],[-122.22,40.23],[-122.3,39.53],[-122.22,39.04],[-122.01,38.86],[-122.09,38.63],[-122.02,38.2],[-121.79,38.07],[-121.66,38.17],[-121.76,38.04],[-121.55,38.14],[-121.46,38.03],[-121.59,38.1],[-121.68,38.01],[-121.84,38.03],[-121.22,37.5],[-121.07,37.15],[-120.63,36.57],[-119.83,35.89],[-119.53,35.41],[-119.62,35.3],[-119.51,35.15],[-119.16,34.93],[-118.82,35],[-118.73,35.26],[-119.09,36.38],[-119.36,36.74],[-120,37.12],[-120.24,37.36],[-120.76,37.91],[-120.96,38.37]]]}},{"type":"Feature","properties":{"code":"11.1.3","name":"Southern and Baja California Pine-Oak Mountains"},"geometry":{"type":"MultiPolygon","coordinates":[[[[-118.4,29.12],[-118.39,29.09],[-118.36,29.09],[-118.4,29.12]]],[[[-115.16,30.43],[-115.18,30.39],[-115.1,30.39],[-115.16,30.43]]],[[[-115.57,30.81],[-115.58,30.8],[-115.54,30.79],[-115.57,30.81]]],[[[-115.33,30.86],[-115.23,30.71],[-115.22,30.76],[-115.33,30.86]]],[[[-115.5,31.12],[-115.53,31.17],[-115.6,31.04],[-115.59,30.89],[-115.46,30.86],[-115.31,30.66],[-115.37,30.86],[-115.3,30.96],[-115.39,30.99],[-115.35,30.88],[-115.5,31.12]]],[[[-115.56,31.36],[-115.47,31.35],[-115.5,31.37],[-115.56,31.36]]],[[[-115.89,31.66],[-115.99,31.64],[-116,31.57],[-115.66,31.54],[-115.89,31.66]]],[[[-115.78,31.87],[-115.77,31.83],[-115.73,31.84],[-115.78,31.87]]],[[[-115.97,31.94],[-115.95,31.85],[-115.8,31.82],[-115.97,31.94]],[[-115.9,31.89],[-115.87,31.83],[-115.92,31.84],[-115.9,31.89]]],[[[-115.9,32.14],[-115.98,32.08],[-115.92,32.09],[-115.97,32],[-115.89,31.95],[-115.9,32.14]]],[[[-116.05,32.1],[-116.09,32.13],[-116.08,32.06],[-116.05,32.1]]],[[[-116.12,32.12],[-116.14,32.11],[-116.13,32.09],[-116.12,32.12]]],[[[-116.02,32.21],[-116.07,32.14],[-116.01,32.14],[-116.02,32.21]]],[[[-116.22,32.24],[-116.24,32.25],[-116.24,32.2],[-116.22,32.24]]],[[[-116.05,32.62],[-116.18,32.56],[-116.06,32.59],[-116.13,32.55],[-116.01,32.38],[-116.16,32.44],[-116.09,32.17],[-115.87,32.31],[-115.87,32.43],[-116.03,32.5],[-116.05,32.62]],[[-116.04,32.33],[-116.01,32.32],[-116.09,32.32],[-116.04,32.33]],[[-116.12,32.28],[-116.05,32.24],[-116.1,32.23],[-116.12,32.28]]],[[[-116.23,32.58],[-116.32,32.58],[-116.27,32.53],[-116.23,32.58]]],[[[-118.44,35.01],[-118.27,35.3],[-118.28,35.61],[-118.19,35.74],[-118.46,35.85],[-118.66,35.52],[-118.6,35.3],[-118.74,34.99],[-118.86,34.92],[-119.75,34.86],[-120.09,35.01],[-120.02,34.74],[-119.78,34.54],[-120.05,34.48],[-119.71,34.4],[-118.69,34.49],[-118.48,34.44],[-118.51,34.36],[-118.15,34.19],[-117.23,34.16],[-116.92,33.93],[-116.85,33.74],[-116.65,33.58],[-116.73,33.52],[-116.93,33.54],[-116.96,33.46],[-116.72,33.03],[-116.6,33.02],[-116.64,33.26],[-116.57,33.41],[-116.49,33.48],[-116.3,33.45],[-116.75,33.91],[-116.56,34.1],[-116.55,34.2],[-116.76,34.3],[-118.05,34.49],[-118.65,34.77],[-118.44,35.01]]]]}},{"type":"Feature","properties":{"code":"12.1.1","name":"Madrean Archipelago"},"geometry":{"type":"Polygon","coordinates":[[[-110.41,33.54],[-110.69,33.46],[-110.73,33.24],[-110.98,33.21],[-110.86,33.13],[-110.68,33.14],[-110.41,33.35],[-110.18,33.28],[-110.07,33.15],[-110.12,33.07],[-110.5,33.1],[-110.6,32.97],[-111,32.91],[-111.03,32.53],[-110.83,32.53],[-110.85,32.37],[-110.65,32.25],[-110.61,31.98],[-110.81,31.93],[-111.04,31.67],[-111.09,31.72],[-111.03,31.93],[-111.17,32.02],[-111.36,31.67],[-111.45,32],[-111.52,32.02],[-111.64,31.91],[-111.65,31.52],[-111.53,31.45],[-111.55,31.33],[-111.38,31.21],[-111.35,31.34],[-111.33,31.27],[-111.27,31.35],[-111.3,31.24],[-111.22,31.29],[-111.18,30.98],[-111.26,30.82],[-111.12,30.88],[-111.07,30.77],[-111.15,30.67],[-110.98,30.64],[-110.86,30.8],[-110.86,30.94],[-110.84,30.8],[-110.75,30.81],[-110.91,30.73],[-110.86,30.66],[-110.96,30.62],[-110.87,30.58],[-111.02,30.58],[-110.9,30.46],[-110.9,30.35],[-110.73,30.22],[-110.68,30.05],[-110.58,30.1],[-110.47,30],[-110.5,29.92],[-110.33,29.73],[-110.32,29.59],[-110.2,29.56],[-110.31,29.86],[-110.46,29.99],[-110.38,30.04],[-110.48,30.03],[-110.39,30.08],[-110.48,30.1],[-110.47,30.2],[-110.14,30.27],[-110.09,29.86],[-109.99,29.84],[-110.04,29.49],[-109.84,29.54],[-109.94,29.57],[-109.86,29.68],[-109.76,29.64],[-109.72,29.74],[-110.05,29.98],[-109.98,30.02],[-109.8,29.95],[-109.83,29.85],[-109.69,29.91],[-109.64,29.6],[-109.73,29.63],[-109.64,29.45],[-109.57,29.54],[-109.59,29.39],[-109.4,29.57],[-109.41,29.72],[-109.54,29.7],[-109.46,29.84],[-109.53,29.86],[-109.54,29.78],[-109.62,29.86],[-109.68,30.06],[-109.55,29.87],[-109.4,29.85],[-109.48,29.71],[-109.37,29.74],[-109.42,30.04],[-109.27,29.79],[-109.29,29.94],[-109.11,30.17],[-109.26,30.37],[-109.17,30.36],[-109.18,30.51],[-109.26,30.54],[-109.24,30.41],[-109.3,30.47],[-109.2,30.76],[-109.05,30.59],[-109.06,30.47],[-108.99,30.45],[-109,30.37],[-109.06,30.38],[-109,30.2],[-109.09,30.16],[-109.01,30.09],[-108.95,30.22],[-108.96,30.55],[-108.85,30.3],[-108.94,30.29],[-108.96,30.16],[-108.86,30.22],[-108.76,30.14],[-108.86,30.25],[-108.74,30.23],[-108.76,30.43],[-108.67,30.48],[-108.92,30.65],[-108.87,30.7],[-108.93,30.88],[-108.82,30.91],[-108.86,31.03],[-108.79,31.03],[-108.69,31.29],[-108.25,31.33],[-108.25,31.57],[-108.4,31.71],[-108.52,31.59],[-108.68,31.91],[-108.89,31.93],[-108.98,32.32],[-109.21,32.58],[-109.11,32.94],[-109.29,33.05],[-109.48,33],[-109.47,33.36],[-109.61,33.19],[-110.12,33.48],[-110.41,33.54]]]}},{"type":"Feature","properties":{"code":"12.1.2","name":"Piedmonts and Plains with Grasslands, Xeric Shrub, and Oak and Conifer Forests"},"geometry":{"type":"MultiPolygon","coordinates":[[[[-103.54,22.09],[-103.68,22.09],[-103.67,22.01],[-103.36,21.93],[-103.42,22.09],[-103.51,22.02],[-103.54,22.09]]],[[[-107.86,31.4],[-107.65,31.23],[-107.75,31.19],[-107.87,31.27],[-107.73,31.01],[-107.82,30.94],[-108.11,31],[-108.03,31.15],[-108.24,31.07],[-108.32,30.95],[-108.07,31.21],[-108.36,31.31],[-108.69,31.29],[-108.79,31.03],[-108.86,31.03],[-108.84,30.65],[-108.76,30.57],[-108.71,30.74],[-108.62,30.75],[-108.47,30.5],[-108.45,30.64],[-108.27,30.54],[-108.07,30.04],[-108.02,30.02],[-107.97,30.16],[-107.86,30.11],[-107.78,30.18],[-107.8,30.07],[-107.61,29.83],[-107.57,29.43],[-107.47,29.27],[-107.61,28.91],[-107.49,28.82],[-107.41,28.89],[-107.25,28.74],[-107.19,28.79],[-106.95,28.46],[-107.01,28.42],[-106.96,28.27],[-107.07,28.32],[-107.22,28.61],[-107.22,28.53],[-107.29,28.53],[-107.42,28.66],[-107.57,28.68],[-107.62,28.79],[-107.66,28.76],[-107.67,28.84],[-107.73,28.78],[-107.73,29.01],[-107.89,29.15],[-107.87,28.96],[-107.49,28.52],[-107.55,28.4],[-107.51,28.26],[-107.41,28.27],[-107.25,28.12],[-107.36,28.23],[-107.31,28.28],[-107.44,28.36],[-107.32,28.45],[-107.2,28.22],[-107.1,28.24],[-107.05,28.03],[-107.1,28.02],[-106.96,28],[-106.84,28.09],[-106.9,27.87],[-106.64,27.66],[-106.83,27.56],[-106.7,27.43],[-106.82,27.22],[-106.73,27.21],[-106.75,27.36],[-106.63,27.42],[-106.71,27.54],[-106.47,27.49],[-106.44,27.14],[-106.51,27.1],[-106.51,27],[-106.25,26.72],[-106.28,26.6],[-106.14,26.66],[-106.26,26.77],[-106.24,26.9],[-106.11,26.8],[-106.09,26.85],[-106.28,27.02],[-105.85,26.9],[-105.85,26.81],[-105.76,26.82],[-105.53,26.59],[-105.73,26.54],[-105.64,26.41],[-105.72,26.45],[-105.79,26.37],[-105.79,26.17],[-105.62,26.02],[-105.55,26.04],[-105.57,25.88],[-105.5,25.92],[-105.48,25.85],[-105.24,25.75],[-105.37,25.69],[-105.46,25.73],[-105.49,25.62],[-105.3,25.53],[-105.47,25.51],[-105.33,25.37],[-105.53,25.28],[-105.52,25.17],[-105.7,25.37],[-105.85,25.36],[-105.51,25.13],[-105.4,24.73],[-105.28,24.77],[-105.22,24.71],[-105.32,24.89],[-105.21,24.97],[-105.12,24.75],[-104.99,24.81],[-104.73,24.64],[-104.72,24.57],[-104.81,24.6],[-104.78,24.54],[-104.85,24.67],[-104.92,24.6],[-104.79,24.48],[-104.74,24.15],[-104.61,24.16],[-104.7,24.35],[-104.45,24.3],[-104.52,24.21],[-104.43,24.23],[-104.42,24.1],[-104.35,24.1],[-104.47,24.07],[-104.32,24.04],[-104.38,23.8],[-104.48,23.73],[-104.39,23.7],[-104.36,23.78],[-104.22,23.65],[-104.12,23.73],[-103.88,23.33],[-103.88,23.19],[-103.75,23.11],[-103.76,22.96],[-103.7,23.06],[-103.75,23.08],[-103.67,23.06],[-103.65,23.17],[-103.47,23.11],[-103.65,22.75],[-103.66,22.57],[-103.58,22.56],[-103.68,22.48],[-103.71,22.22],[-103.62,22.11],[-103.43,22.2],[-103.33,22.08],[-103.27,21.82],[-103.3,21.67],[-103.36,21.76],[-103.42,21.68],[-103.47,21.47],[-103.24,21.66],[-103.17,22.09],[-103.06,21.96],[-102.99,22.08],[-103.07,22.08],[-102.77,22.25],[-102.6,22.47],[-102.53,22.38],[-102.45,22.39],[-102.46,22.47],[-102.37,22.38],[-102.53,22.35],[-102.42,22.29],[-102.52,22.12],[-102.35,22.1],[-102.39,21.95],[-102.46,21.99],[-102.62,21.9],[-102.53,21.78],[-102.63,21.64],[-102.44,21.51],[-102.48,21.45],[-102.38,21.53],[-102.46,21.4],[-102.28,21.5],[-102.38,21.42],[-102.32,21.4],[-102.15,21.56],[-102.25,21.45],[-102.1,21.48],[-102.15,21.39],[-102.07,21.34],[-102.02,21.56],[-101.84,21.59],[-101.71,21.51],[-101.5,21.59],[-101.51,21.44],[-101.26,21.51],[-101,21.78],[-100.9,22.09],[-101.02,22.14],[-101.03,22.32],[-101.11,22.24],[-101.37,22.34],[-101.29,22.44],[-101.44,22.36],[-101.53,22.47],[-101.82,22.4],[-101.86,22.32],[-102.28,22.43],[-102.25,22.68],[-102.15,22.7],[-102.2,22.76],[-102.29,22.7],[-102.26,22.81],[-102.2,22.79],[-102.3,22.9],[-102.24,23.1],[-102.66,23.13],[-102.85,23.39],[-102.74,23.61],[-102.83,23.59],[-102.92,23.72],[-102.89,23.99],[-102.74,24.13],[-102.78,24.21],[-102.64,24.14],[-102.63,24.04],[-102.58,24.12],[-102.64,24.23],[-102.77,24.26],[-102.83,24.13],[-103,24.23],[-102.93,24.47],[-103.07,24.63],[-103.43,24.68],[-103.74,24.91],[-103.89,24.84],[-103.85,24.74],[-103.98,24.82],[-103.93,24.76],[-104.01,24.71],[-104.05,24.78],[-104.25,24.79],[-104.28,24.99],[-104.63,25.01],[-104.58,25.11],[-104.73,25.34],[-104.65,25.38],[-104.68,25.48],[-104.82,25.5],[-104.95,25.42],[-104.96,25.71],[-104.73,25.52],[-104.62,25.56],[-104.45,25.25],[-104.38,25.23],[-104.34,25.38],[-104.52,25.59],[-104.43,25.57],[-104.35,25.68],[-104.44,25.81],[-104.49,25.72],[-104.53,25.77],[-104.5,25.89],[-104.59,25.94],[-104.63,25.87],[-104.63,25.98],[-104.68,25.94],[-104.74,26.01],[-104.65,26.04],[-104.72,26.23],[-104.88,26.36],[-104.9,26.54],[-105.11,26.38],[-105.17,26.46],[-105.12,26.67],[-105.03,26.61],[-105.13,26.77],[-105.03,26.74],[-105.02,26.8],[-105.18,26.89],[-105.46,26.89],[-105.4,26.94],[-105.47,26.99],[-105.38,27.03],[-105.46,27.12],[-105.31,27.16],[-105.23,27.39],[-105.39,27.46],[-105.44,27.19],[-105.55,27.13],[-105.47,27.2],[-105.57,27.23],[-105.48,27.32],[-105.54,27.41],[-105.59,27.42],[-105.58,27.32],[-105.67,27.37],[-105.72,27.31],[-105.64,27.23],[-105.68,27.16],[-105.86,27.36],[-105.83,27.48],[-105.94,27.49],[-105.92,27.62],[-105.6,27.58],[-105.69,27.67],[-105.39,27.66],[-105.56,27.77],[-105.59,27.7],[-105.69,27.71],[-105.58,27.88],[-105.69,27.81],[-105.76,27.93],[-105.71,27.8],[-105.78,27.79],[-105.87,27.93],[-105.89,27.79],[-105.89,27.9],[-105.94,27.86],[-106.06,27.95],[-105.92,27.94],[-105.89,27.99],[-105.98,28.01],[-105.87,28.08],[-105.99,28.15],[-106.08,28.11],[-106.07,28.23],[-105.94,28.21],[-105.95,28.3],[-105.76,28.25],[-105.7,28.32],[-105.62,28.19],[-105.57,28.26],[-105.83,28.54],[-105.87,28.81],[-105.75,28.76],[-106.02,29.05],[-106.03,29.34],[-106.18,29.36],[-106.13,29.56],[-106.26,29.66],[-106.09,29.69],[-106.08,29.82],[-106.36,30.17],[-106.29,30.33],[-106.46,30.3],[-106.46,30.19],[-106.4,30.22],[-106.31,30.07],[-106.38,29.98],[-106.44,30.08],[-106.78,30.2],[-106.78,30],[-106.71,29.93],[-106.86,29.78],[-106.93,29.87],[-106.85,29.97],[-106.96,30.04],[-106.94,30.15],[-107.05,30.2],[-106.98,30.06],[-107.14,30.18],[-107.02,30.28],[-107.07,30.33],[-107.13,30.29],[-107.24,30.36],[-107.16,30.29],[-107.3,30.25],[-107.48,30.28],[-107.5,30.45],[-107.42,30.45],[-107.61,30.62],[-107.52,30.61],[-107.45,30.7],[-107.65,30.92],[-107.54,30.98],[-107.69,31.3],[-107.58,31.28],[-107.86,31.4]],[[-106.9,29.64],[-106.6,29.42],[-106.89,29.46],[-106.83,29.52],[-106.9,29.64]],[[-107.12,29.43],[-107.16,29.08],[-107.02,29],[-107.2,28.93],[-107.3,29.06],[-107.39,29.02],[-107.34,29.15],[-107.29,29.08],[-107.17,29.16],[-107.29,29.53],[-107.25,29.62],[-107.15,29.36],[-107.12,29.43]],[[-106.55,29.32],[-106.44,29.25],[-106.5,29.09],[-106.62,29.08],[-106.65,29.18],[-106.56,29.19],[-106.62,29.24],[-106.55,29.32]],[[-106.6,29.03],[-106.48,29.06],[-106.42,28.96],[-106.48,28.84],[-106.4,28.75],[-106.43,28.64],[-106.55,28.8],[-106.7,28.76],[-106.6,29.03]],[[-106.99,28.77],[-106.95,28.83],[-106.89,28.8],[-106.99,28.77]],[[-106.5,27.83],[-106.42,27.76],[-106.47,27.53],[-106.6,27.6],[-106.5,27.83]],[[-105.6,26.33],[-105.51,26.35],[-105.49,26.24],[-105.61,26.23],[-105.6,26.33]],[[-105.18,25.31],[-105.15,25.35],[-105.06,25.26],[-104.97,25.09],[-104.91,25.29],[-104.76,25.32],[-104.72,25.15],[-104.89,25.14],[-104.97,25.05],[-105.23,25.22],[-105.18,25.31]],[[-103.94,24.1],[-103.95,24.15],[-103.83,24.15],[-103.73,24.04],[-103.85,24.02],[-103.9,24.1],[-103.91,24.03],[-103.94,24.1]],[[-103.49,23.59],[-103.39,23.42],[-103.53,23.5],[-103.49,23.59]],[[-103.56,23.41],[-103.43,23.32],[-103.57,23.22],[-103.7,23.44],[-103.56,23.41]],[[-103.75,23.38],[-103.85,23.55],[-103.72,23.43],[-103.75,23.38]],[[-102.97,23.16],[-102.91,23.07],[-102.96,22.92],[-103.12,23.02],[-102.97,23.16]],[[-103.04,22.83],[-103.08,22.64],[-103.11,22.75],[-103.04,22.83]],[[-103.3,22.65],[-103.38,22.75],[-103.24,22.81],[-103.3,22.65]]]]}},{"type":"Feature","properties":{"code":"12.2.1","name":"Hills and Interior Plains with Xeric Shrub and Mesquite Low Forest"},"geometry":{"type":"MultiPolygon","coordinates":[[[[-100.69,21.94],[-100.68,21.82],[-100.83,21.8],[-100.76,21.73],[-101.06,21.77],[-101.26,21.51],[-101.44,21.44],[-101.55,21.51],[-101.5,21.59],[-101.7,21.51],[-101.79,21.59],[-102.01,21.57],[-102.07,21.34],[-102.15,21.39],[-102.1,21.48],[-102.25,21.45],[-102.15,21.56],[-102.32,21.4],[-102.38,21.42],[-102.28,21.5],[-102.45,21.39],[-102.38,21.53],[-102.48,21.45],[-102.44,21.51],[-102.63,21.64],[-102.75,21.55],[-102.7,21.48],[-102.87,21.4],[-102.99,21.24],[-102.82,21.17],[-102.87,21.16],[-102.82,21.04],[-102.91,21.05],[-102.93,20.97],[-102.88,20.92],[-102.74,21.01],[-102.72,20.91],[-102.86,20.85],[-102.72,20.82],[-102.71,20.68],[-102.96,20.63],[-102.98,20.69],[-102.82,20.72],[-103.15,20.74],[-103.22,20.71],[-103.16,20.62],[-103.25,20.68],[-103.61,20.51],[-103.73,20.32],[-104,20.45],[-103.61,20.2],[-103.6,20],[-102.9,20.15],[-102.79,20.07],[-102.82,19.96],[-102.92,19.96],[-102.96,20.08],[-103,20.03],[-102.89,19.9],[-102.91,19.77],[-102.79,19.9],[-102.5,19.7],[-102.59,19.83],[-102.5,19.82],[-102.47,19.91],[-102.27,19.92],[-102.29,19.82],[-102.09,19.8],[-102.1,19.95],[-101.97,19.87],[-101.88,20.04],[-101.52,19.89],[-101.62,19.84],[-101.64,19.73],[-101.49,19.86],[-101.44,19.74],[-101.23,19.73],[-101.23,19.65],[-101,19.76],[-100.86,19.73],[-100.81,19.88],[-100.64,19.98],[-100.55,19.96],[-100.57,19.89],[-100.46,19.96],[-100.31,19.9],[-100.13,20.03],[-100,20.01],[-99.93,20.16],[-99.85,20.03],[-99.8,20.1],[-99.67,20.07],[-99.69,20.17],[-99.61,20.22],[-99.49,20.2],[-99.49,20.06],[-99.34,20.1],[-99.03,19.99],[-99.08,19.93],[-99.03,19.89],[-98.78,20.03],[-98.89,20.06],[-98.79,20.1],[-98.89,20.16],[-98.97,20.09],[-99.04,20.15],[-98.85,20.16],[-98.84,20.27],[-98.93,20.41],[-99.12,20.43],[-99.09,20.63],[-99.29,20.62],[-99.25,20.94],[-99.33,20.8],[-99.42,20.79],[-99.38,21.01],[-99.46,20.85],[-99.53,20.84],[-99.53,20.75],[-99.66,20.74],[-99.79,20.84],[-99.91,21.08],[-100.06,20.89],[-100.34,20.84],[-100.38,20.92],[-100.24,21.14],[-100.12,21.14],[-100.12,21.05],[-99.9,21.12],[-100.17,21.26],[-100.36,21.17],[-100.47,21.21],[-100.4,21.28],[-100.32,21.24],[-100.34,21.33],[-100.5,21.32],[-100.59,21.43],[-100.64,21.38],[-100.67,21.52],[-100.44,21.47],[-100.5,21.67],[-100.44,21.7],[-100.63,21.79],[-100.62,21.9],[-100.69,21.94]],[[-103.03,20.33],[-102.71,20.29],[-102.77,20.21],[-102.69,20.17],[-102.82,20.1],[-103.42,20.24],[-103.03,20.33]]],[[[-101,21.78],[-101,21.78],[-101,21.78],[-101,21.78]]],[[[-103.02,20.29],[-103.02,20.3],[-103.03,20.29],[-103.02,20.29]]]]}},{"type":"Feature","properties":{"code":"13.1.1","name":"Arizona/New Mexico Mountains"},"geometry":{"type":"MultiPolygon","coordinates":[[[[-105.62,33.96],[-105.76,33.91],[-105.82,33.79],[-105.72,33.6],[-105.89,33.59],[-106.03,33.43],[-105.94,33.34],[-105.92,32.77],[-105.84,32.61],[-105.76,32.62],[-105.8,32.53],[-105.6,32.53],[-105.41,32.35],[-105.35,32.46],[-105.16,32.5],[-104.91,32.24],[-104.9,32.19],[-105.01,32.24],[-105.03,32.14],[-104.93,31.92],[-104.83,31.87],[-104.72,32.02],[-104.4,32.19],[-104.65,32.23],[-104.88,32.53],[-105.24,32.75],[-105.15,33.1],[-105.31,33.4],[-105.23,33.41],[-105.15,33.6],[-105.25,33.69],[-105.51,33.7],[-105.54,33.9],[-105.62,33.96]]],[[[-107.17,34.12],[-107.29,34.06],[-107.29,33.95],[-107.15,33.78],[-107.01,33.96],[-107.17,34.12]]],[[[-105.76,34.27],[-105.87,34.24],[-105.74,34.13],[-105.66,34.26],[-105.76,34.27]]],[[[-107.73,34.98],[-107.92,34.77],[-107.86,34.69],[-107.65,34.83],[-107.73,34.98]]],[[[-106.09,35.28],[-106.16,35.4],[-106.24,35.27],[-106.39,35.32],[-106.51,35.26],[-106.44,34.88],[-106.5,34.47],[-106.66,34.27],[-106.48,34.34],[-106.32,34.52],[-106.34,34.67],[-106.13,34.94],[-106.28,35.16],[-106.09,35.28]]],[[[-108.52,35.47],[-108.65,35.42],[-108.51,35.15],[-108.15,35.01],[-108.31,34.91],[-108.34,34.75],[-108.15,34.84],[-108.1,34.99],[-108.01,34.91],[-107.94,34.95],[-108.07,35.33],[-108.52,35.47]]],[[[-107.2,35.49],[-107.26,35.61],[-107.41,35.59],[-107.66,35.32],[-107.78,35.33],[-107.75,35.23],[-107.89,35.18],[-107.79,35.18],[-107.72,35.08],[-107.5,35.13],[-107.4,35.06],[-107.15,35.38],[-107.2,35.49]]],[[[-112.02,35.95],[-112.38,36.04],[-112.24,35.64],[-112.59,35.52],[-112.68,35.41],[-112.56,35.21],[-112.58,35.06],[-112.36,34.84],[-112.38,34.75],[-112.67,34.85],[-113.05,35.31],[-113.4,34.91],[-112.68,34.49],[-112.57,34.18],[-112.34,34.15],[-111.77,33.77],[-111.59,33.75],[-111.57,33.55],[-111.11,33.22],[-110.73,33.24],[-110.73,33.42],[-110.45,33.53],[-110.15,33.49],[-109.61,33.19],[-109.47,33.36],[-109.48,33],[-109.23,33.03],[-108.97,32.79],[-108.67,32.74],[-108.55,32.61],[-108.54,32.42],[-108.34,32.54],[-108.35,32.75],[-108.25,32.81],[-107.91,32.56],[-107.8,32.64],[-107.77,32.48],[-107.68,32.47],[-107.57,32.7],[-107.6,32.97],[-107.51,32.97],[-107.5,33.11],[-107.61,33.16],[-107.49,33.35],[-107.5,33.46],[-107.33,33.42],[-107.26,33.55],[-107.32,33.84],[-107.58,33.98],[-107.68,33.91],[-107.68,33.76],[-107.91,33.9],[-108.02,33.79],[-108.2,33.78],[-108.26,33.68],[-108.38,33.78],[-108.31,33.84],[-108.34,33.92],[-108.24,33.88],[-108.02,34.05],[-107.79,34.07],[-107.81,34.19],[-107.68,34.28],[-107.56,34.27],[-107.47,34.08],[-107.2,34.17],[-107.29,34.35],[-107.66,34.45],[-108.33,34.2],[-108.59,34.28],[-108.66,34.17],[-108.98,34.12],[-109.29,34.49],[-109.77,34.52],[-110.14,34.42],[-110.75,34.63],[-110.94,34.78],[-111.32,35.3],[-111.61,35.45],[-111.5,35.51],[-111.64,35.68],[-111.61,35.86],[-111.78,36],[-112.02,35.95]]],[[[-109.05,36.52],[-109.13,36.76],[-109.09,36.87],[-109.3,36.87],[-109.19,36.41],[-109.31,35.94],[-109.27,35.52],[-109.11,35.78],[-109.14,35.92],[-109.02,35.73],[-108.9,35.72],[-108.66,35.91],[-108.71,36.13],[-108.86,36.26],[-108.92,36.53],[-109.05,36.52]]],[[[-111.96,36.19],[-111.94,36.32],[-112.19,36.74],[-112.44,36.44],[-111.96,36.19]]]]}},{"type":"Feature","properties":{"code":"13.2.1","name":"Sierra Madre Occidental with Conifer, Oak, and Mixed Forests"},"geometry":{"type":"MultiPolygon","coordinates":[[[[-104.81,21.86],[-104.84,21.94],[-104.85,21.88],[-104.81,21.86]]],[[[-103.14,22.09],[-103.22,21.97],[-103.24,21.66],[-103.45,21.45],[-103.34,21.87],[-103.54,21.99],[-103.77,21.96],[-103.75,21.88],[-103.58,21.94],[-103.57,21.88],[-103.69,21.85],[-103.82,21.5],[-103.77,21.46],[-103.84,21.46],[-103.8,21.39],[-104.02,21.16],[-103.84,21.11],[-103.77,21.18],[-103.83,20.99],[-103.56,20.97],[-103.49,21.09],[-103.53,21.19],[-103.41,21.11],[-103.34,21.23],[-103.36,21.08],[-103.26,21.1],[-103.29,21.26],[-103.13,21.45],[-103,21.98],[-103.07,21.96],[-103.14,22.09]]],[[[-102.6,22.47],[-102.75,22.32],[-102.82,22.15],[-102.74,22.11],[-102.84,21.99],[-102.88,22.04],[-102.96,21.77],[-102.91,21.81],[-102.9,21.75],[-102.69,21.98],[-102.65,21.87],[-102.85,21.7],[-103.02,21.7],[-102.96,21.68],[-103.01,21.57],[-102.93,21.61],[-102.99,21.46],[-103.2,21.09],[-103.34,21.02],[-103.25,20.74],[-102.99,20.81],[-102.91,20.92],[-102.91,20.83],[-103.14,20.74],[-102.82,20.72],[-102.98,20.63],[-102.84,20.62],[-102.87,20.68],[-102.7,20.73],[-102.72,20.83],[-102.86,20.85],[-102.72,20.91],[-102.75,21.02],[-102.88,20.92],[-102.93,20.97],[-102.91,21.05],[-102.82,21.04],[-102.87,21.16],[-102.82,21.17],[-102.99,21.25],[-102.7,21.48],[-102.75,21.55],[-102.68,21.55],[-102.54,21.76],[-102.62,21.9],[-102.46,21.99],[-102.4,21.93],[-102.35,22.04],[-102.4,22.14],[-102.52,22.12],[-102.42,22.29],[-102.53,22.36],[-102.4,22.32],[-102.41,22.45],[-102.51,22.38],[-102.6,22.47]]],[[[-103.24,22.81],[-103.38,22.75],[-103.34,22.65],[-103.24,22.69],[-103.24,22.81]]],[[[-103.03,22.82],[-103.11,22.75],[-103.08,22.64],[-103.03,22.82]]],[[[-102.96,23.16],[-103.12,23.04],[-102.96,22.92],[-102.91,23.07],[-102.96,23.16]]],[[[-103.53,23.15],[-103.65,23.17],[-103.67,23.06],[-103.74,23.1],[-103.75,22.96],[-103.79,23.14],[-104.09,23.02],[-104.08,22.83],[-103.94,22.85],[-103.78,22.73],[-103.76,22.57],[-103.84,22.46],[-104.02,22.47],[-104.13,22.2],[-104.03,22.18],[-104.24,22.08],[-104.23,21.99],[-104,21.93],[-104.06,21.65],[-104.12,21.61],[-104.03,21.92],[-104.1,21.98],[-104.3,21.98],[-104.3,21.77],[-104.35,21.93],[-104.49,21.93],[-104.52,21.81],[-104.68,21.84],[-104.6,21.81],[-104.66,21.73],[-104.56,21.71],[-104.62,21.7],[-104.48,21.56],[-104.57,21.54],[-104.44,21.45],[-104.37,21.53],[-104.39,21.4],[-104.22,21.22],[-104,21.26],[-103.98,21.43],[-103.91,21.46],[-103.76,22.05],[-103.8,22.42],[-103.72,22.66],[-103.52,22.93],[-103.47,23.09],[-103.53,23.15]]],[[[-103.66,23.44],[-103.57,23.22],[-103.43,23.32],[-103.66,23.44]]],[[[-103.8,23.48],[-103.87,23.54],[-103.75,23.38],[-103.8,23.48]]],[[[-103.49,23.59],[-103.53,23.5],[-103.39,23.42],[-103.49,23.59]]],[[[-104.15,23.73],[-104.18,23.65],[-104.28,23.66],[-104.51,23.14],[-104.73,23.15],[-104.75,23.06],[-104.82,23.1],[-105,22.97],[-105.01,23.06],[-105.17,23.02],[-105.24,22.94],[-105.16,22.92],[-105.28,22.86],[-105.18,22.85],[-105.31,22.79],[-105.27,22.72],[-105.2,22.79],[-105.3,22.57],[-105.22,22.64],[-105.26,22.44],[-105.17,22.55],[-105.19,22.38],[-105.06,22.19],[-105.04,22.35],[-105.13,22.32],[-105.17,22.39],[-105.05,22.37],[-105.08,22.49],[-104.9,22.57],[-104.96,22.62],[-104.92,22.82],[-104.99,22.84],[-104.84,22.88],[-104.91,22.71],[-104.9,22.6],[-104.82,22.59],[-104.9,22.52],[-104.85,22.49],[-105.04,22.43],[-105.03,22.33],[-104.96,22.3],[-104.93,22.11],[-104.94,22.2],[-104.83,22.24],[-104.94,22.08],[-104.87,22.05],[-104.83,22.13],[-104.85,22.05],[-104.72,22.06],[-104.81,22.01],[-104.76,21.94],[-104.69,22.02],[-104.72,21.95],[-104.63,21.95],[-104.68,21.88],[-104.56,22],[-104.69,22.1],[-104.59,22.08],[-104.55,22.23],[-104.73,22.17],[-104.58,22.24],[-104.66,22.33],[-104.57,22.29],[-104.56,22.38],[-104.63,22.39],[-104.54,22.41],[-104.59,22.54],[-104.51,22.58],[-104.62,22.63],[-104.69,22.84],[-104.51,22.62],[-104.42,22.78],[-104.46,22.9],[-104.39,22.73],[-104.31,22.76],[-104.43,22.71],[-104.38,22.62],[-104.48,22.57],[-104.39,22.28],[-104.52,22.15],[-104.43,21.94],[-104.27,22.03],[-104.26,22.16],[-104.16,22.17],[-104.12,22.3],[-104.18,22.33],[-104.11,22.37],[-104.18,22.38],[-104.08,22.45],[-104.18,22.49],[-104.12,22.54],[-104.21,22.86],[-104.13,23.06],[-104.23,23.16],[-104.12,23.11],[-104.09,23.19],[-104.05,23.05],[-103.84,23.22],[-104.01,23.48],[-104.01,23.6],[-104.15,23.73]]],[[[-103.9,24.13],[-103.96,24.14],[-103.93,24.04],[-103.9,24.1],[-103.85,24.02],[-103.73,24.04],[-103.8,24.14],[-103.9,24.13]]],[[[-105.2,25.35],[-105.23,25.22],[-104.97,25.05],[-104.89,25.14],[-104.72,25.15],[-104.75,25.32],[-104.91,25.29],[-104.98,25.09],[-105.06,25.26],[-105.2,25.35]]],[[[-105.53,26.34],[-105.62,26.31],[-105.61,26.23],[-105.49,26.24],[-105.53,26.34]]],[[[-106.46,27.81],[-106.55,27.81],[-106.6,27.62],[-106.47,27.53],[-106.46,27.81]]],[[[-106.95,28.82],[-106.99,28.77],[-106.89,28.8],[-106.95,28.82]]],[[[-106.55,29.02],[-106.62,29.05],[-106.59,28.93],[-106.7,28.76],[-106.55,28.8],[-106.43,28.64],[-106.4,28.75],[-106.48,28.84],[-106.42,28.96],[-106.48,29.06],[-106.55,29.02]]],[[[-106.52,29.32],[-106.62,29.24],[-106.56,29.19],[-106.65,29.18],[-106.62,29.08],[-106.5,29.09],[-106.44,29.26],[-106.52,29.32]]],[[[-107.15,29.36],[-107.25,29.62],[-107.29,29.53],[-107.17,29.16],[-107.29,29.08],[-107.34,29.15],[-107.39,29.02],[-107.3,29.06],[-107.2,28.93],[-107.02,29],[-107.15,29.04],[-107.09,29.42],[-107.15,29.36]]],[[[-106.9,29.65],[-106.83,29.52],[-106.89,29.46],[-106.6,29.42],[-106.9,29.65]]],[[[-108.31,26.03],[-108.32,26.03],[-108.32,26.03],[-108.31,26.03]]],[[[-108.14,26.05],[-108.14,26.05],[-108.14,26.05],[-108.14,26.05]]],[[[-108.16,26.05],[-108.16,26.05],[-108.16,26.05],[-108.16,26.05]]],[[[-108.13,26.07],[-108.13,26.07],[-108.13,26.07],[-108.13,26.07]]],[[[-108.84,30.85],[-108.93,30.88],[-108.87,30.7],[-108.92,30.65],[-108.67,30.48],[-108.76,30.43],[-108.74,30.23],[-108.86,30.25],[-108.76,30.14],[-108.86,30.22],[-108.96,30.16],[-108.94,30.29],[-108.85,30.3],[-108.96,30.55],[-108.95,30.22],[-109.01,30.09],[-109.09,30.16],[-109,30.2],[-109.06,30.38],[-109,30.37],[-108.99,30.45],[-109.06,30.47],[-109.06,30.59],[-109.22,30.75],[-109.3,30.47],[-109.24,30.41],[-109.26,30.54],[-109.18,30.51],[-109.17,30.36],[-109.26,30.37],[-109.11,30.17],[-109.26,29.84],[-109.19,29.78],[-109.21,29.92],[-109.11,30],[-109.17,29.81],[-109.06,29.8],[-109.08,29.68],[-109.17,29.69],[-109.19,29.59],[-109.11,29.54],[-109.04,29.79],[-108.97,29.6],[-108.98,29.76],[-108.91,29.76],[-108.94,29.56],[-108.86,29.56],[-108.86,29.67],[-108.78,29.55],[-108.84,29.56],[-108.86,29.47],[-108.75,29.45],[-108.71,29.52],[-108.77,29.33],[-108.82,29.47],[-108.81,29.34],[-108.91,29.35],[-108.78,29.27],[-108.83,29.24],[-108.73,29.02],[-108.65,29.16],[-108.57,29.21],[-108.56,29.15],[-108.69,29.07],[-108.59,28.87],[-108.67,28.88],[-108.65,28.81],[-108.76,28.75],[-108.76,28.93],[-108.84,28.91],[-108.78,29.09],[-108.84,29.17],[-108.85,29.11],[-108.92,29.12],[-108.96,29.36],[-109.03,29.35],[-109.05,29.17],[-109.01,29.22],[-108.95,29.16],[-109.05,29.06],[-109.09,29.13],[-109.1,29.04],[-108.92,28.83],[-109.07,28.88],[-109.02,28.68],[-109.08,28.69],[-109.01,28.59],[-109.14,28.53],[-109.2,28.73],[-109.34,28.69],[-109.43,28.76],[-109.36,28.66],[-109.39,28.51],[-109.04,28.48],[-109.08,28.39],[-109.16,28.41],[-109.08,28.35],[-109.16,28.27],[-109.11,28.14],[-109.21,28.13],[-109.17,28.04],[-109.1,28.04],[-109.24,27.95],[-109.17,27.8],[-108.94,27.8],[-108.91,27.65],[-108.86,27.89],[-108.94,27.99],[-108.85,27.95],[-108.86,28.02],[-108.76,28.03],[-108.86,28.1],[-108.75,28.06],[-108.68,28.15],[-108.64,28.12],[-108.76,28],[-108.64,27.98],[-108.62,28.06],[-108.5,28.05],[-108.6,28.24],[-108.41,28.29],[-108.48,28.14],[-108.44,28.07],[-108.45,28.18],[-108.39,28.13],[-108.41,28.05],[-108.25,28.11],[-108.38,28.02],[-108.31,27.95],[-108.64,27.95],[-108.6,27.87],[-108.54,27.89],[-108.74,27.85],[-108.74,27.68],[-108.51,27.56],[-108.29,27.86],[-108.01,27.84],[-108.29,27.79],[-108.37,27.68],[-108.32,27.64],[-108.41,27.62],[-108.42,27.54],[-108.28,27.53],[-108.25,27.46],[-108.32,27.49],[-108.35,27.4],[-108.48,27.45],[-108.37,27.38],[-108.49,27.35],[-108.44,27.25],[-108.35,27.34],[-108.31,27.28],[-108.47,27.19],[-108.46,27.07],[-108.33,26.99],[-108.26,27.05],[-108.16,26.96],[-108.11,27.02],[-108.11,26.93],[-108.06,27.02],[-108.04,26.93],[-107.95,27.05],[-107.87,27.02],[-107.95,27.22],[-107.86,27.3],[-107.8,27.02],[-107.73,27.18],[-107.72,27.11],[-107.52,27.13],[-107.66,27.12],[-107.66,26.84],[-107.27,26.65],[-106.97,26.67],[-106.81,26.55],[-107.08,26.66],[-107.18,26.62],[-107.16,26.5],[-107.22,26.61],[-107.36,26.67],[-107.4,26.61],[-107.41,26.7],[-107.57,26.72],[-107.63,26.68],[-107.53,26.63],[-107.55,26.55],[-107.63,26.55],[-107.74,26.65],[-107.69,26.73],[-107.76,26.78],[-107.87,26.73],[-107.99,26.91],[-108.08,26.8],[-108.21,26.84],[-108.15,26.73],[-108.02,26.72],[-108.09,26.59],[-108.23,26.67],[-108.25,26.6],[-108.14,26.58],[-108.24,26.57],[-108.26,26.47],[-108.09,26.52],[-108.09,26.44],[-108.16,26.49],[-108.18,26.43],[-108.12,26.34],[-108.23,26.3],[-108.17,26.22],[-108.24,26.1],[-108.09,26.12],[-108.08,26.05],[-108.04,26.17],[-107.9,26.09],[-107.99,26.19],[-107.97,26.29],[-107.79,26.13],[-107.87,26.27],[-107.82,26.33],[-107.41,26.12],[-107.42,26],[-107.27,26.05],[-107.28,26.15],[-107.1,26.15],[-107.18,25.96],[-106.94,25.74],[-107.2,25.92],[-107.32,25.86],[-107.18,25.74],[-107.39,25.62],[-107.38,25.79],[-107.49,26.01],[-107.65,26],[-107.67,26.12],[-107.76,26.11],[-107.82,26],[-107.69,25.99],[-107.79,25.93],[-107.71,25.87],[-107.74,25.79],[-107.65,25.58],[-107.58,25.55],[-107.63,25.65],[-107.55,25.69],[-107.5,25.52],[-107.29,25.59],[-107.29,25.52],[-107.42,25.55],[-107.51,25.48],[-107.26,25.34],[-107.2,25.46],[-107.2,25.35],[-107.02,25.29],[-106.73,25.36],[-106.66,25.5],[-106.68,25.38],[-106.58,25.35],[-107.1,25.22],[-107.19,25.32],[-107.2,25.18],[-107.33,25.31],[-107.25,25.11],[-107.01,24.97],[-106.99,25.13],[-106.91,25.12],[-106.92,25.02],[-106.8,25.14],[-106.68,25.07],[-106.88,24.98],[-106.74,24.97],[-106.71,24.89],[-106.93,24.87],[-106.71,24.67],[-106.66,24.75],[-106.54,24.73],[-106.5,24.81],[-106.57,24.87],[-106.46,24.85],[-106.38,25],[-106.48,24.74],[-106.28,24.93],[-106.19,24.88],[-106.17,24.98],[-106.09,24.86],[-106.33,24.81],[-106.41,24.7],[-106.2,24.65],[-105.97,24.8],[-106.03,24.66],[-106.15,24.65],[-106.15,24.56],[-105.78,24.6],[-105.93,24.5],[-106.3,24.53],[-106.35,24.61],[-106.35,24.45],[-106.6,24.4],[-106.53,24.28],[-106.63,24.14],[-106.39,24.13],[-106.39,24.25],[-106.17,24.29],[-106.35,24.17],[-106.29,24.05],[-105.8,24.27],[-105.72,24.22],[-106.12,23.96],[-106.34,23.97],[-106.27,23.81],[-106.36,23.78],[-106.24,23.67],[-106.28,23.59],[-106.12,23.6],[-106.13,23.67],[-105.94,23.79],[-105.97,23.87],[-105.65,23.95],[-105.68,23.86],[-105.98,23.75],[-106.12,23.5],[-106.01,23.49],[-106.07,23.38],[-106,23.36],[-105.88,23.49],[-105.87,23.41],[-105.82,23.44],[-105.96,23.34],[-105.77,23.1],[-105.64,23.21],[-105.77,23.36],[-105.56,23.37],[-105.64,23.09],[-105.51,23.13],[-105.58,23.04],[-105.51,22.98],[-105.58,22.99],[-105.48,22.87],[-105.39,22.88],[-105.4,22.97],[-105.28,22.93],[-105.3,23.01],[-105.21,23.04],[-105.36,23.3],[-105.26,23.33],[-105.22,23.46],[-105.3,23.27],[-105.12,23.04],[-105.09,23.15],[-104.99,23.04],[-104.89,23.15],[-104.8,23.12],[-104.81,23.23],[-104.77,23.16],[-104.58,23.2],[-104.56,23.38],[-104.5,23.23],[-104.45,23.44],[-104.5,23.66],[-104.32,24.04],[-104.47,24.07],[-104.35,24.1],[-104.42,24.1],[-104.43,24.23],[-104.52,24.21],[-104.45,24.3],[-104.7,24.35],[-104.61,24.16],[-104.69,24.18],[-104.72,24.11],[-104.8,24.49],[-104.92,24.6],[-104.85,24.67],[-104.78,24.54],[-104.81,24.6],[-104.72,24.57],[-104.73,24.64],[-104.99,24.81],[-105.12,24.75],[-105.21,24.97],[-105.32,24.89],[-105.22,24.71],[-105.28,24.77],[-105.4,24.73],[-105.51,25.13],[-105.85,25.36],[-105.7,25.37],[-105.52,25.17],[-105.53,25.28],[-105.33,25.37],[-105.47,25.51],[-105.3,25.53],[-105.49,25.62],[-105.46,25.73],[-105.37,25.69],[-105.24,25.75],[-105.48,25.85],[-105.5,25.92],[-105.57,25.88],[-105.55,26.04],[-105.62,26.02],[-105.79,26.17],[-105.79,26.37],[-105.72,26.45],[-105.64,26.41],[-105.73,26.54],[-105.53,26.59],[-105.76,26.82],[-105.85,26.81],[-105.85,26.9],[-106.28,27.02],[-106.09,26.85],[-106.11,26.8],[-106.24,26.9],[-106.26,26.77],[-106.14,26.66],[-106.28,26.6],[-106.25,26.72],[-106.51,27],[-106.51,27.1],[-106.44,27.14],[-106.47,27.49],[-106.71,27.54],[-106.63,27.42],[-106.75,27.36],[-106.73,27.21],[-106.82,27.22],[-106.7,27.43],[-106.83,27.56],[-106.64,27.66],[-106.9,27.87],[-106.84,28.09],[-106.96,28],[-107.1,28.02],[-107.05,28.03],[-107.1,28.24],[-107.2,28.22],[-107.32,28.45],[-107.44,28.36],[-107.31,28.28],[-107.36,28.23],[-107.25,28.12],[-107.41,28.27],[-107.51,28.26],[-107.55,28.4],[-107.49,28.52],[-107.87,28.96],[-107.89,29.15],[-107.73,29.01],[-107.73,28.78],[-107.67,28.84],[-107.66,28.76],[-107.62,28.79],[-107.57,28.68],[-107.42,28.66],[-107.29,28.53],[-107.22,28.53],[-107.22,28.61],[-107.07,28.32],[-106.96,28.27],[-107.01,28.42],[-106.95,28.46],[-107.19,28.79],[-107.25,28.74],[-107.41,28.89],[-107.49,28.82],[-107.61,28.91],[-107.47,29.27],[-107.57,29.43],[-107.61,29.83],[-107.8,30.07],[-107.78,30.18],[-107.86,30.11],[-107.97,30.16],[-108.02,30.02],[-108.08,30.04],[-108.26,30.53],[-108.45,30.64],[-108.47,30.5],[-108.62,30.75],[-108.71,30.74],[-108.76,30.57],[-108.85,30.7],[-108.84,30.85]]]]}},{"type":"Feature","properties":{"code":"13.3.1","name":"Sierra Madre Oriental with Conifer, Oak, and Mixed Forests"},"geometry":{"type":"Polygon","coordinates":[[[-100.61,25.68],[-100.78,25.61],[-100.65,25.56],[-100.85,25.51],[-100.71,25.46],[-100.98,25.38],[-101.07,25.26],[-100.95,25.27],[-101.07,25.19],[-100.98,25.19],[-101.15,25.13],[-101.37,25.28],[-101.72,25.31],[-101.74,25.2],[-102,25.37],[-102.38,25.44],[-101.58,25.11],[-101.64,25.14],[-101.02,25.16],[-100.93,25.06],[-100.88,25.16],[-100.72,25.08],[-100.78,25.17],[-100.66,25.07],[-100.69,25.13],[-100.62,25.14],[-100.68,25.22],[-100.25,24.8],[-100.12,24.6],[-100.2,24.57],[-100.27,24.66],[-100.24,24.53],[-100.16,24.54],[-99.94,24.27],[-100.03,24.23],[-99.97,23.91],[-99.78,23.57],[-99.82,23.42],[-99.7,23.41],[-99.74,23.13],[-99.68,23.26],[-99.7,23.06],[-99.67,23.1],[-99.63,23.02],[-99.71,23],[-99.71,22.7],[-99.63,22.52],[-99.73,22.45],[-99.64,22.39],[-99.77,22.38],[-99.62,22.31],[-99.6,22.18],[-99.69,22.18],[-99.57,21.93],[-99.73,22.07],[-99.69,21.96],[-99.78,21.98],[-99.89,21.85],[-99.84,21.71],[-99.67,21.62],[-99.69,21.55],[-99.85,21.54],[-99.94,21.84],[-100.12,21.8],[-100.04,21.87],[-100.07,22.01],[-100.25,22.04],[-100.37,22.16],[-100.35,22.21],[-100.27,22.07],[-100.07,22.06],[-100.16,22.26],[-100.21,22.17],[-100.32,22.23],[-100.25,22.28],[-100.4,22.5],[-100.28,22.44],[-100.32,22.57],[-100.14,22.36],[-100.08,22.47],[-100.16,22.62],[-100.11,22.71],[-100.26,22.89],[-100.37,22.91],[-100.28,22.78],[-100.39,22.81],[-100.44,23],[-100.54,22.27],[-100.73,22.34],[-100.81,22.7],[-100.86,22.55],[-100.63,21.8],[-100.44,21.7],[-100.5,21.67],[-100.44,21.48],[-100.67,21.53],[-100.64,21.38],[-100.59,21.43],[-100.5,21.32],[-100.34,21.33],[-100.32,21.24],[-100.4,21.28],[-100.46,21.2],[-100.17,21.26],[-99.9,21.12],[-100.12,21.05],[-100.12,21.14],[-100.24,21.14],[-100.38,20.89],[-100.33,20.83],[-100.06,20.89],[-99.91,21.08],[-99.79,20.85],[-99.59,20.74],[-99.51,20.76],[-99.53,20.84],[-99.46,20.85],[-99.38,21.01],[-99.42,20.79],[-99.33,20.8],[-99.25,20.93],[-99.29,20.62],[-99.09,20.63],[-99.12,20.43],[-98.93,20.41],[-98.78,20.13],[-98.6,20.07],[-98.68,20.31],[-98.63,20.36],[-98.42,20.22],[-98.36,20.06],[-98.27,20.02],[-98.2,20.09],[-97.98,19.88],[-97.88,20],[-97.75,19.94],[-97.73,19.85],[-97.41,19.97],[-97.41,20.08],[-97.7,20.06],[-97.77,20.22],[-97.9,20.22],[-97.91,20.33],[-98.12,20.38],[-98.15,20.43],[-98.06,20.47],[-98.2,20.5],[-98.3,20.72],[-98.42,20.75],[-98.37,20.83],[-98.48,20.84],[-98.39,20.96],[-98.56,20.94],[-98.6,21.05],[-98.71,21.06],[-98.76,20.96],[-98.84,20.99],[-98.8,21.07],[-98.92,21.03],[-98.88,21.17],[-99.01,21.16],[-99.12,21.29],[-99.03,21.42],[-99.16,21.67],[-99.25,21.55],[-99.32,21.62],[-99.32,21.51],[-99.42,21.56],[-99.42,21.67],[-99.48,21.65],[-99.38,21.77],[-99.45,21.96],[-99.32,22.06],[-99.29,22.22],[-99.38,22.58],[-99.48,22.65],[-99.41,22.6],[-99.5,22.84],[-99.46,23.17],[-99.42,22.94],[-99.4,23.19],[-99.31,23.15],[-99.39,23.07],[-99.37,22.87],[-99.33,22.95],[-99.3,22.87],[-99.25,22.9],[-99.19,23],[-99.13,22.94],[-99.14,23.14],[-99.1,23.18],[-99.06,23.12],[-99.05,23.18],[-99.16,23.35],[-99.2,23.21],[-99.21,23.36],[-99.09,23.54],[-99.07,23.48],[-99.07,23.57],[-99.2,23.59],[-99.16,23.71],[-99.22,23.65],[-99.23,23.83],[-99.42,24.13],[-99.51,24.15],[-99.49,24.01],[-99.64,24.04],[-99.55,24.09],[-99.66,24.17],[-99.55,24.46],[-99.7,24.45],[-99.64,24.57],[-99.71,24.62],[-99.73,24.85],[-99.87,24.92],[-99.93,25.17],[-100.07,25.26],[-100.05,25.37],[-100.2,25.62],[-100.28,25.56],[-100.61,25.68]]]}},{"type":"Feature","properties":{"code":"13.4.1","name":"Interior Plains and Piedmonts with Grasslands and Xeric Shrub"},"geometry":{"type":"MultiPolygon","coordinates":[[[[-99.59,19.43],[-99.52,19.28],[-99.6,19.12],[-99.44,19.1],[-99.49,19.35],[-99.59,19.43]]],[[[-97.27,19.65],[-97.45,19.55],[-97.49,19.63],[-97.56,19.43],[-97.67,19.53],[-97.75,19.5],[-97.64,19.37],[-97.83,19.19],[-97.66,19.15],[-97.43,18.82],[-97.34,18.85],[-97.49,18.97],[-97.41,19.09],[-97.57,19.08],[-97.2,19.43],[-97.27,19.65]],[[-97.47,19.49],[-97.45,19.51],[-97.42,19.49],[-97.47,19.49]],[[-97.3,19.47],[-97.26,19.43],[-97.32,19.42],[-97.3,19.47]],[[-97.58,19.42],[-97.42,19.36],[-97.38,19.25],[-97.48,19.22],[-97.58,19.42]]],[[[-100.45,19.96],[-100.47,19.83],[-100.41,19.78],[-100.31,19.9],[-100.45,19.96]]],[[[-101.76,19.99],[-101.9,19.94],[-101.78,19.89],[-101.76,19.77],[-101.52,19.88],[-101.76,19.91],[-101.76,19.99]]],[[[-103.61,20.05],[-103.68,20],[-103.54,19.81],[-103.59,19.7],[-103.52,19.64],[-103.45,19.7],[-103.49,20],[-103.61,20.05]]],[[[-103.67,20.46],[-103.65,20.4],[-103.63,20.43],[-103.67,20.46]]],[[[-98.83,20.23],[-98.85,20.16],[-99.04,20.16],[-98.97,20.09],[-98.89,20.16],[-98.79,20.1],[-98.88,20.05],[-98.77,20.04],[-99.03,19.89],[-99.08,19.93],[-99.02,19.99],[-99.34,20.1],[-99.24,19.87],[-99.34,19.83],[-99.22,19.81],[-99.23,19.53],[-99.13,19.29],[-98.87,19.21],[-98.89,19.38],[-98.98,19.4],[-98.81,19.51],[-98.89,19.62],[-98.79,19.61],[-98.71,19.73],[-98.58,19.68],[-98.67,19.61],[-98.64,19.52],[-98.54,19.53],[-98.58,19.46],[-98.35,19.55],[-98.37,19.47],[-98.31,19.41],[-98.25,19.5],[-98.22,19.34],[-98.19,19.42],[-97.94,19.34],[-98.01,19.46],[-98.09,19.41],[-98.2,19.48],[-98.28,19.58],[-98.24,19.67],[-98.56,19.72],[-98.56,19.87],[-98.44,19.95],[-98.59,20.06],[-98.58,20.15],[-98.65,20.08],[-98.83,20.23]],[[-98.87,19.73],[-98.86,19.78],[-98.8,19.76],[-98.87,19.73]],[[-99.15,19.62],[-99.05,19.58],[-99.15,19.55],[-99.15,19.62]]]]}},{"type":"Feature","properties":{"code":"13.4.2","name":"Hills and Sierras with Conifer, Oak, and Mixed Forests"},"geometry":{"type":"MultiPolygon","coordinates":[[[[-97.57,19.42],[-97.6,19.37],[-97.5,19.34],[-97.48,19.22],[-97.38,19.25],[-97.42,19.36],[-97.57,19.42]]],[[[-97.29,19.48],[-97.32,19.42],[-97.26,19.43],[-97.29,19.48]]],[[[-97.45,19.51],[-97.47,19.49],[-97.43,19.48],[-97.45,19.51]]],[[[-99.11,19.61],[-99.15,19.55],[-99.06,19.56],[-99.11,19.61]]],[[[-98.82,19.71],[-98.86,19.78],[-98.88,19.74],[-98.82,19.71]]],[[[-104.78,21.84],[-104.83,21.65],[-105.06,21.67],[-105.1,21.59],[-105.02,21.36],[-105.07,21.27],[-104.95,21.19],[-105.05,21.09],[-104.98,21.07],[-104.96,20.94],[-104.77,21.05],[-104.71,20.86],[-104.53,20.72],[-104.58,20.59],[-104.52,20.41],[-104.44,20.5],[-104.25,20.45],[-104.5,20.01],[-104.25,19.97],[-104.3,19.91],[-104.21,19.84],[-104.11,19.87],[-104.05,19.99],[-104.17,20.09],[-104.31,20.08],[-104.23,20.21],[-103.97,20.24],[-104.02,20.05],[-103.92,20.12],[-104.06,19.92],[-104.04,19.81],[-103.94,19.92],[-103.92,19.77],[-103.89,19.82],[-103.85,19.72],[-103.77,19.75],[-103.76,19.36],[-103.56,19.35],[-103.46,19.52],[-103.59,19.7],[-103.54,19.81],[-103.68,20.01],[-103.57,20.13],[-104,20.45],[-103.73,20.32],[-103.61,20.51],[-103.31,20.61],[-103.25,20.68],[-103.4,21],[-103.51,21.03],[-103.65,20.75],[-103.88,20.87],[-103.88,21.02],[-103.95,21],[-103.97,21.08],[-104.19,21.03],[-104.3,21.23],[-104.46,21.23],[-104.42,21.31],[-104.5,21.45],[-104.56,21.41],[-104.72,21.68],[-104.68,21.75],[-104.78,21.84]]],[[[-98.63,20.36],[-98.68,20.31],[-98.59,20.06],[-98.43,19.94],[-98.56,19.87],[-98.56,19.72],[-98.24,19.67],[-98.28,19.58],[-98.2,19.48],[-98.09,19.41],[-98.01,19.46],[-97.94,19.34],[-98.19,19.42],[-98.22,19.34],[-98.25,19.5],[-98.31,19.41],[-98.37,19.47],[-98.35,19.55],[-98.58,19.46],[-98.54,19.53],[-98.64,19.52],[-98.67,19.61],[-98.58,19.68],[-98.71,19.73],[-98.79,19.61],[-98.9,19.61],[-98.81,19.51],[-98.98,19.39],[-98.89,19.38],[-98.85,19.23],[-98.98,19.2],[-99.16,19.34],[-99.22,19.81],[-99.34,19.83],[-99.24,19.87],[-99.3,20.03],[-99.51,20.07],[-99.49,20.2],[-99.59,20.22],[-99.69,20.17],[-99.66,20.08],[-99.8,20.1],[-99.83,20.03],[-99.93,20.16],[-100,20.01],[-100.22,19.99],[-100.41,19.78],[-100.48,19.95],[-100.57,19.89],[-100.55,19.96],[-100.64,19.98],[-100.81,19.88],[-100.86,19.73],[-101,19.76],[-101.23,19.65],[-101.23,19.73],[-101.45,19.74],[-101.49,19.86],[-101.64,19.73],[-101.63,19.84],[-101.81,19.8],[-101.78,19.89],[-101.89,19.96],[-101.76,19.99],[-101.71,19.91],[-101.68,19.96],[-101.78,20.03],[-101.9,20.03],[-101.97,19.87],[-102.1,19.96],[-102.09,19.8],[-102.29,19.82],[-102.27,19.92],[-102.47,19.91],[-102.5,19.82],[-102.59,19.83],[-102.53,19.7],[-102.8,19.9],[-102.88,19.86],[-102.88,19.75],[-102.89,19.9],[-103,20.03],[-102.96,20.08],[-102.92,19.96],[-102.82,19.96],[-102.79,20.07],[-102.9,20.15],[-103.44,20.03],[-103.5,19.85],[-103.46,19.66],[-103.12,19.8],[-103.05,19.73],[-103.17,19.75],[-103.2,19.61],[-103,19.74],[-102.84,19.64],[-102.6,19.66],[-102.48,19.5],[-102.51,19.39],[-102.38,19.16],[-102.22,19.2],[-102.19,19.29],[-101.98,19.21],[-101.92,19.31],[-101.84,19.3],[-101.84,19.07],[-101.7,19.04],[-101.67,18.95],[-101.45,19.22],[-101.19,19.28],[-101.24,19.44],[-101.18,19.47],[-101.04,19.32],[-101.08,19.24],[-100.97,19.27],[-100.87,19.19],[-100.98,19.35],[-100.96,19.46],[-101.09,19.53],[-101.07,19.63],[-100.8,19.62],[-100.81,19.49],[-100.69,19.44],[-100.69,19.29],[-100.47,19.52],[-100.45,19.42],[-100.37,19.45],[-100.4,19.23],[-100.22,19.2],[-100.28,19.12],[-100.22,18.82],[-100.14,18.9],[-100.05,18.82],[-100.24,18.75],[-100.26,18.56],[-100.02,18.59],[-99.87,18.78],[-99.83,18.74],[-99.94,18.66],[-99.83,18.4],[-99.61,18.43],[-99.6,18.56],[-99.47,18.35],[-99.26,18.31],[-99.19,18.36],[-99.27,18.48],[-99.38,18.56],[-99.42,18.45],[-99.45,18.6],[-99.55,18.54],[-99.61,18.75],[-99.74,18.8],[-99.6,18.83],[-99.5,18.77],[-99.46,18.9],[-99.26,18.76],[-99.26,18.98],[-98.98,19],[-98.87,18.96],[-98.77,18.8],[-98.58,18.85],[-98.57,18.96],[-98.49,18.97],[-98.35,18.93],[-98.43,18.74],[-98.32,18.87],[-98.39,18.79],[-98.35,18.7],[-98.17,18.82],[-97.98,18.73],[-97.93,18.77],[-98.11,18.83],[-98.12,18.93],[-97.92,18.95],[-97.93,19],[-97.75,18.97],[-97.73,18.9],[-97.63,18.95],[-97.44,18.75],[-97.65,19.14],[-97.83,19.18],[-97.64,19.37],[-97.76,19.5],[-97.67,19.53],[-97.56,19.43],[-97.49,19.63],[-97.46,19.55],[-97.39,19.64],[-97.21,19.61],[-97.27,19.5],[-97.2,19.42],[-97.57,19.08],[-97.41,19.09],[-97.49,18.97],[-97.32,18.86],[-97.33,18.76],[-97.25,18.75],[-97.27,18.84],[-97.18,18.82],[-97.09,19.15],[-96.9,19.04],[-96.88,19.09],[-96.95,19.05],[-96.99,19.13],[-96.93,19.3],[-97.03,19.32],[-96.85,19.44],[-96.88,19.6],[-96.75,19.63],[-96.7,19.77],[-96.78,19.76],[-96.77,19.87],[-96.89,19.88],[-96.9,19.78],[-97.18,19.8],[-97.4,19.98],[-97.73,19.85],[-97.86,20.01],[-97.98,19.88],[-98.2,20.09],[-98.27,20.02],[-98.36,20.06],[-98.36,20.15],[-98.63,20.36]],[[-99.47,19.2],[-99.44,19.1],[-99.6,19.11],[-99.52,19.29],[-99.59,19.43],[-99.49,19.35],[-99.47,19.2]]]]}},{"type":"Feature","properties":{"code":"13.5.1","name":"Sierras of Jalisco and Michoacan with Conifer, Oak, and Mixed Forests"},"geometry":{"type":"MultiPolygon","coordinates":[[[[-103,19.74],[-103.28,19.54],[-103.29,19.44],[-103.43,19.52],[-103.43,19.22],[-103.31,19.18],[-103.38,19.11],[-103.24,18.95],[-103.35,18.72],[-103.53,18.72],[-103.4,18.69],[-103.21,18.38],[-103.15,18.45],[-102.95,18.37],[-102.96,18.27],[-102.75,18.34],[-102.62,18.19],[-102.56,18.35],[-102.48,18.3],[-102.41,18.35],[-102.47,18.46],[-102.36,18.45],[-102.32,18.37],[-102.28,18.5],[-102.23,18.42],[-102.12,18.48],[-102.32,18.56],[-102.31,18.65],[-102.37,18.51],[-102.52,18.57],[-102.38,18.72],[-102.45,18.75],[-102.4,18.81],[-102.72,18.8],[-102.7,18.9],[-102.85,18.78],[-102.86,18.95],[-102.92,18.93],[-102.93,19.02],[-103.04,19.05],[-102.99,19.41],[-103.09,19.46],[-102.91,19.47],[-102.91,19.6],[-102.89,19.53],[-102.78,19.55],[-102.84,19.69],[-103,19.74]]],[[[-104.81,21.01],[-104.78,20.79],[-104.85,20.87],[-105.02,20.88],[-104.97,20.81],[-105.09,20.73],[-104.99,20.65],[-105.15,20.53],[-105.19,20.57],[-105.36,20.38],[-105.4,20.44],[-105.45,20.3],[-105.13,20.15],[-105.14,20.08],[-105.05,20.1],[-105.11,20.04],[-105.04,20.07],[-105.07,19.91],[-104.92,19.95],[-104.99,19.76],[-104.92,19.79],[-104.86,19.65],[-104.87,19.77],[-104.74,19.79],[-104.81,19.84],[-104.73,19.94],[-104.65,19.92],[-104.73,19.84],[-104.59,19.68],[-104.43,19.72],[-104.42,19.59],[-104.54,19.48],[-104.37,19.45],[-104.51,19.34],[-104.43,19.38],[-104.36,19.3],[-104.27,19.4],[-104.15,19.33],[-104.01,19.52],[-104.18,19.22],[-104.08,19.22],[-104.09,19.1],[-103.96,19.29],[-104,19.46],[-103.89,19.37],[-103.85,19.48],[-104.21,19.76],[-104.36,19.71],[-104.38,19.83],[-104.25,19.81],[-104.51,20.09],[-104.39,20.17],[-104.35,20.37],[-104.25,20.45],[-104.44,20.5],[-104.53,20.42],[-104.58,20.59],[-104.53,20.72],[-104.81,21.01]]]]}},{"type":"Feature","properties":{"code":"13.5.2","name":"Sierras of Guerrero and Oaxaca with Conifer, Oak, and Mixed Forests"},"geometry":{"type":"Polygon","coordinates":[[[-97.08,19.14],[-97.18,18.82],[-97.28,18.84],[-97.27,18.74],[-97.34,18.76],[-97.32,18.87],[-97.38,18.83],[-97.41,18.53],[-97.17,18.43],[-96.98,17.97],[-96.88,18],[-96.96,17.84],[-96.89,17.69],[-96.65,17.64],[-96.46,17.25],[-96.58,17.26],[-96.59,17.35],[-96.63,17.26],[-96.63,17.52],[-96.72,17.67],[-96.8,17.62],[-96.82,17.35],[-96.99,17.66],[-97.05,17.47],[-97.05,17.79],[-97.13,17.79],[-97.14,17.96],[-97.32,18.14],[-97.37,17.98],[-97.57,18.11],[-97.64,18.06],[-97.68,17.69],[-97.82,17.54],[-97.95,17.69],[-98.06,17.36],[-98.18,17.4],[-98.2,17.57],[-98.27,17.46],[-98.48,17.62],[-98.5,17.33],[-98.54,17.45],[-98.81,17.38],[-98.57,17.69],[-98.68,17.79],[-98.77,17.76],[-98.65,17.87],[-98.78,17.93],[-98.77,18.05],[-98.95,18],[-99.01,17.88],[-98.92,17.91],[-98.89,17.82],[-98.97,17.71],[-99.05,17.7],[-99.01,17.84],[-99.09,17.75],[-99.13,17.87],[-99.19,17.82],[-99.16,17.43],[-99.09,17.4],[-99.17,17.26],[-99.37,17.48],[-99.2,17.47],[-99.25,17.88],[-99.39,17.87],[-99.41,17.77],[-99.51,17.75],[-99.43,17.64],[-99.3,17.76],[-99.4,17.54],[-99.39,17.63],[-99.51,17.6],[-99.42,17.44],[-99.47,17.39],[-99.53,17.61],[-99.75,17.68],[-99.62,17.95],[-99.83,17.88],[-99.85,17.81],[-100.02,17.93],[-100.06,17.82],[-99.9,17.67],[-99.94,17.58],[-100.1,17.79],[-100.27,17.74],[-100.09,17.97],[-100.15,18.04],[-100.19,17.99],[-100.22,18.06],[-100.43,18.06],[-100.32,17.91],[-100.48,18],[-100.51,17.9],[-100.59,17.97],[-100.54,18.01],[-100.64,18.04],[-100.65,17.82],[-100.74,18.04],[-100.81,17.99],[-100.8,18.15],[-100.93,18],[-101.26,18.05],[-101.28,18.1],[-101.04,18.04],[-100.94,18.11],[-101.12,18.14],[-101.06,18.24],[-101.16,18.25],[-101.09,18.33],[-101.15,18.4],[-101.33,18.3],[-101.56,18.45],[-101.56,18.37],[-101.69,18.38],[-101.61,18.31],[-101.62,18.19],[-101.75,18.19],[-101.54,18.03],[-101.54,17.96],[-101.66,17.97],[-101.64,17.88],[-101.47,17.83],[-101.41,17.93],[-101.4,17.79],[-101.48,17.76],[-101.29,17.76],[-101.2,17.89],[-101,17.76],[-101.17,17.58],[-101.1,17.58],[-101.15,17.47],[-100.99,17.62],[-101,17.46],[-100.96,17.42],[-100.9,17.52],[-100.81,17.28],[-100.68,17.29],[-100.67,17.47],[-100.53,17.33],[-100.35,17.39],[-100.27,17.28],[-100.09,17.26],[-100.09,17.14],[-99.9,17.08],[-99.69,17.16],[-99.81,17.22],[-99.7,17.3],[-99.73,17.43],[-99.62,17.37],[-99.6,17.18],[-99.51,17.25],[-99.49,17.16],[-99.39,17.16],[-99.44,16.99],[-99.37,16.88],[-99.28,16.92],[-99.34,17.01],[-99.25,17],[-99.17,17.11],[-99.13,17.01],[-99,17.01],[-99,16.89],[-99.06,16.96],[-99.11,16.88],[-98.97,16.77],[-98.82,16.81],[-98.7,16.73],[-98.7,16.85],[-98.48,16.96],[-98.4,16.83],[-98.23,16.87],[-98.12,16.79],[-98.05,16.89],[-98.13,16.65],[-98,16.63],[-97.68,16.33],[-97.65,16.42],[-97.53,16.43],[-97.58,16.33],[-97.36,16.27],[-97.52,16.22],[-97.51,16.06],[-97,16.06],[-96.89,15.95],[-96.73,16.08],[-96.65,16.04],[-96.76,15.88],[-96.39,15.84],[-96.13,15.93],[-96.08,16.07],[-96.02,16.01],[-95.72,16.1],[-95.86,16.1],[-95.96,16.23],[-95.85,16.22],[-95.78,16.34],[-96.06,16.27],[-96.13,16.33],[-95.99,16.34],[-95.9,16.54],[-95.84,16.48],[-95.76,16.54],[-95.71,16.42],[-95.63,16.64],[-95.86,16.75],[-95.88,16.6],[-96.07,16.47],[-96.29,16.5],[-96.29,16.27],[-96.37,16.27],[-96.31,16.38],[-96.53,16.27],[-96.73,16.32],[-96.89,16.58],[-96.9,16.79],[-96.81,16.83],[-96.93,17.31],[-96.84,17.24],[-96.79,17.29],[-96.74,17.12],[-96.42,17.04],[-96.41,16.93],[-96.3,16.94],[-96.38,16.89],[-96.35,16.74],[-96.41,16.78],[-96.48,16.69],[-96.43,16.57],[-96.52,16.59],[-96.48,16.52],[-96.59,16.48],[-96.46,16.4],[-96.47,16.34],[-96.31,16.47],[-96.31,16.68],[-96.21,16.64],[-96.2,16.52],[-96.07,16.53],[-96.2,16.66],[-96.19,16.87],[-96.27,16.86],[-96.27,16.98],[-96.09,16.94],[-96.16,16.72],[-96.04,16.7],[-96.05,16.79],[-95.9,16.87],[-95.48,16.66],[-95.41,16.78],[-95.2,16.76],[-95.08,16.9],[-95.31,16.98],[-95.46,17.18],[-95.55,17.11],[-95.65,17.16],[-95.57,17.24],[-95.67,17.23],[-95.81,17.47],[-96.13,17.47],[-96.09,17.6],[-96.33,17.46],[-96.26,17.61],[-96.39,17.57],[-96.34,17.67],[-96.49,17.85],[-96.47,17.91],[-96.59,17.83],[-96.64,17.88],[-96.54,18.01],[-96.66,18.03],[-96.67,18.14],[-96.74,18.15],[-96.74,18.29],[-96.87,18.54],[-96.92,18.39],[-96.9,18.58],[-96.96,18.59],[-96.87,18.65],[-96.89,18.75],[-97.02,18.81],[-96.91,19.03],[-97.08,19.14]]]}},{"type":"Feature","properties":{"code":"13.6.1","name":"Central American Sierra Madre with Conifer, Oak, and Mixed Forests"},"geometry":{"type":"Polygon","coordinates":[[[-93.95,16.95],[-94.18,16.85],[-94.26,16.92],[-94.2,16.71],[-94.27,16.83],[-94.28,16.75],[-94.52,16.82],[-94.66,16.73],[-94.54,16.75],[-94.62,16.66],[-94.44,16.68],[-94.16,16.46],[-93.78,16.33],[-93.53,15.96],[-92.87,15.68],[-92.73,15.58],[-92.77,15.48],[-92.53,15.41],[-92.53,15.33],[-92.38,15.35],[-92.24,15.16],[-92.27,15.09],[-92.06,15.09],[-92.1,15.29],[-91.93,15.7],[-92.02,15.64],[-92.09,15.7],[-92.21,15.57],[-92.42,15.65],[-92.33,15.7],[-92.46,15.76],[-92.36,15.81],[-92.41,15.91],[-92.76,16.1],[-92.8,16.06],[-92.68,15.85],[-92.79,15.86],[-92.82,16.01],[-92.89,16],[-92.93,15.89],[-93.01,15.92],[-92.92,15.99],[-92.91,16.1],[-93.11,16.13],[-93.22,16.05],[-93.21,16.13],[-93.31,16.13],[-93.38,16.06],[-93.29,16.2],[-93.44,16.15],[-93.37,16.25],[-93.44,16.27],[-93.46,16.37],[-93.57,16.33],[-93.34,16.5],[-93.46,16.56],[-93.48,16.66],[-93.52,16.57],[-93.67,16.55],[-93.59,16.47],[-93.8,16.37],[-93.86,16.41],[-93.73,16.48],[-93.77,16.54],[-94,16.48],[-94.02,16.57],[-93.86,16.64],[-93.85,16.74],[-93.85,16.89],[-93.95,16.95]]]}},{"type":"Feature","properties":{"code":"13.6.2","name":"Chiapas Highlands with Conifer, Oak, and Mixed Forest"},"geometry":{"type":"Polygon","coordinates":[[[-92.32,17.34],[-92.43,17.35],[-92.52,17.2],[-92.68,17.36],[-92.65,17.18],[-92.96,17.37],[-93.38,17.1],[-93.33,17.03],[-93.23,17.06],[-93.22,17.14],[-93.17,17.07],[-93.04,17.07],[-93.09,17.01],[-92.97,16.88],[-93.04,16.8],[-92.9,16.62],[-92.79,16.58],[-92.77,16.69],[-92.71,16.67],[-92.63,16.58],[-92.68,16.53],[-92.56,16.48],[-92.55,16.32],[-92.5,16.46],[-92.44,16.45],[-92.34,16.24],[-92.08,16.06],[-91.91,16.06],[-91.79,15.92],[-91.53,16.08],[-91.67,16.21],[-91.61,16.36],[-91.68,16.39],[-91.57,16.41],[-91.63,16.56],[-91.55,16.48],[-91.48,16.54],[-91.34,16.48],[-91.45,16.58],[-91.35,16.67],[-91.27,16.58],[-91.26,16.7],[-91.35,16.78],[-91.31,16.71],[-91.36,16.7],[-91.5,16.84],[-91.42,16.87],[-91.51,16.96],[-91.57,16.99],[-91.54,16.91],[-91.74,17.1],[-92.15,17.09],[-92.32,17.22],[-92.23,17.31],[-92.32,17.34]]]}},{"type":"Feature","properties":{"code":"14.1.1","name":"Coastal Plain with Low Tropical Deciduous Forest"},"geometry":{"type":"MultiPolygon","coordinates":[[[[-97.82,22.7],[-97.81,22.73],[-97.84,22.69],[-97.82,22.7]]],[[[-97.8,22.75],[-97.79,22.79],[-97.81,22.74],[-97.8,22.75]]],[[[-99.26,24.6],[-99.31,24.59],[-99.26,24.44],[-99.37,24.58],[-99.53,24.56],[-99.31,24.47],[-99.33,24.22],[-99.28,24.24],[-99.15,24.01],[-99.02,24.02],[-99.19,23.71],[-99.03,23.58],[-98.96,23.66],[-99.08,23.75],[-99.04,23.79],[-98.86,23.87],[-98.72,23.79],[-98.83,23.77],[-98.79,23.6],[-98.85,23.41],[-98.77,23.54],[-98.63,23.51],[-98.73,23.67],[-98.62,23.65],[-98.72,23.74],[-98.65,23.97],[-98.7,24.02],[-98.27,24.01],[-98.23,23.88],[-98.33,23.84],[-98.23,23.8],[-98.29,23.77],[-98.28,23.52],[-98.19,23.5],[-97.95,23.12],[-97.81,23.03],[-97.87,22.82],[-97.98,22.82],[-97.94,22.71],[-98.04,22.68],[-98.22,22.73],[-98.02,22.92],[-98.11,22.98],[-98.1,22.93],[-98.24,22.97],[-98.31,22.85],[-98.54,22.97],[-98.65,22.91],[-98.67,22.78],[-98.92,22.92],[-98.73,23.13],[-98.77,23.32],[-99,23.41],[-99.07,23.36],[-99.01,23.04],[-98.87,23.05],[-98.99,22.88],[-98.88,22.76],[-98.98,22.67],[-98.84,22.37],[-98.83,21.93],[-98.64,21.75],[-98.49,21.44],[-98.19,21.49],[-97.75,21.97],[-97.7,21.83],[-97.84,22.67],[-97.89,22.6],[-97.76,22.94],[-97.79,22.79],[-97.77,22.84],[-97.76,23.16],[-97.86,23.1],[-97.96,23.23],[-98.05,23.71],[-97.92,23.76],[-97.76,23.44],[-97.74,23.99],[-97.75,23.8],[-97.78,24.08],[-98.18,24.01],[-98.22,24.19],[-98.29,24.17],[-98.35,24.26],[-98.69,24.33],[-98.75,24.42],[-98.87,24.42],[-98.9,24.55],[-98.95,24.29],[-99,24.43],[-99.09,24.43],[-98.99,24.49],[-99.18,24.56],[-99.26,24.51],[-99.26,24.6]]]]}},{"type":"Feature","properties":{"code":"14.1.2","name":"Hills and Sierra with Low Tropical Deciduous Forest and Oak Forest"},"geometry":{"type":"MultiPolygon","coordinates":[[[[-96.4,19.75],[-96.67,19.63],[-96.7,19.29],[-96.89,19.31],[-96.78,19.2],[-96.78,18.94],[-96.6,18.82],[-96.64,18.75],[-96.56,18.7],[-96.02,18.85],[-96.17,18.92],[-96.54,18.86],[-96.4,18.99],[-96.48,19.12],[-96.38,19.16],[-96.48,19.25],[-96.41,19.31],[-96.45,19.43],[-96.6,19.49],[-96.49,19.47],[-96.37,19.57],[-96.4,19.75]]],[[[-99.1,23.4],[-99.21,23.36],[-99.2,23.21],[-99.16,23.35],[-99.05,23.18],[-99.06,23.12],[-99.1,23.18],[-99.14,23.14],[-99.13,22.94],[-99.19,23],[-99.25,22.9],[-99.3,22.87],[-99.33,22.95],[-99.37,22.87],[-99.39,23.07],[-99.31,23.15],[-99.4,23.19],[-99.4,22.94],[-99.45,23.17],[-99.5,22.92],[-99.41,22.6],[-99.48,22.65],[-99.38,22.58],[-99.29,22.22],[-99.4,21.98],[-99.21,21.67],[-99.38,21.77],[-99.48,21.65],[-99.42,21.67],[-99.42,21.56],[-99.32,21.51],[-99.32,21.62],[-99.25,21.55],[-99.15,21.68],[-99.21,21.98],[-99.09,21.77],[-99.05,21.83],[-98.99,21.64],[-98.86,21.7],[-98.61,21.61],[-98.64,21.75],[-98.83,21.93],[-98.84,22.37],[-98.97,22.65],[-98.88,22.76],[-98.99,22.92],[-98.87,23.05],[-99.01,23.04],[-99.1,23.4]]],[[[-97.93,23.77],[-98.05,23.71],[-98.03,23.43],[-97.86,23.1],[-97.76,23.16],[-97.76,23.44],[-97.93,23.77]]],[[[-98.5,23.93],[-98.61,23.83],[-98.55,23.64],[-98.6,23.22],[-98.73,23.17],[-98.92,22.92],[-98.66,22.78],[-98.65,22.91],[-98.54,22.97],[-98.31,22.85],[-98.24,22.97],[-98.1,22.93],[-98.11,22.98],[-98.02,22.92],[-98.22,22.73],[-98.14,22.66],[-97.94,22.71],[-97.98,22.83],[-97.87,22.82],[-97.81,23.03],[-97.95,23.12],[-98.19,23.5],[-98.28,23.52],[-98.26,23.74],[-98.5,23.93]]]]}},{"type":"Feature","properties":{"code":"14.2.1","name":"Northwestern Yucatan Plain with Low Tropical Deciduous Forest"},"geometry":{"type":"MultiPolygon","coordinates":[[[[-87.93,21.58],[-88.6,21.53],[-88.85,21.4],[-89.82,21.26],[-90.32,21.02],[-90.46,20.68],[-90.49,19.9],[-90.39,19.96],[-90.37,20.16],[-90.25,20.28],[-90.29,20.51],[-90.14,20.44],[-90.14,20.55],[-89.99,20.51],[-89.8,20.7],[-89.62,20.6],[-89.66,20.5],[-89.52,20.5],[-89.41,20.8],[-89.17,20.86],[-88.97,21.02],[-88.95,21.29],[-88.69,21.34],[-88.58,21.46],[-88.42,21.43],[-88.3,21.53],[-88.2,21.46],[-88,21.48],[-88,21.57],[-87.69,21.47],[-87.71,21.39],[-87.57,21.38],[-87.61,21.34],[-87.38,21.4],[-87.93,21.58]]],[[[-89.7,22.38],[-89.69,22.4],[-89.7,22.39],[-89.7,22.38]]],[[[-89.77,22.58],[-89.81,22.58],[-89.81,22.56],[-89.77,22.58]]]]}},{"type":"Feature","properties":{"code":"14.3.1","name":"Sinaloa Coastal Plain with Low Thorn Tropical Forest and Wetlands"},"geometry":{"type":"MultiPolygon","coordinates":[[[[-108.05,24.82],[-108.04,24.94],[-108.14,25.02],[-108.05,24.82]]],[[[-108.09,24.82],[-108.13,24.92],[-108.32,25.11],[-108.09,24.82]]],[[[-108.35,25.21],[-108.35,25.17],[-108.27,25.15],[-108.35,25.21]]],[[[-108.95,25.44],[-109.03,25.44],[-108.8,25.37],[-108.95,25.44]]],[[[-108.71,26.51],[-108.84,26.46],[-108.77,26.38],[-108.84,26.28],[-108.77,26.11],[-108.95,25.97],[-109.31,26.05],[-109.24,26.32],[-109.28,26.28],[-109.45,25.95],[-109.4,25.69],[-109.38,25.78],[-109.28,25.71],[-109.37,25.65],[-109.16,25.56],[-109.26,25.7],[-109.09,25.59],[-108.89,25.7],[-108.97,25.57],[-109.11,25.55],[-109.07,25.5],[-108.94,25.45],[-108.9,25.57],[-108.78,25.55],[-108.78,25.37],[-108.39,25.18],[-108.32,25.25],[-108.07,25.09],[-107.99,25],[-107.97,24.79],[-108.07,24.78],[-108.01,24.66],[-107.74,24.51],[-107.56,24.52],[-107.51,24.34],[-107.8,24.5],[-106.99,23.93],[-107.1,24.04],[-107.17,24.53],[-107.44,24.72],[-107.35,24.82],[-107.56,24.9],[-107.65,25.14],[-107.94,25.17],[-107.94,25.35],[-107.78,25.33],[-107.86,25.35],[-107.9,25.55],[-107.99,25.56],[-107.93,25.65],[-108.01,25.7],[-108.03,25.88],[-108.26,25.79],[-108.44,25.59],[-108.12,25.89],[-108.23,25.89],[-108.14,26.11],[-108.19,26.01],[-108.27,26.1],[-108.28,25.97],[-108.32,26.05],[-108.43,26.04],[-108.48,25.93],[-108.61,26.03],[-108.68,25.97],[-108.78,26.01],[-108.77,26.28],[-108.61,26.41],[-108.71,26.51]]],[[[-109.32,26.83],[-109.47,26.72],[-109.42,26.69],[-109.32,26.83]]],[[[-109.94,27.02],[-110.01,27.09],[-110.04,27.09],[-109.94,27.02]]],[[[-110.53,27.3],[-110.59,27.42],[-110.6,27.33],[-110.53,27.3]]],[[[-109.5,27.7],[-109.55,27.68],[-109.49,27.61],[-109.5,27.7]]],[[[-109.38,27.93],[-109.5,27.85],[-109.3,27.67],[-109.34,27.78],[-109.24,27.72],[-109.24,27.8],[-109.38,27.93]]],[[[-109.86,28.05],[-109.98,27.99],[-109.97,27.73],[-110.19,27.89],[-110.13,27.63],[-110.35,27.72],[-110.48,27.92],[-110.62,27.82],[-110.63,27.61],[-110.56,27.37],[-110.48,27.37],[-110.33,27.17],[-109.96,27.1],[-109.84,26.77],[-109.56,26.69],[-109.38,26.8],[-109.44,26.91],[-109.2,26.99],[-109.43,26.92],[-109.4,27.08],[-109.14,27.02],[-109.28,27.14],[-108.98,27.26],[-109.04,27.23],[-109.14,27.34],[-109.1,27.24],[-109.16,27.22],[-109.51,27.41],[-109.41,27.51],[-109.3,27.5],[-109.36,27.6],[-109.65,27.49],[-109.72,27.57],[-109.58,27.57],[-109.59,27.74],[-109.73,27.6],[-109.64,27.75],[-109.75,27.82],[-109.7,27.97],[-109.86,28.05]]],[[[-109.63,28.08],[-109.61,27.77],[-109.57,28],[-109.63,28.08]]],[[[-110.26,28.51],[-110.39,28.36],[-110.39,28.2],[-110.32,28],[-110.21,27.92],[-110.16,27.99],[-110.04,27.97],[-110.19,28.36],[-110.05,28.36],[-110.12,28.41],[-110.05,28.44],[-110.13,28.44],[-110.05,28.49],[-110.26,28.51]]]]}},{"type":"Feature","properties":{"code":"14.3.2","name":"Sinaloa and Sonora Hills and Canyons with Xeric Shrub and Low Tropical Deciduous Forest"},"geometry":{"type":"MultiPolygon","coordinates":[[[[-104.87,22.89],[-104.99,22.84],[-104.92,22.82],[-104.96,22.62],[-104.9,22.58],[-105.02,22.52],[-105.01,22.45],[-104.85,22.49],[-104.9,22.51],[-104.82,22.59],[-104.9,22.61],[-104.9,22.83],[-104.83,22.84],[-104.87,22.89]]],[[[-104.09,23.19],[-104.12,23.11],[-104.23,23.16],[-104.13,23.06],[-104.21,22.86],[-104.12,22.54],[-104.18,22.49],[-104.08,22.46],[-104.18,22.38],[-104.11,22.37],[-104.18,22.33],[-104.12,22.3],[-104.16,22.17],[-104.28,22.14],[-104.28,22.02],[-104.47,21.97],[-104.44,22.05],[-104.51,22.05],[-104.52,22.15],[-104.39,22.28],[-104.48,22.57],[-104.38,22.62],[-104.43,22.71],[-104.31,22.76],[-104.39,22.73],[-104.46,22.9],[-104.42,22.78],[-104.51,22.62],[-104.69,22.85],[-104.63,22.64],[-104.51,22.58],[-104.59,22.54],[-104.54,22.41],[-104.63,22.39],[-104.56,22.38],[-104.57,22.29],[-104.66,22.33],[-104.58,22.24],[-104.73,22.16],[-104.55,22.23],[-104.59,22.08],[-104.69,22.1],[-104.56,22],[-104.68,21.88],[-104.63,21.95],[-104.72,21.95],[-104.69,22.02],[-104.76,21.94],[-104.81,22.01],[-104.72,22.06],[-104.85,22.05],[-104.8,21.88],[-104.85,21.86],[-104.68,21.75],[-104.72,21.68],[-104.56,21.41],[-104.5,21.45],[-104.41,21.31],[-104.46,21.23],[-104.3,21.23],[-104.19,21.03],[-103.97,21.08],[-103.95,21],[-103.88,21.02],[-103.88,20.87],[-103.65,20.75],[-103.51,21.03],[-103.43,21.04],[-103.33,20.75],[-103.16,20.62],[-103.22,20.71],[-102.92,20.83],[-102.91,20.92],[-102.99,20.81],[-103.25,20.74],[-103.34,21.02],[-103.2,21.09],[-102.99,21.46],[-102.93,21.61],[-103.01,21.57],[-102.96,21.68],[-103.02,21.7],[-102.85,21.7],[-102.65,21.87],[-102.69,21.98],[-102.9,21.75],[-102.91,21.81],[-102.96,21.77],[-102.88,22.04],[-102.84,21.99],[-102.74,22.11],[-102.82,22.15],[-102.77,22.25],[-103.08,22.07],[-102.99,22.08],[-103.04,21.74],[-103.13,21.44],[-103.29,21.26],[-103.26,21.1],[-103.36,21.08],[-103.32,21.23],[-103.41,21.11],[-103.53,21.19],[-103.53,21],[-103.67,20.93],[-103.84,20.99],[-103.77,21.18],[-103.84,21.11],[-104.02,21.16],[-103.8,21.39],[-103.84,21.46],[-103.77,21.46],[-103.82,21.5],[-103.69,21.85],[-103.57,21.88],[-103.58,21.94],[-103.75,21.88],[-103.77,21.96],[-103.65,21.98],[-103.67,22.1],[-103.55,22.12],[-103.51,22.02],[-103.42,22.09],[-103.33,21.66],[-103.27,21.82],[-103.43,22.2],[-103.62,22.11],[-103.7,22.18],[-103.68,22.48],[-103.58,22.56],[-103.66,22.57],[-103.62,22.69],[-103.72,22.67],[-103.8,22.42],[-103.76,22.05],[-104,21.26],[-104.15,21.2],[-104.17,21.26],[-104.32,21.27],[-104.4,21.41],[-104.37,21.53],[-104.44,21.45],[-104.51,21.49],[-104.56,21.55],[-104.48,21.56],[-104.62,21.7],[-104.56,21.71],[-104.66,21.73],[-104.58,21.78],[-104.68,21.84],[-104.52,21.81],[-104.48,21.93],[-104.35,21.93],[-104.3,21.77],[-104.3,21.98],[-104.11,21.99],[-104.03,21.92],[-104.12,21.61],[-104.06,21.65],[-104,21.93],[-104.23,21.99],[-104.24,22.08],[-104.03,22.18],[-104.13,22.2],[-104.02,22.47],[-103.84,22.46],[-103.76,22.57],[-103.78,22.72],[-103.94,22.85],[-104.07,22.82],[-104.09,22.91],[-104.09,23.03],[-103.81,23.17],[-104.08,23.04],[-104.02,23.11],[-104.1,23.09],[-104.09,23.19]]],[[[-104.83,22.25],[-104.83,22.24],[-104.83,22.24],[-104.83,22.25]]],[[[-104.89,22.08],[-104.89,22.08],[-104.89,22.08],[-104.89,22.08]]],[[[-104.85,21.9],[-104.85,21.9],[-104.85,21.9],[-104.85,21.9]]],[[[-104.36,23.78],[-104.5,23.66],[-104.45,23.44],[-104.5,23.23],[-104.56,23.38],[-104.58,23.2],[-104.77,23.16],[-104.81,23.23],[-104.8,23.12],[-104.89,23.15],[-104.99,23.04],[-105.09,23.15],[-105.12,23.04],[-105.3,23.27],[-105.22,23.45],[-105.28,23.31],[-105.36,23.34],[-105.2,23.04],[-105.3,23.01],[-105.27,22.93],[-105.06,23.06],[-105,22.97],[-104.82,23.1],[-104.75,23.06],[-104.73,23.15],[-104.5,23.15],[-104.24,23.63],[-104.36,23.78]]],[[[-107.81,26.33],[-107.87,26.27],[-107.78,26.14],[-107.98,26.28],[-107.9,26.09],[-108.04,26.17],[-108.07,26.05],[-108.14,26.11],[-108.23,25.89],[-108.12,25.89],[-108.44,25.59],[-108.26,25.79],[-108.03,25.88],[-108.01,25.7],[-107.93,25.65],[-107.99,25.56],[-107.9,25.55],[-107.86,25.35],[-107.78,25.33],[-107.94,25.35],[-107.94,25.16],[-107.65,25.14],[-107.56,24.9],[-107.35,24.82],[-107.44,24.72],[-107.29,24.67],[-107.15,24.48],[-107.09,24.02],[-106.27,23.09],[-106.17,23.09],[-105.96,22.85],[-105.65,22.74],[-105.55,22.54],[-105.6,22.32],[-105.42,22.21],[-105.35,22.25],[-105.29,22.43],[-105.33,22.81],[-105.41,22.79],[-105.38,22.71],[-105.5,22.8],[-105.63,22.76],[-105.78,22.95],[-105.65,22.93],[-105.61,22.8],[-105.53,22.87],[-105.61,23],[-105.51,23.13],[-105.64,23.09],[-105.56,23.36],[-105.77,23.36],[-105.64,23.21],[-105.77,23.1],[-105.96,23.34],[-105.82,23.44],[-105.87,23.41],[-105.88,23.49],[-106,23.36],[-106.07,23.38],[-106.01,23.49],[-106.12,23.5],[-105.98,23.75],[-105.68,23.86],[-105.65,23.95],[-105.97,23.87],[-105.94,23.79],[-106.13,23.67],[-106.12,23.6],[-106.28,23.59],[-106.24,23.67],[-106.36,23.78],[-106.27,23.81],[-106.34,23.97],[-106.12,23.96],[-105.72,24.22],[-105.8,24.27],[-106.29,24.05],[-106.35,24.17],[-106.17,24.29],[-106.39,24.25],[-106.39,24.13],[-106.63,24.14],[-106.53,24.28],[-106.6,24.4],[-106.35,24.45],[-106.35,24.61],[-106.3,24.53],[-105.93,24.5],[-105.78,24.6],[-106.15,24.56],[-106.15,24.65],[-106.03,24.66],[-105.97,24.8],[-106.2,24.65],[-106.41,24.7],[-106.33,24.81],[-106.09,24.86],[-106.17,24.98],[-106.19,24.88],[-106.28,24.93],[-106.48,24.74],[-106.39,25],[-106.46,24.85],[-106.57,24.87],[-106.5,24.81],[-106.54,24.73],[-106.66,24.75],[-106.7,24.67],[-106.88,24.78],[-106.8,24.82],[-106.92,24.88],[-106.71,24.9],[-106.88,24.98],[-106.68,25.07],[-106.8,25.14],[-106.92,25.02],[-106.91,25.12],[-106.99,25.13],[-107.03,24.97],[-107.25,25.11],[-107.33,25.31],[-107.2,25.18],[-107.19,25.32],[-107.1,25.22],[-106.58,25.35],[-106.68,25.38],[-106.66,25.5],[-106.73,25.36],[-106.98,25.29],[-107.2,25.35],[-107.2,25.46],[-107.26,25.34],[-107.5,25.46],[-107.42,25.55],[-107.26,25.56],[-107.43,25.59],[-107.5,25.52],[-107.55,25.69],[-107.63,25.65],[-107.58,25.55],[-107.64,25.58],[-107.74,25.79],[-107.71,25.87],[-107.79,25.93],[-107.69,25.99],[-107.82,26],[-107.76,26.11],[-107.67,26.12],[-107.65,26],[-107.49,26.01],[-107.38,25.79],[-107.39,25.62],[-107.18,25.74],[-107.32,25.86],[-107.2,25.92],[-106.94,25.74],[-107.18,25.96],[-107.1,26.15],[-107.28,26.15],[-107.27,26.05],[-107.42,26],[-107.41,26.12],[-107.81,26.33]]],[[[-109.32,26.83],[-109.32,26.83],[-109.32,26.83],[-109.32,26.83]]],[[[-110.34,30.26],[-110.47,30.2],[-110.48,30.1],[-110.39,30.08],[-110.48,30.03],[-110.38,30.04],[-110.46,29.99],[-110.31,29.86],[-110.2,29.56],[-110.34,29.6],[-110.33,29.72],[-110.39,29.72],[-110.55,30.09],[-110.82,30.04],[-110.63,29.42],[-110.66,29.32],[-110.53,29.29],[-110.58,29.18],[-110.62,29.22],[-110.57,29.13],[-110.71,29.08],[-110.62,29.09],[-110.64,28.96],[-110.54,28.97],[-110.64,28.78],[-110.61,28.53],[-110.32,28.46],[-110.05,28.49],[-110.13,28.44],[-110.05,28.44],[-110.12,28.42],[-110.05,28.36],[-110.18,28.4],[-110.15,28.14],[-110.07,27.99],[-109.74,28.02],[-109.69,27.85],[-109.75,27.81],[-109.64,27.76],[-109.73,27.6],[-109.59,27.74],[-109.58,27.57],[-109.67,27.62],[-109.7,27.54],[-109.61,27.47],[-109.36,27.6],[-109.3,27.5],[-109.41,27.51],[-109.51,27.41],[-109.16,27.22],[-109.1,27.24],[-109.14,27.34],[-109.04,27.23],[-108.98,27.26],[-109.29,27.13],[-109.12,27.05],[-109.24,27.04],[-109.15,26.99],[-109.18,26.93],[-109.04,26.92],[-109.12,26.8],[-109,26.76],[-108.88,26.28],[-108.77,26.37],[-108.83,26.49],[-108.72,26.52],[-108.61,26.44],[-108.77,26.28],[-108.74,26.08],[-108.51,25.93],[-108.43,26.04],[-108.32,26.05],[-108.28,25.97],[-108.27,26.1],[-108.27,26.04],[-108.16,26.04],[-108.25,26.17],[-108.17,26.22],[-108.23,26.3],[-108.12,26.34],[-108.18,26.43],[-108.16,26.49],[-108.09,26.44],[-108.09,26.52],[-108.26,26.47],[-108.26,26.54],[-108.14,26.58],[-108.25,26.6],[-108.23,26.68],[-108.09,26.59],[-108.02,26.72],[-108.15,26.73],[-108.22,26.84],[-108.08,26.8],[-108,26.91],[-107.87,26.73],[-107.76,26.78],[-107.69,26.73],[-107.74,26.65],[-107.63,26.55],[-107.55,26.55],[-107.53,26.63],[-107.63,26.68],[-107.57,26.72],[-107.41,26.7],[-107.4,26.61],[-107.36,26.67],[-107.22,26.61],[-107.16,26.5],[-107.18,26.62],[-107.08,26.66],[-106.83,26.53],[-106.97,26.67],[-107.27,26.65],[-107.66,26.84],[-107.66,27.12],[-107.52,27.13],[-107.72,27.11],[-107.73,27.18],[-107.8,27.02],[-107.86,27.3],[-107.95,27.22],[-107.87,27.02],[-107.95,27.05],[-108.04,26.93],[-108.06,27.02],[-108.11,26.93],[-108.11,27.02],[-108.16,26.96],[-108.26,27.05],[-108.33,26.99],[-108.46,27.07],[-108.47,27.19],[-108.31,27.28],[-108.35,27.34],[-108.44,27.25],[-108.49,27.35],[-108.37,27.38],[-108.48,27.45],[-108.35,27.4],[-108.32,27.49],[-108.25,27.46],[-108.28,27.53],[-108.42,27.54],[-108.41,27.62],[-108.32,27.64],[-108.37,27.68],[-108.29,27.79],[-108.01,27.84],[-108.29,27.86],[-108.51,27.56],[-108.74,27.68],[-108.74,27.85],[-108.54,27.89],[-108.6,27.87],[-108.64,27.95],[-108.31,27.95],[-108.38,28.02],[-108.25,28.11],[-108.41,28.05],[-108.39,28.13],[-108.45,28.18],[-108.44,28.07],[-108.48,28.14],[-108.41,28.29],[-108.6,28.24],[-108.5,28.05],[-108.62,28.06],[-108.64,27.98],[-108.76,28],[-108.64,28.12],[-108.68,28.15],[-108.75,28.06],[-108.86,28.1],[-108.76,28.03],[-108.86,28.02],[-108.85,27.95],[-108.94,27.99],[-108.86,27.89],[-108.91,27.65],[-108.94,27.8],[-109.17,27.8],[-109.24,27.95],[-109.1,28.04],[-109.17,28.04],[-109.21,28.13],[-109.11,28.14],[-109.16,28.27],[-109.08,28.35],[-109.16,28.41],[-109.08,28.39],[-109.04,28.48],[-109.39,28.51],[-109.36,28.66],[-109.43,28.76],[-109.34,28.69],[-109.2,28.73],[-109.14,28.53],[-109.01,28.59],[-109.08,28.69],[-109.02,28.68],[-109.07,28.88],[-108.92,28.83],[-109.06,28.95],[-109.1,29.12],[-109.05,29.06],[-108.95,29.16],[-109.08,29.25],[-109,29.25],[-109.04,29.34],[-108.97,29.36],[-108.92,29.12],[-108.85,29.11],[-108.84,29.17],[-108.78,29.09],[-108.84,28.91],[-108.76,28.93],[-108.78,28.77],[-108.66,28.8],[-108.67,28.87],[-108.59,28.88],[-108.69,29.07],[-108.56,29.2],[-108.73,29.02],[-108.83,29.24],[-108.78,29.27],[-108.91,29.34],[-108.81,29.34],[-108.82,29.47],[-108.77,29.33],[-108.71,29.52],[-108.75,29.45],[-108.86,29.47],[-108.84,29.56],[-108.78,29.55],[-108.86,29.67],[-108.86,29.56],[-108.94,29.56],[-108.92,29.76],[-108.98,29.76],[-108.93,29.7],[-109.02,29.59],[-109.03,29.79],[-109.11,29.54],[-109.19,29.59],[-109.06,29.8],[-109.17,29.81],[-109.12,30],[-109.21,29.92],[-109.19,29.78],[-109.26,29.82],[-109.23,29.99],[-109.15,30.04],[-109.21,30.09],[-109.29,29.77],[-109.37,29.89],[-109.34,30],[-109.43,30.03],[-109.37,29.74],[-109.47,29.71],[-109.4,29.85],[-109.55,29.87],[-109.68,30.06],[-109.62,29.86],[-109.54,29.78],[-109.53,29.86],[-109.46,29.84],[-109.54,29.7],[-109.41,29.72],[-109.4,29.57],[-109.59,29.39],[-109.57,29.54],[-109.64,29.45],[-109.73,29.63],[-109.64,29.6],[-109.69,29.91],[-109.83,29.85],[-109.81,29.96],[-110.04,30.01],[-109.93,29.87],[-109.88,29.91],[-109.89,29.85],[-109.76,29.82],[-109.81,29.76],[-109.72,29.75],[-109.76,29.64],[-109.86,29.68],[-109.94,29.57],[-109.84,29.54],[-109.96,29.54],[-110,29.46],[-109.99,29.84],[-110.09,29.86],[-110.12,30.26],[-110.34,30.26]],[[-109.63,28.08],[-109.57,28],[-109.61,27.77],[-109.63,28.08]],[[-109.39,27.91],[-109.24,27.8],[-109.24,27.72],[-109.34,27.78],[-109.3,27.67],[-109.5,27.85],[-109.39,27.91]],[[-109.48,27.67],[-109.5,27.61],[-109.55,27.68],[-109.48,27.67]]]]}},{"type":"Feature","properties":{"code":"14.4.1","name":"Balsas Depression with Low Tropical Deciduous Forest and Xerophytic Shrub"},"geometry":{"type":"Polygon","coordinates":[[[-102.78,19.68],[-102.84,19.6],[-102.79,19.54],[-102.89,19.53],[-102.91,19.6],[-102.91,19.47],[-103.09,19.46],[-102.99,19.41],[-103.04,19.05],[-102.93,19.02],[-102.92,18.93],[-102.86,18.95],[-102.85,18.78],[-102.7,18.9],[-102.72,18.8],[-102.4,18.81],[-102.45,18.75],[-102.38,18.72],[-102.52,18.57],[-102.37,18.51],[-102.31,18.65],[-102.32,18.56],[-102.12,18.47],[-102.23,18.42],[-102.28,18.5],[-102.32,18.37],[-102.36,18.45],[-102.47,18.46],[-102.42,18.33],[-102.36,18.36],[-102.25,18.22],[-101.92,18.13],[-101.86,18.23],[-101.68,17.96],[-101.53,17.97],[-101.75,18.19],[-101.62,18.19],[-101.61,18.31],[-101.69,18.38],[-101.56,18.37],[-101.55,18.45],[-101.33,18.3],[-101.14,18.4],[-101.09,18.33],[-101.16,18.25],[-101.06,18.24],[-101.12,18.14],[-100.94,18.11],[-101.26,18.05],[-100.93,18],[-100.8,18.15],[-100.81,17.99],[-100.74,18.04],[-100.65,17.82],[-100.64,18.04],[-100.54,18.01],[-100.59,17.97],[-100.51,17.9],[-100.48,18],[-100.32,17.91],[-100.43,18.06],[-100.14,18.04],[-100.09,17.97],[-100.27,17.74],[-100.1,17.79],[-99.95,17.58],[-99.9,17.67],[-100.06,17.82],[-100.02,17.93],[-99.85,17.81],[-99.83,17.88],[-99.62,17.95],[-99.75,17.68],[-99.53,17.61],[-99.48,17.39],[-99.42,17.44],[-99.51,17.6],[-99.39,17.63],[-99.4,17.54],[-99.3,17.76],[-99.43,17.64],[-99.51,17.75],[-99.41,17.77],[-99.39,17.87],[-99.25,17.88],[-99.2,17.47],[-99.37,17.48],[-99.17,17.26],[-99.09,17.4],[-99.16,17.43],[-99.19,17.82],[-99.13,17.87],[-99.09,17.75],[-99.01,17.84],[-99.05,17.7],[-98.97,17.71],[-98.89,17.82],[-98.92,17.91],[-99.01,17.88],[-98.95,18],[-98.77,18.05],[-98.78,17.93],[-98.65,17.87],[-98.77,17.76],[-98.68,17.79],[-98.57,17.69],[-98.81,17.38],[-98.54,17.45],[-98.51,17.33],[-98.49,17.62],[-98.27,17.46],[-98.2,17.57],[-98.18,17.4],[-98.06,17.36],[-97.95,17.69],[-97.89,17.68],[-97.91,17.57],[-97.81,17.54],[-97.66,17.77],[-97.65,18.06],[-97.58,18.11],[-97.52,18.06],[-97.62,18.19],[-97.56,18.31],[-97.66,18.29],[-97.79,18.39],[-97.67,18.52],[-97.89,18.58],[-97.98,18.73],[-98.15,18.82],[-98.36,18.7],[-98.33,18.88],[-98.43,18.74],[-98.36,18.93],[-98.55,18.97],[-98.56,18.87],[-98.77,18.8],[-98.9,18.98],[-99.25,18.99],[-99.26,18.76],[-99.46,18.9],[-99.5,18.77],[-99.6,18.83],[-99.74,18.79],[-99.61,18.75],[-99.55,18.54],[-99.45,18.6],[-99.42,18.45],[-99.37,18.56],[-99.21,18.33],[-99.47,18.35],[-99.6,18.56],[-99.61,18.43],[-99.82,18.4],[-99.94,18.66],[-99.83,18.74],[-99.87,18.78],[-100.02,18.59],[-100.26,18.56],[-100.24,18.75],[-100.05,18.82],[-100.14,18.9],[-100.22,18.82],[-100.28,19.12],[-100.22,19.2],[-100.4,19.23],[-100.37,19.45],[-100.45,19.42],[-100.47,19.52],[-100.69,19.29],[-100.69,19.44],[-100.81,19.49],[-100.8,19.62],[-101.07,19.63],[-101.09,19.53],[-100.96,19.46],[-100.98,19.35],[-100.87,19.19],[-100.97,19.27],[-101.08,19.24],[-101.04,19.32],[-101.18,19.47],[-101.24,19.44],[-101.19,19.28],[-101.45,19.22],[-101.67,18.95],[-101.7,19.04],[-101.84,19.07],[-101.85,19.31],[-101.98,19.21],[-102.19,19.29],[-102.22,19.2],[-102.38,19.16],[-102.51,19.39],[-102.48,19.5],[-102.6,19.66],[-102.78,19.68]]]}},{"type":"Feature","properties":{"code":"14.4.2","name":"Chiapas Depression with Low Deciduous and Medium Semi-Deciduous Tropical Forest"},"geometry":{"type":"Polygon","coordinates":[[[-93.22,17.14],[-93.37,16.99],[-93.3,16.93],[-93.36,16.82],[-93.43,16.9],[-93.62,16.91],[-93.68,16.78],[-93.84,16.87],[-93.86,16.64],[-94,16.59],[-94,16.48],[-93.77,16.54],[-93.73,16.48],[-93.86,16.41],[-93.8,16.37],[-93.59,16.47],[-93.67,16.55],[-93.52,16.57],[-93.48,16.66],[-93.46,16.56],[-93.34,16.5],[-93.57,16.33],[-93.46,16.37],[-93.44,16.27],[-93.37,16.25],[-93.44,16.15],[-93.29,16.2],[-93.38,16.06],[-93.31,16.13],[-93.21,16.13],[-93.22,16.05],[-93.11,16.13],[-92.91,16.1],[-92.92,15.99],[-93.01,15.92],[-92.93,15.89],[-92.89,16],[-92.82,16.01],[-92.79,15.86],[-92.68,15.85],[-92.8,16.06],[-92.76,16.1],[-92.41,15.91],[-92.36,15.81],[-92.46,15.76],[-92.33,15.7],[-92.42,15.65],[-92.21,15.57],[-92.09,15.7],[-92.02,15.64],[-91.93,15.7],[-91.79,15.92],[-91.91,16.06],[-92.08,16.06],[-92.34,16.24],[-92.44,16.45],[-92.5,16.46],[-92.55,16.32],[-92.56,16.48],[-92.68,16.53],[-92.63,16.58],[-92.7,16.66],[-92.77,16.69],[-92.82,16.58],[-92.9,16.62],[-93.04,16.8],[-92.97,16.88],[-93.09,17.01],[-93.03,17.07],[-93.17,17.07],[-93.22,17.14]]]}},{"type":"Feature","properties":{"code":"14.4.3","name":"Valleys and Depressions with Xeric Shrub and Low Tropical Deciduous Forest"},"geometry":{"type":"MultiPolygon","coordinates":[[[[-96.88,17.28],[-96.93,17.31],[-96.81,16.83],[-96.9,16.79],[-96.89,16.58],[-96.73,16.32],[-96.43,16.3],[-96.59,16.47],[-96.48,16.52],[-96.52,16.59],[-96.43,16.57],[-96.48,16.69],[-96.41,16.78],[-96.35,16.74],[-96.38,16.89],[-96.3,16.94],[-96.41,16.93],[-96.42,17.04],[-96.74,17.12],[-96.79,17.29],[-96.88,17.28]]],[[[-97.91,19],[-98.11,18.94],[-98.11,18.83],[-97.94,18.78],[-97.98,18.71],[-97.89,18.58],[-97.67,18.52],[-97.79,18.39],[-97.66,18.29],[-97.56,18.31],[-97.62,18.19],[-97.5,18.04],[-97.36,17.98],[-97.32,18.14],[-97.16,18],[-97.14,17.8],[-97.06,17.8],[-97.02,17.68],[-97.07,17.49],[-96.99,17.66],[-96.82,17.35],[-96.8,17.62],[-96.72,17.67],[-96.63,17.52],[-96.63,17.26],[-96.59,17.35],[-96.58,17.26],[-96.46,17.25],[-96.65,17.64],[-96.89,17.69],[-96.96,17.84],[-96.88,18],[-96.98,17.97],[-97.17,18.43],[-97.41,18.53],[-97.37,18.83],[-97.46,18.74],[-97.63,18.95],[-97.73,18.9],[-97.75,18.97],[-97.91,19]]]]}},{"type":"Feature","properties":{"code":"14.5.1","name":"Tehuantepec Canyon and Plain with Low Tropical Deciduous Forest and Low Thorn Tropical Forest"},"geometry":{"type":"Polygon","coordinates":[[[-96.15,16.99],[-96.27,16.98],[-96.28,16.88],[-96.19,16.87],[-96.2,16.66],[-96.07,16.53],[-96.2,16.52],[-96.21,16.64],[-96.31,16.68],[-96.31,16.47],[-96.45,16.33],[-96.31,16.38],[-96.37,16.27],[-96.28,16.27],[-96.29,16.5],[-96.07,16.47],[-95.88,16.6],[-95.86,16.75],[-95.64,16.65],[-95.62,16.55],[-95.74,16.41],[-95.76,16.54],[-95.84,16.48],[-95.9,16.54],[-95.99,16.34],[-96.13,16.33],[-96.06,16.27],[-95.78,16.34],[-95.85,16.22],[-95.96,16.23],[-95.86,16.1],[-95.72,16.12],[-95.86,16.04],[-95.9,15.87],[-96.13,15.82],[-96.1,15.74],[-95.39,16],[-95.15,16.18],[-94.76,16.2],[-95.1,16.24],[-94.91,16.42],[-94.84,16.42],[-94.77,16.3],[-94.59,16.36],[-94.49,16.24],[-94.36,16.38],[-94.33,16.26],[-94.25,16.25],[-94.21,16.39],[-94.41,16.47],[-94.37,16.61],[-94.44,16.68],[-94.62,16.66],[-94.54,16.75],[-94.91,16.78],[-94.98,16.9],[-95.01,16.8],[-95.14,16.85],[-95.24,16.74],[-95.39,16.79],[-95.48,16.66],[-95.95,16.87],[-96.05,16.7],[-96.17,16.73],[-96.09,16.93],[-96.15,16.99]]]}},{"type":"Feature","properties":{"code":"14.5.2","name":"South Pacific Hills and Piedmonts with Low Tropical Deciduous Forest"},"geometry":{"type":"MultiPolygon","coordinates":[[[[-105.54,20.47],[-105.7,20.41],[-105.57,20.23],[-105.56,20.09],[-104.96,19.31],[-104.38,19.11],[-104.34,19.02],[-103.97,18.87],[-103.71,18.65],[-103.48,18.32],[-102.19,17.91],[-101.97,17.97],[-101.03,17.27],[-99.96,16.89],[-99.69,16.7],[-98.77,16.55],[-98.57,16.32],[-98.21,16.23],[-97.8,15.97],[-97.18,15.9],[-96.85,15.73],[-96.49,15.65],[-96.23,15.67],[-96.1,15.74],[-96.13,15.82],[-95.87,15.9],[-95.86,16.04],[-96.02,16.01],[-96.07,16.07],[-96.13,15.93],[-96.39,15.84],[-96.76,15.88],[-96.65,16.04],[-96.73,16.08],[-96.89,15.95],[-97,16.06],[-97.5,16.06],[-97.52,16.22],[-97.36,16.27],[-97.58,16.33],[-97.53,16.43],[-97.65,16.42],[-97.68,16.33],[-98,16.63],[-98.13,16.65],[-98.05,16.89],[-98.12,16.79],[-98.23,16.87],[-98.4,16.83],[-98.48,16.96],[-98.7,16.85],[-98.7,16.73],[-98.82,16.81],[-98.97,16.77],[-99.11,16.88],[-99.06,16.96],[-99,16.89],[-99,17.01],[-99.13,17.01],[-99.17,17.11],[-99.25,17],[-99.34,17.01],[-99.28,16.92],[-99.37,16.88],[-99.44,16.99],[-99.39,17.16],[-99.49,17.16],[-99.51,17.25],[-99.6,17.18],[-99.62,17.37],[-99.73,17.43],[-99.7,17.3],[-99.81,17.22],[-99.69,17.16],[-99.9,17.08],[-100.09,17.14],[-100.09,17.26],[-100.27,17.28],[-100.35,17.39],[-100.53,17.33],[-100.67,17.47],[-100.68,17.29],[-100.81,17.28],[-100.9,17.52],[-100.96,17.42],[-101,17.46],[-100.99,17.62],[-101.15,17.47],[-101.1,17.58],[-101.17,17.58],[-101.01,17.77],[-101.2,17.89],[-101.29,17.76],[-101.48,17.76],[-101.4,17.79],[-101.41,17.93],[-101.47,17.83],[-101.64,17.88],[-101.61,17.94],[-101.78,18.04],[-101.86,18.23],[-101.92,18.13],[-102.25,18.22],[-102.36,18.36],[-102.48,18.3],[-102.54,18.36],[-102.62,18.19],[-102.75,18.34],[-102.96,18.27],[-102.95,18.37],[-103.15,18.45],[-103.21,18.38],[-103.4,18.69],[-103.53,18.72],[-103.36,18.72],[-103.27,18.84],[-103.24,18.95],[-103.38,19.11],[-103.31,19.18],[-103.43,19.22],[-103.43,19.52],[-103.29,19.44],[-103.28,19.54],[-103.16,19.59],[-103.17,19.74],[-103.05,19.73],[-103.1,19.79],[-103.52,19.64],[-103.49,19.45],[-103.56,19.35],[-103.73,19.32],[-103.81,19.52],[-103.77,19.77],[-103.85,19.72],[-103.9,19.82],[-103.91,19.76],[-103.94,19.92],[-104.04,19.8],[-104.07,19.87],[-103.92,20.12],[-104.02,20.05],[-103.96,20.23],[-104.23,20.21],[-104.31,20.06],[-104.17,20.09],[-104.05,19.97],[-104.2,19.84],[-104.3,19.91],[-104.25,19.97],[-104.39,20],[-104.42,19.93],[-104.36,19.97],[-104.25,19.81],[-104.38,19.83],[-104.36,19.71],[-104.21,19.76],[-103.84,19.43],[-103.92,19.38],[-104,19.46],[-103.96,19.29],[-104.09,19.1],[-104.08,19.22],[-104.18,19.22],[-104.01,19.52],[-104.15,19.33],[-104.27,19.4],[-104.36,19.3],[-104.43,19.38],[-104.51,19.34],[-104.37,19.45],[-104.54,19.48],[-104.42,19.59],[-104.43,19.72],[-104.59,19.68],[-104.73,19.84],[-104.65,19.92],[-104.73,19.94],[-104.87,19.66],[-104.92,19.79],[-104.99,19.76],[-104.92,19.95],[-105.05,19.88],[-105.04,20.07],[-105.11,20.03],[-105.05,20.1],[-105.14,20.08],[-105.13,20.15],[-105.45,20.3],[-105.48,20.43],[-105.6,20.44],[-105.54,20.47]]],[[[-106.2,21.33],[-106.29,21.31],[-106.21,21.26],[-106.2,21.33]]],[[[-106.4,21.48],[-106.53,21.42],[-106.34,21.46],[-106.4,21.48]]],[[[-106.52,21.61],[-106.57,21.7],[-106.66,21.68],[-106.63,21.55],[-106.54,21.52],[-106.52,21.61]]]]}},{"type":"Feature","properties":{"code":"14.6.1","name":"Los Cabos Plains and Hills with Low Tropical Deciduous Forest and Xeric Shrub"},"geometry":{"type":"MultiPolygon","coordinates":[[[[-109.79,24.15],[-109.92,24.38],[-109.88,24.19],[-109.79,24.15]]],[[[-110.14,24.24],[-110.24,24.35],[-110.32,24.33],[-110.29,24.16],[-110.22,24.2],[-110.19,24.07],[-110.3,24],[-110.17,23.73],[-110.22,23.58],[-110.32,23.57],[-110.15,23.3],[-110.08,22.99],[-109.9,22.87],[-109.44,23.21],[-109.4,23.46],[-109.68,23.67],[-109.83,24.06],[-109.98,24.04],[-110.01,24.17],[-110.14,24.24]],[[-110.03,23.7],[-109.93,23.7],[-109.96,23.63],[-109.85,23.6],[-109.95,23.58],[-109.82,23.54],[-109.92,23.47],[-109.84,23.41],[-109.98,23.43],[-110.05,23.53],[-109.98,23.62],[-110.03,23.7]],[[-109.95,23.4],[-109.84,23.38],[-109.94,23.36],[-109.86,23.27],[-109.97,23.26],[-109.95,23.4]],[[-109.97,23.21],[-109.81,23.2],[-109.86,23.15],[-109.97,23.21]],[[-109.91,23.15],[-109.87,23.13],[-109.96,23.14],[-109.91,23.15]]]]}},{"type":"Feature","properties":{"code":"14.6.2","name":"La Laguna Mountains with Oak and Conifer Forest"},"geometry":{"type":"MultiPolygon","coordinates":[[[[-109.95,23.16],[-109.92,23.11],[-109.87,23.13],[-109.95,23.16]]],[[[-109.95,23.23],[-109.93,23.16],[-109.81,23.19],[-109.95,23.23]]],[[[-109.93,23.38],[-109.98,23.41],[-109.97,23.26],[-109.86,23.27],[-109.94,23.36],[-109.84,23.38],[-109.93,23.38]]],[[[-110.01,23.7],[-110.05,23.53],[-109.98,23.43],[-109.84,23.41],[-109.92,23.47],[-109.82,23.54],[-109.95,23.58],[-109.85,23.6],[-110.01,23.7]]]]}},{"type":"Feature","properties":{"code":"15.1.1","name":"Gulf of Mexico Coastal Plain with Wetlands and High Tropical Rain Forest"},"geometry":{"type":"MultiPolygon","coordinates":[[[[-91.51,18.75],[-91.54,18.79],[-91.85,18.65],[-91.51,18.75]]],[[[-90.8,19.26],[-91.49,18.81],[-91.24,18.73],[-91.31,18.56],[-91.54,18.44],[-92.01,18.52],[-92.04,18.59],[-91.92,18.63],[-91.99,18.72],[-92.68,18.61],[-92.9,18.45],[-93.13,18.44],[-93.07,18.4],[-93.13,18.34],[-93.17,18.44],[-93.47,18.44],[-93.81,18.32],[-93.59,18.39],[-93.76,18.26],[-93.88,18.24],[-93.87,18.3],[-94.46,18.15],[-94.63,18.28],[-94.75,18.09],[-94.88,18.06],[-94.86,17.94],[-94.94,17.92],[-94.98,17.85],[-94.93,17.84],[-95.07,17.69],[-95.13,17.91],[-94.94,17.94],[-94.96,18.04],[-95.1,17.97],[-95.06,18.11],[-95.12,18.14],[-95.04,18.2],[-95.18,18.17],[-95.2,18.36],[-95.29,18.36],[-95.24,18.44],[-95.36,18.4],[-95.46,18.53],[-95.41,18.6],[-95.47,18.66],[-95.29,18.71],[-95.74,18.8],[-95.57,18.68],[-95.77,18.76],[-95.87,18.72],[-95.83,18.77],[-95.95,18.87],[-95.75,18.8],[-95.95,18.89],[-95.97,19.06],[-96.07,19.07],[-96.29,19.31],[-96.37,19.57],[-96.49,19.47],[-96.6,19.49],[-96.45,19.43],[-96.41,19.31],[-96.48,19.25],[-96.38,19.16],[-96.48,19.12],[-96.4,18.99],[-96.53,18.85],[-96.17,18.92],[-96.02,18.87],[-96.38,18.79],[-96.34,18.7],[-96.42,18.55],[-96.34,18.51],[-96.44,18.44],[-96.37,18.31],[-96.47,18.35],[-96.42,18.23],[-96.23,18.14],[-96.23,18.01],[-96.13,18.02],[-96,17.89],[-95.88,17.89],[-95.9,17.99],[-95.8,17.95],[-95.75,18.07],[-95.74,17.98],[-95.9,17.87],[-95.9,17.78],[-95.97,17.79],[-95.89,17.7],[-95.7,17.81],[-95.61,17.97],[-95.52,17.88],[-95.53,17.99],[-95.45,17.97],[-95.5,18.07],[-95.25,18.02],[-95.33,17.96],[-95.2,17.98],[-95.2,17.84],[-95.37,17.7],[-95.51,17.73],[-95.39,17.67],[-95.57,17.55],[-95.27,17.7],[-95.27,17.59],[-95.38,17.47],[-95.07,17.67],[-95.1,17.47],[-95.42,17.33],[-95,17.35],[-95.12,17.2],[-95,17.16],[-94.93,17.32],[-94.92,17.11],[-94.87,17.31],[-94.95,17.33],[-94.93,17.39],[-94.79,17.37],[-94.75,17.26],[-94.78,17.37],[-94.71,17.37],[-94.8,17.44],[-94.52,17.54],[-94.35,17.48],[-94.28,17.54],[-94.21,17.41],[-94.23,17.47],[-94.03,17.41],[-94.19,17.55],[-94.1,17.5],[-93.99,17.59],[-93.96,17.54],[-93.95,17.62],[-93.9,17.56],[-93.91,17.68],[-93.64,17.48],[-93.55,17.55],[-93.5,17.41],[-93.4,17.43],[-93.37,17.55],[-93.21,17.52],[-93.22,17.63],[-93.11,17.54],[-93.13,17.43],[-93.07,17.56],[-92.96,17.55],[-93.02,17.48],[-92.84,17.53],[-92.79,17.44],[-92.74,17.58],[-92.67,17.57],[-92.68,17.45],[-92.6,17.55],[-92.5,17.52],[-92.46,17.65],[-92.35,17.55],[-91.54,17.45],[-90.94,17.28],[-90.94,17.59],[-91.08,17.58],[-91.1,17.79],[-91.24,17.75],[-91.38,17.8],[-91.4,17.63],[-91.55,17.59],[-91.52,17.77],[-91.61,17.82],[-91.35,17.85],[-91.35,17.95],[-91.45,18],[-91.38,18.11],[-91.18,17.98],[-91.18,18.12],[-91.3,18.27],[-91.22,18.31],[-91.22,18.55],[-91,18.86],[-90.95,19.11],[-90.75,19.2],[-90.8,19.26]]],[[[-97.46,21.37],[-97.46,21.42],[-97.47,21.37],[-97.46,21.37]]],[[[-97.67,21.64],[-97.69,21.72],[-97.66,21.62],[-97.67,21.64]]]]}},{"type":"Feature","properties":{"code":"15.1.2","name":"Hills with Medium and High Evergreen Tropical Forest"},"geometry":{"type":"MultiPolygon","coordinates":[[[[-97.43,21.44],[-97.4,21.49],[-97.46,21.37],[-97.43,21.44]]],[[[-97.51,21.58],[-97.49,21.55],[-97.49,21.58],[-97.51,21.58]]],[[[-97.65,21.78],[-97.7,21.86],[-97.61,21.73],[-97.65,21.78]]],[[[-99.41,21.98],[-99.44,21.87],[-99.22,21.66],[-99.41,21.98]]],[[[-97.42,21.26],[-97.33,21.58],[-97.7,21.96],[-97.38,21.54],[-97.42,21.26]]],[[[-97.75,21.97],[-98.18,21.49],[-98.49,21.44],[-98.67,21.64],[-99.02,21.66],[-99.05,21.83],[-99.09,21.77],[-99.22,21.98],[-99.13,21.54],[-99.03,21.42],[-99.12,21.29],[-99.01,21.16],[-98.88,21.17],[-98.93,21.04],[-98.8,21.07],[-98.83,20.97],[-98.69,21.06],[-98.55,21.01],[-98.55,20.94],[-98.39,20.96],[-98.49,20.89],[-98.37,20.83],[-98.42,20.75],[-98.3,20.72],[-98.2,20.5],[-98.06,20.47],[-98.15,20.43],[-98.12,20.38],[-97.91,20.33],[-97.87,20.18],[-97.77,20.22],[-97.7,20.06],[-97.41,20.08],[-97.39,19.97],[-97.18,19.8],[-96.9,19.78],[-96.88,19.88],[-96.73,19.83],[-96.75,19.62],[-96.88,19.6],[-96.88,19.39],[-97.03,19.32],[-96.93,19.3],[-96.96,19.06],[-96.88,19.09],[-97.02,18.81],[-96.89,18.75],[-96.87,18.65],[-96.96,18.59],[-96.9,18.58],[-96.92,18.39],[-96.87,18.54],[-96.74,18.29],[-96.74,18.15],[-96.67,18.14],[-96.66,18.03],[-96.54,18.01],[-96.64,17.88],[-96.59,17.83],[-96.47,17.91],[-96.49,17.85],[-96.34,17.67],[-96.39,17.57],[-96.26,17.61],[-96.32,17.46],[-96.28,17.54],[-96.09,17.6],[-96.13,17.47],[-95.81,17.47],[-95.67,17.23],[-95.57,17.24],[-95.65,17.16],[-95.55,17.11],[-95.45,17.18],[-95.31,16.98],[-95.09,16.91],[-95.1,16.83],[-95.01,16.8],[-94.97,16.9],[-94.94,16.8],[-94.82,16.76],[-94.52,16.82],[-94.28,16.75],[-94.27,16.83],[-94.22,16.7],[-94.17,16.74],[-94.26,16.92],[-94.18,16.85],[-93.95,16.95],[-93.69,16.78],[-93.62,16.91],[-93.43,16.9],[-93.37,16.82],[-93.3,16.93],[-93.37,16.97],[-93.37,17.12],[-93.03,17.33],[-92.99,17.29],[-92.92,17.37],[-92.79,17.21],[-92.73,17.25],[-92.65,17.18],[-92.68,17.36],[-92.62,17.38],[-92.61,17.22],[-92.57,17.28],[-92.52,17.2],[-92.43,17.35],[-92.32,17.37],[-92.23,17.31],[-92.33,17.23],[-92.15,17.09],[-91.74,17.1],[-91.54,16.91],[-91.57,16.99],[-91.51,16.96],[-91.42,16.87],[-91.5,16.84],[-91.36,16.69],[-91.35,16.78],[-91.26,16.7],[-91.27,16.58],[-91.35,16.67],[-91.45,16.58],[-91.34,16.48],[-91.63,16.55],[-91.57,16.41],[-91.68,16.39],[-91.6,16.33],[-91.67,16.24],[-91.55,16.05],[-90.42,16.04],[-90.3,16.44],[-90.5,16.54],[-91.14,17.21],[-90.94,17.21],[-90.94,17.28],[-91.36,17.41],[-92.08,17.49],[-92.46,17.65],[-92.5,17.52],[-92.6,17.55],[-92.68,17.45],[-92.67,17.57],[-92.74,17.58],[-92.79,17.44],[-92.84,17.53],[-93.02,17.48],[-92.96,17.55],[-93.07,17.56],[-93.13,17.43],[-93.11,17.54],[-93.22,17.63],[-93.21,17.52],[-93.37,17.55],[-93.4,17.43],[-93.5,17.41],[-93.55,17.55],[-93.64,17.48],[-93.91,17.68],[-93.9,17.56],[-93.95,17.62],[-93.96,17.54],[-93.99,17.59],[-94.1,17.5],[-94.19,17.55],[-94.03,17.41],[-94.23,17.47],[-94.21,17.41],[-94.28,17.54],[-94.35,17.48],[-94.52,17.54],[-94.8,17.44],[-94.71,17.37],[-94.78,17.37],[-94.75,17.26],[-94.79,17.37],[-94.93,17.39],[-94.95,17.33],[-94.87,17.31],[-94.92,17.11],[-94.93,17.32],[-95,17.16],[-95.12,17.2],[-95,17.35],[-95.42,17.33],[-95.1,17.47],[-95.07,17.67],[-95.38,17.47],[-95.27,17.59],[-95.27,17.7],[-95.57,17.55],[-95.39,17.67],[-95.51,17.73],[-95.37,17.7],[-95.2,17.84],[-95.2,17.98],[-95.33,17.96],[-95.25,18.02],[-95.5,18.07],[-95.45,17.97],[-95.53,17.99],[-95.52,17.88],[-95.61,17.97],[-95.7,17.81],[-95.9,17.71],[-95.97,17.79],[-95.8,17.9],[-95.74,18.06],[-95.8,17.95],[-95.9,17.99],[-95.93,17.88],[-96.23,18.01],[-96.23,18.14],[-96.42,18.23],[-96.47,18.35],[-96.37,18.31],[-96.44,18.45],[-96.34,18.51],[-96.42,18.55],[-96.35,18.8],[-96.55,18.7],[-96.63,18.73],[-96.59,18.82],[-96.78,18.94],[-96.78,19.2],[-96.89,19.3],[-96.7,19.29],[-96.67,19.63],[-96.4,19.75],[-96.45,19.86],[-97.16,20.66],[-97.38,21.04],[-97.32,21],[-97.49,21.46],[-97.58,21.47],[-97.67,21.64],[-97.75,21.97]]],[[[-93.22,17.14],[-93.22,17.14],[-93.21,17.14],[-93.22,17.14]]]]}},{"type":"Feature","properties":{"code":"15.2.1","name":"Plain with Low and Medium Deciduous Tropical Forest"},"geometry":{"type":"MultiPolygon","coordinates":[[[[-90.37,19.27],[-90.32,19.33],[-90.16,19.25],[-89.96,19.35],[-89.51,19.27],[-89.4,19.44],[-89.14,19.51],[-88.94,19.78],[-88.74,19.77],[-88.77,19.95],[-88.62,20.08],[-87.95,20.33],[-87.7,20.83],[-87.53,20.91],[-87.57,21.06],[-87.66,21.09],[-87.55,21.26],[-87.66,21.3],[-87.67,21.45],[-88,21.57],[-88,21.48],[-88.2,21.46],[-88.27,21.54],[-88.42,21.43],[-88.58,21.46],[-88.69,21.34],[-88.95,21.29],[-88.97,21.02],[-89.17,20.86],[-89.41,20.8],[-89.52,20.5],[-89.66,20.5],[-89.62,20.6],[-89.8,20.7],[-89.99,20.51],[-90.14,20.55],[-90.14,20.44],[-90.29,20.51],[-90.25,20.28],[-90.37,20.16],[-90.41,19.93],[-90.66,19.75],[-90.7,19.46],[-90.82,19.27],[-90.75,19.2],[-90.85,19.12],[-90.49,19.08],[-90.54,19.19],[-90.37,19.18],[-90.37,19.27]]],[[[-87.7,21.53],[-87.93,21.58],[-87.59,21.49],[-87.61,21.43],[-87.37,21.43],[-87.7,21.53]]]]}},{"type":"Feature","properties":{"code":"15.2.2","name":"Plain with Medium and High Semi-Evergreen Tropical Forest"},"geometry":{"type":"MultiPolygon","coordinates":[[[[-87.33,18.57],[-87.32,18.6],[-87.35,18.58],[-87.33,18.57]]],[[[-87.37,18.38],[-87.26,18.61],[-87.33,18.53],[-87.37,18.38]]],[[[-87.25,18.62],[-87.24,18.68],[-87.26,18.73],[-87.25,18.62]]],[[[-86.74,20.58],[-86.93,20.55],[-87.02,20.38],[-86.99,20.26],[-86.74,20.58]]],[[[-86.7,21.19],[-86.76,21.27],[-86.75,21.24],[-86.7,21.19]]],[[[-86.79,21.36],[-86.83,21.43],[-86.8,21.35],[-86.79,21.36]]],[[[-86.79,21.47],[-86.81,21.53],[-86.81,21.5],[-86.79,21.47]]],[[[-86.91,21.41],[-86.99,21.56],[-87.09,21.57],[-87.23,21.42],[-87.53,21.41],[-87.55,21.33],[-87.66,21.38],[-87.66,21.3],[-87.55,21.26],[-87.66,21.09],[-87.57,21.06],[-87.53,20.91],[-87.7,20.83],[-87.93,20.35],[-88.61,20.09],[-88.77,19.95],[-88.73,19.79],[-88.8,19.74],[-88.73,19.73],[-88.68,19.6],[-88.58,19.59],[-88.62,19.38],[-88.44,19.16],[-88.45,18.87],[-88.24,18.87],[-88.45,18.53],[-88.23,18.84],[-88.14,18.9],[-88.2,18.67],[-88.04,18.86],[-88,18.69],[-88.07,18.49],[-87.94,18.44],[-87.84,18.19],[-87.46,19.32],[-87.65,19.2],[-87.66,19.35],[-87.45,19.46],[-87.41,19.57],[-87.63,19.52],[-87.73,19.67],[-87.65,19.68],[-87.66,19.61],[-87.56,19.8],[-87.46,19.79],[-87.42,20.23],[-86.87,20.84],[-86.74,21.14],[-86.91,21.41]]],[[[-87.19,21.53],[-87.1,21.61],[-87.34,21.56],[-87.19,21.53]]]]}},{"type":"Feature","properties":{"code":"15.2.3","name":"Hills with High and Medium Semi-Evergreen Tropical Forest"},"geometry":{"type":"Polygon","coordinates":[[[-88.91,19.79],[-89.14,19.51],[-89.4,19.44],[-89.51,19.27],[-89.97,19.35],[-90.18,19.25],[-90.33,19.33],[-90.37,19.18],[-90.54,19.19],[-90.49,19.08],[-90.68,19.15],[-90.81,19.08],[-90.77,19.2],[-90.82,19.22],[-90.95,19.11],[-91,18.86],[-91.22,18.55],[-91.22,18.31],[-91.3,18.27],[-91.18,18.12],[-91.18,17.98],[-91.39,18.1],[-91.45,18],[-91.34,17.87],[-91.61,17.82],[-91.52,17.77],[-91.57,17.6],[-91.4,17.63],[-91.37,17.81],[-91.24,17.75],[-91.1,17.79],[-91.07,17.58],[-90.94,17.59],[-90.94,17.75],[-90.81,17.79],[-89.16,17.79],[-89.13,17.87],[-88.76,17.92],[-88.49,18.43],[-88.29,18.47],[-88.14,18.9],[-88.36,18.71],[-88.44,18.52],[-88.26,18.91],[-88.45,18.87],[-88.44,19.16],[-88.62,19.38],[-88.58,19.59],[-88.91,19.79]]]}},{"type":"Feature","properties":{"code":"15.3.1","name":"Los Tuxtlas Sierra with High Evergreen Tropical Forest"},"geometry":{"type":"Polygon","coordinates":[[[-95.18,18.71],[-95.44,18.68],[-95.46,18.53],[-95.36,18.4],[-95.24,18.44],[-95.29,18.36],[-95.2,18.36],[-95.18,18.17],[-95.04,18.2],[-95.12,18.14],[-95.06,18.11],[-95.1,17.97],[-94.96,18.04],[-94.94,17.94],[-95.13,17.91],[-95.07,17.69],[-94.93,17.84],[-94.98,17.85],[-94.94,17.92],[-94.86,17.94],[-94.88,18.06],[-94.75,18.09],[-94.63,18.28],[-94.8,18.53],[-95.04,18.58],[-95.18,18.71]]]}},{"type":"Feature","properties":{"code":"15.4.1","name":"Southern Florida Coastal Plain"},"geometry":{"type":"MultiPolygon","coordinates":[[[[-82.16,24.55],[-82.16,24.56],[-82.16,24.55],[-82.16,24.55]]],[[[-82.12,24.55],[-82.13,24.55],[-82.13,24.55],[-82.12,24.55]]],[[[-82.16,24.56],[-82.16,24.57],[-82.16,24.57],[-82.16,24.56]]],[[[-82.12,24.55],[-82.11,24.56],[-82.12,24.55],[-82.12,24.55]]],[[[-82.12,24.6],[-82.14,24.59],[-82.11,24.56],[-82.12,24.6]]],[[[-81.81,24.56],[-81.81,24.56],[-81.82,24.56],[-81.81,24.56]]],[[[-81.77,24.58],[-81.81,24.55],[-81.75,24.55],[-81.77,24.58]]],[[[-81.79,24.59],[-81.8,24.59],[-81.79,24.57],[-81.79,24.59]]],[[[-81.73,24.59],[-81.74,24.56],[-81.72,24.56],[-81.73,24.59]]],[[[-81.61,24.6],[-81.63,24.59],[-81.62,24.58],[-81.61,24.6]]],[[[-81.65,24.61],[-81.7,24.6],[-81.72,24.56],[-81.65,24.61]]],[[[-81.58,24.6],[-81.61,24.59],[-81.57,24.6],[-81.58,24.6]]],[[[-81.58,24.64],[-81.59,24.63],[-81.58,24.63],[-81.58,24.64]]],[[[-81.56,24.65],[-81.56,24.65],[-81.56,24.65],[-81.56,24.65]]],[[[-81.58,24.65],[-81.62,24.62],[-81.59,24.62],[-81.58,24.65]]],[[[-81.54,24.66],[-81.56,24.65],[-81.55,24.65],[-81.54,24.66]]],[[[-81.55,24.69],[-81.57,24.6],[-81.51,24.63],[-81.55,24.69]]],[[[-81.41,24.67],[-81.42,24.65],[-81.41,24.64],[-81.41,24.67]]],[[[-81.3,24.66],[-81.32,24.65],[-81.31,24.65],[-81.3,24.66]]],[[[-81.44,24.68],[-81.46,24.67],[-81.44,24.64],[-81.44,24.68]]],[[[-81.51,24.7],[-81.52,24.67],[-81.48,24.65],[-81.51,24.7]]],[[[-81.39,24.69],[-81.4,24.69],[-81.39,24.65],[-81.39,24.69]]],[[[-81.41,24.7],[-81.42,24.68],[-81.4,24.66],[-81.41,24.7]]],[[[-81.25,24.67],[-81.26,24.68],[-81.28,24.65],[-81.25,24.67]]],[[[-81.34,24.7],[-81.31,24.67],[-81.32,24.7],[-81.34,24.7]]],[[[-81.45,24.74],[-81.45,24.72],[-81.42,24.69],[-81.45,24.74]]],[[[-81.38,24.72],[-81.37,24.63],[-81.33,24.64],[-81.38,24.72]]],[[[-81.09,24.7],[-81.12,24.7],[-81.09,24.69],[-81.09,24.7]]],[[[-81.02,24.73],[-81.02,24.72],[-81.01,24.72],[-81.02,24.73]]],[[[-81.04,24.74],[-81.13,24.71],[-81.08,24.69],[-81.04,24.74]]],[[[-80.99,24.73],[-81.02,24.73],[-81.01,24.72],[-80.99,24.73]]],[[[-80.99,24.75],[-81.03,24.73],[-80.99,24.73],[-80.99,24.75]]],[[[-80.99,24.76],[-80.99,24.74],[-80.98,24.75],[-80.99,24.76]]],[[[-80.93,24.77],[-80.98,24.76],[-80.98,24.74],[-80.93,24.77]]],[[[-80.91,24.78],[-80.92,24.77],[-80.91,24.77],[-80.91,24.78]]],[[[-80.92,24.78],[-80.91,24.78],[-80.92,24.78],[-80.92,24.78]]],[[[-80.88,24.79],[-80.89,24.79],[-80.91,24.78],[-80.88,24.79]]],[[[-80.79,24.84],[-80.85,24.8],[-80.79,24.81],[-80.79,24.84]]],[[[-80.76,24.84],[-80.75,24.84],[-80.77,24.84],[-80.76,24.84]]],[[[-80.69,24.89],[-80.75,24.84],[-80.7,24.87],[-80.69,24.89]]],[[[-80.68,24.89],[-80.69,24.88],[-80.69,24.88],[-80.68,24.89]]],[[[-80.68,24.89],[-80.67,24.89],[-80.67,24.89],[-80.68,24.89]]],[[[-80.66,24.9],[-80.67,24.9],[-80.66,24.89],[-80.66,24.9]]],[[[-80.61,24.94],[-80.62,24.95],[-80.66,24.9],[-80.61,24.94]]],[[[-80.59,24.96],[-80.61,24.95],[-80.61,24.94],[-80.59,24.96]]],[[[-81.03,25.27],[-81.07,25.26],[-81.05,25.24],[-81.03,25.27]]],[[[-81,25.27],[-81.05,25.24],[-80.97,25.22],[-81,25.27]]],[[[-81.13,25.34],[-81.15,25.32],[-81.1,25.32],[-81.13,25.34]]],[[[-81.12,25.38],[-81.12,25.38],[-81.12,25.38],[-81.12,25.38]]],[[[-80.24,25.39],[-80.26,25.38],[-80.25,25.37],[-80.24,25.39]]],[[[-80.23,25.39],[-80.26,25.36],[-80.24,25.35],[-80.23,25.39]]],[[[-80.18,25.49],[-80.23,25.39],[-80.2,25.41],[-80.18,25.49]]],[[[-80.18,25.51],[-80.18,25.52],[-80.19,25.5],[-80.18,25.51]]],[[[-81.22,25.73],[-81.23,25.72],[-81.21,25.73],[-81.22,25.73]]],[[[-81.25,25.74],[-81.29,25.7],[-81.24,25.71],[-81.25,25.74]]],[[[-81.24,25.74],[-81.25,25.73],[-81.23,25.72],[-81.24,25.74]]],[[[-81.35,25.78],[-81.35,25.78],[-81.35,25.78],[-81.35,25.78]]],[[[-81.27,25.78],[-81.28,25.76],[-81.26,25.75],[-81.27,25.78]]],[[[-81.29,25.8],[-81.38,25.77],[-81.3,25.69],[-81.29,25.8]]],[[[-81.73,25.97],[-81.73,25.91],[-81.65,25.9],[-81.73,25.97]]],[[[-80.22,25.73],[-80.22,25.74],[-80.22,25.74],[-80.22,25.73]]],[[[-80.15,25.73],[-80.18,25.69],[-80.16,25.66],[-80.15,25.73]]],[[[-80.19,25.75],[-80.19,25.75],[-80.2,25.75],[-80.19,25.75]]],[[[-80.16,25.75],[-80.16,25.75],[-80.16,25.75],[-80.16,25.75]]],[[[-80.15,25.75],[-80.18,25.75],[-80.16,25.73],[-80.15,25.75]]],[[[-80.18,25.76],[-80.18,25.77],[-80.19,25.77],[-80.18,25.76]]],[[[-80.14,25.76],[-80.14,25.76],[-80.15,25.76],[-80.14,25.76]]],[[[-80.18,25.78],[-80.16,25.77],[-80.14,25.77],[-80.18,25.78]]],[[[-80.16,25.78],[-80.16,25.78],[-80.17,25.78],[-80.16,25.78]]],[[[-80.15,25.77],[-80.15,25.78],[-80.15,25.78],[-80.15,25.77]]],[[[-80.18,25.79],[-80.18,25.78],[-80.14,25.77],[-80.18,25.79]]],[[[-80.16,25.78],[-80.16,25.79],[-80.17,25.78],[-80.16,25.78]]],[[[-80.17,25.79],[-80.17,25.79],[-80.18,25.79],[-80.17,25.79]]],[[[-80.17,25.79],[-80.17,25.79],[-80.17,25.79],[-80.17,25.79]]],[[[-80.16,25.79],[-80.16,25.79],[-80.16,25.79],[-80.16,25.79]]],[[[-80.15,25.79],[-80.15,25.79],[-80.15,25.79],[-80.15,25.79]]],[[[-80.15,25.79],[-80.16,25.79],[-80.16,25.79],[-80.15,25.79]]],[[[-80.16,25.79],[-80.16,25.8],[-80.16,25.79],[-80.16,25.79]]],[[[-80.14,25.8],[-80.14,25.8],[-80.15,25.8],[-80.14,25.8]]],[[[-80.15,25.8],[-80.14,25.8],[-80.14,25.8],[-80.15,25.8]]],[[[-80.14,25.8],[-80.15,25.8],[-80.14,25.8],[-80.14,25.8]]],[[[-80.14,25.81],[-80.15,25.8],[-80.14,25.8],[-80.14,25.81]]],[[[-80.15,25.85],[-80.16,25.85],[-80.16,25.84],[-80.15,25.85]]],[[[-80.16,25.85],[-80.16,25.86],[-80.16,25.84],[-80.16,25.85]]],[[[-80.13,25.85],[-80.13,25.85],[-80.13,25.85],[-80.13,25.85]]],[[[-80.12,25.84],[-80.12,25.85],[-80.13,25.85],[-80.12,25.84]]],[[[-80.13,25.86],[-80.15,25.86],[-80.14,25.85],[-80.13,25.86]]],[[[-80.14,25.88],[-80.14,25.87],[-80.13,25.88],[-80.14,25.88]]],[[[-80.13,25.88],[-80.14,25.89],[-80.14,25.89],[-80.13,25.88]]],[[[-80.13,25.89],[-80.13,25.88],[-80.13,25.88],[-80.13,25.89]]],[[[-80.13,25.85],[-80.13,25.76],[-80.12,25.9],[-80.13,25.85]]],[[[-80.28,26.67],[-80.79,27.21],[-81.14,26.97],[-81.18,26.85],[-80.98,26.6],[-80.92,26.38],[-80.97,26.31],[-81.08,26.42],[-81.21,26.42],[-81.17,26.26],[-81.36,26.32],[-81.55,26.26],[-81.56,26.41],[-81.79,26.51],[-81.76,26],[-81.63,25.9],[-81.52,25.92],[-81.53,25.85],[-81.26,25.8],[-81.18,25.7],[-81.29,25.68],[-81.16,25.56],[-81.21,25.51],[-81.08,25.43],[-81.15,25.39],[-80.91,25.26],[-80.98,25.21],[-81.15,25.33],[-81.17,25.22],[-81.09,25.12],[-80.81,25.18],[-80.67,25.14],[-80.52,25.22],[-80.43,25.13],[-80.5,25.22],[-80.44,25.24],[-80.39,25.16],[-80.58,24.95],[-80.26,25.33],[-80.42,25.2],[-80.31,25.39],[-80.31,25.61],[-80.12,25.9],[-80.05,26.86],[-80.14,26.7],[-80.28,26.67]]]]}},{"type":"Feature","properties":{"code":"15.5.1","name":"Nayarit and Sinaloa Plain with Low Thorn Tropical Forest"},"geometry":{"type":"MultiPolygon","coordinates":[[[[-106.42,23.27],[-105.78,22.59],[-105.67,22.33],[-105.67,22.01],[-105.45,21.62],[-105.24,21.52],[-105.2,21.65],[-105.11,21.66],[-105.1,21.81],[-104.92,21.68],[-104.93,21.76],[-105.23,21.89],[-105.11,21.97],[-105.26,22.03],[-105.22,22.11],[-105.33,22.09],[-105.34,22.24],[-105.42,22.21],[-105.6,22.32],[-105.55,22.54],[-105.65,22.74],[-105.96,22.85],[-106.42,23.27]]],[[[-106.46,23.27],[-106.47,23.28],[-106.47,23.28],[-106.46,23.27]]]]}},{"type":"Feature","properties":{"code":"15.5.2","name":"Jalisco and Nayarit Hills and Plains with Medium Semi-Evergreen Tropical Forest"},"geometry":{"type":"Polygon","coordinates":[[[-105.52,23.03],[-105.61,23],[-105.53,22.87],[-105.59,22.81],[-105.65,22.93],[-105.78,22.95],[-105.63,22.76],[-105.5,22.8],[-105.38,22.71],[-105.41,22.79],[-105.33,22.81],[-105.33,22.09],[-105.22,22.11],[-105.26,22.03],[-105.11,21.96],[-105.23,21.89],[-104.93,21.76],[-104.92,21.68],[-105.1,21.81],[-105.11,21.66],[-105.24,21.6],[-105.24,21.06],[-105.55,20.79],[-105.35,20.77],[-105.24,20.64],[-105.26,20.57],[-105.6,20.44],[-105.45,20.37],[-104.99,20.65],[-105.09,20.73],[-104.97,20.81],[-105.02,20.88],[-104.85,20.87],[-104.78,20.79],[-104.85,20.99],[-104.75,21.03],[-104.97,20.94],[-104.98,21.07],[-105.05,21.09],[-104.95,21.19],[-105.07,21.27],[-105.02,21.36],[-105.1,21.58],[-105.06,21.67],[-104.93,21.62],[-104.78,21.72],[-104.85,21.86],[-104.82,22.11],[-104.94,22.08],[-104.88,22.1],[-104.88,22.22],[-104.8,22.2],[-104.87,22.25],[-104.95,22.13],[-105.04,22.49],[-105.05,22.37],[-105.17,22.39],[-105.13,22.32],[-105.04,22.35],[-105.03,22.23],[-105.09,22.19],[-105.19,22.38],[-105.17,22.54],[-105.22,22.56],[-105.26,22.43],[-105.22,22.64],[-105.3,22.57],[-105.19,22.76],[-105.27,22.72],[-105.31,22.79],[-105.16,22.93],[-105.4,22.97],[-105.39,22.88],[-105.48,22.87],[-105.57,22.97],[-105.52,23.03]]]}},{"type":"Feature","properties":{"code":"15.6.1","name":"Coastal Plain and Hills with High and Medium-High Evergreen Tropical Forest and Wetlands"},"geometry":{"type":"Polygon","coordinates":[[[-94.34,16.6],[-94.41,16.47],[-94.21,16.39],[-94.25,16.25],[-94.33,16.26],[-94.36,16.38],[-94.49,16.24],[-94.65,16.37],[-94.58,16.3],[-94.72,16.2],[-94,16],[-94.42,16.19],[-94.37,16.28],[-93.89,16.08],[-93.85,16],[-93.95,16],[-92.91,15.23],[-92.21,14.52],[-92.12,14.64],[-92.15,14.82],[-92.06,15.09],[-92.27,15.09],[-92.24,15.16],[-92.38,15.35],[-92.53,15.33],[-92.53,15.41],[-92.77,15.48],[-92.73,15.58],[-92.87,15.68],[-93.53,15.96],[-93.78,16.33],[-93.91,16.33],[-94.34,16.6]]]}}]}